order_id,payment_sequential,payment_type,payment_installments,payment_value
ORD000001,1,boleto,10,463.59
ORD000001,2,credit_card,1,644.97
ORD000002,1,credit_card,3,174.98
ORD000003,1,credit_card,3,849.68
ORD000004,1,credit_card,1,554.92
ORD000005,1,credit_card,1,1069.04
ORD000006,1,credit_card,6,469.69
ORD000007,1,debit_card,10,689.34
ORD000008,1,boleto,1,67.2
ORD000009,1,credit_card,1,1398.57
ORD000010,1,credit_card,2,782.43
ORD000011,1,credit_card,10,716.66
ORD000012,1,boleto,10,926.42
ORD000013,1,credit_card,1,280.57
ORD000013,2,credit_card,6,637.62
ORD000014,1,credit_card,3,825.61
ORD000015,1,credit_card,10,625.38
ORD000016,1,voucher,3,1330.83
ORD000017,1,credit_card,1,87.01
ORD000017,2,debit_card,1,82.99
ORD000018,1,boleto,1,554.67
ORD000019,1,credit_card,2,1233.37
ORD000020,1,boleto,1,819.79
ORD000021,1,voucher,2,400.14
ORD000021,2,credit_card,1,202.81
ORD000022,1,credit_card,1,1214.72
ORD000023,1,credit_card,2,78.61
ORD000023,2,credit_card,1,148.74
ORD000024,1,boleto,10,493.95
ORD000025,1,credit_card,6,318.01
ORD000025,2,credit_card,1,247.75
ORD000026,1,credit_card,2,85.64
ORD000027,1,boleto,3,350.69
ORD000028,1,credit_card,1,197.15
ORD000029,1,credit_card,1,263.13
ORD000030,1,credit_card,6,213.88
ORD000030,2,credit_card,1,340.74
ORD000031,1,debit_card,2,1450.39
ORD000032,1,credit_card,1,52.85
ORD000032,2,credit_card,6,62.26
ORD000033,1,credit_card,3,783.25
ORD000034,1,voucher,1,93.33
ORD000034,2,boleto,2,83.85
ORD000035,1,credit_card,2,2639.24
ORD000036,1,credit_card,2,1517.03
ORD000037,1,debit_card,10,883.44
ORD000038,1,debit_card,1,83.36
ORD000039,1,credit_card,2,581.3
ORD000040,1,credit_card,3,555.68
ORD000040,2,credit_card,6,240.36
ORD000041,1,credit_card,6,456.34
ORD000042,1,credit_card,2,606.85
ORD000043,1,credit_card,2,604.78
ORD000043,2,credit_card,10,289.31
ORD000044,1,debit_card,10,2451.93
ORD000045,1,credit_card,3,486.94
ORD000046,1,credit_card,1,814.05
ORD000047,1,credit_card,2,550.8
ORD000047,2,credit_card,10,313.44
ORD000048,1,credit_card,3,1179.52
ORD000049,1,credit_card,10,459.96
ORD000050,1,credit_card,10,250.35
ORD000051,1,credit_card,10,351.26
ORD000052,1,debit_card,2,249.87
ORD000053,1,boleto,10,170.49
ORD000054,1,credit_card,1,1892.58
ORD000055,1,credit_card,1,934.82
ORD000056,1,credit_card,10,939.26
ORD000057,1,boleto,1,988.13
ORD000058,1,credit_card,1,1423.42
ORD000059,1,credit_card,10,722.71
ORD000060,1,credit_card,1,549.98
ORD000061,1,boleto,1,86.62
ORD000062,1,boleto,10,1567.52
ORD000063,1,credit_card,1,510.42
ORD000064,1,boleto,10,1315.09
ORD000065,1,credit_card,3,548.47
ORD000066,1,credit_card,1,492.39
ORD000066,2,credit_card,3,399.59
ORD000067,1,boleto,3,630.34
ORD000067,2,credit_card,6,905.89
ORD000068,1,voucher,10,351.03
ORD000068,2,credit_card,3,474.42
ORD000069,1,boleto,10,499.9
ORD000069,2,boleto,3,697.99
ORD000070,1,credit_card,3,305.17
ORD000071,1,debit_card,10,2114.33
ORD000072,1,boleto,1,434.34
ORD000073,1,credit_card,2,83.87
ORD000074,1,credit_card,1,1185.0
ORD000075,1,credit_card,3,226.14
ORD000075,2,credit_card,6,201.72
ORD000076,1,credit_card,1,336.32
ORD000077,1,credit_card,1,203.68
ORD000078,1,credit_card,10,423.74
ORD000078,2,credit_card,3,479.17
ORD000079,1,credit_card,10,1305.37
ORD000080,1,boleto,1,555.9
ORD000081,1,boleto,3,555.04
ORD000082,1,boleto,1,618.73
ORD000083,1,credit_card,6,45.38
ORD000084,1,boleto,1,39.69
ORD000084,2,boleto,1,82.57
ORD000085,1,credit_card,6,522.91
ORD000086,1,boleto,1,288.59
ORD000086,2,credit_card,6,362.79
ORD000087,1,credit_card,3,809.67
ORD000088,1,voucher,1,381.99
ORD000088,2,credit_card,2,228.74
ORD000089,1,credit_card,10,902.54
ORD000090,1,credit_card,1,613.34
ORD000091,1,boleto,1,578.55
ORD000092,1,debit_card,1,215.7
ORD000093,1,credit_card,2,185.59
ORD000094,1,credit_card,2,1537.61
ORD000095,1,voucher,10,686.2
ORD000095,2,boleto,2,304.1
ORD000096,1,credit_card,10,379.51
ORD000097,1,credit_card,6,522.8
ORD000098,1,credit_card,1,572.8
ORD000099,1,boleto,1,485.03
ORD000100,1,credit_card,10,168.29
ORD000101,1,credit_card,3,557.7
ORD000102,1,boleto,1,463.07
ORD000103,1,credit_card,1,917.39
ORD000104,1,boleto,6,205.89
ORD000105,1,boleto,1,1536.58
ORD000106,1,boleto,1,224.15
ORD000106,2,boleto,2,256.51
ORD000107,1,boleto,1,741.07
ORD000108,1,credit_card,1,370.17
ORD000109,1,credit_card,1,181.52
ORD000109,2,credit_card,1,143.79
ORD000110,1,credit_card,1,484.65
ORD000111,1,credit_card,3,182.45
ORD000112,1,credit_card,3,102.34
ORD000113,1,credit_card,1,616.39
ORD000114,1,boleto,1,456.31
ORD000115,1,boleto,1,266.86
ORD000116,1,debit_card,6,642.37
ORD000117,1,credit_card,1,214.87
ORD000118,1,credit_card,6,510.29
ORD000119,1,boleto,1,929.36
ORD000120,1,boleto,6,355.91
ORD000121,1,voucher,1,572.01
ORD000122,1,credit_card,10,600.62
ORD000123,1,voucher,6,758.88
ORD000124,1,boleto,1,975.19
ORD000125,1,boleto,6,766.41
ORD000126,1,credit_card,1,132.11
ORD000126,2,credit_card,1,212.49
ORD000127,1,credit_card,6,399.75
ORD000128,1,boleto,1,481.41
ORD000129,1,credit_card,10,824.37
ORD000130,1,credit_card,6,499.53
ORD000131,1,boleto,3,79.44
ORD000132,1,boleto,6,134.3
ORD000133,1,boleto,1,972.91
ORD000134,1,credit_card,3,273.03
ORD000135,1,credit_card,1,68.63
ORD000135,2,credit_card,6,115.66
ORD000136,1,credit_card,1,754.03
ORD000137,1,credit_card,10,346.72
ORD000138,1,credit_card,1,557.85
ORD000138,2,credit_card,2,505.3
ORD000139,1,boleto,10,1257.5
ORD000140,1,credit_card,10,1037.75
ORD000141,1,boleto,1,647.96
ORD000142,1,boleto,6,1216.04
ORD000143,1,credit_card,1,2052.27
ORD000144,1,credit_card,1,361.26
ORD000145,1,credit_card,10,1478.38
ORD000146,1,debit_card,1,881.72
ORD000147,1,credit_card,2,107.51
ORD000147,2,boleto,1,67.56
ORD000148,1,credit_card,1,528.11
ORD000149,1,boleto,2,1177.97
ORD000150,1,credit_card,10,1042.64
ORD000151,1,credit_card,1,279.65
ORD000152,1,credit_card,1,1271.96
ORD000153,1,credit_card,10,582.73
ORD000154,1,credit_card,1,162.86
ORD000155,1,debit_card,2,171.58
ORD000155,2,boleto,3,143.08
ORD000156,1,credit_card,1,576.32
ORD000157,1,credit_card,2,149.87
ORD000158,1,credit_card,1,713.18
ORD000159,1,credit_card,1,360.98
ORD000160,1,credit_card,2,693.41
ORD000161,1,boleto,2,1105.71
ORD000162,1,boleto,1,962.0
ORD000163,1,credit_card,1,662.48
ORD000164,1,credit_card,10,146.77
ORD000165,1,voucher,1,408.06
ORD000166,1,voucher,1,612.75
ORD000167,1,credit_card,3,618.05
ORD000168,1,debit_card,10,51.52
ORD000169,1,credit_card,1,1601.67
ORD000170,1,credit_card,10,1434.99
ORD000171,1,credit_card,3,851.39
ORD000172,1,credit_card,6,603.1
ORD000172,2,credit_card,6,894.8
ORD000173,1,credit_card,1,888.93
ORD000174,1,credit_card,10,398.91
ORD000175,1,credit_card,10,553.23
ORD000176,1,debit_card,6,1365.54
ORD000177,1,boleto,2,1438.81
ORD000178,1,credit_card,1,737.41
ORD000179,1,credit_card,10,282.33
ORD000179,2,credit_card,1,169.16
ORD000180,1,boleto,1,369.6
ORD000181,1,credit_card,10,646.45
ORD000182,1,credit_card,1,1310.66
ORD000183,1,voucher,10,368.76
ORD000184,1,boleto,2,470.68
ORD000185,1,credit_card,1,241.03
ORD000186,1,voucher,1,271.07
ORD000186,2,credit_card,1,227.08
ORD000187,1,credit_card,1,1522.04
ORD000188,1,debit_card,1,1096.75
ORD000189,1,credit_card,3,302.46
ORD000190,1,credit_card,1,1288.5
ORD000191,1,boleto,2,629.58
ORD000192,1,voucher,1,498.13
ORD000193,1,debit_card,6,809.07
ORD000194,1,credit_card,10,397.98
ORD000195,1,credit_card,1,618.97
ORD000196,1,debit_card,1,558.78
ORD000196,2,boleto,10,253.07
ORD000197,1,credit_card,10,63.38
ORD000198,1,credit_card,1,204.94
ORD000199,1,debit_card,10,546.63
ORD000200,1,credit_card,2,945.4
ORD000201,1,credit_card,2,621.78
ORD000202,1,boleto,1,460.98
ORD000203,1,credit_card,1,182.36
ORD000203,2,credit_card,3,386.12
ORD000204,1,boleto,2,798.51
ORD000205,1,debit_card,1,16.95
ORD000205,2,credit_card,1,27.21
ORD000206,1,debit_card,1,75.22
ORD000207,1,credit_card,3,217.73
ORD000207,2,voucher,10,232.12
ORD000208,1,credit_card,1,1211.96
ORD000209,1,credit_card,3,1241.05
ORD000210,1,debit_card,10,248.62
ORD000211,1,credit_card,1,1901.79
ORD000212,1,credit_card,3,448.44
ORD000213,1,boleto,3,69.34
ORD000214,1,credit_card,1,885.19
ORD000214,2,boleto,3,675.42
ORD000215,1,credit_card,1,179.82
ORD000216,1,voucher,3,612.69
ORD000217,1,credit_card,6,1557.14
ORD000218,1,credit_card,1,914.12
ORD000219,1,credit_card,6,2576.39
ORD000220,1,credit_card,1,709.71
ORD000220,2,credit_card,1,949.79
ORD000221,1,credit_card,1,2009.36
ORD000222,1,credit_card,6,1281.46
ORD000223,1,credit_card,10,495.33
ORD000224,1,debit_card,1,512.54
ORD000225,1,credit_card,1,646.11
ORD000226,1,debit_card,10,1448.7
ORD000227,1,voucher,3,846.76
ORD000228,1,boleto,10,2354.57
ORD000229,1,credit_card,1,2246.62
ORD000230,1,credit_card,1,1054.71
ORD000231,1,credit_card,10,1160.76
ORD000232,1,boleto,1,596.78
ORD000233,1,credit_card,1,728.25
ORD000234,1,boleto,2,446.55
ORD000235,1,credit_card,1,478.05
ORD000236,1,boleto,3,2160.57
ORD000237,1,boleto,1,126.54
ORD000237,2,credit_card,1,141.18
ORD000238,1,credit_card,10,573.31
ORD000238,2,boleto,2,513.4
ORD000239,1,debit_card,1,881.18
ORD000240,1,credit_card,1,968.86
ORD000241,1,credit_card,6,89.58
ORD000242,1,credit_card,10,375.05
ORD000243,1,credit_card,10,349.82
ORD000243,2,credit_card,2,560.68
ORD000244,1,credit_card,2,1542.69
ORD000245,1,voucher,1,355.71
ORD000246,1,credit_card,1,220.18
ORD000246,2,credit_card,1,117.68
ORD000247,1,credit_card,2,672.22
ORD000248,1,boleto,1,1260.84
ORD000249,1,credit_card,1,307.8
ORD000250,1,credit_card,1,1174.96
ORD000251,1,credit_card,2,295.93
ORD000251,2,boleto,1,665.68
ORD000252,1,credit_card,3,43.12
ORD000253,1,debit_card,6,578.77
ORD000254,1,credit_card,10,745.25
ORD000255,1,boleto,10,1367.9
ORD000256,1,boleto,1,696.3
ORD000257,1,credit_card,1,666.18
ORD000258,1,credit_card,1,537.44
ORD000258,2,credit_card,3,837.96
ORD000259,1,credit_card,1,658.03
ORD000260,1,debit_card,2,2123.89
ORD000261,1,credit_card,1,612.67
ORD000261,2,credit_card,3,805.28
ORD000262,1,credit_card,10,533.53
ORD000262,2,boleto,1,359.29
ORD000263,1,credit_card,2,789.16
ORD000264,1,credit_card,10,837.05
ORD000265,1,credit_card,6,166.1
ORD000266,1,credit_card,1,475.18
ORD000266,2,credit_card,1,357.6
ORD000267,1,voucher,2,1981.95
ORD000268,1,boleto,6,1921.3
ORD000269,1,credit_card,1,1000.7
ORD000270,1,credit_card,1,253.76
ORD000271,1,credit_card,3,544.73
ORD000272,1,credit_card,1,219.27
ORD000272,2,credit_card,6,462.92
ORD000273,1,credit_card,1,321.66
ORD000273,2,credit_card,1,168.86
ORD000274,1,credit_card,2,601.63
ORD000275,1,credit_card,2,196.41
ORD000276,1,credit_card,1,474.11
ORD000276,2,boleto,3,488.09
ORD000277,1,boleto,10,744.1
ORD000278,1,credit_card,1,1356.85
ORD000279,1,boleto,6,1824.2
ORD000280,1,credit_card,2,471.88
ORD000281,1,debit_card,1,1170.92
ORD000282,1,credit_card,1,374.38
ORD000283,1,credit_card,1,616.94
ORD000284,1,debit_card,6,75.13
ORD000285,1,boleto,1,350.44
ORD000285,2,voucher,10,758.53
ORD000286,1,credit_card,1,895.26
ORD000287,1,credit_card,1,292.2
ORD000288,1,boleto,1,1440.47
ORD000289,1,credit_card,1,43.3
ORD000289,2,credit_card,6,38.95
ORD000290,1,debit_card,1,496.19
ORD000291,1,credit_card,1,259.49
ORD000292,1,credit_card,6,741.9
ORD000293,1,boleto,2,166.72
ORD000294,1,boleto,6,1474.6
ORD000295,1,boleto,1,1150.83
ORD000296,1,credit_card,1,366.2
ORD000297,1,boleto,1,911.94
ORD000298,1,debit_card,2,1406.47
ORD000298,2,credit_card,1,1114.28
ORD000299,1,credit_card,10,745.57
ORD000300,1,credit_card,10,465.95
ORD000301,1,credit_card,1,88.33
ORD000302,1,credit_card,1,1083.28
ORD000303,1,boleto,1,226.35
ORD000304,1,boleto,1,257.01
ORD000305,1,credit_card,2,224.43
ORD000306,1,credit_card,3,454.95
ORD000307,1,credit_card,1,615.48
ORD000307,2,boleto,2,324.93
ORD000308,1,boleto,2,1541.48
ORD000309,1,credit_card,1,494.89
ORD000309,2,credit_card,10,510.0
ORD000310,1,credit_card,1,266.95
ORD000311,1,credit_card,2,1511.4
ORD000312,1,boleto,3,636.46
ORD000313,1,credit_card,10,795.87
ORD000314,1,credit_card,10,453.88
ORD000314,2,credit_card,1,385.11
ORD000315,1,credit_card,6,1048.66
ORD000316,1,boleto,1,384.24
ORD000317,1,credit_card,2,1860.04
ORD000318,1,credit_card,1,25.37
ORD000318,2,boleto,3,56.96
ORD000319,1,boleto,2,485.81
ORD000319,2,credit_card,1,600.39
ORD000320,1,credit_card,2,534.04
ORD000321,1,credit_card,1,330.86
ORD000322,1,credit_card,6,2290.82
ORD000323,1,credit_card,6,971.17
ORD000324,1,credit_card,1,851.48
ORD000325,1,credit_card,1,340.05
ORD000326,1,credit_card,6,288.44
ORD000327,1,debit_card,1,840.43
ORD000328,1,credit_card,2,428.72
ORD000329,1,credit_card,1,842.89
ORD000330,1,boleto,1,146.01
ORD000331,1,boleto,10,129.55
ORD000332,1,voucher,1,1425.02
ORD000333,1,debit_card,2,818.31
ORD000334,1,credit_card,1,835.04
ORD000335,1,debit_card,2,1307.59
ORD000336,1,credit_card,3,357.43
ORD000337,1,boleto,3,92.56
ORD000338,1,credit_card,10,213.83
ORD000339,1,credit_card,6,706.55
ORD000340,1,credit_card,3,1142.98
ORD000341,1,credit_card,3,284.89
ORD000342,1,credit_card,1,1341.39
ORD000343,1,credit_card,2,1404.32
ORD000344,1,debit_card,10,2109.21
ORD000345,1,credit_card,1,769.15
ORD000346,1,credit_card,1,2076.23
ORD000347,1,credit_card,6,659.99
ORD000348,1,boleto,2,1050.42
ORD000349,1,credit_card,1,911.44
ORD000350,1,credit_card,1,481.83
ORD000351,1,boleto,1,1767.01
ORD000352,1,credit_card,1,2522.54
ORD000353,1,debit_card,10,1729.22
ORD000354,1,boleto,1,236.07
ORD000355,1,credit_card,1,1238.53
ORD000356,1,credit_card,1,430.36
ORD000356,2,boleto,1,204.8
ORD000357,1,debit_card,1,1175.38
ORD000358,1,voucher,1,627.62
ORD000359,1,credit_card,10,859.03
ORD000360,1,credit_card,1,652.12
ORD000361,1,debit_card,2,702.68
ORD000362,1,debit_card,10,510.51
ORD000363,1,boleto,1,687.19
ORD000364,1,credit_card,1,328.59
ORD000365,1,debit_card,2,183.63
ORD000366,1,credit_card,1,502.66
ORD000367,1,credit_card,3,1264.93
ORD000368,1,boleto,3,589.08
ORD000369,1,credit_card,2,600.65
ORD000369,2,credit_card,1,594.09
ORD000370,1,voucher,1,1502.18
ORD000371,1,credit_card,10,407.21
ORD000371,2,credit_card,10,716.52
ORD000372,1,credit_card,1,509.77
ORD000373,1,debit_card,1,437.86
ORD000373,2,debit_card,1,313.9
ORD000374,1,boleto,10,532.01
ORD000375,1,credit_card,10,1913.45
ORD000376,1,credit_card,1,818.36
ORD000377,1,debit_card,3,732.18
ORD000378,1,credit_card,1,767.31
ORD000379,1,debit_card,6,575.9
ORD000380,1,credit_card,1,1098.64
ORD000381,1,credit_card,2,305.99
ORD000381,2,boleto,1,517.07
ORD000382,1,credit_card,1,1512.71
ORD000383,1,debit_card,1,603.15
ORD000384,1,credit_card,1,934.11
ORD000385,1,boleto,6,926.89
ORD000386,1,credit_card,10,643.94
ORD000387,1,credit_card,10,1072.08
ORD000388,1,boleto,1,206.66
ORD000389,1,voucher,1,578.26
ORD000390,1,credit_card,1,211.2
ORD000391,1,credit_card,1,970.69
ORD000392,1,boleto,1,1742.68
ORD000393,1,credit_card,6,171.48
ORD000394,1,credit_card,2,1202.54
ORD000395,1,credit_card,3,170.06
ORD000395,2,credit_card,6,111.94
ORD000396,1,boleto,3,808.85
ORD000397,1,debit_card,1,540.92
ORD000398,1,credit_card,6,1808.95
ORD000399,1,boleto,2,926.11
ORD000400,1,credit_card,10,890.06
ORD000401,1,credit_card,10,177.24
ORD000401,2,debit_card,6,233.94
ORD000402,1,credit_card,1,103.55
ORD000403,1,credit_card,1,394.28
ORD000403,2,credit_card,10,506.59
ORD000404,1,credit_card,1,178.32
ORD000404,2,credit_card,3,193.12
ORD000405,1,credit_card,10,550.97
ORD000406,1,debit_card,2,897.68
ORD000407,1,credit_card,10,1755.51
ORD000408,1,boleto,10,568.42
ORD000409,1,debit_card,1,860.15
ORD000410,1,credit_card,1,1800.31
ORD000411,1,voucher,10,281.84
ORD000412,1,boleto,2,138.47
ORD000413,1,credit_card,1,382.82
ORD000414,1,credit_card,6,482.21
ORD000415,1,credit_card,6,1062.98
ORD000416,1,credit_card,2,365.02
ORD000417,1,boleto,3,1401.24
ORD000418,1,voucher,1,2475.48
ORD000419,1,credit_card,1,1049.03
ORD000420,1,credit_card,10,32.62
ORD000421,1,credit_card,2,639.15
ORD000421,2,credit_card,10,445.44
ORD000422,1,credit_card,10,1670.87
ORD000423,1,debit_card,10,654.89
ORD000424,1,credit_card,2,756.43
ORD000425,1,credit_card,6,1072.58
ORD000426,1,credit_card,10,789.51
ORD000427,1,boleto,1,455.3
ORD000427,2,credit_card,1,260.01
ORD000428,1,credit_card,2,452.47
ORD000429,1,boleto,1,1378.38
ORD000430,1,credit_card,1,714.81
ORD000431,1,credit_card,1,150.46
ORD000432,1,credit_card,6,1117.11
ORD000433,1,credit_card,2,931.35
ORD000434,1,credit_card,1,1760.04
ORD000435,1,credit_card,3,1494.63
ORD000436,1,credit_card,2,634.3
ORD000437,1,credit_card,3,223.31
ORD000437,2,boleto,2,111.09
ORD000438,1,boleto,6,168.61
ORD000439,1,credit_card,2,1581.76
ORD000440,1,boleto,10,1328.38
ORD000441,1,credit_card,10,273.06
ORD000442,1,credit_card,3,655.22
ORD000443,1,credit_card,1,1222.19
ORD000444,1,voucher,1,1008.69
ORD000445,1,credit_card,2,865.06
ORD000446,1,credit_card,1,154.91
ORD000447,1,credit_card,3,557.5
ORD000448,1,credit_card,2,1252.23
ORD000449,1,credit_card,10,955.17
ORD000450,1,credit_card,10,1393.65
ORD000451,1,credit_card,2,259.47
ORD000452,1,credit_card,1,652.89
ORD000453,1,credit_card,1,2387.27
ORD000454,1,boleto,2,968.24
ORD000455,1,voucher,3,169.75
ORD000456,1,credit_card,1,753.99
ORD000456,2,credit_card,1,402.5
ORD000457,1,credit_card,1,878.61
ORD000457,2,credit_card,1,402.32
ORD000458,1,credit_card,10,788.08
ORD000459,1,credit_card,1,845.64
ORD000460,1,credit_card,6,208.92
ORD000461,1,debit_card,3,1154.48
ORD000462,1,credit_card,6,148.61
ORD000462,2,boleto,6,308.22
ORD000463,1,credit_card,1,561.31
ORD000464,1,credit_card,1,1115.85
ORD000464,2,boleto,1,603.94
ORD000465,1,boleto,1,1599.29
ORD000466,1,credit_card,10,135.21
ORD000467,1,credit_card,10,487.36
ORD000468,1,boleto,1,661.67
ORD000469,1,credit_card,3,95.89
ORD000470,1,credit_card,1,868.48
ORD000471,1,boleto,1,420.79
ORD000472,1,credit_card,6,907.44
ORD000473,1,credit_card,1,202.72
ORD000474,1,credit_card,6,353.16
ORD000475,1,credit_card,1,656.65
ORD000476,1,boleto,2,828.39
ORD000477,1,boleto,1,255.63
ORD000478,1,boleto,6,854.92
ORD000479,1,credit_card,6,491.94
ORD000480,1,credit_card,1,453.73
ORD000481,1,credit_card,10,775.21
ORD000481,2,credit_card,3,865.64
ORD000482,1,credit_card,6,931.95
ORD000483,1,credit_card,6,499.77
ORD000484,1,credit_card,1,542.53
ORD000485,1,debit_card,3,777.67
ORD000486,1,boleto,10,945.24
ORD000487,1,credit_card,1,1460.04
ORD000488,1,boleto,6,210.55
ORD000489,1,credit_card,10,1095.34
ORD000490,1,credit_card,3,471.55
ORD000491,1,credit_card,1,616.68
ORD000492,1,debit_card,6,314.75
ORD000493,1,credit_card,1,1112.59
ORD000494,1,credit_card,1,383.18
ORD000495,1,credit_card,1,1546.51
ORD000496,1,boleto,1,227.44
ORD000496,2,credit_card,1,131.91
ORD000497,1,credit_card,1,633.93
ORD000498,1,voucher,2,456.53
ORD000499,1,debit_card,1,210.13
ORD000500,1,boleto,3,404.02
ORD000501,1,voucher,6,861.06
ORD000502,1,credit_card,1,564.27
ORD000503,1,credit_card,10,373.07
ORD000503,2,boleto,1,235.15
ORD000504,1,credit_card,2,880.33
ORD000505,1,credit_card,1,2749.44
ORD000506,1,boleto,10,405.58
ORD000507,1,credit_card,1,527.53
ORD000508,1,credit_card,1,993.63
ORD000509,1,credit_card,6,437.12
ORD000509,2,boleto,3,496.34
ORD000510,1,boleto,2,1468.05
ORD000511,1,credit_card,1,857.15
ORD000512,1,credit_card,1,839.37
ORD000513,1,credit_card,10,866.64
ORD000514,1,credit_card,2,594.4
ORD000514,2,credit_card,3,282.37
ORD000515,1,debit_card,1,768.14
ORD000516,1,debit_card,6,314.04
ORD000516,2,credit_card,1,291.5
ORD000517,1,credit_card,1,742.01
ORD000518,1,boleto,1,606.29
ORD000519,1,boleto,1,821.13
ORD000520,1,credit_card,6,184.88
ORD000521,1,credit_card,1,785.78
ORD000522,1,boleto,1,84.59
ORD000523,1,credit_card,6,1103.92
ORD000524,1,boleto,6,481.81
ORD000525,1,debit_card,1,979.77
ORD000526,1,boleto,6,1173.18
ORD000527,1,credit_card,1,1165.35
ORD000528,1,boleto,2,799.11
ORD000529,1,credit_card,1,779.88
ORD000530,1,credit_card,2,806.75
ORD000531,1,credit_card,3,307.0
ORD000532,1,credit_card,6,1402.7
ORD000533,1,credit_card,6,1092.5
ORD000534,1,credit_card,10,27.75
ORD000535,1,credit_card,6,1980.84
ORD000536,1,credit_card,6,200.34
ORD000537,1,debit_card,6,235.56
ORD000538,1,debit_card,1,855.78
ORD000539,1,credit_card,2,1800.54
ORD000540,1,boleto,10,414.77
ORD000541,1,credit_card,1,378.61
ORD000542,1,credit_card,10,1635.55
ORD000543,1,credit_card,10,678.12
ORD000544,1,voucher,6,1751.38
ORD000545,1,credit_card,2,834.49
ORD000546,1,credit_card,3,321.48
ORD000547,1,credit_card,1,681.04
ORD000548,1,credit_card,10,1534.87
ORD000549,1,credit_card,2,440.03
ORD000549,2,credit_card,1,572.4
ORD000550,1,boleto,1,608.9
ORD000550,2,credit_card,1,539.46
ORD000551,1,credit_card,1,113.31
ORD000552,1,boleto,1,538.84
ORD000553,1,boleto,1,421.79
ORD000554,1,boleto,1,804.43
ORD000555,1,voucher,6,444.31
ORD000556,1,credit_card,6,1317.22
ORD000557,1,boleto,10,658.0
ORD000558,1,credit_card,3,917.73
ORD000559,1,boleto,1,821.05
ORD000560,1,boleto,1,408.81
ORD000561,1,voucher,3,416.51
ORD000562,1,credit_card,3,333.15
ORD000563,1,credit_card,1,105.14
ORD000564,1,credit_card,3,805.67
ORD000565,1,boleto,6,883.02
ORD000566,1,credit_card,3,329.6
ORD000567,1,credit_card,10,1862.8
ORD000568,1,boleto,1,102.96
ORD000569,1,voucher,1,341.84
ORD000569,2,credit_card,1,323.59
ORD000570,1,boleto,1,211.07
ORD000571,1,credit_card,2,366.88
ORD000572,1,credit_card,1,1701.59
ORD000573,1,credit_card,10,757.96
ORD000573,2,credit_card,1,846.47
ORD000574,1,credit_card,3,834.16
ORD000575,1,credit_card,6,625.71
ORD000576,1,credit_card,3,106.42
ORD000577,1,boleto,10,2539.68
ORD000578,1,credit_card,10,322.76
ORD000579,1,credit_card,2,802.89
ORD000580,1,credit_card,10,783.32
ORD000581,1,boleto,1,613.54
ORD000582,1,credit_card,1,117.67
ORD000583,1,debit_card,6,794.64
ORD000584,1,debit_card,10,2559.53
ORD000585,1,boleto,1,506.53
ORD000586,1,debit_card,2,351.16
ORD000587,1,credit_card,10,314.41
ORD000588,1,credit_card,2,1642.19
ORD000589,1,credit_card,10,524.94
ORD000590,1,credit_card,3,281.62
ORD000591,1,credit_card,1,2057.38
ORD000592,1,credit_card,6,859.66
ORD000593,1,credit_card,1,1313.07
ORD000594,1,credit_card,1,612.36
ORD000594,2,credit_card,1,269.04
ORD000595,1,credit_card,2,383.91
ORD000596,1,credit_card,3,762.59
ORD000597,1,boleto,3,958.53
ORD000598,1,credit_card,6,1516.15
ORD000599,1,credit_card,1,1539.95
ORD000600,1,credit_card,1,331.82
ORD000601,1,boleto,10,1502.46
ORD000602,1,debit_card,6,46.76
ORD000602,2,credit_card,10,74.04
ORD000603,1,credit_card,1,580.27
ORD000604,1,debit_card,2,901.67
ORD000605,1,credit_card,10,1022.5
ORD000606,1,credit_card,1,211.78
ORD000607,1,credit_card,10,405.51
ORD000608,1,credit_card,3,866.98
ORD000609,1,credit_card,6,648.61
ORD000610,1,credit_card,2,1483.35
ORD000611,1,credit_card,2,284.54
ORD000612,1,credit_card,2,912.07
ORD000613,1,credit_card,1,608.85
ORD000614,1,credit_card,10,1339.94
ORD000615,1,boleto,10,935.83
ORD000616,1,credit_card,10,1449.87
ORD000617,1,credit_card,10,718.98
ORD000618,1,voucher,3,1096.62
ORD000619,1,debit_card,3,827.61
ORD000620,1,credit_card,2,370.02
ORD000620,2,boleto,6,419.55
ORD000621,1,voucher,10,496.1
ORD000622,1,credit_card,1,468.93
ORD000623,1,debit_card,2,368.26
ORD000623,2,voucher,2,568.21
ORD000624,1,credit_card,1,780.06
ORD000625,1,boleto,6,976.45
ORD000626,1,credit_card,2,289.87
ORD000627,1,boleto,3,539.11
ORD000627,2,credit_card,6,359.79
ORD000628,1,credit_card,6,288.63
ORD000629,1,boleto,1,822.96
ORD000629,2,credit_card,10,1183.56
ORD000630,1,credit_card,6,607.42
ORD000631,1,voucher,1,775.08
ORD000632,1,debit_card,10,341.01
ORD000633,1,credit_card,1,130.05
ORD000633,2,credit_card,2,274.84
ORD000634,1,credit_card,1,1265.68
ORD000635,1,debit_card,1,147.5
ORD000636,1,boleto,2,924.77
ORD000637,1,boleto,2,1150.71
ORD000638,1,credit_card,1,946.85
ORD000639,1,credit_card,6,891.03
ORD000640,1,boleto,1,260.36
ORD000641,1,credit_card,1,805.91
ORD000642,1,voucher,1,407.08
ORD000643,1,debit_card,10,795.39
ORD000644,1,credit_card,10,705.03
ORD000645,1,debit_card,3,1762.28
ORD000646,1,debit_card,10,1822.49
ORD000647,1,boleto,10,712.54
ORD000648,1,credit_card,10,845.6
ORD000649,1,voucher,10,914.69
ORD000650,1,credit_card,1,1047.02
ORD000651,1,boleto,2,923.14
ORD000652,1,voucher,3,1004.41
ORD000653,1,credit_card,1,564.87
ORD000653,2,credit_card,1,250.23
ORD000654,1,debit_card,10,658.26
ORD000655,1,boleto,1,899.49
ORD000656,1,credit_card,1,819.84
ORD000656,2,credit_card,1,410.52
ORD000657,1,credit_card,2,1509.88
ORD000658,1,credit_card,10,487.4
ORD000659,1,credit_card,10,439.95
ORD000660,1,boleto,2,816.08
ORD000661,1,credit_card,6,1677.2
ORD000662,1,credit_card,6,219.42
ORD000663,1,credit_card,1,438.23
ORD000664,1,debit_card,6,1438.48
ORD000665,1,boleto,3,1769.62
ORD000666,1,credit_card,1,825.4
ORD000667,1,debit_card,3,1190.61
ORD000668,1,credit_card,6,2344.32
ORD000669,1,credit_card,2,835.97
ORD000670,1,credit_card,6,2192.99
ORD000671,1,credit_card,1,551.16
ORD000671,2,credit_card,1,905.14
ORD000672,1,debit_card,1,373.43
ORD000672,2,credit_card,1,261.11
ORD000673,1,boleto,6,586.13
ORD000673,2,voucher,3,293.35
ORD000674,1,boleto,10,676.89
ORD000675,1,voucher,1,929.84
ORD000676,1,voucher,1,367.73
ORD000676,2,credit_card,10,758.37
ORD000677,1,debit_card,1,2330.09
ORD000678,1,boleto,10,175.9
ORD000679,1,credit_card,6,139.18
ORD000680,1,credit_card,6,942.79
ORD000681,1,voucher,10,2228.85
ORD000682,1,credit_card,1,794.73
ORD000683,1,boleto,1,1503.69
ORD000684,1,credit_card,6,2110.65
ORD000685,1,boleto,3,818.06
ORD000686,1,credit_card,10,1055.99
ORD000686,2,credit_card,2,572.5
ORD000687,1,credit_card,10,1362.59
ORD000688,1,boleto,1,922.33
ORD000688,2,boleto,6,551.43
ORD000689,1,credit_card,10,159.71
ORD000690,1,credit_card,1,833.95
ORD000691,1,credit_card,6,1542.21
ORD000692,1,credit_card,2,1206.73
ORD000693,1,debit_card,6,541.86
ORD000694,1,credit_card,1,278.91
ORD000694,2,credit_card,1,207.39
ORD000695,1,boleto,6,324.2
ORD000696,1,boleto,3,881.41
ORD000696,2,debit_card,6,766.97
ORD000697,1,boleto,1,456.68
ORD000698,1,credit_card,2,564.48
ORD000699,1,credit_card,1,766.3
ORD000700,1,boleto,6,202.28
ORD000700,2,credit_card,3,271.92
ORD000701,1,boleto,10,1090.71
ORD000702,1,credit_card,6,297.72
ORD000703,1,credit_card,6,1276.79
ORD000704,1,credit_card,3,1365.37
ORD000704,2,credit_card,1,1448.41
ORD000705,1,boleto,1,249.21
ORD000705,2,credit_card,6,193.99
ORD000706,1,credit_card,10,166.88
ORD000707,1,credit_card,1,704.88
ORD000708,1,credit_card,2,259.11
ORD000709,1,credit_card,1,334.89
ORD000710,1,credit_card,1,593.74
ORD000711,1,debit_card,1,760.59
ORD000712,1,debit_card,1,108.7
ORD000712,2,boleto,2,253.59
ORD000713,1,boleto,2,108.74
ORD000714,1,credit_card,1,694.16
ORD000714,2,boleto,1,316.52
ORD000715,1,credit_card,10,622.02
ORD000716,1,boleto,10,281.3
ORD000716,2,boleto,3,322.54
ORD000717,1,credit_card,1,717.05
ORD000718,1,credit_card,1,702.21
ORD000719,1,boleto,1,337.05
ORD000720,1,credit_card,2,730.46
ORD000721,1,credit_card,6,765.33
ORD000722,1,credit_card,6,572.03
ORD000723,1,credit_card,10,422.14
ORD000724,1,boleto,2,66.48
ORD000724,2,voucher,1,87.74
ORD000725,1,credit_card,6,730.25
ORD000726,1,credit_card,3,516.74
ORD000726,2,credit_card,1,727.98
ORD000727,1,credit_card,2,565.09
ORD000728,1,credit_card,1,779.55
ORD000729,1,credit_card,10,793.96
ORD000730,1,boleto,6,1831.4
ORD000731,1,credit_card,10,240.34
ORD000732,1,boleto,6,186.23
ORD000732,2,credit_card,1,229.51
ORD000733,1,credit_card,6,887.14
ORD000734,1,credit_card,6,143.49
ORD000734,2,credit_card,2,162.61
ORD000735,1,credit_card,3,696.04
ORD000736,1,boleto,3,1153.5
ORD000737,1,debit_card,1,1658.3
ORD000738,1,credit_card,3,1534.48
ORD000739,1,boleto,6,294.95
ORD000740,1,credit_card,6,355.7
ORD000741,1,credit_card,3,1739.29
ORD000742,1,credit_card,2,1143.67
ORD000743,1,boleto,10,880.33
ORD000744,1,boleto,10,948.84
ORD000745,1,boleto,1,1050.89
ORD000746,1,boleto,3,1550.34
ORD000747,1,credit_card,3,1123.21
ORD000748,1,boleto,2,854.3
ORD000749,1,boleto,1,1103.83
ORD000750,1,credit_card,2,540.72
ORD000751,1,voucher,2,269.57
ORD000752,1,debit_card,1,84.16
ORD000752,2,credit_card,1,162.65
ORD000753,1,credit_card,10,375.6
ORD000754,1,boleto,6,892.93
ORD000755,1,credit_card,3,713.9
ORD000756,1,boleto,1,182.05
ORD000756,2,credit_card,3,281.03
ORD000757,1,credit_card,3,865.16
ORD000758,1,debit_card,2,630.11
ORD000759,1,credit_card,1,924.84
ORD000760,1,debit_card,10,126.88
ORD000760,2,boleto,1,215.49
ORD000761,1,credit_card,1,345.97
ORD000762,1,boleto,2,202.45
ORD000762,2,credit_card,1,357.27
ORD000763,1,credit_card,6,389.07
ORD000763,2,debit_card,10,421.82
ORD000764,1,voucher,2,834.68
ORD000765,1,credit_card,3,227.58
ORD000766,1,credit_card,1,722.95
ORD000767,1,boleto,2,377.74
ORD000767,2,credit_card,2,809.52
ORD000768,1,boleto,3,1373.62
ORD000769,1,credit_card,1,815.52
ORD000770,1,credit_card,6,914.41
ORD000771,1,debit_card,1,627.31
ORD000772,1,credit_card,1,1658.49
ORD000773,1,credit_card,3,515.07
ORD000774,1,credit_card,2,97.9
ORD000775,1,credit_card,1,2073.11
ORD000776,1,credit_card,3,828.65
ORD000777,1,boleto,1,670.68
ORD000778,1,credit_card,1,703.33
ORD000779,1,debit_card,2,1394.74
ORD000780,1,credit_card,10,264.44
ORD000781,1,credit_card,2,625.41
ORD000782,1,boleto,6,595.57
ORD000783,1,credit_card,1,1726.45
ORD000784,1,credit_card,6,538.47
ORD000785,1,boleto,3,1602.03
ORD000786,1,boleto,3,1140.11
ORD000787,1,boleto,1,648.67
ORD000788,1,boleto,3,807.17
ORD000789,1,voucher,6,655.73
ORD000790,1,boleto,1,906.98
ORD000791,1,voucher,1,2109.05
ORD000792,1,debit_card,1,1060.18
ORD000793,1,credit_card,10,408.29
ORD000793,2,credit_card,1,338.76
ORD000794,1,boleto,1,931.52
ORD000795,1,boleto,10,876.49
ORD000796,1,debit_card,10,830.11
ORD000797,1,credit_card,1,931.05
ORD000798,1,credit_card,6,767.3
ORD000799,1,credit_card,1,203.46
ORD000799,2,credit_card,1,171.87
ORD000800,1,credit_card,2,394.47
ORD000801,1,credit_card,1,914.66
ORD000802,1,credit_card,1,39.59
ORD000802,2,credit_card,1,60.69
ORD000803,1,credit_card,1,235.89
ORD000804,1,credit_card,10,382.77
ORD000804,2,debit_card,3,397.6
ORD000805,1,voucher,2,336.4
ORD000806,1,credit_card,3,570.19
ORD000807,1,voucher,1,474.73
ORD000808,1,credit_card,3,820.42
ORD000809,1,credit_card,1,297.24
ORD000810,1,credit_card,10,141.55
ORD000811,1,boleto,1,904.93
ORD000812,1,voucher,1,721.58
ORD000813,1,boleto,10,1092.3
ORD000814,1,debit_card,1,154.31
ORD000814,2,credit_card,1,114.69
ORD000815,1,credit_card,6,233.55
ORD000815,2,credit_card,1,368.98
ORD000816,1,credit_card,2,127.3
ORD000816,2,credit_card,1,189.0
ORD000817,1,credit_card,6,669.11
ORD000818,1,credit_card,10,1439.57
ORD000818,2,credit_card,3,634.01
ORD000819,1,credit_card,1,728.54
ORD000820,1,debit_card,2,506.95
ORD000821,1,credit_card,1,1226.83
ORD000822,1,credit_card,2,842.52
ORD000823,1,credit_card,1,491.99
ORD000824,1,credit_card,6,791.55
ORD000825,1,credit_card,1,657.05
ORD000826,1,credit_card,2,418.36
ORD000827,1,credit_card,1,1591.37
ORD000828,1,credit_card,1,232.36
ORD000829,1,credit_card,1,271.03
ORD000830,1,credit_card,1,262.55
ORD000831,1,boleto,1,623.58
ORD000832,1,credit_card,3,749.63
ORD000833,1,credit_card,1,895.84
ORD000834,1,credit_card,2,198.06
ORD000835,1,credit_card,10,245.42
ORD000835,2,credit_card,3,149.06
ORD000836,1,credit_card,1,543.33
ORD000837,1,boleto,3,794.21
ORD000838,1,credit_card,1,228.0
ORD000839,1,credit_card,2,413.01
ORD000840,1,credit_card,1,314.23
ORD000840,2,credit_card,1,285.61
ORD000841,1,credit_card,6,573.54
ORD000842,1,credit_card,3,231.69
ORD000843,1,credit_card,3,875.33
ORD000844,1,debit_card,1,50.91
ORD000844,2,debit_card,3,104.68
ORD000845,1,debit_card,2,891.47
ORD000845,2,credit_card,1,831.35
ORD000846,1,boleto,1,1025.53
ORD000847,1,debit_card,6,444.25
ORD000847,2,debit_card,1,353.92
ORD000848,1,credit_card,2,1326.14
ORD000849,1,credit_card,1,974.09
ORD000850,1,voucher,6,744.85
ORD000851,1,credit_card,1,442.18
ORD000852,1,debit_card,1,570.74
ORD000853,1,voucher,1,718.09
ORD000854,1,credit_card,10,430.38
ORD000855,1,boleto,1,1140.88
ORD000855,2,debit_card,1,723.24
ORD000856,1,boleto,10,1706.63
ORD000857,1,boleto,10,1976.23
ORD000858,1,debit_card,3,812.37
ORD000858,2,credit_card,3,1017.17
ORD000859,1,boleto,2,236.55
ORD000859,2,credit_card,3,187.7
ORD000860,1,boleto,3,474.2
ORD000860,2,boleto,1,757.15
ORD000861,1,debit_card,1,316.27
ORD000862,1,credit_card,1,567.56
ORD000863,1,credit_card,1,236.99
ORD000863,2,credit_card,1,134.86
ORD000864,1,boleto,10,799.47
ORD000865,1,debit_card,2,858.23
ORD000866,1,credit_card,1,822.04
ORD000867,1,credit_card,10,526.3
ORD000868,1,credit_card,10,123.35
ORD000869,1,credit_card,1,105.91
ORD000870,1,credit_card,1,741.96
ORD000871,1,boleto,3,727.59
ORD000872,1,credit_card,2,630.05
ORD000873,1,credit_card,2,519.37
ORD000874,1,debit_card,3,683.44
ORD000875,1,credit_card,10,393.83
ORD000876,1,credit_card,3,332.64
ORD000877,1,debit_card,1,1023.63
ORD000878,1,credit_card,10,825.45
ORD000878,2,boleto,1,1238.41
ORD000879,1,credit_card,1,380.01
ORD000880,1,credit_card,2,491.99
ORD000881,1,credit_card,1,203.82
ORD000882,1,credit_card,3,1368.42
ORD000883,1,boleto,1,648.11
ORD000884,1,debit_card,3,1282.18
ORD000885,1,credit_card,1,2094.33
ORD000886,1,credit_card,6,96.2
ORD000886,2,boleto,3,85.21
ORD000887,1,credit_card,1,851.51
ORD000888,1,credit_card,1,311.81
ORD000888,2,credit_card,6,658.78
ORD000889,1,boleto,10,161.15
ORD000890,1,credit_card,6,205.34
ORD000890,2,credit_card,2,221.01
ORD000891,1,debit_card,6,616.74
ORD000892,1,boleto,6,839.19
ORD000893,1,voucher,3,941.88
ORD000893,2,voucher,1,578.16
ORD000894,1,boleto,6,143.31
ORD000895,1,debit_card,1,569.23
ORD000895,2,credit_card,1,325.75
ORD000896,1,credit_card,1,209.17
ORD000896,2,credit_card,1,162.27
ORD000897,1,boleto,1,714.86
ORD000898,1,credit_card,2,716.81
ORD000899,1,credit_card,1,1337.86
ORD000900,1,boleto,6,739.8
ORD000901,1,boleto,6,437.01
ORD000902,1,credit_card,10,534.76
ORD000903,1,credit_card,3,970.61
ORD000904,1,credit_card,3,359.9
ORD000905,1,boleto,1,943.67
ORD000906,1,boleto,1,931.72
ORD000907,1,boleto,1,588.83
ORD000908,1,credit_card,2,636.58
ORD000909,1,credit_card,10,621.38
ORD000910,1,boleto,3,242.15
ORD000911,1,credit_card,2,78.31
ORD000912,1,credit_card,1,879.08
ORD000912,2,boleto,3,813.2
ORD000913,1,boleto,1,346.75
ORD000913,2,credit_card,1,268.4
ORD000914,1,credit_card,6,648.18
ORD000915,1,credit_card,1,400.05
ORD000915,2,debit_card,1,512.88
ORD000916,1,credit_card,2,1488.12
ORD000917,1,credit_card,10,1533.74
ORD000918,1,credit_card,1,1082.45
ORD000919,1,credit_card,3,1352.71
ORD000920,1,credit_card,2,232.35
ORD000920,2,credit_card,6,155.63
ORD000921,1,credit_card,1,1092.87
ORD000921,2,credit_card,3,1267.91
ORD000922,1,debit_card,10,50.36
ORD000923,1,credit_card,1,1123.09
ORD000924,1,boleto,6,1421.79
ORD000925,1,credit_card,1,1539.69
ORD000926,1,credit_card,1,745.52
ORD000927,1,credit_card,3,776.77
ORD000928,1,credit_card,2,494.65
ORD000929,1,credit_card,2,530.41
ORD000930,1,credit_card,3,113.93
ORD000931,1,credit_card,1,515.82
ORD000932,1,credit_card,1,327.8
ORD000933,1,credit_card,1,792.51
ORD000934,1,credit_card,1,940.22
ORD000935,1,credit_card,6,149.05
ORD000936,1,credit_card,1,109.88
ORD000937,1,credit_card,1,612.82
ORD000938,1,credit_card,2,392.24
ORD000939,1,credit_card,2,508.81
ORD000940,1,boleto,6,843.99
ORD000941,1,boleto,1,1376.0
ORD000942,1,credit_card,1,204.79
ORD000943,1,debit_card,10,775.51
ORD000944,1,credit_card,1,196.24
ORD000945,1,credit_card,2,512.69
ORD000946,1,boleto,1,288.06
ORD000946,2,debit_card,1,550.12
ORD000947,1,credit_card,3,129.87
ORD000947,2,credit_card,6,202.14
ORD000948,1,credit_card,1,628.78
ORD000949,1,credit_card,1,756.9
ORD000950,1,credit_card,3,694.1
ORD000951,1,boleto,6,779.38
ORD000952,1,credit_card,3,448.67
ORD000952,2,credit_card,1,229.64
ORD000953,1,boleto,1,729.58
ORD000954,1,boleto,3,323.88
ORD000955,1,credit_card,3,1847.68
ORD000956,1,voucher,1,776.03
ORD000957,1,credit_card,1,1434.44
ORD000958,1,credit_card,3,482.84
ORD000959,1,voucher,3,2108.82
ORD000960,1,credit_card,3,72.32
ORD000960,2,credit_card,2,87.32
ORD000961,1,debit_card,6,133.85
ORD000962,1,boleto,2,416.13
ORD000962,2,debit_card,10,245.16
ORD000963,1,debit_card,1,1864.64
ORD000964,1,credit_card,1,321.85
ORD000965,1,credit_card,1,1600.61
ORD000966,1,boleto,1,1461.04
ORD000967,1,boleto,3,842.14
ORD000968,1,credit_card,1,566.39
ORD000969,1,credit_card,2,141.24
ORD000970,1,credit_card,6,882.87
ORD000971,1,credit_card,1,335.48
ORD000971,2,credit_card,2,202.91
ORD000972,1,credit_card,10,205.44
ORD000973,1,credit_card,1,845.53
ORD000974,1,boleto,1,1695.82
ORD000975,1,credit_card,2,496.91
ORD000976,1,credit_card,10,770.63
ORD000977,1,credit_card,10,871.43
ORD000978,1,credit_card,3,694.66
ORD000979,1,debit_card,10,1554.89
ORD000980,1,voucher,3,826.54
ORD000981,1,credit_card,1,107.57
ORD000982,1,credit_card,6,222.96
ORD000983,1,boleto,3,170.94
ORD000984,1,credit_card,1,2027.79
ORD000985,1,boleto,6,502.93
ORD000986,1,credit_card,6,215.01
ORD000987,1,credit_card,1,215.1
ORD000988,1,credit_card,6,1863.25
ORD000989,1,credit_card,10,1041.69
ORD000990,1,credit_card,1,914.63
ORD000991,1,voucher,6,104.55
ORD000992,1,credit_card,1,217.42
ORD000993,1,debit_card,10,801.68
ORD000994,1,credit_card,1,536.18
ORD000995,1,credit_card,2,290.43
ORD000995,2,credit_card,10,495.93
ORD000996,1,boleto,1,307.27
ORD000997,1,credit_card,1,873.39
ORD000998,1,boleto,3,396.47
ORD000998,2,boleto,1,332.76
ORD000999,1,voucher,3,494.84
ORD000999,2,credit_card,1,682.67
ORD001000,1,boleto,1,992.92
ORD001001,1,credit_card,3,515.64
ORD001001,2,credit_card,1,686.79
ORD001002,1,credit_card,1,1763.56
ORD001003,1,boleto,3,138.89
ORD001004,1,boleto,1,798.85
ORD001005,1,credit_card,2,590.07
ORD001005,2,credit_card,1,959.72
ORD001006,1,credit_card,1,315.25
ORD001007,1,credit_card,1,118.59
ORD001008,1,credit_card,6,607.15
ORD001009,1,boleto,3,137.21
ORD001010,1,boleto,6,230.05
ORD001011,1,boleto,1,400.89
ORD001012,1,credit_card,3,242.52
ORD001013,1,boleto,1,1165.3
ORD001014,1,boleto,10,365.18
ORD001015,1,credit_card,3,1595.39
ORD001016,1,boleto,3,866.36
ORD001017,1,credit_card,1,1553.37
ORD001018,1,credit_card,1,868.57
ORD001019,1,credit_card,1,2076.0
ORD001020,1,credit_card,1,85.86
ORD001021,1,debit_card,1,1074.69
ORD001022,1,credit_card,1,1309.3
ORD001023,1,boleto,1,1733.35
ORD001024,1,credit_card,10,209.1
ORD001025,1,boleto,3,208.69
ORD001026,1,boleto,10,171.36
ORD001027,1,debit_card,6,443.32
ORD001028,1,credit_card,1,590.43
ORD001029,1,credit_card,1,598.01
ORD001030,1,credit_card,1,716.22
ORD001031,1,credit_card,1,927.95
ORD001032,1,voucher,6,1359.31
ORD001033,1,credit_card,1,1283.37
ORD001034,1,credit_card,10,558.65
ORD001035,1,credit_card,1,767.89
ORD001036,1,credit_card,1,896.19
ORD001037,1,debit_card,1,2141.75
ORD001038,1,credit_card,1,1021.62
ORD001039,1,debit_card,1,610.5
ORD001040,1,credit_card,1,538.34
ORD001041,1,boleto,1,94.77
ORD001041,2,credit_card,10,181.88
ORD001042,1,credit_card,10,794.85
ORD001043,1,credit_card,10,845.69
ORD001044,1,boleto,1,1413.09
ORD001045,1,boleto,10,1188.98
ORD001046,1,credit_card,2,754.34
ORD001047,1,credit_card,1,477.99
ORD001048,1,credit_card,1,985.23
ORD001049,1,credit_card,3,851.21
ORD001050,1,credit_card,6,986.48
ORD001051,1,boleto,6,215.51
ORD001052,1,credit_card,10,805.89
ORD001053,1,credit_card,2,898.17
ORD001054,1,credit_card,3,511.95
ORD001055,1,credit_card,1,2496.42
ORD001056,1,debit_card,3,2127.4
ORD001057,1,credit_card,10,77.25
ORD001058,1,credit_card,1,363.67
ORD001059,1,credit_card,6,254.28
ORD001059,2,credit_card,1,334.48
ORD001060,1,boleto,3,622.87
ORD001061,1,boleto,1,145.98
ORD001062,1,credit_card,2,282.35
ORD001063,1,credit_card,3,900.44
ORD001064,1,boleto,1,144.7
ORD001064,2,boleto,1,129.45
ORD001065,1,credit_card,6,181.06
ORD001065,2,credit_card,3,77.86
ORD001066,1,credit_card,2,69.39
ORD001066,2,credit_card,1,35.04
ORD001067,1,boleto,1,301.53
ORD001067,2,credit_card,1,602.9
ORD001068,1,credit_card,2,254.81
ORD001069,1,credit_card,10,603.57
ORD001070,1,credit_card,2,672.45
ORD001071,1,credit_card,1,931.7
ORD001072,1,credit_card,10,50.01
ORD001072,2,credit_card,2,109.4
ORD001073,1,credit_card,2,521.32
ORD001074,1,debit_card,1,396.93
ORD001075,1,boleto,1,770.07
ORD001076,1,credit_card,1,433.29
ORD001077,1,boleto,2,276.39
ORD001077,2,credit_card,10,577.34
ORD001078,1,credit_card,3,1373.52
ORD001079,1,credit_card,10,1574.18
ORD001080,1,credit_card,1,884.93
ORD001081,1,credit_card,1,2296.3
ORD001082,1,credit_card,2,1261.93
ORD001083,1,boleto,1,258.47
ORD001084,1,debit_card,10,805.15
ORD001085,1,credit_card,2,255.52
ORD001086,1,debit_card,3,1114.55
ORD001087,1,credit_card,3,488.99
ORD001087,2,credit_card,1,318.81
ORD001088,1,credit_card,1,291.93
ORD001088,2,debit_card,1,159.23
ORD001089,1,credit_card,10,352.3
ORD001090,1,boleto,1,104.82
ORD001091,1,voucher,3,698.64
ORD001092,1,credit_card,6,1401.64
ORD001093,1,boleto,3,282.36
ORD001093,2,credit_card,1,652.75
ORD001094,1,credit_card,3,1021.96
ORD001095,1,boleto,3,1092.02
ORD001095,2,credit_card,1,764.45
ORD001096,1,debit_card,6,763.33
ORD001097,1,credit_card,10,312.26
ORD001098,1,credit_card,6,590.74
ORD001099,1,credit_card,1,829.72
ORD001100,1,credit_card,1,879.8
ORD001101,1,debit_card,10,199.01
ORD001101,2,credit_card,1,146.97
ORD001102,1,credit_card,2,91.1
ORD001102,2,credit_card,6,155.99
ORD001103,1,credit_card,3,730.86
ORD001104,1,credit_card,1,92.72
ORD001105,1,debit_card,2,569.81
ORD001106,1,credit_card,1,945.51
ORD001107,1,debit_card,2,157.3
ORD001108,1,boleto,1,780.7
ORD001109,1,credit_card,3,1286.99
ORD001110,1,boleto,10,320.87
ORD001111,1,credit_card,6,669.41
ORD001111,2,credit_card,10,640.16
ORD001112,1,debit_card,3,533.33
ORD001113,1,credit_card,6,101.65
ORD001113,2,credit_card,1,228.73
ORD001114,1,boleto,10,455.73
ORD001115,1,credit_card,1,687.56
ORD001116,1,credit_card,3,698.87
ORD001116,2,boleto,1,443.57
ORD001117,1,boleto,10,2130.22
ORD001118,1,boleto,3,684.65
ORD001119,1,credit_card,10,2091.09
ORD001120,1,boleto,3,195.3
ORD001120,2,credit_card,2,113.52
ORD001121,1,credit_card,1,1059.49
ORD001122,1,credit_card,10,721.05
ORD001123,1,credit_card,2,309.99
ORD001124,1,credit_card,2,598.61
ORD001125,1,voucher,1,529.75
ORD001126,1,credit_card,1,1071.85
ORD001127,1,credit_card,1,159.92
ORD001128,1,credit_card,1,704.53
ORD001129,1,credit_card,1,463.03
ORD001130,1,credit_card,1,411.46
ORD001131,1,debit_card,3,473.15
ORD001131,2,debit_card,2,790.13
ORD001132,1,boleto,1,580.83
ORD001133,1,debit_card,1,1027.27
ORD001134,1,credit_card,3,849.77
ORD001134,2,credit_card,1,1069.7
ORD001135,1,boleto,1,345.83
ORD001135,2,credit_card,6,230.33
ORD001136,1,credit_card,1,995.38
ORD001137,1,voucher,3,263.92
ORD001137,2,credit_card,1,595.63
ORD001138,1,boleto,1,701.32
ORD001139,1,credit_card,1,604.53
ORD001140,1,credit_card,1,1192.38
ORD001141,1,boleto,2,212.71
ORD001142,1,credit_card,2,920.67
ORD001143,1,voucher,6,99.72
ORD001144,1,credit_card,1,178.31
ORD001145,1,credit_card,10,184.93
ORD001146,1,credit_card,1,216.86
ORD001147,1,boleto,3,228.15
ORD001148,1,boleto,10,909.52
ORD001149,1,credit_card,3,240.32
ORD001150,1,boleto,3,356.86
ORD001151,1,credit_card,2,476.38
ORD001152,1,credit_card,6,1419.66
ORD001153,1,credit_card,6,1280.83
ORD001154,1,credit_card,6,852.09
ORD001155,1,credit_card,2,481.52
ORD001156,1,credit_card,6,106.34
ORD001157,1,credit_card,1,206.09
ORD001157,2,credit_card,1,140.15
ORD001158,1,credit_card,1,776.46
ORD001159,1,debit_card,1,68.79
ORD001160,1,credit_card,1,664.7
ORD001161,1,credit_card,1,977.56
ORD001162,1,credit_card,1,501.96
ORD001163,1,credit_card,1,702.22
ORD001164,1,debit_card,6,1435.35
ORD001165,1,boleto,2,1303.13
ORD001166,1,debit_card,6,398.43
ORD001166,2,credit_card,10,687.65
ORD001167,1,debit_card,6,651.98
ORD001168,1,credit_card,2,478.91
ORD001169,1,credit_card,10,837.54
ORD001170,1,debit_card,2,1307.48
ORD001171,1,credit_card,6,2179.63
ORD001172,1,credit_card,2,167.9
ORD001172,2,boleto,1,280.6
ORD001173,1,credit_card,1,193.44
ORD001173,2,credit_card,3,382.96
ORD001174,1,boleto,6,931.11
ORD001175,1,credit_card,1,729.96
ORD001176,1,credit_card,6,2320.98
ORD001177,1,credit_card,3,367.99
ORD001177,2,credit_card,1,281.57
ORD001178,1,boleto,3,809.07
ORD001179,1,credit_card,1,197.31
ORD001180,1,credit_card,2,291.5
ORD001181,1,boleto,10,495.21
ORD001181,2,credit_card,1,222.62
ORD001182,1,credit_card,6,741.31
ORD001183,1,credit_card,2,534.96
ORD001184,1,credit_card,1,798.02
ORD001185,1,credit_card,2,292.46
ORD001185,2,credit_card,10,312.59
ORD001186,1,credit_card,2,688.91
ORD001187,1,boleto,1,1594.41
ORD001188,1,boleto,1,756.01
ORD001189,1,credit_card,2,1134.99
ORD001190,1,credit_card,3,2368.53
ORD001191,1,boleto,1,1679.42
ORD001192,1,credit_card,1,686.98
ORD001193,1,voucher,1,798.58
ORD001194,1,boleto,2,1090.14
ORD001195,1,boleto,10,959.3
ORD001196,1,credit_card,1,1771.69
ORD001197,1,credit_card,10,147.54
ORD001198,1,credit_card,1,402.28
ORD001199,1,debit_card,6,139.54
ORD001199,2,credit_card,1,114.11
ORD001200,1,boleto,6,157.89
ORD001201,1,credit_card,1,604.56
ORD001202,1,credit_card,1,262.47
ORD001202,2,credit_card,1,573.22
ORD001203,1,boleto,1,223.0
ORD001204,1,credit_card,3,1238.25
ORD001205,1,credit_card,6,546.98
ORD001206,1,credit_card,10,496.83
ORD001207,1,boleto,2,309.77
ORD001207,2,debit_card,1,271.39
ORD001208,1,boleto,3,610.37
ORD001209,1,credit_card,2,764.41
ORD001210,1,credit_card,3,302.18
ORD001211,1,credit_card,1,1995.1
ORD001212,1,boleto,1,1680.18
ORD001213,1,boleto,10,306.71
ORD001214,1,credit_card,1,500.75
ORD001214,2,credit_card,6,282.72
ORD001215,1,credit_card,1,778.87
ORD001216,1,credit_card,2,537.71
ORD001217,1,credit_card,3,396.7
ORD001218,1,boleto,10,557.73
ORD001219,1,credit_card,3,944.76
ORD001220,1,credit_card,3,241.6
ORD001221,1,credit_card,1,785.33
ORD001222,1,credit_card,1,1379.61
ORD001223,1,boleto,3,690.36
ORD001224,1,debit_card,1,987.45
ORD001225,1,debit_card,1,53.74
ORD001226,1,credit_card,10,566.01
ORD001227,1,boleto,3,754.12
ORD001227,2,credit_card,1,545.42
ORD001228,1,credit_card,1,92.05
ORD001229,1,credit_card,1,59.68
ORD001229,2,credit_card,1,39.58
ORD001230,1,boleto,1,791.31
ORD001231,1,boleto,3,530.13
ORD001232,1,credit_card,6,1036.54
ORD001233,1,credit_card,6,429.83
ORD001233,2,credit_card,1,774.73
ORD001234,1,credit_card,6,1125.34
ORD001235,1,credit_card,6,838.41
ORD001236,1,credit_card,1,1142.34
ORD001236,2,credit_card,3,689.61
ORD001237,1,debit_card,1,880.33
ORD001238,1,credit_card,1,425.33
ORD001238,2,credit_card,1,331.6
ORD001239,1,credit_card,6,615.53
ORD001240,1,boleto,1,110.01
ORD001241,1,credit_card,2,656.97
ORD001242,1,voucher,1,458.7
ORD001242,2,boleto,1,780.75
ORD001243,1,credit_card,10,2140.68
ORD001244,1,credit_card,1,195.36
ORD001245,1,credit_card,2,455.69
ORD001246,1,debit_card,1,733.49
ORD001247,1,boleto,1,1023.05
ORD001248,1,credit_card,3,926.69
ORD001249,1,credit_card,10,686.34
ORD001250,1,boleto,3,2274.42
ORD001251,1,debit_card,10,362.62
ORD001252,1,credit_card,3,472.49
ORD001253,1,debit_card,3,1088.99
ORD001254,1,debit_card,6,194.91
ORD001255,1,boleto,3,872.33
ORD001255,2,credit_card,1,647.26
ORD001256,1,credit_card,1,695.01
ORD001256,2,credit_card,1,407.03
ORD001257,1,boleto,1,853.28
ORD001258,1,credit_card,2,176.97
ORD001258,2,credit_card,3,142.74
ORD001259,1,credit_card,1,1554.68
ORD001260,1,boleto,6,512.06
ORD001260,2,credit_card,2,481.96
ORD001261,1,credit_card,2,372.45
ORD001262,1,credit_card,1,419.28
ORD001263,1,credit_card,3,557.92
ORD001264,1,credit_card,6,864.71
ORD001265,1,credit_card,2,1032.9
ORD001266,1,boleto,2,389.6
ORD001267,1,voucher,1,183.58
ORD001267,2,boleto,3,170.75
ORD001268,1,credit_card,2,422.13
ORD001269,1,credit_card,1,1258.25
ORD001270,1,boleto,6,325.32
ORD001271,1,credit_card,1,1243.43
ORD001272,1,credit_card,3,245.87
ORD001272,2,credit_card,1,225.23
ORD001273,1,boleto,6,138.16
ORD001274,1,credit_card,1,447.5
ORD001275,1,voucher,10,208.45
ORD001276,1,boleto,1,496.52
ORD001277,1,credit_card,2,533.94
ORD001278,1,credit_card,3,730.51
ORD001279,1,boleto,3,404.66
ORD001280,1,credit_card,10,421.42
ORD001281,1,boleto,1,728.48
ORD001282,1,credit_card,6,880.79
ORD001283,1,credit_card,1,470.18
ORD001284,1,credit_card,1,1411.05
ORD001285,1,credit_card,1,830.39
ORD001286,1,credit_card,1,640.56
ORD001287,1,credit_card,2,245.6
ORD001288,1,credit_card,6,665.46
ORD001289,1,boleto,3,513.41
ORD001289,2,boleto,10,614.72
ORD001290,1,boleto,3,607.17
ORD001291,1,credit_card,6,332.05
ORD001292,1,credit_card,1,1076.82
ORD001292,2,credit_card,10,524.52
ORD001293,1,boleto,1,377.0
ORD001294,1,credit_card,3,978.08
ORD001295,1,credit_card,10,798.61
ORD001296,1,voucher,1,1218.54
ORD001297,1,credit_card,10,413.69
ORD001298,1,credit_card,1,737.01
ORD001298,2,boleto,10,738.83
ORD001299,1,voucher,6,1947.64
ORD001300,1,boleto,3,528.02
ORD001300,2,credit_card,1,934.29
ORD001301,1,credit_card,1,613.26
ORD001301,2,debit_card,2,278.85
ORD001302,1,credit_card,1,537.05
ORD001303,1,boleto,1,1203.93
ORD001304,1,boleto,2,868.94
ORD001305,1,boleto,2,379.11
ORD001306,1,credit_card,1,1878.49
ORD001307,1,boleto,10,1077.64
ORD001308,1,credit_card,1,400.97
ORD001309,1,credit_card,6,681.29
ORD001310,1,boleto,1,345.23
ORD001310,2,credit_card,10,268.96
ORD001311,1,credit_card,10,288.87
ORD001311,2,voucher,1,358.13
ORD001312,1,credit_card,1,515.3
ORD001313,1,debit_card,1,1161.37
ORD001314,1,credit_card,2,662.48
ORD001315,1,credit_card,1,338.65
ORD001316,1,boleto,1,467.13
ORD001317,1,credit_card,2,166.88
ORD001317,2,credit_card,3,98.49
ORD001318,1,credit_card,1,702.92
ORD001319,1,boleto,1,1257.76
ORD001320,1,credit_card,2,83.51
ORD001321,1,boleto,10,555.18
ORD001322,1,credit_card,10,440.31
ORD001322,2,credit_card,1,509.22
ORD001323,1,credit_card,1,499.32
ORD001324,1,debit_card,1,801.93
ORD001325,1,voucher,3,125.74
ORD001326,1,credit_card,1,549.72
ORD001327,1,boleto,2,708.45
ORD001328,1,credit_card,10,823.92
ORD001329,1,boleto,6,248.83
ORD001330,1,boleto,1,296.89
ORD001330,2,credit_card,1,197.32
ORD001331,1,boleto,6,180.9
ORD001332,1,credit_card,1,839.34
ORD001333,1,voucher,6,355.25
ORD001334,1,credit_card,1,626.92
ORD001335,1,credit_card,3,625.35
ORD001336,1,credit_card,1,813.34
ORD001337,1,credit_card,2,475.26
ORD001338,1,credit_card,1,862.77
ORD001338,2,boleto,6,464.58
ORD001339,1,boleto,1,634.56
ORD001340,1,credit_card,1,102.68
ORD001340,2,boleto,1,221.29
ORD001341,1,credit_card,2,123.17
ORD001342,1,boleto,10,1196.46
ORD001343,1,boleto,3,831.94
ORD001344,1,boleto,2,516.36
ORD001345,1,credit_card,1,466.99
ORD001346,1,credit_card,10,606.94
ORD001347,1,credit_card,3,141.77
ORD001348,1,credit_card,3,990.54
ORD001348,2,credit_card,1,964.99
ORD001349,1,credit_card,2,64.31
ORD001350,1,credit_card,2,804.37
ORD001351,1,boleto,2,417.06
ORD001352,1,credit_card,1,157.12
ORD001352,2,credit_card,6,119.15
ORD001353,1,credit_card,2,477.97
ORD001354,1,boleto,6,1116.62
ORD001355,1,boleto,1,1672.0
ORD001356,1,boleto,1,857.72
ORD001357,1,boleto,2,412.99
ORD001357,2,debit_card,3,295.48
ORD001358,1,boleto,1,661.32
ORD001359,1,credit_card,1,2494.93
ORD001360,1,boleto,10,705.62
ORD001361,1,credit_card,1,2124.51
ORD001362,1,boleto,2,824.65
ORD001363,1,credit_card,1,1645.78
ORD001364,1,credit_card,10,156.84
ORD001365,1,credit_card,6,1272.6
ORD001366,1,voucher,3,520.81
ORD001366,2,credit_card,10,283.45
ORD001367,1,debit_card,6,117.67
ORD001367,2,credit_card,1,129.14
ORD001368,1,voucher,1,746.73
ORD001369,1,credit_card,2,68.18
ORD001369,2,debit_card,10,111.08
ORD001370,1,credit_card,1,968.06
ORD001371,1,credit_card,10,687.07
ORD001372,1,boleto,3,645.2
ORD001373,1,debit_card,6,132.07
ORD001373,2,credit_card,6,211.23
ORD001374,1,credit_card,1,536.55
ORD001375,1,credit_card,1,89.98
ORD001376,1,credit_card,6,268.29
ORD001377,1,credit_card,2,238.92
ORD001378,1,credit_card,1,178.17
ORD001378,2,credit_card,1,298.23
ORD001379,1,credit_card,3,170.85
ORD001380,1,credit_card,10,710.1
ORD001381,1,credit_card,3,1452.32
ORD001382,1,debit_card,10,197.56
ORD001383,1,credit_card,6,768.4
ORD001384,1,debit_card,1,382.82
ORD001384,2,credit_card,3,825.57
ORD001385,1,credit_card,2,1695.25
ORD001386,1,boleto,1,1126.7
ORD001387,1,debit_card,3,868.75
ORD001388,1,credit_card,10,423.93
ORD001388,2,boleto,3,377.21
ORD001389,1,debit_card,6,70.02
ORD001390,1,boleto,10,1237.6
ORD001391,1,debit_card,1,725.1
ORD001392,1,credit_card,2,365.14
ORD001393,1,credit_card,1,131.59
ORD001394,1,credit_card,6,800.76
ORD001395,1,credit_card,1,1912.04
ORD001396,1,boleto,1,788.99
ORD001397,1,debit_card,6,776.39
ORD001398,1,credit_card,3,1200.85
ORD001399,1,credit_card,10,553.31
ORD001400,1,boleto,1,719.68
ORD001401,1,boleto,10,769.11
ORD001402,1,credit_card,1,1479.71
ORD001403,1,boleto,10,424.46
ORD001404,1,credit_card,1,892.23
ORD001405,1,voucher,2,937.73
ORD001406,1,credit_card,10,1173.65
ORD001407,1,credit_card,2,929.61
ORD001408,1,credit_card,10,923.47
ORD001409,1,boleto,1,828.24
ORD001409,2,credit_card,1,1323.89
ORD001410,1,credit_card,2,74.1
ORD001411,1,boleto,1,402.58
ORD001412,1,credit_card,6,704.5
ORD001412,2,boleto,1,540.16
ORD001413,1,debit_card,1,503.74
ORD001413,2,boleto,1,719.84
ORD001414,1,credit_card,2,311.0
ORD001415,1,credit_card,1,312.57
ORD001415,2,debit_card,2,355.06
ORD001416,1,boleto,1,573.59
ORD001416,2,credit_card,10,760.12
ORD001417,1,credit_card,2,951.56
ORD001418,1,credit_card,3,359.27
ORD001419,1,voucher,2,114.01
ORD001419,2,credit_card,10,78.82
ORD001420,1,credit_card,10,493.13
ORD001421,1,credit_card,6,838.26
ORD001422,1,credit_card,10,165.29
ORD001423,1,credit_card,6,1046.78
ORD001424,1,credit_card,2,1411.48
ORD001425,1,credit_card,3,355.96
ORD001426,1,boleto,3,938.55
ORD001427,1,debit_card,1,192.41
ORD001428,1,credit_card,6,521.44
ORD001429,1,debit_card,1,947.78
ORD001430,1,credit_card,2,626.64
ORD001431,1,credit_card,1,764.81
ORD001432,1,credit_card,2,608.41
ORD001432,2,boleto,2,1251.13
ORD001433,1,debit_card,10,830.54
ORD001434,1,credit_card,6,1810.91
ORD001435,1,debit_card,1,663.49
ORD001436,1,credit_card,2,1424.18
ORD001437,1,debit_card,1,312.36
ORD001437,2,credit_card,10,134.41
ORD001438,1,credit_card,1,1115.73
ORD001439,1,credit_card,3,989.12
ORD001439,2,boleto,2,755.52
ORD001440,1,boleto,6,496.3
ORD001441,1,credit_card,6,571.27
ORD001441,2,credit_card,10,268.02
ORD001442,1,credit_card,1,800.02
ORD001443,1,credit_card,1,686.48
ORD001444,1,credit_card,2,1038.18
ORD001445,1,credit_card,2,779.74
ORD001446,1,credit_card,1,433.37
ORD001446,2,credit_card,1,278.52
ORD001447,1,credit_card,3,72.69
ORD001447,2,credit_card,3,54.69
ORD001448,1,boleto,3,77.83
ORD001449,1,boleto,6,848.76
ORD001450,1,credit_card,1,566.84
ORD001451,1,debit_card,1,893.38
ORD001452,1,credit_card,1,770.72
ORD001453,1,credit_card,1,1254.22
ORD001454,1,boleto,3,1605.42
ORD001455,1,credit_card,1,591.66
ORD001456,1,voucher,6,251.88
ORD001457,1,boleto,1,456.08
ORD001458,1,credit_card,6,725.55
ORD001459,1,debit_card,1,908.85
ORD001460,1,boleto,6,2049.16
ORD001461,1,boleto,3,512.32
ORD001462,1,boleto,1,858.24
ORD001463,1,credit_card,1,119.76
ORD001463,2,credit_card,10,226.48
ORD001464,1,boleto,2,1265.43
ORD001465,1,credit_card,6,89.16
ORD001466,1,credit_card,1,649.38
ORD001467,1,credit_card,3,641.99
ORD001468,1,boleto,3,769.1
ORD001469,1,debit_card,1,706.2
ORD001470,1,credit_card,2,199.0
ORD001471,1,credit_card,6,1579.16
ORD001472,1,credit_card,1,602.74
ORD001473,1,boleto,1,856.59
ORD001474,1,boleto,1,711.51
ORD001475,1,boleto,1,2205.69
ORD001476,1,credit_card,6,739.82
ORD001477,1,credit_card,3,168.92
ORD001477,2,credit_card,1,138.5
ORD001478,1,credit_card,3,301.3
ORD001479,1,credit_card,1,1749.66
ORD001480,1,boleto,1,747.79
ORD001481,1,boleto,2,659.85
ORD001482,1,credit_card,6,670.34
ORD001483,1,credit_card,1,183.11
ORD001484,1,credit_card,10,372.87
ORD001485,1,credit_card,3,157.37
ORD001486,1,boleto,1,1221.77
ORD001487,1,credit_card,10,920.72
ORD001488,1,credit_card,3,349.97
ORD001489,1,credit_card,2,611.79
ORD001490,1,boleto,1,708.12
ORD001491,1,debit_card,3,208.42
ORD001492,1,credit_card,2,418.55
ORD001492,2,credit_card,1,207.27
ORD001493,1,credit_card,1,644.11
ORD001494,1,boleto,6,1344.88
ORD001495,1,credit_card,1,1704.36
ORD001496,1,credit_card,1,858.2
ORD001497,1,boleto,10,1230.1
ORD001498,1,credit_card,6,652.36
ORD001499,1,credit_card,1,598.03
ORD001500,1,boleto,1,855.88
ORD001500,2,boleto,3,1740.89
ORD001501,1,credit_card,3,893.65
ORD001502,1,credit_card,10,1416.19
ORD001503,1,credit_card,1,246.58
ORD001504,1,credit_card,1,884.22
ORD001505,1,credit_card,2,172.7
ORD001506,1,credit_card,3,272.62
ORD001507,1,credit_card,1,903.78
ORD001508,1,boleto,1,519.06
ORD001509,1,credit_card,10,113.59
ORD001510,1,boleto,1,642.67
ORD001511,1,credit_card,1,426.94
ORD001512,1,credit_card,6,521.6
ORD001512,2,credit_card,10,709.07
ORD001513,1,boleto,1,860.16
ORD001514,1,debit_card,3,1382.85
ORD001515,1,boleto,1,687.45
ORD001515,2,credit_card,2,415.62
ORD001516,1,credit_card,1,418.84
ORD001516,2,credit_card,3,431.7
ORD001517,1,boleto,6,387.59
ORD001518,1,credit_card,3,861.21
ORD001519,1,credit_card,1,182.46
ORD001520,1,debit_card,6,199.54
ORD001521,1,credit_card,1,608.07
ORD001522,1,credit_card,3,606.07
ORD001522,2,credit_card,6,751.99
ORD001523,1,boleto,1,819.18
ORD001524,1,credit_card,1,546.38
ORD001525,1,boleto,1,892.33
ORD001526,1,boleto,2,847.18
ORD001527,1,boleto,6,409.32
ORD001527,2,boleto,6,438.3
ORD001528,1,boleto,10,2134.16
ORD001529,1,credit_card,6,489.25
ORD001530,1,credit_card,10,42.16
ORD001531,1,boleto,2,209.81
ORD001531,2,credit_card,1,277.73
ORD001532,1,credit_card,10,842.86
ORD001533,1,credit_card,3,224.34
ORD001534,1,credit_card,6,199.79
ORD001535,1,credit_card,2,214.8
ORD001536,1,credit_card,6,647.94
ORD001537,1,voucher,3,1761.51
ORD001538,1,credit_card,1,336.21
ORD001538,2,credit_card,6,153.49
ORD001539,1,credit_card,3,863.63
ORD001540,1,voucher,3,666.47
ORD001541,1,credit_card,2,735.6
ORD001542,1,credit_card,1,596.76
ORD001543,1,credit_card,1,827.62
ORD001544,1,credit_card,1,891.84
ORD001545,1,credit_card,1,613.21
ORD001546,1,credit_card,1,1055.7
ORD001547,1,credit_card,1,725.02
ORD001548,1,boleto,1,360.08
ORD001548,2,credit_card,2,350.81
ORD001549,1,voucher,6,165.51
ORD001549,2,boleto,3,80.23
ORD001550,1,boleto,10,83.22
ORD001550,2,credit_card,6,179.51
ORD001551,1,boleto,6,1925.87
ORD001552,1,credit_card,2,912.78
ORD001553,1,boleto,1,793.13
ORD001554,1,debit_card,1,327.11
ORD001555,1,credit_card,3,287.92
ORD001556,1,credit_card,1,1069.57
ORD001557,1,voucher,3,358.67
ORD001557,2,credit_card,6,197.57
ORD001558,1,credit_card,3,935.64
ORD001559,1,debit_card,1,241.43
ORD001559,2,credit_card,6,408.43
ORD001560,1,credit_card,1,1632.7
ORD001561,1,credit_card,10,629.18
ORD001562,1,credit_card,1,296.02
ORD001563,1,credit_card,10,852.98
ORD001564,1,boleto,1,1059.38
ORD001565,1,voucher,1,225.03
ORD001565,2,credit_card,2,317.99
ORD001566,1,voucher,3,2465.43
ORD001567,1,boleto,2,789.72
ORD001568,1,credit_card,2,869.86
ORD001569,1,credit_card,2,523.63
ORD001570,1,boleto,3,719.1
ORD001571,1,boleto,10,1303.73
ORD001572,1,credit_card,1,2182.58
ORD001573,1,credit_card,10,374.83
ORD001574,1,boleto,10,309.5
ORD001574,2,credit_card,2,653.84
ORD001575,1,debit_card,1,300.55
ORD001576,1,boleto,1,639.91
ORD001577,1,credit_card,10,48.27
ORD001577,2,debit_card,1,35.24
ORD001578,1,debit_card,3,898.58
ORD001579,1,boleto,6,1230.8
ORD001580,1,credit_card,1,354.12
ORD001581,1,credit_card,2,656.21
ORD001582,1,boleto,6,1301.6
ORD001583,1,credit_card,3,1035.9
ORD001584,1,credit_card,3,181.42
ORD001584,2,credit_card,1,339.83
ORD001585,1,debit_card,1,225.29
ORD001586,1,credit_card,10,803.07
ORD001587,1,credit_card,3,72.19
ORD001587,2,credit_card,6,79.01
ORD001588,1,boleto,1,172.09
ORD001589,1,credit_card,1,1158.07
ORD001590,1,boleto,6,498.59
ORD001591,1,boleto,1,219.82
ORD001592,1,boleto,1,843.31
ORD001593,1,credit_card,1,175.02
ORD001594,1,credit_card,1,2237.63
ORD001595,1,credit_card,2,1043.64
ORD001596,1,credit_card,3,941.79
ORD001597,1,credit_card,1,138.57
ORD001597,2,boleto,1,59.53
ORD001598,1,voucher,3,292.13
ORD001599,1,debit_card,3,1807.18
ORD001600,1,boleto,2,37.95
ORD001600,2,boleto,1,66.01
ORD001601,1,boleto,1,1364.6
ORD001602,1,credit_card,1,44.88
ORD001602,2,credit_card,2,44.29
ORD001603,1,credit_card,1,293.87
ORD001603,2,credit_card,1,233.85
ORD001604,1,credit_card,3,252.07
ORD001604,2,credit_card,1,322.04
ORD001605,1,credit_card,10,813.56
ORD001606,1,credit_card,6,718.38
ORD001607,1,credit_card,10,511.43
ORD001608,1,boleto,1,1067.18
ORD001609,1,boleto,3,230.7
ORD001609,2,credit_card,1,233.97
ORD001610,1,debit_card,1,897.21
ORD001611,1,boleto,6,590.99
ORD001612,1,credit_card,1,866.87
ORD001613,1,debit_card,1,378.59
ORD001614,1,credit_card,3,1094.16
ORD001614,2,credit_card,2,1011.36
ORD001615,1,debit_card,2,363.6
ORD001616,1,credit_card,10,1089.43
ORD001617,1,credit_card,10,608.35
ORD001617,2,voucher,6,280.33
ORD001618,1,credit_card,1,468.42
ORD001619,1,credit_card,1,277.86
ORD001620,1,boleto,2,170.28
ORD001621,1,credit_card,1,442.03
ORD001622,1,credit_card,1,547.44
ORD001623,1,boleto,2,190.84
ORD001623,2,credit_card,10,330.56
ORD001624,1,boleto,3,230.45
ORD001625,1,boleto,2,1543.19
ORD001626,1,credit_card,3,241.06
ORD001627,1,boleto,1,836.31
ORD001628,1,credit_card,2,1202.1
ORD001629,1,boleto,10,233.86
ORD001629,2,credit_card,3,453.69
ORD001630,1,voucher,6,499.77
ORD001631,1,credit_card,3,791.68
ORD001632,1,credit_card,3,2502.93
ORD001633,1,credit_card,2,1882.14
ORD001634,1,debit_card,6,951.05
ORD001635,1,credit_card,1,273.09
ORD001636,1,debit_card,1,359.13
ORD001637,1,credit_card,3,295.18
ORD001638,1,boleto,1,113.06
ORD001639,1,credit_card,2,756.4
ORD001640,1,credit_card,1,625.72
ORD001641,1,boleto,2,88.3
ORD001642,1,credit_card,1,190.01
ORD001642,2,credit_card,10,145.11
ORD001643,1,voucher,3,983.5
ORD001644,1,credit_card,1,1838.11
ORD001645,1,credit_card,1,342.11
ORD001646,1,boleto,3,1027.75
ORD001647,1,boleto,3,940.37
ORD001648,1,credit_card,6,474.68
ORD001649,1,boleto,3,428.34
ORD001649,2,credit_card,10,647.22
ORD001650,1,credit_card,1,709.57
ORD001650,2,credit_card,3,701.71
ORD001651,1,credit_card,3,176.87
ORD001651,2,boleto,1,269.76
ORD001652,1,debit_card,2,418.73
ORD001653,1,boleto,2,304.06
ORD001654,1,credit_card,1,93.42
ORD001655,1,boleto,6,629.69
ORD001656,1,credit_card,3,372.35
ORD001657,1,credit_card,2,1356.8
ORD001658,1,credit_card,2,361.0
ORD001659,1,credit_card,1,118.72
ORD001660,1,credit_card,1,1007.84
ORD001661,1,credit_card,1,397.87
ORD001661,2,credit_card,1,403.36
ORD001662,1,debit_card,1,594.64
ORD001663,1,boleto,3,849.54
ORD001664,1,credit_card,1,170.98
ORD001665,1,credit_card,1,867.3
ORD001666,1,credit_card,10,559.17
ORD001666,2,boleto,6,1104.59
ORD001667,1,credit_card,10,548.0
ORD001668,1,credit_card,1,1189.85
ORD001669,1,boleto,1,1084.07
ORD001670,1,boleto,3,434.51
ORD001671,1,credit_card,6,706.28
ORD001672,1,boleto,1,775.02
ORD001673,1,credit_card,2,255.45
ORD001674,1,credit_card,2,862.46
ORD001674,2,boleto,1,1258.56
ORD001675,1,credit_card,6,281.74
ORD001676,1,credit_card,3,119.99
ORD001676,2,credit_card,1,63.83
ORD001677,1,boleto,3,455.13
ORD001678,1,credit_card,2,846.23
ORD001679,1,credit_card,2,875.51
ORD001679,2,voucher,6,720.93
ORD001680,1,credit_card,6,82.51
ORD001680,2,debit_card,1,158.94
ORD001681,1,boleto,3,462.55
ORD001682,1,voucher,10,1160.72
ORD001683,1,debit_card,1,928.32
ORD001684,1,credit_card,2,850.15
ORD001685,1,credit_card,6,1088.09
ORD001686,1,credit_card,3,283.0
ORD001687,1,credit_card,6,81.0
ORD001687,2,boleto,1,147.65
ORD001688,1,boleto,10,391.47
ORD001689,1,credit_card,6,1421.42
ORD001690,1,boleto,6,459.19
ORD001690,2,boleto,10,249.74
ORD001691,1,boleto,2,256.04
ORD001692,1,debit_card,10,611.33
ORD001693,1,credit_card,2,209.86
ORD001694,1,credit_card,2,1836.47
ORD001695,1,credit_card,2,448.02
ORD001696,1,credit_card,6,646.48
ORD001697,1,boleto,3,903.62
ORD001698,1,debit_card,1,178.71
ORD001699,1,boleto,3,469.81
ORD001700,1,boleto,1,632.11
ORD001701,1,credit_card,1,824.57
ORD001702,1,credit_card,10,1352.37
ORD001703,1,credit_card,6,115.82
ORD001704,1,credit_card,3,1593.67
ORD001705,1,boleto,2,446.24
ORD001706,1,credit_card,10,438.85
ORD001707,1,debit_card,1,1080.18
ORD001708,1,credit_card,6,738.6
ORD001709,1,credit_card,2,1045.31
ORD001710,1,credit_card,1,474.22
ORD001710,2,credit_card,6,227.77
ORD001711,1,boleto,6,1677.51
ORD001712,1,credit_card,6,742.33
ORD001713,1,voucher,1,213.38
ORD001714,1,debit_card,3,569.38
ORD001714,2,boleto,1,363.58
ORD001715,1,boleto,10,726.49
ORD001716,1,boleto,1,392.87
ORD001717,1,credit_card,1,341.93
ORD001718,1,boleto,2,626.28
ORD001719,1,credit_card,1,1161.81
ORD001720,1,boleto,10,566.04
ORD001721,1,credit_card,1,128.69
ORD001722,1,boleto,1,661.02
ORD001723,1,credit_card,1,193.33
ORD001724,1,credit_card,10,1271.38
ORD001725,1,voucher,2,817.37
ORD001726,1,credit_card,1,532.54
ORD001727,1,credit_card,1,468.7
ORD001728,1,credit_card,10,729.97
ORD001729,1,boleto,6,693.23
ORD001730,1,credit_card,1,332.9
ORD001731,1,credit_card,10,928.36
ORD001732,1,boleto,1,625.12
ORD001733,1,credit_card,1,119.42
ORD001733,2,boleto,10,178.95
ORD001734,1,credit_card,2,1041.22
ORD001735,1,credit_card,3,792.37
ORD001736,1,credit_card,2,97.48
ORD001737,1,voucher,1,459.06
ORD001738,1,credit_card,10,1810.14
ORD001739,1,credit_card,6,198.68
ORD001739,2,voucher,1,224.46
ORD001740,1,credit_card,1,855.48
ORD001741,1,boleto,6,804.16
ORD001742,1,boleto,1,527.63
ORD001743,1,credit_card,10,424.74
ORD001744,1,credit_card,3,107.56
ORD001745,1,boleto,1,62.55
ORD001746,1,credit_card,1,744.78
ORD001747,1,credit_card,1,394.46
ORD001747,2,credit_card,1,345.55
ORD001748,1,voucher,6,555.21
ORD001749,1,credit_card,1,815.63
ORD001750,1,boleto,1,307.32
ORD001750,2,credit_card,10,316.05
ORD001751,1,credit_card,10,84.41
ORD001751,2,debit_card,1,104.98
ORD001752,1,credit_card,3,171.05
ORD001752,2,credit_card,10,82.94
ORD001753,1,boleto,1,57.35
ORD001753,2,boleto,2,78.98
ORD001754,1,boleto,2,293.51
ORD001755,1,credit_card,6,1321.76
ORD001756,1,credit_card,1,1356.57
ORD001757,1,debit_card,1,682.15
ORD001758,1,credit_card,10,902.95
ORD001759,1,boleto,1,183.53
ORD001760,1,credit_card,2,319.08
ORD001760,2,credit_card,1,633.26
ORD001761,1,boleto,3,872.18
ORD001762,1,boleto,10,887.2
ORD001763,1,credit_card,6,844.47
ORD001764,1,boleto,1,675.51
ORD001765,1,boleto,1,1623.61
ORD001766,1,voucher,3,147.25
ORD001767,1,credit_card,6,319.04
ORD001767,2,boleto,1,459.33
ORD001768,1,credit_card,1,399.42
ORD001769,1,credit_card,1,574.15
ORD001770,1,credit_card,3,164.85
ORD001771,1,debit_card,2,932.84
ORD001772,1,boleto,1,155.51
ORD001772,2,boleto,2,132.77
ORD001773,1,boleto,1,678.8
ORD001774,1,credit_card,1,927.51
ORD001775,1,boleto,3,426.91
ORD001776,1,credit_card,10,867.49
ORD001777,1,credit_card,10,60.08
ORD001777,2,credit_card,3,30.72
ORD001778,1,credit_card,1,279.02
ORD001779,1,credit_card,3,687.0
ORD001780,1,boleto,1,850.52
ORD001781,1,boleto,2,785.79
ORD001782,1,boleto,1,377.24
ORD001782,2,boleto,10,576.23
ORD001783,1,credit_card,1,368.39
ORD001783,2,credit_card,3,438.76
ORD001784,1,credit_card,10,673.21
ORD001785,1,debit_card,10,649.87
ORD001786,1,credit_card,3,282.32
ORD001786,2,boleto,1,485.84
ORD001787,1,boleto,10,663.76
ORD001788,1,voucher,2,328.57
ORD001789,1,credit_card,3,864.81
ORD001790,1,credit_card,6,646.05
ORD001791,1,credit_card,1,1108.54
ORD001792,1,credit_card,2,550.67
ORD001793,1,credit_card,6,82.31
ORD001794,1,credit_card,3,710.26
ORD001795,1,credit_card,1,490.33
ORD001796,1,debit_card,1,427.02
ORD001797,1,debit_card,6,913.08
ORD001798,1,credit_card,6,303.87
ORD001799,1,credit_card,1,941.0
ORD001800,1,credit_card,6,959.48
ORD001801,1,voucher,6,733.85
ORD001802,1,credit_card,1,2080.86
ORD001803,1,boleto,10,805.25
ORD001804,1,debit_card,6,2033.44
ORD001805,1,credit_card,1,662.3
ORD001806,1,boleto,1,474.65
ORD001807,1,credit_card,1,396.33
ORD001808,1,boleto,1,2037.52
ORD001809,1,boleto,1,340.19
ORD001810,1,credit_card,10,339.36
ORD001811,1,credit_card,3,427.53
ORD001811,2,credit_card,1,501.73
ORD001812,1,voucher,1,119.33
ORD001813,1,boleto,6,604.01
ORD001814,1,credit_card,1,407.44
ORD001815,1,boleto,1,1335.2
ORD001816,1,credit_card,10,1725.88
ORD001816,2,credit_card,2,800.29
ORD001817,1,credit_card,3,398.8
ORD001817,2,boleto,1,364.47
ORD001818,1,credit_card,1,2234.94
ORD001819,1,boleto,10,595.49
ORD001819,2,credit_card,2,288.62
ORD001820,1,credit_card,1,693.05
ORD001821,1,boleto,2,434.04
ORD001822,1,credit_card,1,2085.89
ORD001823,1,credit_card,3,111.81
ORD001824,1,boleto,2,252.59
ORD001825,1,credit_card,1,844.63
ORD001826,1,credit_card,6,1287.19
ORD001827,1,credit_card,1,898.16
ORD001828,1,boleto,1,585.03
ORD001829,1,credit_card,3,688.08
ORD001830,1,debit_card,10,304.97
ORD001831,1,boleto,2,1075.89
ORD001832,1,debit_card,1,828.1
ORD001833,1,boleto,10,1046.46
ORD001834,1,credit_card,2,725.94
ORD001835,1,credit_card,1,462.0
ORD001836,1,boleto,1,304.74
ORD001837,1,debit_card,1,66.09
ORD001838,1,credit_card,10,502.46
ORD001839,1,debit_card,1,891.34
ORD001840,1,credit_card,2,867.05
ORD001841,1,credit_card,3,1766.69
ORD001842,1,credit_card,3,663.57
ORD001842,2,voucher,6,742.71
ORD001843,1,credit_card,2,653.31
ORD001843,2,credit_card,6,1000.35
ORD001844,1,debit_card,10,361.88
ORD001845,1,credit_card,6,856.45
ORD001846,1,credit_card,1,162.17
ORD001847,1,credit_card,1,746.89
ORD001848,1,credit_card,10,713.92
ORD001849,1,credit_card,1,861.68
ORD001850,1,boleto,3,104.77
ORD001851,1,credit_card,6,486.52
ORD001852,1,credit_card,3,1386.28
ORD001853,1,credit_card,1,927.67
ORD001854,1,boleto,1,1227.55
ORD001855,1,debit_card,1,461.26
ORD001856,1,credit_card,1,1649.92
ORD001857,1,debit_card,1,1272.16
ORD001858,1,credit_card,10,1583.51
ORD001859,1,credit_card,2,186.56
ORD001860,1,boleto,10,266.71
ORD001861,1,credit_card,1,414.57
ORD001862,1,boleto,6,1327.77
ORD001863,1,debit_card,1,904.64
ORD001864,1,credit_card,1,1981.96
ORD001865,1,credit_card,3,2016.94
ORD001866,1,boleto,2,895.58
ORD001867,1,credit_card,2,660.0
ORD001868,1,credit_card,1,1324.95
ORD001869,1,credit_card,2,582.3
ORD001870,1,credit_card,2,812.18
ORD001871,1,credit_card,3,456.97
ORD001872,1,credit_card,3,329.03
ORD001873,1,boleto,3,609.84
ORD001874,1,debit_card,1,1813.58
ORD001875,1,credit_card,10,775.56
ORD001876,1,debit_card,1,1760.12
ORD001877,1,credit_card,3,2676.6
ORD001878,1,debit_card,1,891.2
ORD001879,1,debit_card,1,1215.82
ORD001880,1,credit_card,3,1292.4
ORD001881,1,credit_card,3,883.12
ORD001881,2,boleto,1,1358.96
ORD001882,1,boleto,3,347.44
ORD001883,1,boleto,1,698.47
ORD001884,1,credit_card,3,920.05
ORD001885,1,credit_card,3,641.4
ORD001886,1,credit_card,1,240.48
ORD001887,1,debit_card,6,343.17
ORD001888,1,credit_card,6,1279.46
ORD001889,1,credit_card,1,274.16
ORD001890,1,debit_card,6,1942.11
ORD001891,1,boleto,3,278.39
ORD001891,2,boleto,1,167.9
ORD001892,1,debit_card,3,117.56
ORD001893,1,credit_card,2,274.7
ORD001894,1,credit_card,2,262.33
ORD001895,1,boleto,1,936.76
ORD001896,1,debit_card,3,770.0
ORD001897,1,boleto,6,603.79
ORD001898,1,credit_card,1,573.96
ORD001899,1,credit_card,1,103.55
ORD001900,1,credit_card,2,492.11
ORD001900,2,credit_card,1,403.24
ORD001901,1,credit_card,6,2581.66
ORD001902,1,credit_card,6,303.6
ORD001903,1,credit_card,1,315.44
ORD001903,2,boleto,1,249.57
ORD001904,1,boleto,3,504.64
ORD001904,2,credit_card,2,397.11
ORD001905,1,credit_card,1,837.55
ORD001906,1,credit_card,6,553.25
ORD001906,2,credit_card,3,237.86
ORD001907,1,credit_card,1,577.44
ORD001908,1,voucher,3,743.34
ORD001909,1,boleto,1,918.34
ORD001910,1,credit_card,2,271.19
ORD001911,1,credit_card,2,302.12
ORD001912,1,credit_card,1,1631.06
ORD001913,1,credit_card,2,690.69
ORD001914,1,boleto,1,189.56
ORD001914,2,boleto,3,423.36
ORD001915,1,voucher,10,155.77
ORD001916,1,voucher,1,197.34
ORD001917,1,credit_card,10,626.33
ORD001918,1,credit_card,1,806.52
ORD001919,1,debit_card,3,144.97
ORD001920,1,credit_card,6,837.94
ORD001921,1,boleto,3,688.84
ORD001922,1,credit_card,3,256.53
ORD001923,1,credit_card,1,82.06
ORD001924,1,credit_card,1,181.72
ORD001925,1,voucher,2,273.57
ORD001926,1,debit_card,1,830.3
ORD001927,1,credit_card,3,258.38
ORD001927,2,boleto,3,133.53
ORD001928,1,debit_card,1,530.31
ORD001928,2,boleto,1,858.06
ORD001929,1,boleto,1,389.36
ORD001930,1,credit_card,3,1743.93
ORD001931,1,boleto,1,1988.93
ORD001932,1,boleto,1,1202.87
ORD001933,1,credit_card,2,329.34
ORD001933,2,credit_card,10,143.36
ORD001934,1,boleto,1,358.88
ORD001935,1,debit_card,6,309.11
ORD001936,1,credit_card,1,1621.66
ORD001937,1,credit_card,3,884.96
ORD001938,1,boleto,2,1670.35
ORD001939,1,credit_card,1,2247.53
ORD001940,1,credit_card,3,329.97
ORD001941,1,boleto,1,661.48
ORD001942,1,boleto,1,867.87
ORD001943,1,boleto,1,276.31
ORD001944,1,credit_card,6,220.62
ORD001945,1,credit_card,1,1745.09
ORD001946,1,boleto,1,116.27
ORD001947,1,credit_card,1,1845.17
ORD001948,1,credit_card,6,268.12
ORD001948,2,credit_card,3,184.54
ORD001949,1,credit_card,3,365.74
ORD001949,2,credit_card,1,543.37
ORD001950,1,credit_card,3,434.93
ORD001951,1,credit_card,2,143.07
ORD001952,1,boleto,6,269.77
ORD001953,1,credit_card,6,905.74
ORD001954,1,credit_card,1,433.69
ORD001955,1,credit_card,6,248.22
ORD001956,1,credit_card,6,336.16
ORD001957,1,credit_card,6,278.32
ORD001958,1,credit_card,6,1228.62
ORD001959,1,credit_card,3,106.08
ORD001960,1,credit_card,6,398.33
ORD001961,1,boleto,1,1197.49
ORD001962,1,credit_card,2,1654.22
ORD001963,1,credit_card,1,1653.07
ORD001964,1,credit_card,3,152.25
ORD001965,1,credit_card,2,113.59
ORD001965,2,credit_card,6,154.04
ORD001966,1,credit_card,1,303.33
ORD001967,1,boleto,1,1153.52
ORD001967,2,boleto,2,550.07
ORD001968,1,credit_card,1,902.16
ORD001969,1,voucher,3,346.18
ORD001970,1,debit_card,3,44.62
ORD001971,1,boleto,1,801.3
ORD001972,1,credit_card,3,1457.4
ORD001973,1,debit_card,1,312.64
ORD001973,2,debit_card,6,259.84
ORD001974,1,credit_card,3,1865.12
ORD001975,1,debit_card,1,192.12
ORD001975,2,credit_card,3,250.67
ORD001976,1,boleto,1,859.06
ORD001977,1,credit_card,1,1264.56
ORD001978,1,debit_card,3,397.08
ORD001979,1,boleto,10,522.79
ORD001980,1,boleto,10,832.74
ORD001981,1,debit_card,2,79.77
ORD001981,2,boleto,2,170.09
ORD001982,1,credit_card,1,688.67
ORD001983,1,credit_card,10,1045.79
ORD001984,1,boleto,10,744.19
ORD001985,1,credit_card,2,713.03
ORD001986,1,debit_card,1,434.2
ORD001987,1,credit_card,1,929.92
ORD001988,1,boleto,10,255.03
ORD001989,1,credit_card,2,898.65
ORD001990,1,credit_card,10,743.68
ORD001991,1,boleto,1,748.75
ORD001992,1,debit_card,2,445.29
ORD001992,2,credit_card,10,398.82
ORD001993,1,credit_card,10,859.33
ORD001994,1,credit_card,2,1394.47
ORD001994,2,credit_card,2,1102.55
ORD001995,1,credit_card,2,371.15
ORD001995,2,credit_card,3,172.04
ORD001996,1,voucher,1,619.78
ORD001997,1,credit_card,1,753.01
ORD001998,1,boleto,1,699.4
ORD001999,1,debit_card,1,150.51
ORD002000,1,debit_card,10,34.73
ORD002001,1,credit_card,6,1047.02
ORD002002,1,credit_card,6,69.91
ORD002003,1,credit_card,6,359.11
ORD002003,2,credit_card,1,760.95
ORD002004,1,voucher,2,824.27
ORD002005,1,credit_card,10,818.5
ORD002006,1,credit_card,10,1449.42
ORD002007,1,credit_card,1,409.77
ORD002007,2,boleto,1,252.71
ORD002008,1,boleto,1,670.02
ORD002009,1,credit_card,10,933.01
ORD002010,1,credit_card,1,829.99
ORD002010,2,boleto,10,759.36
ORD002011,1,credit_card,10,643.02
ORD002012,1,credit_card,3,757.79
ORD002013,1,credit_card,10,322.59
ORD002014,1,debit_card,2,1442.17
ORD002015,1,debit_card,2,915.43
ORD002016,1,credit_card,1,313.17
ORD002017,1,credit_card,1,701.17
ORD002018,1,credit_card,1,198.02
ORD002019,1,debit_card,6,564.28
ORD002020,1,credit_card,1,641.81
ORD002021,1,credit_card,1,575.01
ORD002022,1,boleto,10,884.46
ORD002023,1,credit_card,10,187.27
ORD002024,1,credit_card,1,341.44
ORD002025,1,credit_card,1,522.31
ORD002025,2,credit_card,1,346.22
ORD002026,1,credit_card,10,86.7
ORD002026,2,boleto,2,63.57
ORD002027,1,credit_card,1,998.86
ORD002028,1,boleto,1,191.62
ORD002029,1,voucher,2,760.76
ORD002030,1,debit_card,10,178.94
ORD002031,1,credit_card,1,682.83
ORD002032,1,boleto,1,447.85
ORD002033,1,boleto,1,600.23
ORD002034,1,debit_card,6,510.43
ORD002035,1,credit_card,2,347.75
ORD002035,2,credit_card,1,255.16
ORD002036,1,boleto,1,574.88
ORD002036,2,credit_card,1,346.29
ORD002037,1,credit_card,1,617.01
ORD002038,1,debit_card,2,76.87
ORD002038,2,credit_card,2,141.75
ORD002039,1,debit_card,6,512.13
ORD002040,1,boleto,10,239.79
ORD002041,1,credit_card,3,91.02
ORD002041,2,boleto,2,114.79
ORD002042,1,credit_card,1,1583.03
ORD002043,1,credit_card,3,299.39
ORD002044,1,boleto,1,602.8
ORD002045,1,debit_card,6,166.3
ORD002046,1,boleto,2,509.11
ORD002047,1,credit_card,1,1326.3
ORD002048,1,boleto,6,143.57
ORD002049,1,credit_card,10,1253.82
ORD002050,1,debit_card,10,1617.83
ORD002051,1,debit_card,1,944.81
ORD002052,1,credit_card,10,170.01
ORD002053,1,debit_card,10,667.36
ORD002054,1,credit_card,10,765.29
ORD002055,1,boleto,1,185.09
ORD002056,1,credit_card,2,804.84
ORD002057,1,credit_card,1,453.61
ORD002057,2,credit_card,1,429.01
ORD002058,1,credit_card,1,1067.66
ORD002059,1,boleto,1,706.28
ORD002060,1,boleto,3,488.14
ORD002061,1,credit_card,1,369.94
ORD002062,1,credit_card,1,107.55
ORD002063,1,credit_card,1,2373.59
ORD002064,1,credit_card,1,315.39
ORD002065,1,debit_card,3,665.95
ORD002066,1,boleto,1,456.19
ORD002067,1,boleto,1,983.51
ORD002068,1,credit_card,3,1562.17
ORD002069,1,credit_card,2,303.09
ORD002069,2,credit_card,1,277.93
ORD002070,1,boleto,1,1218.82
ORD002071,1,credit_card,2,544.17
ORD002072,1,boleto,10,533.72
ORD002073,1,credit_card,6,439.61
ORD002073,2,credit_card,6,207.21
ORD002074,1,credit_card,1,2353.51
ORD002075,1,credit_card,1,611.79
ORD002076,1,credit_card,1,694.24
ORD002077,1,boleto,1,212.52
ORD002078,1,boleto,10,591.19
ORD002079,1,credit_card,1,304.19
ORD002080,1,credit_card,3,746.66
ORD002081,1,boleto,1,349.5
ORD002082,1,credit_card,1,196.83
ORD002082,2,boleto,2,395.77
ORD002083,1,boleto,1,245.6
ORD002084,1,credit_card,1,1291.12
ORD002085,1,credit_card,10,671.22
ORD002086,1,credit_card,3,875.69
ORD002087,1,credit_card,1,893.22
ORD002088,1,credit_card,10,787.55
ORD002089,1,boleto,1,273.31
ORD002090,1,credit_card,6,256.73
ORD002091,1,boleto,10,1756.91
ORD002091,2,credit_card,1,911.02
ORD002092,1,boleto,1,1715.47
ORD002093,1,boleto,2,710.39
ORD002094,1,boleto,1,1365.13
ORD002095,1,credit_card,1,403.23
ORD002095,2,credit_card,3,185.41
ORD002096,1,credit_card,2,940.62
ORD002097,1,credit_card,6,33.47
ORD002098,1,debit_card,1,818.28
ORD002099,1,boleto,1,563.66
ORD002100,1,boleto,3,880.93
ORD002101,1,credit_card,6,829.01
ORD002101,2,credit_card,1,766.47
ORD002102,1,boleto,6,197.82
ORD002103,1,credit_card,3,1490.17
ORD002104,1,credit_card,1,979.78
ORD002105,1,credit_card,2,1309.16
ORD002106,1,credit_card,6,267.68
ORD002107,1,credit_card,2,2658.16
ORD002108,1,boleto,6,68.4
ORD002108,2,credit_card,1,89.4
ORD002109,1,debit_card,10,757.76
ORD002110,1,credit_card,2,553.0
ORD002111,1,credit_card,3,323.91
ORD002111,2,boleto,1,549.49
ORD002112,1,credit_card,10,1468.88
ORD002113,1,credit_card,6,233.1
ORD002114,1,credit_card,3,316.89
ORD002115,1,credit_card,1,439.75
ORD002116,1,credit_card,6,528.46
ORD002117,1,credit_card,1,1324.8
ORD002118,1,credit_card,1,689.87
ORD002119,1,boleto,1,1705.98
ORD002120,1,boleto,6,1720.41
ORD002121,1,boleto,3,1700.61
ORD002122,1,credit_card,1,375.71
ORD002123,1,credit_card,1,550.11
ORD002124,1,credit_card,3,478.25
ORD002124,2,boleto,1,723.33
ORD002125,1,credit_card,1,305.55
ORD002126,1,credit_card,6,97.68
ORD002127,1,boleto,1,881.46
ORD002128,1,credit_card,10,426.76
ORD002128,2,credit_card,1,257.41
ORD002129,1,debit_card,6,485.9
ORD002130,1,credit_card,6,416.72
ORD002131,1,credit_card,2,1173.24
ORD002132,1,credit_card,1,477.09
ORD002133,1,credit_card,1,1403.31
ORD002134,1,debit_card,2,203.32
ORD002135,1,credit_card,10,735.92
ORD002136,1,boleto,1,201.15
ORD002137,1,boleto,1,621.32
ORD002138,1,boleto,1,149.97
ORD002139,1,credit_card,1,636.08
ORD002140,1,credit_card,1,572.4
ORD002141,1,debit_card,2,283.25
ORD002142,1,credit_card,3,479.29
ORD002143,1,credit_card,2,827.96
ORD002144,1,debit_card,1,99.12
ORD002145,1,credit_card,1,572.0
ORD002146,1,credit_card,1,526.68
ORD002147,1,boleto,10,2198.87
ORD002148,1,debit_card,6,1395.49
ORD002149,1,credit_card,10,1438.54
ORD002150,1,credit_card,1,1152.06
ORD002151,1,credit_card,6,222.02
ORD002152,1,debit_card,10,369.46
ORD002153,1,voucher,1,707.58
ORD002153,2,credit_card,1,405.09
ORD002154,1,debit_card,1,900.23
ORD002155,1,credit_card,3,386.09
ORD002156,1,boleto,1,842.62
ORD002157,1,credit_card,3,581.19
ORD002158,1,boleto,3,1247.02
ORD002159,1,debit_card,1,1001.63
ORD002160,1,boleto,6,32.75
ORD002161,1,boleto,2,362.03
ORD002161,2,credit_card,3,249.16
ORD002162,1,credit_card,6,1287.32
ORD002163,1,debit_card,6,147.87
ORD002164,1,credit_card,1,904.4
ORD002165,1,credit_card,1,203.51
ORD002166,1,boleto,2,1357.38
ORD002167,1,credit_card,10,218.51
ORD002168,1,boleto,1,1844.23
ORD002169,1,credit_card,6,382.85
ORD002170,1,debit_card,6,193.23
ORD002171,1,credit_card,10,1668.01
ORD002172,1,boleto,1,65.42
ORD002172,2,credit_card,6,34.51
ORD002173,1,boleto,1,759.1
ORD002174,1,boleto,1,1291.19
ORD002174,2,boleto,2,1415.6
ORD002175,1,credit_card,10,347.14
ORD002176,1,debit_card,3,633.82
ORD002177,1,credit_card,1,453.29
ORD002178,1,credit_card,1,108.12
ORD002179,1,boleto,3,199.35
ORD002179,2,boleto,3,341.97
ORD002180,1,credit_card,1,1085.2
ORD002181,1,credit_card,1,1487.24
ORD002182,1,boleto,10,429.8
ORD002183,1,boleto,2,811.35
ORD002184,1,credit_card,1,1254.54
ORD002185,1,credit_card,6,458.03
ORD002186,1,boleto,1,1051.83
ORD002186,2,credit_card,6,881.86
ORD002187,1,boleto,3,165.06
ORD002188,1,credit_card,3,2341.13
ORD002189,1,boleto,1,386.26
ORD002190,1,boleto,6,94.19
ORD002191,1,credit_card,3,222.23
ORD002192,1,debit_card,1,1543.45
ORD002193,1,boleto,1,644.47
ORD002194,1,debit_card,6,195.95
ORD002195,1,boleto,3,388.66
ORD002195,2,credit_card,2,343.86
ORD002196,1,credit_card,10,1218.03
ORD002196,2,credit_card,1,522.12
ORD002197,1,credit_card,2,951.75
ORD002198,1,credit_card,2,300.93
ORD002199,1,credit_card,1,523.96
ORD002200,1,credit_card,2,954.55
ORD002201,1,credit_card,2,173.89
ORD002202,1,debit_card,1,190.13
ORD002203,1,credit_card,3,30.81
ORD002204,1,boleto,1,123.46
ORD002205,1,debit_card,1,707.53
ORD002206,1,credit_card,2,573.46
ORD002207,1,credit_card,6,347.45
ORD002208,1,boleto,1,1654.87
ORD002209,1,credit_card,1,1004.79
ORD002210,1,boleto,10,69.97
ORD002210,2,debit_card,3,155.13
ORD002211,1,credit_card,1,872.96
ORD002212,1,boleto,1,292.8
ORD002213,1,credit_card,6,722.7
ORD002214,1,boleto,6,1113.52
ORD002215,1,credit_card,1,1983.04
ORD002216,1,credit_card,1,225.3
ORD002217,1,credit_card,1,133.63
ORD002218,1,credit_card,1,28.06
ORD002218,2,credit_card,3,15.25
ORD002219,1,boleto,1,610.58
ORD002220,1,boleto,3,123.8
ORD002221,1,voucher,2,1259.39
ORD002222,1,credit_card,1,125.14
ORD002223,1,credit_card,1,873.14
ORD002224,1,boleto,1,671.72
ORD002225,1,boleto,2,605.41
ORD002226,1,credit_card,1,2250.43
ORD002227,1,credit_card,2,855.18
ORD002228,1,credit_card,3,132.68
ORD002229,1,boleto,6,877.09
ORD002229,2,credit_card,2,712.65
ORD002230,1,boleto,10,725.7
ORD002231,1,boleto,1,1015.43
ORD002232,1,credit_card,10,1342.18
ORD002233,1,credit_card,1,892.76
ORD002234,1,credit_card,2,811.56
ORD002235,1,credit_card,6,261.5
ORD002235,2,credit_card,10,257.86
ORD002236,1,credit_card,1,224.5
ORD002236,2,credit_card,1,148.44
ORD002237,1,credit_card,6,311.95
ORD002237,2,credit_card,1,666.82
ORD002238,1,credit_card,6,108.97
ORD002238,2,voucher,3,76.44
ORD002239,1,credit_card,1,698.02
ORD002240,1,debit_card,1,195.78
ORD002241,1,credit_card,6,715.11
ORD002242,1,credit_card,6,374.54
ORD002243,1,credit_card,6,138.07
ORD002243,2,voucher,1,114.26
ORD002244,1,credit_card,1,1681.3
ORD002245,1,credit_card,1,134.64
ORD002246,1,voucher,6,703.25
ORD002247,1,credit_card,6,1317.15
ORD002248,1,boleto,1,296.49
ORD002249,1,voucher,1,327.07
ORD002249,2,boleto,1,210.78
ORD002250,1,boleto,1,2034.51
ORD002251,1,credit_card,2,401.43
ORD002252,1,credit_card,2,1116.03
ORD002253,1,credit_card,6,882.2
ORD002254,1,credit_card,1,938.18
ORD002255,1,boleto,1,368.53
ORD002256,1,credit_card,1,929.98
ORD002257,1,credit_card,3,1399.23
ORD002258,1,boleto,1,1043.99
ORD002259,1,boleto,10,460.92
ORD002260,1,voucher,1,657.19
ORD002260,2,credit_card,1,1119.91
ORD002261,1,credit_card,1,2029.55
ORD002262,1,boleto,2,759.86
ORD002263,1,credit_card,3,876.38
ORD002264,1,boleto,1,394.21
ORD002265,1,credit_card,6,271.19
ORD002266,1,credit_card,6,926.95
ORD002267,1,boleto,1,1167.43
ORD002268,1,credit_card,1,778.48
ORD002269,1,boleto,2,647.4
ORD002270,1,debit_card,1,493.7
ORD002271,1,credit_card,1,152.38
ORD002272,1,boleto,10,112.27
ORD002273,1,credit_card,1,926.65
ORD002274,1,credit_card,10,815.57
ORD002275,1,boleto,6,505.45
ORD002276,1,credit_card,6,113.18
ORD002276,2,credit_card,1,227.43
ORD002277,1,credit_card,2,1468.13
ORD002278,1,credit_card,1,663.68
ORD002279,1,debit_card,6,909.16
ORD002279,2,boleto,2,461.6
ORD002280,1,boleto,1,1655.38
ORD002281,1,boleto,10,735.14
ORD002281,2,credit_card,1,570.49
ORD002282,1,credit_card,10,797.99
ORD002283,1,boleto,3,668.97
ORD002284,1,debit_card,10,2014.35
ORD002285,1,credit_card,6,678.39
ORD002286,1,debit_card,1,484.45
ORD002287,1,credit_card,6,406.38
ORD002288,1,credit_card,6,1060.09
ORD002289,1,debit_card,6,239.87
ORD002289,2,boleto,2,244.72
ORD002290,1,debit_card,1,481.32
ORD002291,1,credit_card,2,363.69
ORD002292,1,debit_card,1,41.44
ORD002292,2,credit_card,1,28.69
ORD002293,1,credit_card,1,1335.9
ORD002294,1,credit_card,3,625.96
ORD002295,1,credit_card,6,787.06
ORD002295,2,credit_card,1,1318.86
ORD002296,1,credit_card,2,264.94
ORD002297,1,credit_card,10,222.53
ORD002298,1,boleto,3,640.69
ORD002299,1,debit_card,3,819.75
ORD002300,1,boleto,1,529.34
ORD002301,1,boleto,1,1073.05
ORD002302,1,credit_card,3,1327.87
ORD002303,1,credit_card,1,1353.23
ORD002304,1,credit_card,2,765.84
ORD002305,1,credit_card,2,426.56
ORD002306,1,voucher,2,2098.6
ORD002307,1,credit_card,10,1124.31
ORD002308,1,boleto,1,950.73
ORD002309,1,credit_card,6,361.88
ORD002310,1,boleto,2,1115.13
ORD002311,1,credit_card,1,1366.72
ORD002312,1,credit_card,2,910.9
ORD002313,1,credit_card,1,948.81
ORD002314,1,boleto,3,795.64
ORD002315,1,credit_card,1,292.97
ORD002316,1,credit_card,1,1532.87
ORD002317,1,credit_card,2,804.24
ORD002318,1,boleto,6,1389.63
ORD002319,1,credit_card,10,479.29
ORD002320,1,credit_card,10,83.86
ORD002321,1,credit_card,6,1563.06
ORD002322,1,credit_card,1,711.84
ORD002323,1,credit_card,1,436.59
ORD002324,1,debit_card,10,527.71
ORD002324,2,credit_card,1,545.04
ORD002325,1,credit_card,10,90.42
ORD002326,1,boleto,1,881.6
ORD002327,1,credit_card,10,1465.86
ORD002328,1,credit_card,1,96.8
ORD002328,2,credit_card,1,160.54
ORD002329,1,credit_card,1,776.12
ORD002330,1,boleto,1,385.5
ORD002330,2,boleto,1,343.96
ORD002331,1,credit_card,10,600.36
ORD002332,1,credit_card,3,153.06
ORD002332,2,credit_card,6,105.03
ORD002333,1,boleto,3,2504.98
ORD002334,1,credit_card,1,860.48
ORD002335,1,credit_card,10,1128.12
ORD002336,1,credit_card,3,1643.75
ORD002337,1,credit_card,10,1684.66
ORD002338,1,credit_card,3,2379.74
ORD002339,1,voucher,1,493.26
ORD002340,1,credit_card,1,853.43
ORD002341,1,credit_card,2,943.06
ORD002342,1,debit_card,1,299.48
ORD002343,1,credit_card,10,1318.04
ORD002344,1,credit_card,3,1836.18
ORD002345,1,credit_card,2,188.84
ORD002346,1,boleto,6,335.37
ORD002347,1,credit_card,2,571.33
ORD002348,1,boleto,1,269.49
ORD002349,1,credit_card,1,1950.0
ORD002350,1,credit_card,1,527.9
ORD002351,1,boleto,2,577.7
ORD002352,1,credit_card,1,238.43
ORD002353,1,boleto,3,577.54
ORD002353,2,boleto,3,897.95
ORD002354,1,credit_card,1,515.3
ORD002355,1,credit_card,1,210.93
ORD002356,1,boleto,10,394.75
ORD002357,1,boleto,10,729.09
ORD002358,1,credit_card,1,737.18
ORD002359,1,credit_card,10,334.05
ORD002360,1,voucher,1,545.75
ORD002360,2,credit_card,10,246.96
ORD002361,1,credit_card,1,1164.87
ORD002362,1,credit_card,10,626.21
ORD002363,1,credit_card,2,1082.83
ORD002364,1,credit_card,3,890.89
ORD002365,1,credit_card,2,701.12
ORD002366,1,credit_card,6,739.02
ORD002367,1,credit_card,1,357.13
ORD002368,1,credit_card,2,828.97
ORD002369,1,debit_card,1,542.84
ORD002369,2,voucher,10,712.15
ORD002370,1,credit_card,3,1556.67
ORD002371,1,boleto,3,1633.27
ORD002372,1,credit_card,2,1162.38
ORD002372,2,credit_card,6,735.33
ORD002373,1,debit_card,10,691.34
ORD002374,1,credit_card,1,713.02
ORD002375,1,credit_card,1,1291.29
ORD002376,1,credit_card,1,959.67
ORD002377,1,credit_card,3,1091.38
ORD002378,1,credit_card,1,314.86
ORD002378,2,credit_card,6,627.39
ORD002379,1,credit_card,1,672.14
ORD002380,1,debit_card,6,359.93
ORD002380,2,credit_card,2,349.47
ORD002381,1,credit_card,3,856.01
ORD002382,1,boleto,1,862.44
ORD002383,1,credit_card,3,148.27
ORD002383,2,credit_card,1,247.76
ORD002384,1,boleto,1,747.67
ORD002385,1,voucher,6,984.82
ORD002386,1,credit_card,6,615.26
ORD002387,1,boleto,1,767.6
ORD002388,1,debit_card,1,78.76
ORD002389,1,debit_card,6,403.47
ORD002390,1,credit_card,1,97.26
ORD002391,1,boleto,6,789.47
ORD002392,1,debit_card,1,1460.04
ORD002393,1,credit_card,2,1199.97
ORD002394,1,credit_card,10,394.72
ORD002395,1,credit_card,10,1501.21
ORD002396,1,boleto,1,866.04
ORD002397,1,credit_card,3,887.12
ORD002398,1,credit_card,10,401.03
ORD002398,2,credit_card,1,664.32
ORD002399,1,voucher,1,848.95
ORD002399,2,debit_card,3,717.29
ORD002400,1,voucher,2,1002.8
ORD002401,1,boleto,1,1467.6
ORD002402,1,credit_card,1,395.75
ORD002403,1,credit_card,10,504.93
ORD002403,2,debit_card,6,260.92
ORD002404,1,credit_card,2,2409.79
ORD002405,1,credit_card,2,1109.38
ORD002406,1,boleto,10,236.87
ORD002407,1,credit_card,1,1388.5
ORD002408,1,credit_card,10,919.0
ORD002409,1,credit_card,1,210.58
ORD002409,2,credit_card,1,208.07
ORD002410,1,credit_card,3,165.51
ORD002411,1,boleto,1,338.11
ORD002412,1,boleto,1,493.55
ORD002412,2,credit_card,1,623.25
ORD002413,1,credit_card,1,598.2
ORD002414,1,credit_card,6,748.35
ORD002415,1,credit_card,3,92.21
ORD002416,1,credit_card,10,2353.13
ORD002417,1,credit_card,1,799.19
ORD002418,1,credit_card,1,975.48
ORD002419,1,credit_card,3,404.5
ORD002420,1,voucher,2,274.23
ORD002421,1,credit_card,2,711.97
ORD002422,1,debit_card,1,1127.87
ORD002422,2,credit_card,1,840.87
ORD002423,1,credit_card,3,684.03
ORD002424,1,credit_card,3,787.89
ORD002425,1,credit_card,10,208.77
ORD002425,2,credit_card,3,94.58
ORD002426,1,credit_card,1,430.47
ORD002427,1,credit_card,10,198.24
ORD002427,2,credit_card,1,132.31
ORD002428,1,credit_card,2,133.65
ORD002428,2,credit_card,10,196.39
ORD002429,1,boleto,3,251.02
ORD002430,1,boleto,1,742.48
ORD002431,1,boleto,1,478.83
ORD002431,2,voucher,3,930.76
ORD002432,1,boleto,3,845.45
ORD002433,1,credit_card,10,740.68
ORD002434,1,boleto,6,479.84
ORD002434,2,boleto,1,621.03
ORD002435,1,credit_card,3,680.34
ORD002436,1,boleto,1,177.67
ORD002437,1,voucher,1,1332.87
ORD002438,1,credit_card,1,224.61
ORD002438,2,boleto,3,386.58
ORD002439,1,debit_card,6,830.68
ORD002440,1,boleto,2,538.17
ORD002441,1,credit_card,1,2002.04
ORD002442,1,credit_card,2,212.67
ORD002443,1,boleto,2,760.9
ORD002444,1,credit_card,3,2074.54
ORD002445,1,credit_card,1,1227.54
ORD002446,1,credit_card,2,548.69
ORD002447,1,credit_card,2,1458.83
ORD002448,1,credit_card,3,188.01
ORD002449,1,boleto,1,1444.11
ORD002450,1,credit_card,1,808.55
ORD002451,1,debit_card,1,133.35
ORD002452,1,credit_card,1,552.73
ORD002453,1,credit_card,6,702.72
ORD002454,1,credit_card,1,1379.21
ORD002455,1,boleto,3,424.67
ORD002456,1,debit_card,1,278.39
ORD002457,1,credit_card,10,183.5
ORD002458,1,credit_card,3,704.68
ORD002459,1,debit_card,1,1033.67
ORD002460,1,boleto,3,316.13
ORD002461,1,credit_card,2,457.38
ORD002462,1,credit_card,10,155.4
ORD002463,1,debit_card,1,396.1
ORD002464,1,credit_card,1,1388.35
ORD002465,1,boleto,1,417.58
ORD002465,2,credit_card,1,181.73
ORD002466,1,credit_card,1,126.7
ORD002466,2,credit_card,1,86.56
ORD002467,1,boleto,10,398.12
ORD002468,1,credit_card,6,284.66
ORD002469,1,credit_card,3,705.62
ORD002470,1,credit_card,2,330.95
ORD002471,1,debit_card,3,201.82
ORD002471,2,boleto,1,416.94
ORD002472,1,credit_card,6,511.78
ORD002473,1,voucher,2,244.97
ORD002474,1,debit_card,1,345.45
ORD002475,1,credit_card,1,842.05
ORD002476,1,boleto,3,503.68
ORD002477,1,debit_card,3,741.96
ORD002478,1,credit_card,2,883.92
ORD002479,1,boleto,3,1667.02
ORD002480,1,credit_card,2,516.68
ORD002480,2,credit_card,1,296.15
ORD002481,1,credit_card,1,151.54
ORD002482,1,debit_card,3,1840.0
ORD002483,1,credit_card,1,1243.22
ORD002484,1,credit_card,1,1276.16
ORD002485,1,boleto,3,794.96
ORD002486,1,credit_card,2,1970.16
ORD002487,1,credit_card,6,563.15
ORD002488,1,credit_card,3,945.19
ORD002489,1,boleto,6,724.77
ORD002490,1,boleto,6,2580.49
ORD002491,1,credit_card,1,885.48
ORD002492,1,debit_card,1,166.06
ORD002492,2,debit_card,10,235.61
ORD002493,1,credit_card,1,1949.99
ORD002494,1,boleto,2,169.13
ORD002494,2,credit_card,2,345.93
ORD002495,1,debit_card,6,645.86
ORD002496,1,debit_card,2,617.14
ORD002497,1,credit_card,10,809.33
ORD002498,1,credit_card,3,1406.07
ORD002499,1,credit_card,2,1646.46
ORD002500,1,credit_card,3,487.53
ORD002500,2,credit_card,2,423.48
ORD002501,1,credit_card,6,842.13
ORD002502,1,credit_card,6,574.21
ORD002503,1,debit_card,2,112.72
ORD002503,2,boleto,3,244.4
ORD002504,1,voucher,1,310.99
ORD002505,1,credit_card,10,567.57
ORD002506,1,credit_card,1,1022.85
ORD002507,1,credit_card,6,635.82
ORD002508,1,credit_card,6,1161.82
ORD002509,1,voucher,3,878.1
ORD002510,1,credit_card,1,271.08
ORD002511,1,debit_card,6,642.56
ORD002512,1,credit_card,10,907.06
ORD002513,1,credit_card,1,663.84
ORD002514,1,boleto,6,1012.35
ORD002515,1,credit_card,1,443.61
ORD002516,1,boleto,1,459.13
ORD002517,1,credit_card,1,1488.71
ORD002518,1,credit_card,10,812.38
ORD002519,1,credit_card,3,989.19
ORD002520,1,boleto,10,1875.73
ORD002521,1,boleto,6,923.66
ORD002522,1,credit_card,1,198.57
ORD002523,1,boleto,1,36.88
ORD002523,2,credit_card,10,26.94
ORD002524,1,boleto,10,612.89
ORD002525,1,credit_card,1,596.39
ORD002526,1,boleto,3,1187.57
ORD002527,1,debit_card,1,367.0
ORD002528,1,credit_card,3,466.46
ORD002529,1,credit_card,3,493.21
ORD002529,2,credit_card,2,867.33
ORD002530,1,debit_card,2,491.91
ORD002531,1,credit_card,10,1206.43
ORD002532,1,credit_card,1,735.73
ORD002533,1,boleto,10,300.43
ORD002534,1,voucher,1,587.09
ORD002535,1,credit_card,1,797.4
ORD002536,1,credit_card,1,660.53
ORD002537,1,credit_card,2,1418.19
ORD002538,1,credit_card,6,1226.63
ORD002539,1,credit_card,10,739.44
ORD002540,1,debit_card,1,523.74
ORD002540,2,credit_card,10,851.34
ORD002541,1,boleto,1,298.98
ORD002542,1,credit_card,1,466.66
ORD002543,1,credit_card,6,185.83
ORD002544,1,boleto,6,704.66
ORD002545,1,credit_card,1,138.68
ORD002546,1,credit_card,6,211.48
ORD002547,1,boleto,3,762.22
ORD002548,1,credit_card,1,127.41
ORD002549,1,credit_card,10,157.9
ORD002550,1,credit_card,3,918.15
ORD002550,2,credit_card,1,429.46
ORD002551,1,credit_card,3,365.31
ORD002552,1,credit_card,1,824.2
ORD002552,2,credit_card,1,524.15
ORD002553,1,debit_card,1,1737.57
ORD002554,1,boleto,6,223.82
ORD002555,1,boleto,1,725.82
ORD002556,1,credit_card,1,220.8
ORD002556,2,credit_card,1,190.5
ORD002557,1,credit_card,1,611.33
ORD002558,1,credit_card,1,357.13
ORD002559,1,boleto,1,384.72
ORD002560,1,debit_card,10,218.14
ORD002561,1,credit_card,6,102.47
ORD002562,1,credit_card,1,893.23
ORD002563,1,boleto,1,890.91
ORD002564,1,credit_card,10,133.79
ORD002565,1,credit_card,2,2230.67
ORD002566,1,credit_card,1,1459.37
ORD002567,1,boleto,1,380.63
ORD002568,1,debit_card,1,735.62
ORD002569,1,debit_card,10,350.71
ORD002570,1,credit_card,2,417.46
ORD002570,2,boleto,1,913.91
ORD002571,1,credit_card,1,1091.99
ORD002572,1,credit_card,1,1168.27
ORD002573,1,credit_card,1,1050.55
ORD002574,1,debit_card,3,559.05
ORD002575,1,credit_card,1,689.89
ORD002576,1,debit_card,6,222.32
ORD002577,1,credit_card,10,634.65
ORD002578,1,credit_card,1,575.28
ORD002579,1,credit_card,6,333.92
ORD002579,2,credit_card,1,403.05
ORD002580,1,boleto,2,1343.41
ORD002581,1,boleto,2,1572.04
ORD002582,1,credit_card,3,520.1
ORD002582,2,boleto,1,301.18
ORD002583,1,credit_card,3,422.26
ORD002584,1,boleto,1,339.9
ORD002584,2,debit_card,6,148.13
ORD002585,1,boleto,1,98.01
ORD002585,2,credit_card,1,74.92
ORD002586,1,credit_card,2,711.18
ORD002587,1,credit_card,3,312.96
ORD002588,1,credit_card,2,968.54
ORD002589,1,credit_card,1,730.7
ORD002590,1,credit_card,1,203.09
ORD002590,2,credit_card,6,253.51
ORD002591,1,credit_card,1,2005.07
ORD002592,1,credit_card,10,380.38
ORD002593,1,credit_card,1,1480.66
ORD002594,1,boleto,1,876.42
ORD002595,1,credit_card,6,885.57
ORD002596,1,credit_card,1,1647.08
ORD002597,1,voucher,2,242.52
ORD002597,2,credit_card,2,495.69
ORD002598,1,boleto,1,365.77
ORD002599,1,credit_card,3,834.26
ORD002600,1,voucher,1,291.13
ORD002600,2,credit_card,6,197.46
ORD002601,1,credit_card,2,777.57
ORD002602,1,credit_card,1,1011.31
ORD002603,1,credit_card,10,1462.86
ORD002604,1,credit_card,1,912.13
ORD002605,1,credit_card,1,1415.5
ORD002606,1,credit_card,10,432.27
ORD002607,1,credit_card,6,412.79
ORD002608,1,credit_card,1,635.64
ORD002609,1,credit_card,2,804.68
ORD002610,1,credit_card,3,343.23
ORD002610,2,credit_card,1,400.22
ORD002611,1,credit_card,1,1735.3
ORD002612,1,boleto,2,797.17
ORD002613,1,credit_card,1,2278.7
ORD002614,1,credit_card,10,310.51
ORD002615,1,credit_card,1,255.95
ORD002615,2,credit_card,1,346.72
ORD002616,1,boleto,1,640.3
ORD002617,1,credit_card,2,2503.37
ORD002618,1,credit_card,1,142.47
ORD002619,1,credit_card,10,540.45
ORD002620,1,credit_card,1,800.9
ORD002621,1,voucher,1,195.57
ORD002622,1,boleto,1,89.86
ORD002623,1,credit_card,6,530.4
ORD002624,1,boleto,6,937.09
ORD002625,1,credit_card,2,198.12
ORD002625,2,credit_card,1,311.23
ORD002626,1,credit_card,1,750.86
ORD002627,1,credit_card,6,658.16
ORD002628,1,boleto,1,87.3
ORD002628,2,debit_card,1,106.7
ORD002629,1,credit_card,6,660.84
ORD002630,1,boleto,2,731.22
ORD002631,1,credit_card,10,99.27
ORD002631,2,boleto,2,77.97
ORD002632,1,credit_card,3,1266.46
ORD002633,1,voucher,2,467.43
ORD002634,1,boleto,10,129.06
ORD002634,2,credit_card,3,178.22
ORD002635,1,credit_card,6,674.54
ORD002636,1,credit_card,2,659.09
ORD002637,1,credit_card,1,579.09
ORD002638,1,boleto,1,1541.24
ORD002639,1,debit_card,6,182.3
ORD002639,2,boleto,6,88.83
ORD002640,1,voucher,3,323.25
ORD002640,2,credit_card,6,437.73
ORD002641,1,credit_card,2,382.7
ORD002642,1,credit_card,1,667.57
ORD002643,1,credit_card,1,920.58
ORD002644,1,boleto,1,669.52
ORD002644,2,boleto,1,856.08
ORD002645,1,credit_card,3,74.53
ORD002646,1,credit_card,3,1889.1
ORD002647,1,boleto,10,594.48
ORD002648,1,credit_card,1,972.6
ORD002649,1,boleto,1,1871.66
ORD002650,1,boleto,2,931.7
ORD002651,1,credit_card,1,748.19
ORD002652,1,boleto,2,981.77
ORD002653,1,boleto,1,487.61
ORD002654,1,credit_card,10,213.73
ORD002655,1,credit_card,1,705.21
ORD002656,1,voucher,1,2893.22
ORD002657,1,credit_card,10,728.99
ORD002658,1,credit_card,1,276.26
ORD002658,2,credit_card,10,315.33
ORD002659,1,credit_card,3,1287.15
ORD002660,1,boleto,10,768.29
ORD002661,1,boleto,1,872.78
ORD002662,1,credit_card,6,316.31
ORD002663,1,credit_card,1,776.19
ORD002664,1,boleto,1,462.86
ORD002665,1,boleto,1,842.44
ORD002665,2,credit_card,2,612.94
ORD002666,1,boleto,1,838.73
ORD002667,1,credit_card,1,509.21
ORD002667,2,voucher,3,776.55
ORD002668,1,boleto,6,205.5
ORD002669,1,credit_card,1,561.92
ORD002670,1,debit_card,1,80.83
ORD002670,2,credit_card,10,130.91
ORD002671,1,boleto,1,505.3
ORD002671,2,boleto,2,344.16
ORD002672,1,boleto,10,683.41
ORD002673,1,boleto,10,1012.86
ORD002674,1,credit_card,1,672.99
ORD002674,2,credit_card,2,723.39
ORD002675,1,voucher,1,56.65
ORD002676,1,credit_card,1,413.6
ORD002677,1,credit_card,3,957.03
ORD002678,1,debit_card,1,559.34
ORD002679,1,debit_card,1,226.64
ORD002680,1,credit_card,1,634.39
ORD002680,2,boleto,1,560.43
ORD002681,1,boleto,1,1663.72
ORD002682,1,credit_card,10,157.72
ORD002682,2,credit_card,10,225.72
ORD002683,1,credit_card,6,185.38
ORD002683,2,credit_card,1,353.8
ORD002684,1,credit_card,2,736.39
ORD002685,1,credit_card,1,867.08
ORD002686,1,credit_card,1,777.52
ORD002687,1,credit_card,6,1695.98
ORD002688,1,credit_card,1,1071.86
ORD002689,1,boleto,2,1381.01
ORD002690,1,voucher,6,888.65
ORD002691,1,credit_card,1,166.24
ORD002691,2,credit_card,1,127.18
ORD002692,1,credit_card,6,708.88
ORD002693,1,credit_card,1,1286.46
ORD002694,1,credit_card,1,626.11
ORD002695,1,credit_card,2,1557.49
ORD002696,1,credit_card,3,1342.5
ORD002697,1,boleto,10,953.52
ORD002698,1,debit_card,1,988.29
ORD002699,1,boleto,1,127.15
ORD002699,2,credit_card,2,236.99
ORD002700,1,credit_card,6,199.16
ORD002701,1,voucher,3,629.48
ORD002702,1,credit_card,6,722.17
ORD002703,1,credit_card,6,1446.65
ORD002704,1,credit_card,6,384.49
ORD002705,1,credit_card,2,958.0
ORD002706,1,debit_card,1,560.5
ORD002706,2,boleto,2,241.44
ORD002707,1,boleto,3,613.02
ORD002707,2,voucher,1,796.07
ORD002708,1,credit_card,3,329.84
ORD002708,2,debit_card,10,145.23
ORD002709,1,debit_card,1,54.4
ORD002709,2,credit_card,1,42.73
ORD002710,1,voucher,1,423.21
ORD002711,1,credit_card,1,1630.21
ORD002712,1,credit_card,6,358.24
ORD002713,1,credit_card,1,837.94
ORD002714,1,credit_card,10,1323.48
ORD002715,1,debit_card,1,267.21
ORD002716,1,voucher,6,479.15
ORD002717,1,boleto,1,753.3
ORD002718,1,boleto,10,463.82
ORD002719,1,boleto,1,354.51
ORD002720,1,credit_card,1,912.12
ORD002720,2,credit_card,1,463.6
ORD002721,1,debit_card,1,566.67
ORD002722,1,credit_card,6,304.73
ORD002722,2,boleto,2,130.66
ORD002723,1,credit_card,1,831.67
ORD002724,1,credit_card,1,543.66
ORD002724,2,boleto,1,309.31
ORD002725,1,boleto,2,938.95
ORD002726,1,credit_card,2,587.65
ORD002727,1,credit_card,10,360.46
ORD002728,1,voucher,3,639.19
ORD002729,1,boleto,1,1027.24
ORD002730,1,boleto,2,984.05
ORD002731,1,voucher,10,352.39
ORD002732,1,boleto,6,521.15
ORD002733,1,credit_card,10,442.79
ORD002734,1,credit_card,6,480.94
ORD002735,1,credit_card,2,524.01
ORD002736,1,voucher,3,602.39
ORD002737,1,voucher,3,381.87
ORD002738,1,credit_card,3,1070.58
ORD002739,1,credit_card,2,214.27
ORD002740,1,credit_card,1,128.06
ORD002740,2,credit_card,3,150.31
ORD002741,1,boleto,1,927.6
ORD002742,1,boleto,2,306.81
ORD002743,1,credit_card,10,569.66
ORD002744,1,credit_card,1,890.2
ORD002745,1,credit_card,3,140.41
ORD002746,1,debit_card,6,155.24
ORD002747,1,credit_card,10,372.89
ORD002748,1,boleto,2,776.58
ORD002749,1,credit_card,1,1383.19
ORD002750,1,boleto,10,378.57
ORD002750,2,boleto,1,427.53
ORD002751,1,credit_card,10,344.25
ORD002751,2,credit_card,1,180.12
ORD002752,1,credit_card,1,958.27
ORD002753,1,boleto,1,888.71
ORD002754,1,boleto,1,233.14
ORD002755,1,credit_card,1,745.48
ORD002756,1,credit_card,6,619.37
ORD002757,1,credit_card,10,63.48
ORD002757,2,debit_card,2,101.2
ORD002758,1,credit_card,2,611.73
ORD002759,1,debit_card,10,99.2
ORD002760,1,boleto,1,432.27
ORD002761,1,credit_card,3,1997.86
ORD002762,1,credit_card,1,173.24
ORD002763,1,credit_card,2,1446.86
ORD002764,1,boleto,3,831.32
ORD002765,1,boleto,3,425.18
ORD002766,1,credit_card,1,1093.86
ORD002767,1,credit_card,1,618.8
ORD002768,1,credit_card,2,758.3
ORD002769,1,boleto,6,822.46
ORD002769,2,credit_card,1,545.08
ORD002770,1,credit_card,10,2044.26
ORD002771,1,boleto,6,882.45
ORD002772,1,credit_card,6,678.88
ORD002773,1,boleto,10,623.65
ORD002774,1,credit_card,2,143.82
ORD002775,1,debit_card,1,840.03
ORD002776,1,credit_card,3,802.51
ORD002777,1,credit_card,3,459.99
ORD002778,1,boleto,6,791.87
ORD002779,1,credit_card,10,230.37
ORD002780,1,debit_card,6,1973.71
ORD002781,1,boleto,2,585.78
ORD002782,1,boleto,1,573.44
ORD002783,1,credit_card,6,1108.63
ORD002784,1,debit_card,1,1610.11
ORD002785,1,credit_card,3,802.1
ORD002786,1,boleto,10,330.76
ORD002787,1,credit_card,6,948.06
ORD002788,1,boleto,6,333.54
ORD002789,1,boleto,2,1542.79
ORD002790,1,credit_card,1,592.27
ORD002791,1,voucher,1,428.55
ORD002792,1,credit_card,1,745.74
ORD002793,1,credit_card,1,1614.65
ORD002794,1,credit_card,6,130.61
ORD002794,2,boleto,1,73.9
ORD002795,1,credit_card,1,489.81
ORD002796,1,credit_card,2,74.89
ORD002797,1,credit_card,1,387.26
ORD002798,1,debit_card,1,667.63
ORD002799,1,boleto,3,551.69
ORD002800,1,credit_card,10,33.89
ORD002800,2,credit_card,10,50.39
ORD002801,1,credit_card,6,147.95
ORD002801,2,boleto,3,138.32
ORD002802,1,debit_card,2,701.93
ORD002803,1,voucher,1,497.09
ORD002803,2,boleto,1,583.22
ORD002804,1,credit_card,2,1126.91
ORD002805,1,boleto,1,121.15
ORD002806,1,boleto,1,86.91
ORD002806,2,boleto,2,55.65
ORD002807,1,debit_card,1,159.34
ORD002808,1,credit_card,10,741.8
ORD002809,1,credit_card,6,246.04
ORD002810,1,credit_card,1,752.88
ORD002811,1,credit_card,10,456.51
ORD002812,1,debit_card,2,100.51
ORD002813,1,credit_card,10,899.05
ORD002813,2,credit_card,10,691.82
ORD002814,1,credit_card,1,72.82
ORD002814,2,credit_card,1,53.25
ORD002815,1,credit_card,1,1415.69
ORD002816,1,boleto,10,693.7
ORD002817,1,boleto,1,620.05
ORD002818,1,credit_card,1,899.96
ORD002819,1,boleto,10,1273.94
ORD002820,1,credit_card,1,1191.37
ORD002821,1,debit_card,10,910.18
ORD002822,1,boleto,2,286.65
ORD002822,2,credit_card,10,298.71
ORD002823,1,boleto,3,518.87
ORD002824,1,boleto,1,1623.46
ORD002825,1,debit_card,6,712.75
ORD002826,1,credit_card,1,1845.58
ORD002827,1,credit_card,3,279.81
ORD002828,1,credit_card,10,41.94
ORD002829,1,voucher,6,770.93
ORD002830,1,boleto,1,493.98
ORD002831,1,credit_card,1,2551.37
ORD002832,1,boleto,2,1091.75
ORD002833,1,boleto,1,378.38
ORD002833,2,boleto,1,416.9
ORD002834,1,boleto,10,202.12
ORD002835,1,credit_card,1,385.6
ORD002836,1,debit_card,10,178.54
ORD002837,1,credit_card,1,886.41
ORD002838,1,credit_card,10,144.78
ORD002839,1,debit_card,6,896.99
ORD002840,1,credit_card,1,571.53
ORD002841,1,voucher,10,2484.6
ORD002842,1,voucher,10,1681.25
ORD002842,2,debit_card,1,742.33
ORD002843,1,credit_card,3,445.31
ORD002843,2,credit_card,1,421.02
ORD002844,1,credit_card,3,271.32
ORD002845,1,credit_card,3,1308.78
ORD002846,1,credit_card,2,951.14
ORD002847,1,boleto,1,424.35
ORD002848,1,credit_card,1,470.83
ORD002849,1,credit_card,2,334.71
ORD002850,1,credit_card,10,762.04
ORD002851,1,credit_card,6,514.29
ORD002852,1,boleto,1,1177.2
ORD002853,1,boleto,1,356.31
ORD002853,2,voucher,1,641.25
ORD002854,1,debit_card,1,767.0
ORD002854,2,credit_card,1,391.39
ORD002855,1,boleto,3,746.69
ORD002856,1,credit_card,1,585.79
ORD002857,1,credit_card,3,945.04
ORD002858,1,credit_card,1,514.69
ORD002858,2,debit_card,1,350.52
ORD002859,1,credit_card,10,425.84
ORD002860,1,boleto,10,786.11
ORD002861,1,credit_card,2,313.73
ORD002861,2,boleto,1,496.75
ORD002862,1,credit_card,3,212.52
ORD002863,1,boleto,3,70.85
ORD002864,1,credit_card,1,1275.92
ORD002865,1,credit_card,1,529.6
ORD002866,1,credit_card,2,1100.04
ORD002867,1,boleto,1,174.69
ORD002867,2,credit_card,6,123.73
ORD002868,1,boleto,1,167.45
ORD002868,2,debit_card,1,120.08
ORD002869,1,credit_card,1,448.48
ORD002869,2,voucher,2,379.6
ORD002870,1,boleto,3,1133.14
ORD002871,1,boleto,10,1330.72
ORD002872,1,credit_card,1,977.49
ORD002873,1,boleto,6,1713.54
ORD002874,1,debit_card,3,314.45
ORD002875,1,credit_card,2,1276.0
ORD002876,1,boleto,10,820.59
ORD002877,1,credit_card,1,380.2
ORD002877,2,boleto,1,180.8
ORD002878,1,boleto,1,220.66
ORD002879,1,voucher,2,460.33
ORD002880,1,boleto,1,707.68
ORD002881,1,credit_card,6,113.98
ORD002882,1,credit_card,3,426.24
ORD002883,1,boleto,1,451.94
ORD002884,1,voucher,3,78.35
ORD002885,1,debit_card,1,423.38
ORD002886,1,credit_card,3,360.13
ORD002887,1,debit_card,1,817.16
ORD002888,1,credit_card,3,799.7
ORD002889,1,boleto,1,822.42
ORD002890,1,boleto,6,764.49
ORD002891,1,boleto,6,1262.37
ORD002892,1,credit_card,1,1233.51
ORD002893,1,boleto,1,700.73
ORD002894,1,voucher,6,619.03
ORD002895,1,debit_card,2,908.46
ORD002895,2,credit_card,10,911.78
ORD002896,1,boleto,10,460.83
ORD002897,1,credit_card,3,1294.46
ORD002898,1,boleto,1,232.73
ORD002898,2,credit_card,1,377.5
ORD002899,1,credit_card,1,276.82
ORD002900,1,credit_card,10,1021.39
ORD002901,1,credit_card,1,1447.3
ORD002902,1,credit_card,1,229.41
ORD002903,1,credit_card,6,642.87
ORD002904,1,credit_card,3,186.04
ORD002905,1,credit_card,1,1622.27
ORD002906,1,credit_card,1,683.57
ORD002907,1,boleto,2,1874.95
ORD002908,1,boleto,1,628.13
ORD002909,1,credit_card,1,312.35
ORD002909,2,credit_card,6,476.55
ORD002910,1,credit_card,1,471.61
ORD002910,2,credit_card,3,208.69
ORD002911,1,credit_card,1,692.83
ORD002912,1,credit_card,3,102.08
ORD002912,2,credit_card,1,66.63
ORD002913,1,boleto,10,249.63
ORD002913,2,credit_card,6,262.51
ORD002914,1,credit_card,2,446.56
ORD002914,2,debit_card,6,373.73
ORD002915,1,boleto,3,361.57
ORD002916,1,voucher,1,306.46
ORD002916,2,credit_card,3,568.8
ORD002917,1,boleto,3,431.22
ORD002918,1,credit_card,1,1265.76
ORD002919,1,voucher,1,194.93
ORD002920,1,credit_card,6,716.35
ORD002921,1,credit_card,1,51.19
ORD002921,2,credit_card,2,65.77
ORD002922,1,credit_card,2,2384.3
ORD002923,1,boleto,1,2375.93
ORD002924,1,credit_card,10,37.73
ORD002924,2,boleto,3,50.43
ORD002925,1,credit_card,3,344.31
ORD002926,1,boleto,1,745.51
ORD002926,2,credit_card,1,356.24
ORD002927,1,credit_card,1,1280.72
ORD002928,1,credit_card,1,212.78
ORD002929,1,credit_card,6,652.21
ORD002930,1,credit_card,1,349.05
ORD002930,2,boleto,2,175.25
ORD002931,1,credit_card,3,259.11
ORD002932,1,credit_card,10,60.91
ORD002933,1,debit_card,2,516.28
ORD002934,1,credit_card,6,131.87
ORD002935,1,credit_card,1,261.33
ORD002936,1,boleto,1,1480.1
ORD002937,1,credit_card,1,1625.75
ORD002938,1,credit_card,1,752.53
ORD002939,1,credit_card,1,977.3
ORD002940,1,boleto,1,635.22
ORD002941,1,credit_card,10,151.24
ORD002942,1,credit_card,1,81.06
ORD002942,2,boleto,6,180.95
ORD002943,1,boleto,2,469.73
ORD002944,1,debit_card,10,248.69
ORD002944,2,boleto,1,129.52
ORD002945,1,debit_card,10,663.43
ORD002946,1,credit_card,1,185.0
ORD002947,1,credit_card,1,750.39
ORD002948,1,boleto,3,460.94
ORD002949,1,boleto,3,1092.82
ORD002949,2,credit_card,10,771.84
ORD002950,1,credit_card,1,638.37
ORD002951,1,credit_card,2,1797.26
ORD002952,1,boleto,1,1517.54
ORD002953,1,boleto,1,38.51
ORD002953,2,debit_card,1,80.88
ORD002954,1,boleto,6,738.66
ORD002955,1,boleto,3,797.85
ORD002956,1,boleto,1,299.78
ORD002957,1,credit_card,10,917.19
ORD002958,1,boleto,1,834.42
ORD002959,1,credit_card,6,396.66
ORD002959,2,credit_card,3,374.82
ORD002960,1,credit_card,3,1148.39
ORD002961,1,boleto,10,502.35
ORD002962,1,debit_card,1,364.22
ORD002963,1,credit_card,10,411.75
ORD002964,1,credit_card,3,148.92
ORD002965,1,voucher,1,2268.88
ORD002966,1,boleto,1,647.25
ORD002967,1,credit_card,1,251.0
ORD002967,2,credit_card,3,524.38
ORD002968,1,credit_card,6,354.95
ORD002969,1,credit_card,10,697.87
ORD002970,1,credit_card,6,866.79
ORD002971,1,credit_card,1,1663.36
ORD002972,1,credit_card,10,364.82
ORD002973,1,credit_card,1,896.77
ORD002974,1,boleto,3,801.03
ORD002975,1,credit_card,6,989.9
ORD002976,1,credit_card,1,669.55
ORD002977,1,credit_card,3,1259.16
ORD002978,1,credit_card,10,68.32
ORD002978,2,credit_card,1,98.4
ORD002979,1,boleto,6,357.95
ORD002980,1,boleto,3,230.33
ORD002981,1,boleto,10,355.09
ORD002982,1,debit_card,10,1731.66
ORD002983,1,boleto,6,821.82
ORD002984,1,credit_card,1,848.78
ORD002985,1,credit_card,10,77.3
ORD002986,1,boleto,2,397.36
ORD002987,1,credit_card,1,485.77
ORD002987,2,credit_card,10,648.73
ORD002988,1,credit_card,1,1347.95
ORD002989,1,debit_card,6,1059.16
ORD002989,2,boleto,1,1855.21
ORD002990,1,credit_card,2,2195.98
ORD002991,1,credit_card,3,416.51
ORD002992,1,credit_card,1,789.23
ORD002993,1,credit_card,3,671.29
ORD002994,1,boleto,1,898.68
ORD002995,1,credit_card,6,401.67
ORD002995,2,credit_card,6,382.52
ORD002996,1,credit_card,1,1353.48
ORD002997,1,boleto,6,264.23
ORD002997,2,credit_card,10,338.26
ORD002998,1,credit_card,1,674.8
ORD002999,1,credit_card,1,1943.88
ORD003000,1,credit_card,2,299.57
ORD003000,2,boleto,6,213.71
