review_id,order_id,review_score,review_comment_title,review_comment_message,review_creation_date,review_answer_timestamp
REV000001,ORD000001,4,,Agent every development say quality throughout beautiful instead.,2024-04-24 23:39:52,2024-04-29 23:39:52
REV000002,ORD000002,5,,,2023-07-23 22:29:18,2023-07-24 22:29:18
REV000003,ORD000003,5,,,2024-01-11 23:39:54,2024-01-14 23:39:54
REV000004,ORD000004,3,Behavior discussion.,Ago current practice nation determine operation speak according south recently future choice whatever from behavior benefit.,2023-08-25 00:24:15,2023-08-28 00:24:15
REV000005,ORD000005,4,,,2024-08-03 20:28:28,2024-08-07 20:28:28
REV000006,ORD000006,4,,,2023-08-14 08:42:12,2023-08-16 08:42:12
REV000007,ORD000007,4,,Page southern role movie win her need stop peace technology officer relate.,2023-01-12 05:11:54,2023-01-13 05:11:54
REV000008,ORD000008,3,Product significant.,Talk term herself law street class great prove.,2024-12-04 00:16:12,2024-12-05 00:16:12
REV000009,ORD000009,1,,Participant commercial rock clear here writer policy news.,2023-12-19 13:36:22,2023-12-23 13:36:22
REV000010,ORD000010,5,,,2023-08-09 09:11:16,2023-08-12 09:11:16
REV000011,ORD000011,2,,,2023-08-07 10:57:52,2023-08-11 10:57:52
REV000013,ORD000013,1,,,2024-06-11 05:22:55,2024-06-16 05:22:55
REV000014,ORD000014,5,Successful simply director allow.,Husband at tree note responsibility defense material those poor central cause seat.,2024-02-08 02:55:09,2024-02-09 02:55:09
REV000015,ORD000015,4,,Enjoy once today human despite young meeting before another body physical society instead as high.,2024-06-11 19:29:33,2024-06-13 19:29:33
REV000016,ORD000016,5,,More wife team activity result race Mr environment political born itself law west then.,2024-05-11 04:26:36,2024-05-14 04:26:36
REV000017,ORD000017,5,,Will seven medical blood personal success medical current hear claim well.,2024-03-21 18:55:26,2024-03-26 18:55:26
REV000018,ORD000018,2,,,2023-06-20 07:15:36,2023-06-22 07:15:36
REV000019,ORD000019,4,,Truth out major born guy world southern dream drive note bad rule staff within mouth.,2023-09-25 08:42:14,2023-09-28 08:42:14
REV000020,ORD000020,4,,Campaign little near enter their institution deep much role.,2023-12-18 20:00:42,2023-12-21 20:00:42
REV000021,ORD000021,2,Require human public.,,2023-08-30 09:01:26,2023-09-04 09:01:26
REV000022,ORD000022,4,,,2024-07-03 00:52:08,2024-07-04 00:52:08
REV000023,ORD000023,5,,Just military building different full open discover detail audience piece director town.,2024-06-18 06:24:05,2024-06-21 06:24:05
REV000024,ORD000024,1,,Audience draw protect Democrat car very number line six space couple best.,2024-08-09 09:26:15,2024-08-10 09:26:15
REV000025,ORD000025,5,,,2024-10-18 02:24:08,2024-10-20 02:24:08
REV000026,ORD000026,1,,,2023-06-03 02:36:36,2023-06-04 02:36:36
REV000027,ORD000027,4,,Great in tell approach president position art rock song body court movie cell.,2024-03-24 06:53:10,2024-03-25 06:53:10
REV000028,ORD000028,5,,,2023-11-26 12:38:18,2023-11-30 12:38:18
REV000029,ORD000029,5,Everything economic type.,,2023-05-03 09:39:12,2023-05-06 09:39:12
REV000030,ORD000030,5,Space task better present.,Structure why unit support coach magazine degree husband around her world enter six lawyer institution.,2023-04-24 20:19:36,2023-04-27 20:19:36
REV000031,ORD000031,3,,,2024-11-08 23:30:13,2024-11-13 23:30:13
REV000032,ORD000032,4,,,2023-05-20 19:23:09,2023-05-23 19:23:09
REV000033,ORD000033,1,Product main couple design around.,,2023-07-04 16:18:13,2023-07-07 16:18:13
REV000034,ORD000034,4,,Article finish anyone live try most arm meet surface attention attack technology identify walk now.,2024-08-18 23:40:53,2024-08-21 23:40:53
REV000035,ORD000035,4,,,2023-07-14 08:15:42,2023-07-16 08:15:42
REV000036,ORD000036,5,,Organization people information on mission various daughter respond draw how public feel first sell authority leader.,2023-07-26 13:36:30,2023-07-27 13:36:30
REV000037,ORD000037,4,,,2023-09-07 01:55:51,2023-09-08 01:55:51
REV000038,ORD000038,4,You available defense enter value.,,2023-07-31 00:45:17,2023-08-05 00:45:17
REV000039,ORD000039,4,These hard.,Just myself few worker southern more property never use.,2023-06-02 08:43:41,2023-06-05 08:43:41
REV000040,ORD000040,5,,,2024-05-24 10:14:37,2024-05-29 10:14:37
REV000041,ORD000041,4,,Voice care break blood network evening painting response.,2023-08-22 11:51:35,2023-08-23 11:51:35
REV000042,ORD000042,4,,,2023-06-20 18:28:48,2023-06-21 18:28:48
REV000043,ORD000043,5,Reach table measure.,,2024-12-03 21:18:14,2024-12-08 21:18:14
REV000044,ORD000044,5,,,2023-10-14 17:18:38,2023-10-16 17:18:38
REV000045,ORD000045,5,Town suffer begin.,Stop analysis four capital woman claim kind relationship night born war real chance.,2023-12-11 14:11:00,2023-12-14 14:11:00
REV000046,ORD000046,5,,Strong old challenge camera final together someone.,2024-03-02 04:51:42,2024-03-03 04:51:42
REV000048,ORD000048,5,,Together decide economic bill sister this image.,2023-06-11 14:54:33,2023-06-13 14:54:33
REV000049,ORD000049,5,,See understand door class son computer include conference under site in prove same easy city red.,2024-02-27 14:06:20,2024-02-29 14:06:20
REV000050,ORD000050,5,,The teach develop staff least figure somebody dinner age cover foreign ten.,2024-04-13 23:38:16,2024-04-16 23:38:16
REV000051,ORD000051,5,,,2023-11-02 09:39:38,2023-11-03 09:39:38
REV000052,ORD000052,4,,Go meeting quickly such former agree theory end oil worker although.,2023-08-18 16:06:29,2023-08-22 16:06:29
REV000053,ORD000053,5,,,2023-05-21 16:45:18,2023-05-24 16:45:18
REV000054,ORD000054,4,Its rock finish paper memory.,Tonight couple and job mind southern rather vote say culture issue we TV.,2023-02-21 14:35:47,2023-02-25 14:35:47
REV000055,ORD000055,5,,,2023-06-27 07:33:56,2023-07-02 07:33:56
REV000056,ORD000056,2,,,2024-05-27 17:51:49,2024-05-30 17:51:49
REV000057,ORD000057,4,Finish summer rest feel finally.,,2023-07-09 02:42:12,2023-07-14 02:42:12
REV000058,ORD000058,3,,,2024-01-29 05:10:08,2024-02-03 05:10:08
REV000059,ORD000059,4,,For recent never court professor here security community notice image street fight decision.,2023-12-03 04:15:54,2023-12-08 04:15:54
REV000060,ORD000060,4,,,2024-02-26 19:03:12,2024-02-27 19:03:12
REV000061,ORD000061,4,,,2024-11-23 09:30:15,2024-11-28 09:30:15
REV000062,ORD000062,4,,,2024-10-24 14:30:55,2024-10-25 14:30:55
REV000063,ORD000063,4,,,2023-06-07 22:11:34,2023-06-12 22:11:34
REV000064,ORD000064,3,,Parent focus kid put memory soldier where save probably exist professional people behavior weight dog financial.,2024-02-08 19:38:57,2024-02-12 19:38:57
REV000065,ORD000065,5,,Challenge animal worker particularly shoulder lay though offer responsibility himself.,2024-03-13 08:23:54,2024-03-16 08:23:54
REV000066,ORD000066,4,,During prevent accept seem show blood interesting compare when military anyone eat summer.,2023-01-12 00:40:20,2023-01-15 00:40:20
REV000067,ORD000067,1,Card let most next.,Wear through partner rest measure store natural today season listen else easy.,2024-07-26 10:02:16,2024-07-31 10:02:16
REV000068,ORD000068,5,She miss phone.,Key require doctor from throw ball character him check degree increase.,2023-02-22 03:33:28,2023-02-24 03:33:28
REV000069,ORD000069,5,,My indeed deal information toward once receive task she herself accept goal.,2023-01-05 23:22:49,2023-01-09 23:22:49
REV000070,ORD000070,5,,,2024-08-17 23:54:32,2024-08-21 23:54:32
REV000071,ORD000071,5,,Table well industry section national owner determine detail job ahead from quickly identify.,2024-01-18 15:04:56,2024-01-21 15:04:56
REV000072,ORD000072,3,Subject try wonder.,,2024-10-18 00:08:00,2024-10-19 00:08:00
REV000073,ORD000073,5,Agree hour north agree poor.,Term consider employee force lawyer front they everything week.,2023-07-03 10:57:19,2023-07-04 10:57:19
REV000075,ORD000075,2,,Edge bank affect much yourself glass practice sit prepare senior wear current after.,2024-12-16 13:05:07,2024-12-18 13:05:07
REV000076,ORD000076,4,Draw list boy.,Let eight hard paper white responsibility sing clearly find official.,2024-05-24 01:54:38,2024-05-29 01:54:38
REV000077,ORD000077,5,,,2023-06-29 07:11:54,2023-07-04 07:11:54
REV000078,ORD000078,5,Office traditional heart.,Away real physical big significant sure outside building worker site.,2024-12-29 04:18:39,2025-01-03 04:18:39
REV000079,ORD000079,4,,Mouth product attention positive actually information majority item gun through least check.,2023-09-18 20:58:18,2023-09-21 20:58:18
REV000080,ORD000080,4,,Safe whole establish space Mrs low itself room environmental.,2023-11-19 20:40:32,2023-11-20 20:40:32
REV000081,ORD000081,5,,,2024-04-12 00:56:25,2024-04-15 00:56:25
REV000082,ORD000082,1,,,2024-09-27 04:51:26,2024-10-01 04:51:26
REV000083,ORD000083,5,,,2024-08-24 15:01:53,2024-08-27 15:01:53
REV000084,ORD000084,3,,Store beautiful think during let particular her agreement surface consider.,2024-09-10 02:49:51,2024-09-11 02:49:51
REV000085,ORD000085,5,Great election evidence.,Red everybody act way beat result major serve real position make society behavior develop reality fill.,2023-04-28 01:40:31,2023-05-02 01:40:31
REV000086,ORD000086,5,Hard network gas you nearly.,Reflect even edge building court build movie several continue describe machine right.,2024-01-28 01:41:32,2024-01-29 01:41:32
REV000087,ORD000087,4,,Others wonder strategy fast guess few remain call animal approach factor want point sell bill.,2024-12-18 15:39:32,2024-12-23 15:39:32
REV000088,ORD000088,4,Off light.,,2023-11-24 06:34:41,2023-11-25 06:34:41
REV000089,ORD000089,4,,Future whole education technology box assume man officer rather charge specific we be.,2023-12-11 23:50:02,2023-12-12 23:50:02
REV000090,ORD000090,5,,,2023-01-24 06:09:57,2023-01-25 06:09:57
REV000091,ORD000091,3,,Budget share paper so difficult mission late kind team wrong.,2023-07-13 20:43:24,2023-07-16 20:43:24
REV000092,ORD000092,5,,Notice art whether between several personal enough ball dream necessary choose.,2023-04-10 16:11:20,2023-04-15 16:11:20
REV000093,ORD000093,4,Late order fact discuss.,,2024-09-08 11:46:51,2024-09-10 11:46:51
REV000094,ORD000094,5,,,2024-09-22 17:33:06,2024-09-24 17:33:06
REV000095,ORD000095,5,Reflect law reach.,Skin person product value interesting name positive training step author coach.,2023-07-16 03:36:59,2023-07-17 03:36:59
REV000096,ORD000096,4,,Organization station TV keep light fight I evening music just our.,2023-07-01 18:34:32,2023-07-06 18:34:32
REV000097,ORD000097,4,,,2023-02-10 21:50:05,2023-02-11 21:50:05
REV000098,ORD000098,5,,Same page ago director purpose team onto again share start office several compare.,2024-07-14 04:08:17,2024-07-18 04:08:17
REV000099,ORD000099,4,,,2024-08-15 02:08:32,2024-08-17 02:08:32
REV000100,ORD000100,4,Prepare trouble consider one play.,,2024-07-07 22:22:09,2024-07-12 22:22:09
REV000101,ORD000101,5,,Why like impact fly bit claim in many production hundred set already because education.,2023-11-18 19:37:17,2023-11-19 19:37:17
REV000102,ORD000102,5,,Wife identify method write price my including could.,2024-05-10 22:29:48,2024-05-15 22:29:48
REV000103,ORD000103,4,,,2024-12-10 18:27:41,2024-12-12 18:27:41
REV000104,ORD000104,4,,,2023-07-04 21:01:32,2023-07-06 21:01:32
REV000105,ORD000105,5,Performance material kind appear.,,2024-05-20 07:23:36,2024-05-21 07:23:36
REV000106,ORD000106,2,Near until just.,,2024-11-14 07:03:08,2024-11-18 07:03:08
REV000107,ORD000107,5,,Building win participant dream citizen nearly need behavior yeah tree left brother strategy marriage.,2024-09-17 11:22:29,2024-09-18 11:22:29
REV000108,ORD000108,5,,Meeting event strong woman during necessary himself two meet these tell.,2023-07-30 05:08:08,2023-08-04 05:08:08
REV000110,ORD000110,4,,Significant take future skin environment able rise study oil process tend.,2024-12-14 06:55:00,2024-12-18 06:55:00
REV000111,ORD000111,5,,Mrs generation necessary myself lay focus country recently occur do simply analysis seat relate.,2023-11-02 06:05:17,2023-11-05 06:05:17
REV000112,ORD000112,4,,History professional star wonder manager already maybe opportunity thank them key moment.,2024-04-24 11:27:47,2024-04-26 11:27:47
REV000113,ORD000113,2,Address century that wide.,,2024-10-05 09:06:48,2024-10-06 09:06:48
REV000114,ORD000114,3,Light wide.,Perhaps however bag forget purpose move west phone thought maintain must pay.,2023-03-30 06:27:48,2023-04-04 06:27:48
REV000115,ORD000115,5,,,2023-09-16 17:14:49,2023-09-17 17:14:49
REV000116,ORD000116,1,,,2023-12-02 23:10:47,2023-12-03 23:10:47
REV000117,ORD000117,5,Piece TV young.,Its better plant their kitchen really tough animal.,2024-06-17 09:51:46,2024-06-21 09:51:46
REV000118,ORD000118,2,,Fall hear certainly most not society color bad.,2024-08-01 17:51:16,2024-08-03 17:51:16
REV000120,ORD000120,3,,,2024-12-27 00:12:12,2024-12-28 00:12:12
REV000121,ORD000121,5,,,2023-02-26 20:04:42,2023-02-28 20:04:42
REV000122,ORD000122,5,People drive tree central.,Point least project together let explain national available war write federal while real lead.,2023-02-15 21:29:53,2023-02-17 21:29:53
REV000123,ORD000123,5,,Current his low down occur offer yeah far within probably ever.,2023-09-17 11:43:12,2023-09-22 11:43:12
REV000124,ORD000124,1,Ten sing wind treat seat.,Simply discover soon despite couple economy sense should race carry best.,2023-06-18 22:33:08,2023-06-20 22:33:08
REV000125,ORD000125,3,Position final kid often run.,,2023-10-08 12:11:46,2023-10-09 12:11:46
REV000126,ORD000126,5,,Travel force indeed customer skill theory hand maybe.,2023-05-30 19:33:01,2023-06-03 19:33:01
REV000127,ORD000127,5,,Store either station loss southern second full boy while cell whom.,2023-05-03 13:48:50,2023-05-05 13:48:50
REV000128,ORD000128,4,,,2023-10-31 19:28:16,2023-11-03 19:28:16
REV000129,ORD000129,5,,Whose source hand so add Mr lawyer pull public once state wait board.,2023-04-08 04:51:11,2023-04-12 04:51:11
REV000130,ORD000130,5,,Likely people wall foreign particular positive play less red power.,2023-11-22 05:45:00,2023-11-27 05:45:00
REV000131,ORD000131,4,,,2024-02-12 04:00:07,2024-02-16 04:00:07
REV000132,ORD000132,5,,Cause watch fight manage best thought career law.,2024-09-20 16:09:07,2024-09-21 16:09:07
REV000133,ORD000133,5,Industry score choice increase between.,,2023-05-14 22:07:16,2023-05-19 22:07:16
REV000134,ORD000134,4,,Past voice evidence real describe know door guy wonder happen top population art every.,2023-08-06 20:03:34,2023-08-08 20:03:34
REV000135,ORD000135,5,We station begin.,Politics others again skill during call north attention share debate.,2023-11-24 13:01:23,2023-11-29 13:01:23
REV000136,ORD000136,4,,,2024-06-14 12:13:47,2024-06-15 12:13:47
REV000137,ORD000137,2,,Spend do similar small other everyone worker would music sometimes.,2023-09-04 21:05:59,2023-09-09 21:05:59
REV000138,ORD000138,5,,,2024-08-14 10:30:24,2024-08-17 10:30:24
REV000139,ORD000139,5,Produce ago.,Group small open administration enter camera inside.,2024-02-10 01:24:42,2024-02-11 01:24:42
REV000140,ORD000140,4,,,2023-11-11 01:45:53,2023-11-12 01:45:53
REV000142,ORD000142,5,,Second live sing message board mean war analysis.,2023-07-11 00:01:56,2023-07-15 00:01:56
REV000143,ORD000143,5,,Feeling poor all your suggest international blue Republican kitchen tonight focus chance call person one.,2024-05-30 03:17:30,2024-06-04 03:17:30
REV000144,ORD000144,4,,Herself our far measure involve soldier boy pressure there necessary tend involve.,2024-02-01 16:55:40,2024-02-06 16:55:40
REV000145,ORD000145,3,,,2023-08-28 19:41:16,2023-08-30 19:41:16
REV000146,ORD000146,5,Including still human.,Fine fine effort well rather listen before be.,2024-08-25 23:00:50,2024-08-28 23:00:50
REV000147,ORD000147,4,,,2024-12-20 13:00:56,2024-12-23 13:00:56
REV000148,ORD000148,5,,Benefit school speech news only no form business government program seek test return.,2024-12-07 00:37:57,2024-12-09 00:37:57
REV000149,ORD000149,3,,Outside goal official defense prevent difference board suddenly happen several off.,2023-04-10 04:41:07,2023-04-13 04:41:07
REV000150,ORD000150,4,,Suddenly window stand party poor ago upon stop environment Congress reflect finally fund.,2024-10-24 18:43:26,2024-10-27 18:43:26
REV000151,ORD000151,5,,,2023-01-19 02:34:06,2023-01-20 02:34:06
REV000152,ORD000152,4,,,2024-05-08 17:38:37,2024-05-12 17:38:37
REV000153,ORD000153,5,,Consider century price attorney scientist will begin.,2024-10-11 22:57:51,2024-10-14 22:57:51
REV000154,ORD000154,5,Democrat information game have return.,Other third choose senior anyone bank kitchen interest parent increase democratic mention generation book question.,2023-01-11 16:16:10,2023-01-12 16:16:10
REV000155,ORD000155,4,Main project animal house out.,Daughter war should share face build market.,2023-07-02 10:51:46,2023-07-03 10:51:46
REV000156,ORD000156,2,,,2024-07-23 12:28:03,2024-07-25 12:28:03
REV000157,ORD000157,5,Compare herself region matter.,Author technology amount affect TV television office of remember individual boy again.,2023-07-24 14:33:40,2023-07-25 14:33:40
REV000158,ORD000158,5,Commercial way least ready.,Because such during open model how financial fund four collection member box.,2023-09-15 08:41:43,2023-09-19 08:41:43
REV000159,ORD000159,4,,Create simply go when population challenge bill eight community check service away week physical less.,2024-04-13 15:58:12,2024-04-18 15:58:12
REV000161,ORD000161,5,Service large under north play.,,2023-07-26 13:56:14,2023-07-28 13:56:14
REV000162,ORD000162,4,,Follow wife firm key light place someone option goal avoid left also hard expert popular within.,2023-04-07 14:47:53,2023-04-08 14:47:53
REV000163,ORD000163,5,Past medical.,,2024-11-06 21:43:05,2024-11-07 21:43:05
REV000164,ORD000164,4,,,2023-04-26 18:45:23,2023-04-28 18:45:23
REV000165,ORD000165,5,Oil west school American.,Prepare focus little character artist billion tonight gas research mean common easy just keep mission.,2024-09-28 04:42:40,2024-10-03 04:42:40
REV000166,ORD000166,2,Hair truth hold.,Quickly appear piece free form newspaper hit edge surface who owner character.,2024-12-07 14:07:51,2024-12-08 14:07:51
REV000167,ORD000167,5,Old center.,Financial prevent product can remember be next poor foreign campaign reflect water.,2023-06-29 08:39:22,2023-07-01 08:39:22
REV000168,ORD000168,5,,,2024-03-18 22:49:11,2024-03-22 22:49:11
REV000169,ORD000169,5,,Behavior provide meet adult final week game she court yourself choice fast small medical music.,2023-06-02 09:04:13,2023-06-07 09:04:13
REV000170,ORD000170,3,Also from short capital heavy.,Congress realize person total return analysis hair rest wide.,2023-06-19 23:38:19,2023-06-22 23:38:19
REV000171,ORD000171,5,,,2023-03-15 18:49:26,2023-03-18 18:49:26
REV000172,ORD000172,4,,Expect security large move finally speak light strong happy water worker left example high month whom.,2024-08-25 05:26:38,2024-08-28 05:26:38
REV000173,ORD000173,4,,,2024-12-20 14:48:22,2024-12-22 14:48:22
REV000174,ORD000174,5,Soon catch economic.,Them never bill suffer surface expect several evening town challenge join watch develop later.,2024-03-15 21:13:34,2024-03-17 21:13:34
REV000175,ORD000175,5,,,2023-03-14 05:41:06,2023-03-15 05:41:06
REV000176,ORD000176,5,,Us increase how hear history bank different five between research friend certainly.,2023-06-23 03:02:07,2023-06-27 03:02:07
REV000177,ORD000177,5,Expert stop.,Serve light past town affect democratic change vote participant.,2023-03-01 10:49:30,2023-03-03 10:49:30
REV000178,ORD000178,4,,,2024-01-20 05:38:32,2024-01-21 05:38:32
REV000179,ORD000179,4,,Book explain feeling answer information soldier lead book toward others administration middle drop.,2023-01-28 00:59:08,2023-02-01 00:59:08
REV000180,ORD000180,5,,Fact ability good number cost property model guess well.,2023-01-11 12:59:44,2023-01-13 12:59:44
REV000181,ORD000181,5,,Medical write never hospital like player wonder effect administration small general run pick sign same.,2024-06-25 07:38:15,2024-06-29 07:38:15
REV000182,ORD000182,5,,Card good full poor store range wonder long consider care respond want.,2023-08-18 17:56:53,2023-08-20 17:56:53
REV000183,ORD000183,5,,Fall analysis current among value middle writer.,2023-09-21 06:08:54,2023-09-22 06:08:54
REV000184,ORD000184,5,,,2024-05-18 23:19:02,2024-05-19 23:19:02
REV000185,ORD000185,5,,List already positive experience television answer pretty event son join hundred keep what fund cost.,2023-05-29 15:32:03,2023-06-03 15:32:03
REV000186,ORD000186,5,,,2024-04-17 16:19:18,2024-04-20 16:19:18
REV000187,ORD000187,5,,,2024-06-01 02:40:02,2024-06-02 02:40:02
REV000188,ORD000188,5,,,2023-07-01 16:40:44,2023-07-02 16:40:44
REV000189,ORD000189,1,,Happen something entire bar interesting issue yet Congress family bill foreign fast knowledge response.,2024-03-11 17:11:32,2024-03-14 17:11:32
REV000190,ORD000190,5,,Ready goal amount thank good your ever woman way.,2024-05-30 09:41:21,2024-06-01 09:41:21
REV000191,ORD000191,2,,,2024-02-01 12:38:56,2024-02-06 12:38:56
REV000192,ORD000192,5,Provide image.,Song quickly well central parent sit alone attack sing hand him note painting quickly we.,2023-03-13 06:38:22,2023-03-16 06:38:22
REV000193,ORD000193,5,,,2024-05-10 18:14:49,2024-05-14 18:14:49
REV000194,ORD000194,1,,Know baby case happen fire everything whether ago control military trial brother.,2024-03-06 21:09:47,2024-03-07 21:09:47
REV000195,ORD000195,3,,Region Democrat partner really your customer career available common require young.,2023-09-03 07:01:50,2023-09-04 07:01:50
REV000196,ORD000196,5,Property remember nearly face.,,2024-11-20 20:22:54,2024-11-25 20:22:54
REV000197,ORD000197,5,,Surface Republican until point soldier meeting building cut catch so ago.,2024-12-07 05:00:35,2024-12-09 05:00:35
REV000198,ORD000198,5,,Occur level work candidate this assume huge response long improve important offer by first avoid.,2023-06-16 21:25:20,2023-06-21 21:25:20
REV000199,ORD000199,5,,,2023-08-13 20:04:22,2023-08-16 20:04:22
REV000200,ORD000200,5,,Quite general there sister policy consider whom item treat area buy check clearly follow.,2023-02-19 12:21:44,2023-02-22 12:21:44
REV000201,ORD000201,5,,,2023-01-23 14:31:58,2023-01-24 14:31:58
REV000202,ORD000202,5,,,2024-08-15 11:29:41,2024-08-17 11:29:41
REV000203,ORD000203,5,,,2024-05-30 03:06:10,2024-06-04 03:06:10
REV000204,ORD000204,3,Generation wait thus.,Economy play nearly by field move maybe collection.,2024-01-19 17:48:29,2024-01-23 17:48:29
REV000205,ORD000205,4,Child probably result painting successful.,,2024-11-11 01:34:39,2024-11-13 01:34:39
REV000206,ORD000206,5,,American tell ball we side enough decision occur peace air threat nation politics few each.,2023-09-21 22:22:31,2023-09-24 22:22:31
REV000207,ORD000207,5,,Father authority art keep machine daughter parent fine responsibility safe team wish candidate.,2024-08-26 03:26:25,2024-08-27 03:26:25
REV000209,ORD000209,5,,,2023-09-22 20:06:40,2023-09-23 20:06:40
REV000210,ORD000210,2,Middle blood drop business.,,2023-09-05 20:18:21,2023-09-09 20:18:21
REV000211,ORD000211,5,,Easy best face his past eat tend civil force officer fine several marriage method.,2023-11-09 10:22:23,2023-11-12 10:22:23
REV000212,ORD000212,4,,,2024-10-20 05:09:33,2024-10-25 05:09:33
REV000213,ORD000213,4,,,2023-12-16 14:24:29,2023-12-17 14:24:29
REV000214,ORD000214,4,,These market bed hotel lead drive on any example our successful pull experience account.,2023-12-25 14:31:31,2023-12-29 14:31:31
REV000215,ORD000215,5,,Issue think road shake hand hundred now crime.,2024-01-28 11:11:27,2024-02-02 11:11:27
REV000216,ORD000216,4,,,2023-01-29 02:46:19,2023-02-03 02:46:19
REV000217,ORD000217,2,,Eye hit late near stay perhaps particularly campaign benefit health would newspaper hand certain own.,2023-10-19 22:52:39,2023-10-22 22:52:39
REV000218,ORD000218,5,,,2023-06-03 16:37:00,2023-06-05 16:37:00
REV000219,ORD000219,5,Matter and case four.,,2023-07-27 00:27:22,2023-08-01 00:27:22
REV000220,ORD000220,5,,Mind chance throw cause use five hotel pattern successful order medical meeting majority none.,2024-08-21 11:05:48,2024-08-23 11:05:48
REV000221,ORD000221,4,,,2024-01-16 23:45:10,2024-01-21 23:45:10
REV000222,ORD000222,3,,,2024-07-20 15:25:37,2024-07-22 15:25:37
REV000223,ORD000223,1,Staff happy purpose woman.,,2024-02-06 19:01:26,2024-02-09 19:01:26
REV000224,ORD000224,5,Film together the picture others.,,2023-12-22 16:32:50,2023-12-25 16:32:50
REV000225,ORD000225,5,,,2024-08-14 21:41:09,2024-08-19 21:41:09
REV000226,ORD000226,5,,Whose situation simply officer return on color pick people subject challenge.,2023-03-27 06:50:55,2023-03-29 06:50:55
REV000227,ORD000227,5,,All way body affect finish charge real improve simple turn.,2024-02-17 07:51:01,2024-02-22 07:51:01
REV000228,ORD000228,5,,,2023-07-31 21:02:18,2023-08-04 21:02:18
REV000229,ORD000229,5,Relationship million.,,2023-10-30 18:11:12,2023-10-31 18:11:12
REV000230,ORD000230,5,Foot production moment finish community.,Garden great sign return poor really particular court east newspaper different win father eye debate.,2023-08-21 09:41:32,2023-08-26 09:41:32
REV000231,ORD000231,5,First give value somebody.,,2024-10-07 12:31:56,2024-10-10 12:31:56
REV000232,ORD000232,4,Explain of myself.,Stand west source fact explain research get kind either look dark Mrs usually.,2023-10-17 10:10:13,2023-10-18 10:10:13
REV000233,ORD000233,3,,Case past only drug prove most point appear including response beyond.,2024-01-28 06:38:53,2024-02-01 06:38:53
REV000234,ORD000234,3,,,2024-04-10 18:21:43,2024-04-12 18:21:43
REV000235,ORD000235,5,,,2023-07-02 13:48:33,2023-07-04 13:48:33
REV000236,ORD000236,4,,Accept nearly upon imagine various there local current white.,2024-06-13 06:20:48,2024-06-18 06:20:48
REV000237,ORD000237,5,,,2023-02-17 01:37:36,2023-02-22 01:37:36
REV000238,ORD000238,4,,,2023-05-04 13:29:17,2023-05-07 13:29:17
REV000239,ORD000239,5,Experience arrive shoulder present.,,2023-01-16 02:39:15,2023-01-21 02:39:15
REV000240,ORD000240,5,,Movement rich view tree company think compare try young however.,2024-08-24 09:18:13,2024-08-28 09:18:13
REV000241,ORD000241,1,,Control see the face also fear owner up friend lawyer political modern threat care.,2024-12-03 03:54:51,2024-12-07 03:54:51
REV000242,ORD000242,3,Life cover both class.,Possible responsibility add front far purpose cover particularly police if into foreign husband believe.,2023-12-06 07:17:21,2023-12-09 07:17:21
REV000243,ORD000243,5,,Local very according himself land environment form old of.,2024-02-14 19:26:28,2024-02-16 19:26:28
REV000244,ORD000244,5,,,2023-02-23 00:40:16,2023-02-26 00:40:16
REV000245,ORD000245,5,,,2024-05-04 23:32:45,2024-05-07 23:32:45
REV000246,ORD000246,5,,President realize artist brother fill if maybe time region financial brother.,2023-03-26 18:28:52,2023-03-29 18:28:52
REV000247,ORD000247,1,,,2024-01-23 20:00:17,2024-01-24 20:00:17
REV000248,ORD000248,1,,Happen determine whatever long lawyer writer health reduce tree serious soon.,2024-03-15 15:12:36,2024-03-16 15:12:36
REV000250,ORD000250,5,,,2024-07-25 04:24:00,2024-07-27 04:24:00
REV000251,ORD000251,5,Seven quite other.,Moment month gun true born stock total dark.,2024-05-10 03:57:26,2024-05-14 03:57:26
REV000252,ORD000252,5,,,2024-02-11 13:16:54,2024-02-12 13:16:54
REV000253,ORD000253,4,,Change foreign minute break day on before member speak law message lead around left southern.,2024-07-12 03:42:19,2024-07-16 03:42:19
REV000254,ORD000254,3,,,2023-06-06 01:24:09,2023-06-07 01:24:09
REV000255,ORD000255,4,How staff.,,2023-01-22 13:14:05,2023-01-26 13:14:05
REV000256,ORD000256,5,,,2023-09-24 17:39:12,2023-09-29 17:39:12
REV000257,ORD000257,5,,,2024-02-11 00:13:46,2024-02-16 00:13:46
REV000258,ORD000258,5,,Official and general as yes various attorney value all important.,2023-11-06 00:33:51,2023-11-09 00:33:51
REV000259,ORD000259,4,,She within position inside year him thank trade heart.,2023-10-19 04:06:38,2023-10-22 04:06:38
REV000260,ORD000260,5,,Card team budget year hotel camera without strong series without leg rest interest here discover.,2023-04-02 21:51:36,2023-04-04 21:51:36
REV000262,ORD000262,5,Get every visit right.,,2024-09-27 13:35:55,2024-10-02 13:35:55
REV000263,ORD000263,4,Allow produce.,She this administration deal beyond almost our reflect any scientist I doctor describe tell argue mean.,2023-02-10 07:04:29,2023-02-13 07:04:29
REV000264,ORD000264,5,,Doctor trouble office officer significant stand down then worry miss including.,2023-01-05 20:15:04,2023-01-09 20:15:04
REV000265,ORD000265,5,Article we they.,Personal interview many win walk provide skill five indicate.,2023-12-06 23:59:08,2023-12-08 23:59:08
REV000266,ORD000266,5,,Feel contain Mrs drive different tax certain leg arm.,2024-11-26 02:15:02,2024-12-01 02:15:02
REV000267,ORD000267,5,,Whose newspaper care drug data position two suggest begin right couple environmental purpose.,2024-04-26 06:47:41,2024-04-28 06:47:41
REV000268,ORD000268,3,,Always authority source onto provide describe decade trade field training deep couple scientist section senior trial.,2023-02-03 03:11:13,2023-02-04 03:11:13
REV000269,ORD000269,3,Region however dream focus executive.,,2023-08-21 04:02:36,2023-08-25 04:02:36
REV000270,ORD000270,4,Move grow end mention.,Letter sort reveal seven floor data fine animal ten scientist administration network once result.,2023-07-10 06:45:48,2023-07-14 06:45:48
REV000271,ORD000271,5,,,2024-12-17 09:02:35,2024-12-18 09:02:35
REV000272,ORD000272,5,,,2024-08-03 12:53:11,2024-08-08 12:53:11
REV000273,ORD000273,3,,,2023-07-05 09:38:00,2023-07-08 09:38:00
REV000274,ORD000274,5,,,2023-01-29 14:33:44,2023-01-30 14:33:44
REV000275,ORD000275,5,Charge form here.,,2023-07-01 04:39:31,2023-07-05 04:39:31
REV000276,ORD000276,5,,,2023-10-12 19:40:29,2023-10-17 19:40:29
REV000277,ORD000277,5,Material pressure range.,Shake major rich science leave run goal cause national contain threat.,2023-12-12 21:24:30,2023-12-13 21:24:30
REV000278,ORD000278,5,,,2023-06-24 10:10:13,2023-06-27 10:10:13
REV000279,ORD000279,3,Model stuff.,War property share include successful discuss religious across.,2024-06-23 23:14:45,2024-06-27 23:14:45
REV000280,ORD000280,1,Lay art point value.,Process administration mother in admit reveal movie expert maybe recently issue vote conference truth.,2024-05-21 04:02:26,2024-05-26 04:02:26
REV000281,ORD000281,4,,Chance court money spring environment however health image north wrong difficult range summer president teach.,2023-07-20 05:26:42,2023-07-21 05:26:42
REV000282,ORD000282,5,Behavior here.,Live PM reflect bar suddenly population former with wind thus try discover top realize note.,2024-01-02 16:54:13,2024-01-05 16:54:13
REV000283,ORD000283,4,,Another avoid understand tonight nor allow up fire which onto sell.,2023-07-11 11:30:09,2023-07-13 11:30:09
REV000284,ORD000284,5,Up federal nor note.,Quality music himself science so ready bad seat generation best discussion away painting.,2024-10-31 20:56:40,2024-11-03 20:56:40
REV000285,ORD000285,5,,,2024-09-22 19:35:25,2024-09-23 19:35:25
REV000286,ORD000286,5,Western however similar ahead event.,Make green wait it quickly produce beat peace something require bank child Republican plant.,2023-03-13 15:55:46,2023-03-15 15:55:46
REV000287,ORD000287,3,,First blood accept final growth especially car cost large never impact ago government.,2024-03-17 02:35:49,2024-03-21 02:35:49
REV000288,ORD000288,5,,Others six tell activity including single right nice.,2023-06-04 05:16:38,2023-06-06 05:16:38
REV000289,ORD000289,2,Occur college herself.,Especially environmental certainly cold every feel site guess want.,2024-07-01 07:31:03,2024-07-03 07:31:03
REV000290,ORD000290,5,,Many pattern leader career according how success here television key issue statement prepare organization feel owner.,2024-08-15 03:09:18,2024-08-16 03:09:18
REV000291,ORD000291,4,,,2023-09-19 02:25:14,2023-09-21 02:25:14
REV000293,ORD000293,5,Look concern huge.,Fact reason make office drug heavy staff hotel box nor or nation.,2024-06-12 21:37:49,2024-06-14 21:37:49
REV000294,ORD000294,5,,Agree road wall decide something story attorney summer some pull cause field education child institution.,2023-05-27 20:40:27,2023-05-29 20:40:27
REV000295,ORD000295,5,,,2023-03-16 07:39:34,2023-03-17 07:39:34
REV000296,ORD000296,5,,,2024-06-03 17:04:36,2024-06-04 17:04:36
REV000297,ORD000297,1,,Available wrong look husband media turn reality myself so growth time Mr.,2024-05-10 16:42:28,2024-05-14 16:42:28
REV000298,ORD000298,5,,Body eat professor coach partner none population position.,2024-09-12 16:50:23,2024-09-15 16:50:23
REV000299,ORD000299,5,,Whole involve action else member million oil offer knowledge hospital sign open.,2024-08-24 22:29:27,2024-08-29 22:29:27
REV000300,ORD000300,4,Character young lot far.,,2023-03-11 08:13:14,2023-03-14 08:13:14
REV000301,ORD000301,5,,Break wait center find lay deal lot live.,2023-12-10 04:25:18,2023-12-13 04:25:18
REV000302,ORD000302,5,Reveal laugh attack and.,Against gas body son upon scientist might necessary.,2023-07-30 09:28:24,2023-08-04 09:28:24
REV000303,ORD000303,5,Nice when discussion if.,,2023-12-06 02:18:51,2023-12-08 02:18:51
REV000304,ORD000304,3,,,2023-04-09 00:03:02,2023-04-12 00:03:02
REV000305,ORD000305,4,,,2023-12-14 21:54:41,2023-12-19 21:54:41
REV000306,ORD000306,5,,Control price how scene third last involve above Democrat.,2024-02-11 00:24:16,2024-02-13 00:24:16
REV000307,ORD000307,4,,Sell speak artist big the cost for leader energy television month.,2024-05-26 18:03:19,2024-05-31 18:03:19
REV000308,ORD000308,5,,Others particularly only girl suddenly pay sport relationship father pass be care.,2024-04-05 15:49:59,2024-04-07 15:49:59
REV000309,ORD000309,5,,,2023-04-25 00:25:14,2023-04-26 00:25:14
REV000310,ORD000310,3,,,2024-09-14 18:56:25,2024-09-17 18:56:25
REV000311,ORD000311,4,Draw bring health.,,2024-08-17 07:20:15,2024-08-18 07:20:15
REV000312,ORD000312,5,,Memory industry case himself control player really population yourself.,2024-12-13 12:33:34,2024-12-16 12:33:34
REV000313,ORD000313,5,Cold eye cost success people.,Weight machine crime himself no president important man report kitchen cold not.,2023-01-20 17:58:03,2023-01-23 17:58:03
REV000314,ORD000314,5,,,2024-01-21 10:30:27,2024-01-23 10:30:27
REV000315,ORD000315,4,,,2024-03-11 02:22:26,2024-03-12 02:22:26
REV000316,ORD000316,5,Factor ever Mrs.,Sit not significant manager member of environmental myself yard.,2024-06-14 10:40:54,2024-06-17 10:40:54
REV000317,ORD000317,5,,State among rest national wrong bill stop seem fear yourself last give stage keep yes.,2024-04-20 04:20:42,2024-04-23 04:20:42
REV000318,ORD000318,5,Decide scene ready.,,2023-07-23 21:07:06,2023-07-26 21:07:06
REV000319,ORD000319,5,Plan coach cause deal deal.,,2024-07-31 20:23:14,2024-08-02 20:23:14
REV000320,ORD000320,5,Now mother.,Much food region eye environment teach world quickly believe while size try yeah term camera tend.,2024-01-05 04:07:50,2024-01-09 04:07:50
REV000321,ORD000321,4,Chair focus easy.,Majority officer environmental increase later plant they behavior middle everything view hard wear.,2023-10-02 07:08:59,2023-10-06 07:08:59
REV000322,ORD000322,4,,,2023-05-07 15:14:04,2023-05-09 15:14:04
REV000323,ORD000323,5,,,2024-04-29 17:32:45,2024-05-02 17:32:45
REV000324,ORD000324,5,,,2024-05-24 04:23:45,2024-05-27 04:23:45
REV000325,ORD000325,5,,Old than suggest behavior will play recently sure somebody huge why station.,2024-01-20 22:44:21,2024-01-23 22:44:21
REV000326,ORD000326,4,,Environmental stock front official not magazine gas radio any between six least buy tax.,2024-09-05 05:54:36,2024-09-07 05:54:36
REV000327,ORD000327,5,Lead yeah into yet.,Think few themselves theory behavior growth bar professor power.,2024-09-04 14:36:57,2024-09-07 14:36:57
REV000328,ORD000328,4,,,2024-03-03 14:18:38,2024-03-06 14:18:38
REV000329,ORD000329,4,,How figure record doctor pretty region ability.,2024-06-11 06:52:29,2024-06-16 06:52:29
REV000330,ORD000330,2,,Back order mind knowledge account gas building team really local director become south billion.,2024-11-15 19:41:37,2024-11-17 19:41:37
REV000331,ORD000331,5,Thing case similar send.,Political quality attention none particular clearly goal defense security.,2023-01-18 05:59:11,2023-01-21 05:59:11
REV000333,ORD000333,4,,,2023-06-18 07:23:20,2023-06-22 07:23:20
REV000334,ORD000334,2,,,2024-03-15 02:32:37,2024-03-17 02:32:37
REV000335,ORD000335,5,,,2024-03-17 09:51:21,2024-03-22 09:51:21
REV000336,ORD000336,5,,Pattern kind describe to cause but role goal investment social easy popular easy.,2024-01-05 02:44:32,2024-01-08 02:44:32
REV000337,ORD000337,5,Outside parent single real summer.,,2023-09-05 12:53:43,2023-09-10 12:53:43
REV000338,ORD000338,4,Day parent country.,Far approach today west manager both matter order month within would value car.,2024-04-16 10:40:40,2024-04-18 10:40:40
REV000340,ORD000340,4,,,2023-08-17 08:22:47,2023-08-18 08:22:47
REV000342,ORD000342,4,,,2023-05-31 03:22:36,2023-06-02 03:22:36
REV000344,ORD000344,5,,Inside national common likely would authority onto add democratic two we huge expert Republican short.,2023-06-28 19:27:47,2023-07-01 19:27:47
REV000345,ORD000345,3,Reduce bar Mr pattern.,,2023-03-29 22:13:30,2023-04-03 22:13:30
REV000346,ORD000346,5,,Base bad TV window choice force only shake power poor financial.,2024-10-02 20:55:53,2024-10-05 20:55:53
REV000347,ORD000347,4,,Role suffer around beat its law participant finally score scientist budget remain reduce.,2023-08-11 01:16:54,2023-08-15 01:16:54
REV000348,ORD000348,5,Market get military.,,2023-12-11 09:40:54,2023-12-15 09:40:54
REV000349,ORD000349,5,Cold camera sit.,Run brother tonight friend investment model enjoy window physical many member.,2023-11-29 18:25:22,2023-12-03 18:25:22
REV000350,ORD000350,5,Matter note.,,2024-05-03 07:33:51,2024-05-04 07:33:51
REV000351,ORD000351,1,,Church significant thus purpose boy scientist able teach activity animal hair turn.,2024-04-12 03:36:28,2024-04-14 03:36:28
REV000352,ORD000352,5,Use tax need.,,2023-06-30 13:19:28,2023-07-01 13:19:28
REV000354,ORD000354,5,,Different eat trouble floor step number budget pull apply development middle animal husband.,2024-10-06 03:14:46,2024-10-07 03:14:46
REV000355,ORD000355,3,Tend similar financial beat.,,2023-12-19 04:53:10,2023-12-24 04:53:10
REV000356,ORD000356,5,Account customer nor fight.,Drug happy will young simply run national somebody character usually agency must player really act friend.,2024-11-03 10:37:59,2024-11-07 10:37:59
REV000357,ORD000357,5,,,2024-04-06 01:37:03,2024-04-08 01:37:03
REV000358,ORD000358,5,Support road billion morning.,Information which win central evidence analysis discuss suddenly including time.,2024-04-11 13:22:32,2024-04-13 13:22:32
REV000359,ORD000359,4,,Window be believe card star avoid nothing itself who door end fire song red.,2023-09-27 15:35:00,2023-10-02 15:35:00
REV000360,ORD000360,4,Fish evening avoid dark.,,2024-02-19 14:05:25,2024-02-22 14:05:25
REV000361,ORD000361,5,,,2024-08-14 00:03:10,2024-08-15 00:03:10
REV000362,ORD000362,4,,Board black last finish building group show later leg system bed space fight relate owner Democrat.,2024-09-13 08:14:39,2024-09-14 08:14:39
REV000363,ORD000363,5,,Chance represent why how any federal star community weight take new nearly.,2024-01-15 22:39:09,2024-01-16 22:39:09
REV000364,ORD000364,5,,Left sound cause activity store work candidate statement.,2024-09-11 14:37:20,2024-09-14 14:37:20
REV000365,ORD000365,4,,Rather visit base only true avoid young cup position speak begin suggest.,2024-11-17 09:54:29,2024-11-21 09:54:29
REV000366,ORD000366,5,,Business walk anything under item right many him interview government traditional every.,2024-04-23 16:50:05,2024-04-24 16:50:05
REV000367,ORD000367,4,,Third alone people early far include nearly article evidence case current this moment piece.,2023-02-16 02:58:55,2023-02-18 02:58:55
REV000368,ORD000368,5,Some writer site grow name.,General not focus establish ago others ahead specific exactly speak line group once do.,2023-01-26 22:53:52,2023-01-30 22:53:52
REV000369,ORD000369,5,Beyond prevent entire.,Shake way offer work home very yard community.,2023-10-04 06:12:49,2023-10-05 06:12:49
REV000370,ORD000370,5,,Or south recently trial agreement red way nor none could.,2023-02-13 21:33:27,2023-02-15 21:33:27
REV000371,ORD000371,5,,,2023-11-01 03:04:52,2023-11-04 03:04:52
REV000372,ORD000372,5,My compare also argue.,,2024-05-01 07:40:56,2024-05-03 07:40:56
REV000374,ORD000374,1,Despite money a truth cut.,Future concern sort than arrive challenge relate center book.,2024-12-20 16:38:14,2024-12-22 16:38:14
REV000375,ORD000375,2,Team whether health walk how.,From follow wish run join police maintain fish.,2024-03-31 16:58:45,2024-04-05 16:58:45
REV000376,ORD000376,5,,Really up skin development open compare fill read camera rock we we hot yes whole.,2024-11-30 13:14:04,2024-12-05 13:14:04
REV000377,ORD000377,4,,,2023-11-23 11:46:57,2023-11-26 11:46:57
REV000378,ORD000378,4,,Consider fish speak particularly policy bit many.,2023-10-26 09:02:04,2023-10-28 09:02:04
REV000379,ORD000379,3,Seat draw word collection.,,2023-10-21 08:33:59,2023-10-24 08:33:59
REV000380,ORD000380,4,,,2023-02-03 15:31:01,2023-02-06 15:31:01
REV000381,ORD000381,3,,,2024-12-07 01:48:48,2024-12-12 01:48:48
REV000382,ORD000382,5,,Start prove role from activity decide really go.,2023-12-06 17:41:12,2023-12-09 17:41:12
REV000385,ORD000385,1,,,2024-03-14 07:21:26,2024-03-17 07:21:26
REV000386,ORD000386,1,Result answer.,,2023-11-25 23:29:44,2023-11-29 23:29:44
REV000387,ORD000387,5,,,2023-09-18 17:15:42,2023-09-19 17:15:42
REV000388,ORD000388,4,Run why this manage.,Goal heart stock small official serve difficult later son almost after end.,2024-02-10 19:57:57,2024-02-13 19:57:57
REV000389,ORD000389,5,,Avoid color heart rule natural together behavior order.,2023-10-11 11:12:46,2023-10-14 11:12:46
REV000390,ORD000390,5,Throw relate issue president parent.,Church big day couple recent reveal role enter example down anyone occur style.,2024-11-23 01:55:32,2024-11-28 01:55:32
REV000391,ORD000391,4,,Approach about because station person lose best deal point.,2023-07-26 15:34:34,2023-07-28 15:34:34
REV000392,ORD000392,3,List break.,Likely thus enter politics hold he high cost and keep enjoy student nor.,2023-04-16 04:29:11,2023-04-21 04:29:11
REV000393,ORD000393,5,,Sell property beat gas must wife operation network subject.,2024-10-08 10:28:31,2024-10-10 10:28:31
REV000394,ORD000394,5,,Industry movement term little think live bad total research maybe too song quality per build.,2023-08-07 00:44:59,2023-08-11 00:44:59
REV000395,ORD000395,3,,,2024-09-09 04:31:30,2024-09-12 04:31:30
REV000396,ORD000396,5,Common worker will speak.,Amount bad raise dark state challenge organization floor road.,2023-07-14 20:56:05,2023-07-17 20:56:05
REV000397,ORD000397,5,Beautiful news.,,2023-08-16 07:01:29,2023-08-18 07:01:29
REV000398,ORD000398,3,,For everybody leader them skill performance mission information increase challenge onto serve vote understand none.,2023-03-18 01:42:21,2023-03-19 01:42:21
REV000399,ORD000399,5,Size test.,There enough pressure occur list common idea peace race I how these.,2023-07-15 19:57:23,2023-07-19 19:57:23
REV000400,ORD000400,5,,,2024-07-26 21:53:45,2024-07-31 21:53:45
REV000401,ORD000401,5,,Any little environmental head full soldier financial successful teach range.,2024-04-08 00:23:43,2024-04-12 00:23:43
REV000402,ORD000402,5,,,2024-06-03 10:51:45,2024-06-04 10:51:45
REV000403,ORD000403,1,Care wind kitchen.,,2024-07-09 07:47:03,2024-07-11 07:47:03
REV000404,ORD000404,5,Especially indicate population could.,,2024-09-12 01:37:24,2024-09-13 01:37:24
REV000405,ORD000405,3,Tree imagine machine.,,2024-09-02 08:22:54,2024-09-07 08:22:54
REV000406,ORD000406,4,,Test start middle city find medical career surface these ahead cover strategy student economic lead.,2024-11-03 08:55:41,2024-11-08 08:55:41
REV000407,ORD000407,4,,,2024-05-13 06:28:42,2024-05-14 06:28:42
REV000408,ORD000408,5,,,2023-08-26 13:25:28,2023-08-28 13:25:28
REV000409,ORD000409,1,Relate ever statement measure.,Race drop major land whether listen necessary general study.,2023-07-06 08:10:43,2023-07-11 08:10:43
REV000410,ORD000410,5,,See read expect hit clear occur who tax positive question especially.,2024-02-13 02:12:15,2024-02-18 02:12:15
REV000411,ORD000411,5,Message ten whose radio.,Treatment positive over across education source figure whom poor interest heavy give edge level.,2024-01-08 12:53:08,2024-01-13 12:53:08
REV000412,ORD000412,5,,Station however bill memory production successful hear positive participant fear blue as write political technology.,2024-04-22 13:43:21,2024-04-24 13:43:21
REV000413,ORD000413,4,Prevent weight prepare.,Change she tonight south sort outside produce race return pretty.,2023-10-30 11:07:45,2023-10-31 11:07:45
REV000414,ORD000414,5,Else industry home.,,2024-12-16 03:16:09,2024-12-17 03:16:09
REV000415,ORD000415,3,,On yes staff gas require rather point.,2024-02-07 10:01:54,2024-02-10 10:01:54
REV000416,ORD000416,5,,Trade public medical suddenly subject theory Congress best campaign else space several consumer quite.,2024-06-22 21:34:38,2024-06-24 21:34:38
REV000417,ORD000417,5,,,2023-08-08 03:17:06,2023-08-09 03:17:06
REV000418,ORD000418,5,,Pressure develop development the inside thought he one less brother approach plant.,2024-03-28 06:22:05,2024-04-01 06:22:05
REV000419,ORD000419,4,Want author threat matter test.,Morning including that character yeah garden would throughout would century television Congress.,2023-07-22 09:22:10,2023-07-27 09:22:10
REV000420,ORD000420,5,,Maintain piece computer play above event seven collection.,2023-01-26 01:07:40,2023-01-28 01:07:40
REV000421,ORD000421,5,,,2023-05-16 16:21:23,2023-05-20 16:21:23
REV000424,ORD000424,5,,Majority shake because pass plant idea whole himself also.,2024-01-15 17:08:36,2024-01-16 17:08:36
REV000425,ORD000425,5,Room wear throughout.,Course quality phone eat really general can himself open cold statement fear fact road others.,2023-11-15 18:15:02,2023-11-17 18:15:02
REV000427,ORD000427,5,Its rather card you.,,2024-10-08 05:24:31,2024-10-11 05:24:31
REV000428,ORD000428,5,,,2023-10-22 17:12:57,2023-10-23 17:12:57
REV000429,ORD000429,5,,,2024-03-23 02:33:07,2024-03-26 02:33:07
REV000430,ORD000430,5,,,2024-05-30 22:53:00,2024-05-31 22:53:00
REV000431,ORD000431,4,,Grow could way truth idea direction road capital safe operation college hand practice also.,2023-08-30 19:20:13,2023-09-04 19:20:13
REV000432,ORD000432,4,Side perhaps order.,Product president after ready indicate herself natural.,2024-10-22 12:31:49,2024-10-24 12:31:49
REV000433,ORD000433,1,Reduce day rate act.,,2024-06-17 17:21:08,2024-06-22 17:21:08
REV000434,ORD000434,4,,,2023-06-24 21:34:14,2023-06-28 21:34:14
REV000435,ORD000435,5,Product production establish paper.,,2024-10-04 08:25:21,2024-10-08 08:25:21
REV000436,ORD000436,5,Industry together memory.,Brother box blood cup current enjoy mission cut region far always many debate value former able.,2023-10-29 13:56:32,2023-11-02 13:56:32
REV000437,ORD000437,5,Trade structure.,Chance bed memory rich big eight discuss write fast less between company always fact.,2023-09-13 03:35:23,2023-09-16 03:35:23
REV000438,ORD000438,3,,International break surface three act catch positive forget thus western environmental run.,2023-03-17 22:45:23,2023-03-22 22:45:23
REV000439,ORD000439,5,Spring consumer husband while.,,2023-03-15 05:58:09,2023-03-20 05:58:09
REV000440,ORD000440,4,,Structure ready long instead though coach car risk word such billion.,2024-06-04 23:55:37,2024-06-06 23:55:37
REV000441,ORD000441,4,,Lot notice just particularly single particularly television they road through low maintain thought key as pressure.,2023-03-15 08:58:16,2023-03-17 08:58:16
REV000442,ORD000442,5,,Relate question should office north within prove.,2024-08-12 10:25:08,2024-08-13 10:25:08
REV000443,ORD000443,5,,,2023-04-16 02:02:10,2023-04-18 02:02:10
REV000444,ORD000444,4,Mind read peace item.,,2023-02-25 17:30:33,2023-02-28 17:30:33
REV000445,ORD000445,3,,,2023-08-17 15:58:52,2023-08-20 15:58:52
REV000446,ORD000446,5,Loss professional political.,,2024-01-19 23:40:15,2024-01-21 23:40:15
REV000447,ORD000447,3,,,2023-03-10 14:47:57,2023-03-15 14:47:57
REV000448,ORD000448,4,,Stuff next write approach poor church support system thank.,2024-06-27 03:17:24,2024-07-02 03:17:24
REV000449,ORD000449,4,,,2023-12-28 12:13:29,2024-01-01 12:13:29
REV000450,ORD000450,5,Seem fly.,Wife anyone development poor idea dog learn soon large task language budget.,2023-09-14 05:36:47,2023-09-15 05:36:47
REV000451,ORD000451,5,,,2023-04-06 11:04:07,2023-04-08 11:04:07
REV000452,ORD000452,3,,,2024-11-22 04:34:11,2024-11-25 04:34:11
REV000453,ORD000453,5,,Seat adult idea along near stay social white point three none pressure lay future.,2024-07-31 14:45:42,2024-08-04 14:45:42
REV000454,ORD000454,4,,,2023-04-11 19:55:27,2023-04-14 19:55:27
REV000455,ORD000455,1,,,2023-11-29 08:10:57,2023-11-30 08:10:57
REV000456,ORD000456,5,,,2023-06-13 00:41:31,2023-06-18 00:41:31
REV000457,ORD000457,3,Staff such.,,2024-09-20 21:31:29,2024-09-24 21:31:29
REV000458,ORD000458,5,,,2024-03-12 11:59:01,2024-03-14 11:59:01
REV000459,ORD000459,5,,,2024-05-26 00:48:08,2024-05-31 00:48:08
REV000460,ORD000460,5,,,2023-12-08 16:17:55,2023-12-09 16:17:55
REV000461,ORD000461,5,,Nice people list price respond box service develop game stop who factor.,2024-03-09 11:40:15,2024-03-14 11:40:15
REV000462,ORD000462,4,,Hear blood to manage state score important effect cultural building system democratic station course full.,2024-05-19 19:54:33,2024-05-23 19:54:33
REV000463,ORD000463,1,Another plan public but.,,2024-07-24 13:23:11,2024-07-28 13:23:11
REV000464,ORD000464,5,,Leader operation mean white above save network item one under sit travel reality community.,2023-03-09 12:16:33,2023-03-10 12:16:33
REV000465,ORD000465,5,,,2024-02-13 18:43:16,2024-02-14 18:43:16
REV000466,ORD000466,5,,,2023-04-04 02:55:48,2023-04-08 02:55:48
REV000468,ORD000468,3,,Billion price paper focus thing industry participant realize eat.,2024-06-07 02:01:30,2024-06-10 02:01:30
REV000469,ORD000469,4,,,2024-02-26 16:29:10,2024-03-01 16:29:10
REV000470,ORD000470,4,White wife laugh card.,,2023-05-24 06:59:27,2023-05-26 06:59:27
REV000471,ORD000471,4,,,2023-07-08 14:00:59,2023-07-12 14:00:59
REV000472,ORD000472,4,,,2023-04-08 08:00:18,2023-04-13 08:00:18
REV000473,ORD000473,5,,,2023-02-16 03:52:16,2023-02-19 03:52:16
REV000474,ORD000474,3,,Owner though mention successful natural finish say network design decide research rather TV.,2023-10-05 22:56:33,2023-10-10 22:56:33
REV000475,ORD000475,5,,Wonder practice when mean reason follow break good lose.,2024-07-02 22:21:39,2024-07-04 22:21:39
REV000476,ORD000476,5,,Wall report purpose throw move there institution actually blood herself apply argue environment size worker.,2024-04-21 14:17:20,2024-04-22 14:17:20
REV000477,ORD000477,5,Chair artist six.,,2023-07-08 15:22:57,2023-07-10 15:22:57
REV000478,ORD000478,5,Send allow sport.,Pattern push no difference positive home memory someone.,2024-08-04 12:59:46,2024-08-05 12:59:46
REV000479,ORD000479,5,Realize another high.,,2024-07-16 13:05:42,2024-07-18 13:05:42
REV000480,ORD000480,3,,What wish fine need actually edge per sit thank stop treatment relate positive.,2023-02-11 15:44:47,2023-02-14 15:44:47
REV000481,ORD000481,5,,,2024-01-08 21:01:16,2024-01-10 21:01:16
REV000482,ORD000482,5,,,2024-04-28 09:17:58,2024-04-29 09:17:58
REV000483,ORD000483,5,National owner simply who family.,Work avoid while same budget American evidence enough claim.,2024-06-12 07:25:05,2024-06-14 07:25:05
REV000484,ORD000484,5,Accept letter visit.,,2024-03-28 01:52:42,2024-04-01 01:52:42
REV000485,ORD000485,5,,,2023-05-19 16:14:10,2023-05-24 16:14:10
REV000486,ORD000486,4,,,2023-08-06 16:27:22,2023-08-07 16:27:22
REV000487,ORD000487,5,Child follow.,,2024-04-03 05:19:17,2024-04-08 05:19:17
REV000488,ORD000488,5,,,2023-06-22 07:46:33,2023-06-26 07:46:33
REV000489,ORD000489,5,Similar personal.,Make of group six fish detail contain attention measure indeed Mr.,2024-03-26 17:20:02,2024-03-28 17:20:02
REV000490,ORD000490,4,Glass third.,Former family wear peace little no sell power boy generation drive politics.,2023-06-27 09:44:19,2023-06-29 09:44:19
REV000491,ORD000491,4,During always those high someone.,History music executive treat state heart sort knowledge.,2023-05-27 03:26:44,2023-05-31 03:26:44
REV000492,ORD000492,5,,,2023-02-06 01:17:37,2023-02-09 01:17:37
REV000493,ORD000493,5,,,2023-09-27 05:21:08,2023-10-02 05:21:08
REV000494,ORD000494,5,,Fast prepare fly bank benefit will significant.,2024-06-10 04:26:24,2024-06-13 04:26:24
REV000495,ORD000495,5,,,2023-04-18 10:59:13,2023-04-20 10:59:13
REV000496,ORD000496,5,Account assume prove similar ten.,,2023-11-11 12:34:14,2023-11-16 12:34:14
REV000497,ORD000497,5,,,2024-01-02 21:48:39,2024-01-07 21:48:39
REV000498,ORD000498,5,Structure day stock these.,,2024-09-01 17:57:28,2024-09-04 17:57:28
REV000499,ORD000499,4,Position vote section child.,Response also available concern edge audience start treat imagine later identify first hope brother.,2024-07-13 05:41:19,2024-07-18 05:41:19
REV000500,ORD000500,5,Political peace.,Animal summer group me face rate paper example unit high state air choose detail section someone.,2023-06-19 12:11:09,2023-06-23 12:11:09
REV000501,ORD000501,5,Far plant fear thought whole.,Whatever action themselves center among of hour natural be decide scientist rise.,2024-12-18 17:40:22,2024-12-23 17:40:22
REV000502,ORD000502,5,,Include position mention claim determine strong create consider son system.,2023-02-24 14:49:38,2023-02-26 14:49:38
REV000503,ORD000503,1,,,2023-03-13 15:45:49,2023-03-15 15:45:49
REV000504,ORD000504,4,Leave near fact attack better.,,2023-04-28 20:11:27,2023-04-29 20:11:27
REV000505,ORD000505,3,,,2023-04-14 00:50:11,2023-04-19 00:50:11
REV000506,ORD000506,5,Maintain former campaign pretty beyond.,,2024-02-23 06:35:43,2024-02-27 06:35:43
REV000507,ORD000507,1,Attorney cover magazine foreign process.,,2023-02-18 13:49:25,2023-02-19 13:49:25
REV000508,ORD000508,5,Charge note space when collection.,East develop science job style care run there leg grow figure necessary.,2023-05-14 10:14:22,2023-05-17 10:14:22
REV000509,ORD000509,5,,,2023-01-05 12:31:33,2023-01-09 12:31:33
REV000510,ORD000510,5,,Population bank exactly step through cultural safe phone road.,2024-02-08 04:29:35,2024-02-11 04:29:35
REV000511,ORD000511,5,,Support place spend often shoulder defense already.,2023-05-21 17:54:57,2023-05-26 17:54:57
REV000512,ORD000512,1,Myself your line.,Hand development sign run fact let member however maybe.,2023-02-18 11:14:21,2023-02-20 11:14:21
REV000513,ORD000513,5,Summer southern pass.,,2023-12-29 17:18:48,2024-01-02 17:18:48
REV000514,ORD000514,3,,Serious cell city not not the certainly rule voice.,2024-12-16 05:23:40,2024-12-18 05:23:40
REV000516,ORD000516,1,,,2024-11-02 20:19:37,2024-11-06 20:19:37
REV000517,ORD000517,5,,Despite maintain as hard amount deal traditional.,2024-09-03 04:48:05,2024-09-04 04:48:05
REV000518,ORD000518,5,Hold truth thing always.,Billion why plant event score official now heavy her onto together back.,2024-07-31 10:37:50,2024-08-02 10:37:50
REV000519,ORD000519,3,,,2024-05-16 02:03:59,2024-05-21 02:03:59
REV000520,ORD000520,5,,,2023-11-19 16:12:19,2023-11-23 16:12:19
REV000521,ORD000521,4,,,2023-01-29 10:12:02,2023-02-03 10:12:02
REV000522,ORD000522,3,Heavy trade might.,Stage generation society thought according think key discover method exactly change church.,2023-05-01 09:41:17,2023-05-04 09:41:17
REV000523,ORD000523,4,,Response brother discover specific result loss long decision claim street against amount of claim picture always.,2024-02-09 07:56:40,2024-02-14 07:56:40
REV000524,ORD000524,2,Chair coach two might if.,Point these road start water describe paper likely loss detail improve central old should perhaps.,2023-02-15 14:02:29,2023-02-19 14:02:29
REV000525,ORD000525,5,,,2024-12-30 17:22:33,2025-01-02 17:22:33
REV000526,ORD000526,5,,Enough right garden law opportunity discover history board dark teacher mean information change benefit live.,2024-03-04 10:12:21,2024-03-08 10:12:21
REV000527,ORD000527,4,,Outside there mother sell behavior process top much ability visit question issue inside themselves recently investment.,2023-09-19 20:56:08,2023-09-24 20:56:08
REV000528,ORD000528,5,Smile high open scientist.,Best care local discussion teacher exist theory impact country remember smile official brother according pressure.,2023-10-13 00:26:25,2023-10-15 00:26:25
REV000529,ORD000529,4,,Impact blood international one end movie north partner yeah however data need.,2024-12-19 09:18:55,2024-12-21 09:18:55
REV000530,ORD000530,4,Lot have never effect fill.,Similar huge catch tell budget discover situation we beyond meet skill song.,2023-10-21 23:06:30,2023-10-22 23:06:30
REV000531,ORD000531,4,,,2024-06-10 06:58:39,2024-06-11 06:58:39
REV000532,ORD000532,5,Recent religious claim who accept.,Statement likely outside because enjoy he participant right.,2024-09-24 20:24:32,2024-09-27 20:24:32
REV000533,ORD000533,2,,Pass minute represent our watch star policy keep cut prevent sound experience almost.,2024-09-01 03:07:00,2024-09-05 03:07:00
REV000534,ORD000534,5,Member recognize past purpose growth.,Wish beautiful every human prove if customer.,2024-08-13 01:12:27,2024-08-18 01:12:27
REV000535,ORD000535,4,Say attention.,Near risk next on girl spring difficult white.,2023-01-18 19:46:02,2023-01-23 19:46:02
REV000536,ORD000536,5,Upon offer end imagine.,,2023-08-05 11:46:34,2023-08-06 11:46:34
REV000537,ORD000537,4,Next me.,,2023-10-09 01:21:37,2023-10-12 01:21:37
REV000538,ORD000538,5,,,2024-12-05 01:35:12,2024-12-10 01:35:12
REV000539,ORD000539,5,,,2023-04-13 05:16:33,2023-04-14 05:16:33
REV000540,ORD000540,5,,,2024-01-01 20:55:24,2024-01-04 20:55:24
REV000541,ORD000541,3,,Water sort what then spend offer reason whom none show serious which.,2023-10-02 02:33:09,2023-10-06 02:33:09
REV000542,ORD000542,4,,Race to television loss election him small detail red son include good movie red.,2023-08-10 13:48:06,2023-08-11 13:48:06
REV000543,ORD000543,5,Eat behavior purpose.,Away use live government thus especially water raise travel material current save.,2023-01-01 07:27:00,2023-01-03 07:27:00
REV000544,ORD000544,4,,,2024-07-04 07:16:24,2024-07-07 07:16:24
REV000546,ORD000546,5,Deal dark economic.,Green single build bad what manage according tax when summer he firm together thing off ever.,2024-04-26 21:06:02,2024-04-30 21:06:02
REV000547,ORD000547,4,,Worker trouble exactly develop office approach son long must.,2024-07-12 04:23:34,2024-07-15 04:23:34
REV000548,ORD000548,4,,Girl team simply lead build million firm across purpose here beyond gun technology cost.,2024-05-25 06:28:16,2024-05-27 06:28:16
REV000549,ORD000549,3,,,2024-01-19 07:36:31,2024-01-22 07:36:31
REV000550,ORD000550,5,,,2024-01-07 11:51:38,2024-01-11 11:51:38
REV000551,ORD000551,3,Down likely party.,,2023-04-20 05:31:39,2023-04-21 05:31:39
REV000553,ORD000553,3,,Contain interest industry sell half hundred late number without rather sport result.,2023-07-22 09:17:22,2023-07-26 09:17:22
REV000554,ORD000554,5,,New task cultural son school list act instead care throw.,2023-07-26 13:43:52,2023-07-28 13:43:52
REV000555,ORD000555,5,,Military result size feel no nothing huge real art sport live picture last free guess night.,2023-09-22 00:31:36,2023-09-25 00:31:36
REV000556,ORD000556,3,,,2023-05-15 00:20:26,2023-05-18 00:20:26
REV000557,ORD000557,4,General in go.,Current office power company sister great pull maintain say threat high expert place certain cold space.,2024-04-07 13:33:14,2024-04-08 13:33:14
REV000558,ORD000558,4,,Instead partner if trade bad gas finish president report painting house thought.,2023-04-22 07:21:26,2023-04-24 07:21:26
REV000559,ORD000559,5,Security minute late cold.,,2024-03-14 22:38:32,2024-03-17 22:38:32
REV000560,ORD000560,1,,By doctor edge season see decision however.,2023-01-04 16:19:27,2023-01-09 16:19:27
REV000561,ORD000561,5,,,2023-09-25 18:35:33,2023-09-30 18:35:33
REV000562,ORD000562,5,As these.,,2024-01-20 03:12:43,2024-01-23 03:12:43
REV000563,ORD000563,5,Approach side model you billion.,,2023-01-03 12:18:31,2023-01-04 12:18:31
REV000564,ORD000564,5,,,2024-05-07 04:38:06,2024-05-12 04:38:06
REV000565,ORD000565,5,,Choice pressure those finally easy exist phone capital stuff agreement professional team foot live window music.,2023-09-12 14:04:52,2023-09-13 14:04:52
REV000566,ORD000566,4,,,2024-09-08 14:43:24,2024-09-12 14:43:24
REV000567,ORD000567,5,,Nature career way much opportunity lead see theory itself policy move.,2024-04-14 12:09:41,2024-04-15 12:09:41
REV000568,ORD000568,4,,,2024-12-28 13:03:20,2024-12-30 13:03:20
REV000569,ORD000569,4,,,2023-09-23 05:52:06,2023-09-28 05:52:06
REV000570,ORD000570,5,Loss dinner become film.,Employee field a spring summer gas light across two water local across involve.,2024-06-29 18:36:47,2024-07-03 18:36:47
REV000571,ORD000571,5,Others someone nature.,In night house clear say hope her enjoy instead dream.,2024-01-27 00:30:00,2024-01-31 00:30:00
REV000572,ORD000572,5,Space range expect sea speak.,Could attention carry book lay laugh red man fly charge wide against win.,2023-01-20 14:00:10,2023-01-22 14:00:10
REV000573,ORD000573,5,,,2023-06-12 22:29:49,2023-06-15 22:29:49
REV000574,ORD000574,4,,,2023-05-14 08:26:21,2023-05-18 08:26:21
REV000575,ORD000575,4,,Especially resource road do character management game find son your less.,2024-08-29 09:01:17,2024-09-03 09:01:17
REV000576,ORD000576,4,Form such.,,2023-05-29 15:22:28,2023-05-31 15:22:28
REV000577,ORD000577,5,,,2024-08-22 10:45:54,2024-08-27 10:45:54
REV000578,ORD000578,5,,Argue simply author like court success stage stock business.,2023-12-30 09:20:10,2023-12-31 09:20:10
REV000579,ORD000579,5,,,2024-10-26 23:08:46,2024-10-31 23:08:46
REV000580,ORD000580,4,,,2024-08-19 06:39:42,2024-08-22 06:39:42
REV000581,ORD000581,3,,His window east yes current same behind program decade home.,2024-10-08 06:25:45,2024-10-11 06:25:45
REV000583,ORD000583,5,,,2023-05-14 16:46:12,2023-05-17 16:46:12
REV000584,ORD000584,5,,View city rock seat near business loss federal growth appear project.,2023-05-05 22:42:33,2023-05-07 22:42:33
REV000585,ORD000585,4,Door its.,Cold everybody build smile across among situation.,2024-04-01 17:08:18,2024-04-06 17:08:18
REV000586,ORD000586,4,,Read choice side eat matter rather full wide service art green child movie blue.,2023-11-14 01:34:44,2023-11-17 01:34:44
REV000587,ORD000587,5,,Discussion word small series south just cover ready group care together magazine join far.,2024-07-23 06:26:19,2024-07-28 06:26:19
REV000588,ORD000588,3,,,2024-10-26 05:12:45,2024-10-28 05:12:45
REV000589,ORD000589,5,,Couple cost girl run every story trial never attention choice fast enjoy happen a.,2024-12-05 09:33:09,2024-12-09 09:33:09
REV000591,ORD000591,5,,,2023-01-30 09:38:05,2023-01-31 09:38:05
REV000593,ORD000593,5,,Here control affect task simply draw return probably much hold model marriage necessary party.,2024-09-14 20:35:10,2024-09-18 20:35:10
REV000594,ORD000594,5,,,2024-10-15 11:13:31,2024-10-19 11:13:31
REV000595,ORD000595,5,Important focus benefit probably.,,2024-02-05 12:26:52,2024-02-09 12:26:52
REV000596,ORD000596,5,Strong candidate.,Dark magazine better number student price moment.,2024-12-27 05:58:20,2024-12-28 05:58:20
REV000597,ORD000597,3,,Eight hand paper audience us decade man threat bag song art newspaper voice indeed hard remain.,2023-01-24 13:43:06,2023-01-26 13:43:06
REV000598,ORD000598,5,Entire American audience fight war.,Best rise mother country moment eat personal condition see indeed black police group learn professor.,2024-01-12 18:43:41,2024-01-17 18:43:41
REV000599,ORD000599,4,Coach Congress.,,2024-09-26 12:03:11,2024-09-30 12:03:11
REV000600,ORD000600,5,Measure price move outside.,Total nearly you suddenly include plan step food drive nation heart nearly.,2024-01-19 05:27:19,2024-01-24 05:27:19
REV000601,ORD000601,3,Growth laugh where.,,2024-01-07 21:40:33,2024-01-12 21:40:33
REV000602,ORD000602,5,Risk work.,Administration career three according worker Democrat fire sign wall state try memory number occur behind leave.,2023-11-18 13:02:14,2023-11-20 13:02:14
REV000603,ORD000603,5,,,2023-02-04 06:37:40,2023-02-09 06:37:40
REV000604,ORD000604,5,,Catch happen old do specific begin hundred truth safe.,2023-11-24 11:26:41,2023-11-25 11:26:41
REV000605,ORD000605,5,,,2024-05-29 16:27:47,2024-06-03 16:27:47
REV000606,ORD000606,5,,Society common stay ready office traditional organization feel room office bad argue.,2024-11-03 20:30:23,2024-11-06 20:30:23
REV000607,ORD000607,5,,Girl stage indicate test thank dinner present own activity since him fight.,2024-04-11 01:02:28,2024-04-13 01:02:28
REV000608,ORD000608,2,,,2024-10-03 02:42:15,2024-10-06 02:42:15
REV000610,ORD000610,5,Floor north.,,2024-03-16 06:52:42,2024-03-17 06:52:42
REV000611,ORD000611,4,,,2023-03-14 12:40:04,2023-03-18 12:40:04
REV000612,ORD000612,5,,,2024-01-21 07:28:08,2024-01-22 07:28:08
REV000613,ORD000613,1,Maybe determine anything rule.,,2024-02-28 14:18:53,2024-03-03 14:18:53
REV000614,ORD000614,2,,,2024-01-31 22:48:31,2024-02-04 22:48:31
REV000615,ORD000615,5,Wife send offer bed.,,2023-01-21 12:08:55,2023-01-26 12:08:55
REV000616,ORD000616,4,Face hour car bar.,,2024-07-13 11:51:38,2024-07-17 11:51:38
REV000617,ORD000617,3,Seat nature energy huge its.,Seven lose cup house number night young modern drug.,2023-06-10 16:49:33,2023-06-11 16:49:33
REV000618,ORD000618,4,,,2023-01-01 13:36:19,2023-01-06 13:36:19
REV000619,ORD000619,5,,Since food under become public interest give fly order agency fight.,2023-01-29 08:34:41,2023-02-03 08:34:41
REV000620,ORD000620,5,,Pattern wrong kind certainly and stand current health serious table both approach.,2024-12-10 20:35:54,2024-12-11 20:35:54
REV000621,ORD000621,1,Unit than star add really.,,2023-10-01 09:23:22,2023-10-05 09:23:22
REV000622,ORD000622,2,Figure likely.,Decade Mrs data model else low role center recognize adult on professional.,2023-06-27 11:39:49,2023-07-01 11:39:49
REV000623,ORD000623,4,,,2023-12-03 22:47:24,2023-12-06 22:47:24
REV000624,ORD000624,5,,,2024-03-25 20:23:38,2024-03-26 20:23:38
REV000625,ORD000625,5,,,2023-04-28 08:20:28,2023-04-30 08:20:28
REV000626,ORD000626,3,,Eight art customer recent even let war.,2023-03-18 15:47:14,2023-03-19 15:47:14
REV000627,ORD000627,3,,,2023-07-30 09:34:18,2023-08-04 09:34:18
REV000628,ORD000628,1,,,2024-05-06 02:43:45,2024-05-10 02:43:45
REV000629,ORD000629,5,Home even.,,2024-01-28 17:01:20,2024-01-29 17:01:20
REV000630,ORD000630,1,,Ten affect test power discuss herself with between firm term mother cost.,2023-02-24 12:30:20,2023-02-28 12:30:20
REV000631,ORD000631,4,Whom night Republican always.,,2023-04-01 19:40:30,2023-04-04 19:40:30
REV000632,ORD000632,5,,Figure majority season adult range green few you without every artist election hit yourself wrong.,2023-04-10 10:42:04,2023-04-15 10:42:04
REV000633,ORD000633,4,,,2024-06-12 20:34:35,2024-06-15 20:34:35
REV000634,ORD000634,5,,We difficult game hotel case role minute question their rather individual of interview fine painting.,2023-05-30 10:35:12,2023-06-02 10:35:12
REV000635,ORD000635,4,My deal catch must.,,2024-12-27 02:55:18,2024-12-28 02:55:18
REV000636,ORD000636,5,,,2023-04-17 05:02:11,2023-04-19 05:02:11
REV000637,ORD000637,4,,,2024-07-06 07:58:43,2024-07-10 07:58:43
REV000638,ORD000638,4,,,2024-10-27 22:26:30,2024-10-30 22:26:30
REV000639,ORD000639,5,Television finally relate.,,2024-02-24 22:14:17,2024-02-29 22:14:17
REV000640,ORD000640,4,,,2023-02-22 22:06:15,2023-02-27 22:06:15
REV000641,ORD000641,5,,Travel involve training show prevent north citizen attack mouth rest contain style certainly ahead five.,2024-08-26 15:37:03,2024-08-28 15:37:03
REV000642,ORD000642,4,,,2023-09-20 23:36:09,2023-09-25 23:36:09
REV000643,ORD000643,5,,Which field seat start PM scene charge could capital ago worry pay paper.,2024-12-12 20:08:02,2024-12-17 20:08:02
REV000644,ORD000644,5,,Discuss discussion reach grow read live maybe painting Republican hear system man case cover allow share.,2023-03-05 06:08:23,2023-03-09 06:08:23
REV000645,ORD000645,5,,Understand wear development provide dark daughter computer.,2023-11-14 23:52:13,2023-11-15 23:52:13
REV000646,ORD000646,5,,,2023-06-03 20:14:56,2023-06-04 20:14:56
REV000647,ORD000647,4,Term majority foot leader.,Into simply part station result hour voice occur movie political.,2024-09-22 02:27:05,2024-09-27 02:27:05
REV000648,ORD000648,5,,Minute later still amount yet million how.,2024-12-12 23:35:31,2024-12-13 23:35:31
REV000649,ORD000649,1,,,2024-04-15 00:07:08,2024-04-18 00:07:08
REV000650,ORD000650,4,,,2023-11-20 08:23:06,2023-11-22 08:23:06
REV000651,ORD000651,5,,,2023-04-02 02:20:27,2023-04-03 02:20:27
REV000653,ORD000653,5,,,2024-01-06 04:48:02,2024-01-11 04:48:02
REV000654,ORD000654,3,,Newspaper might piece any fact huge fight.,2024-02-21 12:25:52,2024-02-25 12:25:52
REV000655,ORD000655,5,Leave institution party.,,2023-01-12 00:00:20,2023-01-17 00:00:20
REV000656,ORD000656,5,,,2024-04-27 23:22:48,2024-04-28 23:22:48
REV000657,ORD000657,5,Ready tough.,,2024-03-31 06:01:40,2024-04-03 06:01:40
REV000658,ORD000658,4,Stop later reveal both.,,2024-08-16 06:54:51,2024-08-21 06:54:51
REV000659,ORD000659,4,,,2024-07-25 02:36:57,2024-07-29 02:36:57
REV000660,ORD000660,5,,,2024-12-29 02:37:35,2024-12-30 02:37:35
REV000661,ORD000661,5,Visit receive career including late.,Law to time think bed food possible represent clearly.,2024-04-07 08:59:43,2024-04-09 08:59:43
REV000662,ORD000662,4,,Before relationship plant be religious risk window partner civil.,2023-07-17 16:33:04,2023-07-22 16:33:04
REV000663,ORD000663,4,Herself should treatment not process.,,2024-07-10 11:25:15,2024-07-11 11:25:15
REV000664,ORD000664,5,,,2023-02-10 00:43:41,2023-02-14 00:43:41
REV000665,ORD000665,5,,,2023-08-21 21:23:43,2023-08-26 21:23:43
REV000666,ORD000666,2,Class certain shoulder.,,2024-06-21 18:22:54,2024-06-22 18:22:54
REV000667,ORD000667,5,,,2024-11-29 01:10:10,2024-12-04 01:10:10
REV000668,ORD000668,5,,,2024-07-02 23:58:02,2024-07-03 23:58:02
REV000669,ORD000669,4,,Information finally shoulder land phone brother capital.,2024-12-09 15:56:48,2024-12-13 15:56:48
REV000670,ORD000670,4,,About she activity marriage material space part management describe process.,2024-01-18 09:52:29,2024-01-22 09:52:29
REV000671,ORD000671,3,Improve bag outside each.,,2024-10-11 17:05:44,2024-10-15 17:05:44
REV000672,ORD000672,4,,,2023-01-30 13:08:06,2023-01-31 13:08:06
REV000673,ORD000673,5,,,2024-03-22 06:32:57,2024-03-26 06:32:57
REV000674,ORD000674,5,Everything pick star debate continue.,President already take project study fear turn any.,2023-07-05 17:23:17,2023-07-10 17:23:17
REV000675,ORD000675,5,,Year claim expect produce record occur no whom see growth along shoulder follow.,2023-09-29 06:11:39,2023-10-02 06:11:39
REV000676,ORD000676,5,,,2024-10-07 23:49:26,2024-10-11 23:49:26
REV000678,ORD000678,4,,,2024-06-02 22:02:28,2024-06-04 22:02:28
REV000679,ORD000679,2,,,2023-08-23 06:52:02,2023-08-26 06:52:02
REV000680,ORD000680,5,Star serve successful assume.,,2023-11-30 07:39:13,2023-12-03 07:39:13
REV000681,ORD000681,5,,Care reason ever money modern receive partner body role pick would low read value.,2023-01-15 10:18:41,2023-01-16 10:18:41
REV000682,ORD000682,4,,Interview summer employee offer perhaps until pass market role marriage space.,2024-10-26 10:36:06,2024-10-28 10:36:06
REV000683,ORD000683,5,,Discussion fact cover brother let someone scene debate past increase animal glass south defense political real.,2024-01-31 10:28:47,2024-02-01 10:28:47
REV000684,ORD000684,4,So film media.,,2024-08-23 00:34:40,2024-08-27 00:34:40
REV000685,ORD000685,3,,,2023-05-16 01:25:26,2023-05-20 01:25:26
REV000686,ORD000686,5,,,2024-05-27 00:57:07,2024-05-30 00:57:07
REV000687,ORD000687,5,,Short box four how notice whether story create street two look listen.,2023-05-15 20:21:30,2023-05-19 20:21:30
REV000688,ORD000688,5,,Population loss physical throughout Mr friend six.,2024-05-29 00:25:29,2024-05-31 00:25:29
REV000690,ORD000690,4,,Until argue minute north question new affect officer forward trouble somebody at chance.,2024-07-28 16:11:24,2024-08-01 16:11:24
REV000691,ORD000691,4,Fund heart.,,2024-02-05 16:12:06,2024-02-10 16:12:06
REV000692,ORD000692,5,,,2023-03-05 03:15:08,2023-03-06 03:15:08
REV000693,ORD000693,5,,,2023-11-27 09:52:04,2023-12-01 09:52:04
REV000694,ORD000694,4,Success number hope organization ten.,Relate fire all including market down later week democratic few born.,2024-05-23 21:16:58,2024-05-27 21:16:58
REV000695,ORD000695,5,,Sing tree kitchen agent lot matter couple.,2023-11-24 05:09:41,2023-11-29 05:09:41
REV000696,ORD000696,2,,,2024-08-22 15:40:01,2024-08-26 15:40:01
REV000697,ORD000697,1,Run model simply century.,,2023-03-11 15:54:42,2023-03-14 15:54:42
REV000698,ORD000698,5,State visit.,Day already hold ten break financial analysis summer the.,2023-09-10 07:57:54,2023-09-11 07:57:54
REV000699,ORD000699,5,,Level animal minute probably fine officer fine throughout fly court everybody five.,2023-08-02 09:14:07,2023-08-03 09:14:07
REV000700,ORD000700,4,,,2023-09-05 13:58:42,2023-09-09 13:58:42
REV000701,ORD000701,5,,,2023-09-09 23:25:44,2023-09-11 23:25:44
REV000702,ORD000702,5,,Provide evening church boy when nice bill my near even wall sound off.,2023-03-24 19:37:30,2023-03-27 19:37:30
REV000703,ORD000703,5,Author party full.,Anything ahead tough anyone himself beat hot relate through picture real knowledge green.,2024-01-23 03:21:44,2024-01-27 03:21:44
REV000705,ORD000705,5,,,2024-08-09 12:39:15,2024-08-13 12:39:15
REV000706,ORD000706,5,,Stage require provide move wind sense letter capital spend turn life lay.,2023-06-02 20:53:45,2023-06-04 20:53:45
REV000709,ORD000709,4,,,2023-01-18 02:47:53,2023-01-23 02:47:53
REV000710,ORD000710,2,,,2023-08-21 16:53:22,2023-08-25 16:53:22
REV000711,ORD000711,3,Like water century time.,,2023-03-09 10:22:23,2023-03-13 10:22:23
REV000712,ORD000712,5,,Tree hot record professor small think law air little goal leave.,2024-06-22 21:57:15,2024-06-23 21:57:15
REV000713,ORD000713,5,Executive give offer.,,2023-03-10 05:39:49,2023-03-15 05:39:49
REV000714,ORD000714,5,Bill stage someone for power.,Mouth husband including per nature wind himself future sport opportunity six.,2024-07-13 16:33:13,2024-07-17 16:33:13
REV000715,ORD000715,4,,,2023-06-13 18:24:33,2023-06-16 18:24:33
REV000716,ORD000716,4,,,2024-04-17 13:22:48,2024-04-20 13:22:48
REV000717,ORD000717,1,,Note garden reason community prove school Republican student boy other foot best knowledge.,2024-08-27 11:12:53,2024-08-29 11:12:53
REV000719,ORD000719,5,,What attorney board sport side her management produce bed stage thought.,2023-01-07 07:01:41,2023-01-10 07:01:41
REV000720,ORD000720,3,,,2023-08-31 00:50:56,2023-09-03 00:50:56
REV000721,ORD000721,4,,,2023-05-19 13:38:03,2023-05-24 13:38:03
REV000722,ORD000722,5,,,2023-06-23 18:33:03,2023-06-24 18:33:03
REV000723,ORD000723,5,Serious produce.,,2024-02-06 07:22:41,2024-02-11 07:22:41
REV000724,ORD000724,5,,,2023-08-29 07:41:06,2023-08-31 07:41:06
REV000725,ORD000725,4,Most hope official crime.,Feel some quickly truth view response trip wrong old particularly member summer.,2024-10-05 08:16:29,2024-10-07 08:16:29
REV000726,ORD000726,5,,,2024-12-14 15:18:26,2024-12-15 15:18:26
REV000727,ORD000727,5,,Artist too whose a nice without body executive all it opportunity.,2023-05-08 07:41:35,2023-05-10 07:41:35
REV000728,ORD000728,3,Fish him high nation production.,,2023-05-01 02:47:19,2023-05-06 02:47:19
REV000729,ORD000729,5,,,2023-02-20 18:28:22,2023-02-22 18:28:22
REV000730,ORD000730,5,,,2023-03-06 06:51:13,2023-03-07 06:51:13
REV000731,ORD000731,5,Cause new successful growth.,,2024-03-08 00:45:53,2024-03-13 00:45:53
REV000732,ORD000732,5,,,2024-11-03 18:26:23,2024-11-06 18:26:23
REV000733,ORD000733,5,,,2024-10-21 18:54:26,2024-10-23 18:54:26
REV000734,ORD000734,4,,,2024-07-28 00:18:16,2024-08-01 00:18:16
REV000735,ORD000735,5,,Child young prove care author administration return main join wrong be politics indeed.,2024-08-30 15:51:39,2024-09-04 15:51:39
REV000736,ORD000736,2,,Throw receive us perhaps lawyer interest star his difficult interesting account marriage room Republican.,2023-10-14 10:19:46,2023-10-16 10:19:46
REV000737,ORD000737,5,,Improve national happen within nothing relate both loss real center rule.,2024-06-26 23:04:24,2024-06-29 23:04:24
REV000738,ORD000738,5,,Let back three because line score whether back plant something fine.,2024-08-20 06:45:48,2024-08-22 06:45:48
REV000739,ORD000739,5,,,2024-01-17 09:18:28,2024-01-19 09:18:28
REV000740,ORD000740,5,,Tough movement action law town off former.,2024-07-21 21:13:14,2024-07-25 21:13:14
REV000741,ORD000741,5,Whether sometimes eye along.,,2023-08-01 14:37:26,2023-08-02 14:37:26
REV000742,ORD000742,5,,,2024-01-01 18:33:00,2024-01-02 18:33:00
REV000743,ORD000743,5,,,2023-10-05 19:36:58,2023-10-08 19:36:58
REV000744,ORD000744,4,,See risk nor article list college appear wrong speak person expert bar measure surface everyone car.,2024-08-03 06:51:18,2024-08-07 06:51:18
REV000745,ORD000745,4,Every either scientist.,,2024-11-29 16:11:59,2024-11-30 16:11:59
REV000746,ORD000746,4,,Company option character land space end red machine son television garden base certain value child many.,2024-08-30 13:45:19,2024-09-02 13:45:19
REV000747,ORD000747,4,,,2024-01-18 18:54:42,2024-01-19 18:54:42
REV000748,ORD000748,5,,Side draw key point decision same generation politics sense break cold human feeling.,2024-12-30 12:45:24,2024-12-31 12:45:24
REV000749,ORD000749,2,Do raise hope enjoy most.,Activity until large question which raise American truth PM what it truth teach.,2023-01-15 06:24:15,2023-01-18 06:24:15
REV000750,ORD000750,5,,Establish sort effort once leave push drop public side mind question year.,2024-03-03 00:25:07,2024-03-06 00:25:07
REV000751,ORD000751,3,Natural pull story activity.,,2024-08-24 13:11:17,2024-08-27 13:11:17
REV000752,ORD000752,1,,,2023-10-05 19:26:43,2023-10-10 19:26:43
REV000753,ORD000753,5,,Moment rate goal rise edge alone people arm.,2024-02-09 02:24:52,2024-02-12 02:24:52
REV000754,ORD000754,4,,Prevent structure wear point remain build task candidate prevent tonight not whose to receive education level.,2024-02-17 19:03:04,2024-02-19 19:03:04
REV000755,ORD000755,5,,,2024-11-26 00:25:57,2024-12-01 00:25:57
REV000756,ORD000756,5,,Police two everybody interview tough show food class.,2023-08-28 23:36:19,2023-08-31 23:36:19
REV000758,ORD000758,5,Everyone artist.,Four art western enough key man up particular condition man century shoulder despite.,2024-04-21 17:03:13,2024-04-24 17:03:13
REV000759,ORD000759,4,,Tree resource billion authority number economy knowledge to.,2023-01-07 20:37:49,2023-01-10 20:37:49
REV000760,ORD000760,5,Present a also.,,2023-04-23 07:15:48,2023-04-26 07:15:48
REV000761,ORD000761,5,,,2023-04-02 17:06:34,2023-04-06 17:06:34
REV000762,ORD000762,5,Entire record toward off.,,2024-03-08 08:09:29,2024-03-11 08:09:29
REV000763,ORD000763,4,,,2023-05-29 14:14:38,2023-05-30 14:14:38
REV000764,ORD000764,5,,,2023-11-24 05:32:25,2023-11-26 05:32:25
REV000765,ORD000765,1,,,2024-12-20 18:56:21,2024-12-23 18:56:21
REV000766,ORD000766,5,,,2024-07-15 10:14:33,2024-07-18 10:14:33
REV000767,ORD000767,3,Remain side long identify road.,Music about west stand lot note various grow.,2024-12-14 03:11:35,2024-12-19 03:11:35
REV000768,ORD000768,3,Hundred place where.,,2023-08-21 11:02:48,2023-08-26 11:02:48
REV000769,ORD000769,5,Half table.,,2024-03-26 09:19:31,2024-03-31 09:19:31
REV000770,ORD000770,3,,,2023-03-23 23:32:48,2023-03-24 23:32:48
REV000771,ORD000771,5,,,2024-08-27 09:51:10,2024-09-01 09:51:10
REV000772,ORD000772,5,Ball least short possible.,,2024-12-16 07:58:14,2024-12-19 07:58:14
REV000773,ORD000773,4,,,2023-04-17 19:22:09,2023-04-21 19:22:09
REV000774,ORD000774,5,,Never whose produce federal hope blood read main those.,2023-11-21 10:11:50,2023-11-25 10:11:50
REV000775,ORD000775,5,Same cause cover rest.,Draw home society poor matter who speech whom administration fund front return if deep president mission.,2023-11-15 16:16:49,2023-11-19 16:16:49
REV000776,ORD000776,4,,,2024-12-05 23:41:07,2024-12-09 23:41:07
REV000777,ORD000777,4,,,2024-03-10 16:08:14,2024-03-11 16:08:14
REV000778,ORD000778,4,,,2023-06-13 07:59:20,2023-06-18 07:59:20
REV000779,ORD000779,5,,Chance often under already center president likely truth animal red candidate common anyone film soldier.,2023-01-21 09:52:13,2023-01-24 09:52:13
REV000780,ORD000780,5,Particularly structure ask stage.,Market sometimes determine source international specific word question.,2024-02-28 03:03:02,2024-03-01 03:03:02
REV000781,ORD000781,5,Building range national focus.,,2023-02-03 14:30:30,2023-02-07 14:30:30
REV000782,ORD000782,5,Share or friend.,,2023-09-24 18:14:26,2023-09-27 18:14:26
REV000783,ORD000783,5,,,2024-12-02 21:43:57,2024-12-07 21:43:57
REV000784,ORD000784,5,Event serious collection.,,2024-12-28 00:09:58,2025-01-01 00:09:58
REV000785,ORD000785,5,,,2024-12-04 16:06:04,2024-12-09 16:06:04
REV000786,ORD000786,5,,,2024-07-04 07:05:17,2024-07-08 07:05:17
REV000787,ORD000787,5,,,2024-08-03 17:43:38,2024-08-08 17:43:38
REV000788,ORD000788,5,,,2024-05-26 23:59:24,2024-05-28 23:59:24
REV000789,ORD000789,5,,Network just understand American beyond suggest partner sing administration main according conference.,2024-06-16 02:33:38,2024-06-18 02:33:38
REV000790,ORD000790,3,,Religious order exist really society live camera central.,2023-01-06 18:27:46,2023-01-09 18:27:46
REV000791,ORD000791,3,Mission include visit.,Reality other response partner because step feeling industry newspaper court worry with peace television would medical.,2024-12-24 13:46:49,2024-12-27 13:46:49
REV000792,ORD000792,5,,,2024-02-26 07:02:12,2024-02-28 07:02:12
REV000793,ORD000793,5,,,2023-12-03 00:49:04,2023-12-07 00:49:04
REV000794,ORD000794,5,,,2024-11-07 10:29:01,2024-11-08 10:29:01
REV000795,ORD000795,5,Show process everybody create.,Rate why listen computer prove amount population expect itself.,2024-08-14 12:03:35,2024-08-15 12:03:35
REV000796,ORD000796,5,Pattern three law bit.,,2024-08-06 05:25:57,2024-08-08 05:25:57
REV000797,ORD000797,5,,,2023-04-07 10:47:00,2023-04-10 10:47:00
REV000798,ORD000798,5,,Understand compare size machine break time return.,2024-06-10 02:11:22,2024-06-14 02:11:22
REV000799,ORD000799,3,Often industry section together discover.,,2023-10-07 22:07:11,2023-10-10 22:07:11
REV000800,ORD000800,5,,For better scene thank heart determine likely machine.,2024-08-08 14:40:26,2024-08-12 14:40:26
REV000801,ORD000801,5,,Certain until lawyer hold carry rest place wish dark camera realize arrive carry.,2023-12-11 08:30:31,2023-12-12 08:30:31
REV000802,ORD000802,3,Learn commercial gas though.,,2024-05-11 04:59:35,2024-05-16 04:59:35
REV000803,ORD000803,5,,Church some well town official need discover in miss television describe list leg address into their.,2023-02-18 12:00:48,2023-02-20 12:00:48
REV000804,ORD000804,5,Force often through.,,2023-02-06 08:24:26,2023-02-07 08:24:26
REV000805,ORD000805,5,,,2023-07-15 16:53:31,2023-07-16 16:53:31
REV000806,ORD000806,4,Watch trial together individual analysis.,,2024-09-22 14:53:27,2024-09-27 14:53:27
REV000807,ORD000807,5,,Safe mean international hour special recent better manager bar send really image design grow.,2024-01-06 11:53:30,2024-01-11 11:53:30
REV000808,ORD000808,5,,,2023-01-08 01:22:52,2023-01-10 01:22:52
REV000809,ORD000809,5,,,2023-11-03 09:44:04,2023-11-04 09:44:04
REV000810,ORD000810,5,,Positive before look fight reflect teach section agency lawyer sign.,2023-04-14 00:00:19,2023-04-18 00:00:19
REV000811,ORD000811,3,Continue the phone region.,,2023-07-12 14:50:18,2023-07-16 14:50:18
REV000812,ORD000812,2,,Team audience throw four allow international especially.,2023-04-22 04:30:36,2023-04-25 04:30:36
REV000813,ORD000813,5,,My some skin ball thing save area war push thousand book half people half compare next.,2023-06-19 21:00:43,2023-06-21 21:00:43
REV000814,ORD000814,3,Night similar.,,2023-06-11 04:24:29,2023-06-13 04:24:29
REV000815,ORD000815,5,Wonder draw box.,Say sell that reflect send set fly today me institution approach health laugh may.,2024-06-03 04:22:58,2024-06-05 04:22:58
REV000816,ORD000816,3,,,2023-04-13 09:47:10,2023-04-14 09:47:10
REV000817,ORD000817,2,,,2024-12-07 03:04:21,2024-12-10 03:04:21
REV000818,ORD000818,3,,Like mother stay tonight later happy pull really within.,2023-04-05 00:00:08,2023-04-08 00:00:08
REV000820,ORD000820,5,Could this.,Bag today eye what body every recent many.,2024-11-08 19:40:06,2024-11-10 19:40:06
REV000821,ORD000821,5,,Minute physical fall wide must car get kitchen popular factor.,2024-12-29 23:45:35,2024-12-30 23:45:35
REV000822,ORD000822,5,,Against soon strong mind from official pretty skin.,2024-09-12 19:33:48,2024-09-14 19:33:48
REV000823,ORD000823,3,Order recent success knowledge.,Note together fill smile dinner head explain suddenly chance expect what.,2024-11-02 03:44:00,2024-11-04 03:44:00
REV000824,ORD000824,5,,Under Republican expect win stuff realize project child draw American first call employee continue none alone.,2024-12-08 16:14:01,2024-12-11 16:14:01
REV000825,ORD000825,5,,,2023-11-05 20:22:58,2023-11-09 20:22:58
REV000826,ORD000826,4,,,2023-05-30 23:34:48,2023-06-04 23:34:48
REV000827,ORD000827,5,Within challenge large wish.,,2024-12-23 18:00:52,2024-12-25 18:00:52
REV000828,ORD000828,5,,Feeling turn identify material certainly leader floor above school wish former relate listen face want.,2023-07-29 22:12:20,2023-07-31 22:12:20
REV000829,ORD000829,5,,,2023-11-19 13:47:21,2023-11-23 13:47:21
REV000830,ORD000830,2,,Project son rock two full both look always question bring agent pay detail group for.,2024-03-11 16:11:24,2024-03-13 16:11:24
REV000831,ORD000831,5,,,2024-09-23 11:18:45,2024-09-24 11:18:45
REV000832,ORD000832,4,Political on develop very everyone.,,2024-08-13 16:24:13,2024-08-15 16:24:13
REV000833,ORD000833,3,,Base support quality whatever wish hour make.,2024-10-07 21:14:15,2024-10-09 21:14:15
REV000834,ORD000834,5,,,2024-07-15 18:33:10,2024-07-19 18:33:10
REV000835,ORD000835,5,,Painting want training guess challenge take hard health expect goal within them because road know yeah.,2023-03-04 04:58:07,2023-03-07 04:58:07
REV000836,ORD000836,4,,Eye south wife interest to cause onto beat debate listen test would at.,2023-05-25 14:41:09,2023-05-29 14:41:09
REV000837,ORD000837,5,,Series because important trial increase new report sense carry control high network amount step strong fight.,2023-09-19 11:38:22,2023-09-23 11:38:22
REV000838,ORD000838,3,Science different social child feel.,Buy program explain conference trade population agreement share manage wife out gun lose job.,2023-12-17 19:41:10,2023-12-18 19:41:10
REV000839,ORD000839,4,,,2024-10-22 22:12:13,2024-10-27 22:12:13
REV000840,ORD000840,5,,Physical live reason build mention offer suddenly clear around floor there.,2023-02-06 12:26:01,2023-02-11 12:26:01
REV000841,ORD000841,5,,Group apply guess player western any factor police baby.,2024-05-10 05:18:01,2024-05-15 05:18:01
REV000842,ORD000842,4,Short consumer behind.,,2023-09-07 08:06:45,2023-09-09 08:06:45
REV000843,ORD000843,4,,Myself their step rate feeling rate read benefit oil.,2023-08-02 00:45:41,2023-08-07 00:45:41
REV000844,ORD000844,5,Actually million health.,,2023-07-21 07:37:21,2023-07-23 07:37:21
REV000845,ORD000845,5,,Include TV clear design me story somebody next ready weight suffer Republican reduce sort.,2024-05-30 12:24:35,2024-06-02 12:24:35
REV000846,ORD000846,4,,Leave baby standard type look find guy stage threat our shake garden report.,2024-06-20 00:21:18,2024-06-21 00:21:18
REV000847,ORD000847,5,,,2024-03-23 12:58:41,2024-03-24 12:58:41
REV000848,ORD000848,5,,,2023-09-21 08:52:21,2023-09-22 08:52:21
REV000849,ORD000849,5,,,2024-12-25 23:10:21,2024-12-30 23:10:21
REV000850,ORD000850,5,,Season budget campaign reason read film decide.,2024-12-03 00:38:12,2024-12-06 00:38:12
REV000851,ORD000851,5,Interesting several.,,2023-07-06 19:09:43,2023-07-10 19:09:43
REV000852,ORD000852,5,Back simple.,Amount blue soldier message arrive budget education at property senior site turn day.,2023-10-19 21:15:02,2023-10-21 21:15:02
REV000853,ORD000853,5,,Continue goal before suffer walk we girl civil may rock.,2023-05-25 22:43:14,2023-05-30 22:43:14
REV000854,ORD000854,5,,,2023-10-31 05:39:13,2023-11-05 05:39:13
REV000855,ORD000855,4,,,2023-08-13 00:07:40,2023-08-16 00:07:40
REV000856,ORD000856,4,,,2024-08-04 11:04:29,2024-08-08 11:04:29
REV000857,ORD000857,2,,,2024-03-20 07:10:52,2024-03-25 07:10:52
REV000858,ORD000858,2,,Measure attention standard shake more respond who commercial senior above.,2023-12-11 20:31:24,2023-12-13 20:31:24
REV000859,ORD000859,5,,Under turn surface listen recently continue pull blue.,2024-05-31 21:31:12,2024-06-02 21:31:12
REV000860,ORD000860,3,,Wonder interest method imagine seven fire letter mind many guess explain reveal.,2023-03-27 15:48:13,2023-03-30 15:48:13
REV000861,ORD000861,5,Foreign break.,,2024-03-12 08:06:14,2024-03-15 08:06:14
REV000862,ORD000862,5,,,2023-07-27 11:38:29,2023-07-28 11:38:29
REV000863,ORD000863,5,,,2023-01-14 16:41:30,2023-01-17 16:41:30
REV000864,ORD000864,5,,,2023-04-04 09:38:06,2023-04-08 09:38:06
REV000866,ORD000866,5,Lead save reach.,,2023-05-30 18:21:57,2023-06-04 18:21:57
REV000867,ORD000867,3,Difficult imagine world into.,Thus sort voice happen actually purpose public how.,2024-04-30 16:38:48,2024-05-04 16:38:48
REV000868,ORD000868,5,,Probably be century husband opportunity big understand within ask window full organization wrong but study.,2024-03-09 13:15:04,2024-03-12 13:15:04
REV000869,ORD000869,4,Everything require old event.,Green project wear would memory challenge lawyer business majority discuss wall ahead scene.,2023-01-14 14:28:15,2023-01-17 14:28:15
REV000870,ORD000870,3,Marriage ago.,,2023-04-29 03:04:00,2023-05-03 03:04:00
REV000871,ORD000871,4,,Him quickly check perform benefit baby seem should society.,2023-08-19 22:25:14,2023-08-24 22:25:14
REV000872,ORD000872,5,Family marriage measure.,Gas teacher national weight all involve trip himself fire heavy least allow news team field.,2023-08-21 11:19:49,2023-08-23 11:19:49
REV000873,ORD000873,4,Man care resource.,,2023-12-19 15:07:48,2023-12-23 15:07:48
REV000874,ORD000874,4,Shake notice make network.,Occur live take media hot manager wife pay good within fly agreement and student give.,2024-04-03 22:58:06,2024-04-05 22:58:06
REV000875,ORD000875,4,Agree through game best generation.,In argue each doctor fine be read than boy college Mrs also.,2023-02-27 04:12:54,2023-03-04 04:12:54
REV000876,ORD000876,5,,Nothing top entire receive onto worry help hope occur space beyond push from.,2024-11-30 01:38:34,2024-12-03 01:38:34
REV000877,ORD000877,4,,,2024-07-14 03:38:03,2024-07-17 03:38:03
REV000878,ORD000878,5,,Specific property coach federal wide cut player wind away sure degree enter father of.,2024-07-07 22:51:11,2024-07-11 22:51:11
REV000879,ORD000879,5,,,2024-01-27 10:58:40,2024-01-31 10:58:40
REV000880,ORD000880,5,,Person when response official option event note most interview girl.,2024-01-15 16:26:59,2024-01-16 16:26:59
REV000881,ORD000881,4,,Prepare few sound item music customer I person.,2023-07-27 06:09:04,2023-07-31 06:09:04
REV000882,ORD000882,3,,Public natural thing physical might cost material produce station visit environmental point speak table.,2023-04-11 22:38:02,2023-04-15 22:38:02
REV000883,ORD000883,4,,Various risk art customer leg drive second she such improve team treat plant.,2023-12-11 15:50:48,2023-12-16 15:50:48
REV000884,ORD000884,5,,Environment expert civil rather door draw change agree someone financial magazine yard instead.,2023-02-15 17:47:19,2023-02-19 17:47:19
REV000885,ORD000885,5,,,2024-11-13 07:06:34,2024-11-17 07:06:34
REV000886,ORD000886,4,,,2024-12-16 15:44:46,2024-12-20 15:44:46
REV000887,ORD000887,4,Dark evening.,Election sound probably compare system white magazine.,2023-01-29 05:41:42,2023-01-31 05:41:42
REV000888,ORD000888,4,,Area to finish fear as western to.,2024-08-19 09:17:26,2024-08-23 09:17:26
REV000889,ORD000889,5,,However style successful door number matter building professional.,2024-08-31 03:10:48,2024-09-02 03:10:48
REV000890,ORD000890,4,Wear use edge this draw.,,2024-06-21 23:10:04,2024-06-24 23:10:04
REV000891,ORD000891,5,Significant finish strategy.,,2023-03-14 20:27:33,2023-03-15 20:27:33
REV000892,ORD000892,1,,South season very design blood degree ever impact television argue mouth record both.,2024-10-09 08:42:06,2024-10-13 08:42:06
REV000894,ORD000894,3,,,2023-09-12 23:34:12,2023-09-17 23:34:12
REV000895,ORD000895,2,,Interest radio white these view guy resource start again whom paper success production wait real.,2024-07-02 07:15:16,2024-07-06 07:15:16
REV000896,ORD000896,5,,,2023-11-11 22:29:40,2023-11-15 22:29:40
REV000897,ORD000897,2,Education his police.,,2023-02-13 07:04:27,2023-02-18 07:04:27
REV000898,ORD000898,4,,,2024-01-30 07:45:06,2024-01-31 07:45:06
REV000899,ORD000899,2,Total rate movement door.,Home travel hotel within eight bed state dog decision three trouble place these.,2023-10-31 09:45:18,2023-11-04 09:45:18
REV000900,ORD000900,5,Smile ever bag single.,Likely include subject response theory star station recognize media goal own spend scene law.,2024-11-22 03:33:25,2024-11-24 03:33:25
REV000901,ORD000901,5,,Seven political contain kitchen political able customer.,2023-07-18 20:52:38,2023-07-19 20:52:38
REV000902,ORD000902,5,,Finish bank citizen might wide store shake suggest rate society floor.,2023-01-21 18:45:00,2023-01-25 18:45:00
REV000903,ORD000903,5,,,2024-11-27 21:12:52,2024-11-30 21:12:52
REV000904,ORD000904,5,,,2023-02-24 06:09:45,2023-03-01 06:09:45
REV000905,ORD000905,5,,Them card community or foreign example base happen hour help strong now again age.,2024-07-05 21:50:38,2024-07-10 21:50:38
REV000906,ORD000906,4,,Positive phone trade wind cup red collection husband investment employee become happy water bring responsibility.,2023-10-16 09:34:50,2023-10-21 09:34:50
REV000907,ORD000907,5,,,2024-09-24 00:50:50,2024-09-26 00:50:50
REV000908,ORD000908,5,,Significant up still management difference data watch spend entire second high issue deal.,2024-08-28 21:51:41,2024-08-31 21:51:41
REV000909,ORD000909,5,,,2024-03-31 23:18:16,2024-04-03 23:18:16
REV000910,ORD000910,4,Yet executive quality.,Congress society agreement wish dog late eat old positive beat light the window.,2023-08-22 15:49:18,2023-08-24 15:49:18
REV000911,ORD000911,2,,Rather require remain save eight believe arrive four dog traditional you vote whose.,2023-07-20 15:56:31,2023-07-21 15:56:31
REV000913,ORD000913,5,,Remember special accept mean herself within provide car throughout American conference college manage fund life bed.,2023-07-23 20:23:04,2023-07-25 20:23:04
REV000914,ORD000914,5,Item employee finish without material.,,2023-12-08 16:17:21,2023-12-09 16:17:21
REV000915,ORD000915,4,Security unit executive.,Party seven enough fine throughout firm yes shake character table price.,2023-02-04 08:49:34,2023-02-08 08:49:34
REV000916,ORD000916,3,Apply chance discover along.,,2023-11-26 14:44:59,2023-11-29 14:44:59
REV000917,ORD000917,4,,Clear level break time manager kid writer night leader both rest.,2024-04-02 03:13:11,2024-04-05 03:13:11
REV000918,ORD000918,5,,Buy behavior test Congress collection meet evening through one.,2023-03-12 07:58:51,2023-03-16 07:58:51
REV000919,ORD000919,5,,,2024-04-06 04:50:47,2024-04-10 04:50:47
REV000920,ORD000920,5,,,2024-01-14 14:36:49,2024-01-16 14:36:49
REV000921,ORD000921,5,,,2023-02-21 17:07:38,2023-02-22 17:07:38
REV000922,ORD000922,1,,,2024-11-20 21:00:48,2024-11-24 21:00:48
REV000923,ORD000923,4,,,2024-10-21 11:45:22,2024-10-23 11:45:22
REV000924,ORD000924,5,,,2024-05-19 02:35:07,2024-05-22 02:35:07
REV000925,ORD000925,5,Your above short Congress turn.,Should quality thought ago race quite hour opportunity week student.,2024-03-11 07:31:30,2024-03-12 07:31:30
REV000926,ORD000926,5,,Ahead least remain look pick especially price forget analysis.,2023-03-22 08:49:55,2023-03-24 08:49:55
REV000927,ORD000927,4,Week foot rule same whatever.,,2024-02-13 18:05:43,2024-02-17 18:05:43
REV000928,ORD000928,5,,,2024-07-09 03:08:38,2024-07-11 03:08:38
REV000929,ORD000929,4,Can tell soon executive sometimes.,Natural own begin effort drive side human after.,2023-10-06 04:39:28,2023-10-11 04:39:28
REV000930,ORD000930,5,Clear single expect.,,2023-01-10 09:59:46,2023-01-15 09:59:46
REV000931,ORD000931,5,Building make it.,Tough page grow benefit happen customer knowledge hold environmental outside bed.,2023-04-13 22:52:56,2023-04-18 22:52:56
REV000932,ORD000932,5,,,2023-03-16 02:22:25,2023-03-20 02:22:25
REV000933,ORD000933,4,Specific pass its international.,,2024-04-07 08:30:32,2024-04-10 08:30:32
REV000934,ORD000934,5,,Message wind put positive require us money.,2024-05-09 15:36:02,2024-05-11 15:36:02
REV000935,ORD000935,2,Base life bad soon feel.,Range feel eat into notice necessary true message member.,2023-01-27 17:46:36,2023-02-01 17:46:36
REV000937,ORD000937,4,Behind produce nothing effect.,,2024-03-18 09:47:06,2024-03-19 09:47:06
REV000938,ORD000938,5,One shoulder administration.,Conference consider hotel bar theory fear onto lawyer prove perhaps enter whom the cost.,2024-01-16 16:25:08,2024-01-19 16:25:08
REV000939,ORD000939,4,,,2024-07-25 08:56:48,2024-07-29 08:56:48
REV000940,ORD000940,3,Back word else.,,2023-02-18 21:10:06,2023-02-19 21:10:06
REV000941,ORD000941,4,,Its adult house actually pretty least if price.,2024-04-11 21:29:52,2024-04-16 21:29:52
REV000942,ORD000942,4,,Rise field spend pattern real white push source because career course staff receive could agree loss.,2023-05-03 18:58:13,2023-05-04 18:58:13
REV000943,ORD000943,1,,,2024-04-24 13:23:03,2024-04-29 13:23:03
REV000944,ORD000944,5,,,2024-08-27 20:06:52,2024-08-31 20:06:52
REV000945,ORD000945,5,,,2023-01-10 01:02:59,2023-01-12 01:02:59
REV000946,ORD000946,5,,,2023-09-03 21:55:42,2023-09-06 21:55:42
REV000947,ORD000947,5,,,2024-06-22 22:53:14,2024-06-24 22:53:14
REV000948,ORD000948,4,,,2024-06-10 23:29:47,2024-06-13 23:29:47
REV000949,ORD000949,5,,,2023-08-25 09:10:00,2023-08-26 09:10:00
REV000950,ORD000950,5,Power job personal.,,2024-05-22 18:18:22,2024-05-26 18:18:22
REV000951,ORD000951,5,,,2024-07-21 02:15:03,2024-07-24 02:15:03
REV000952,ORD000952,5,,Course feeling leg listen against coach check reflect white likely teacher one cut notice street.,2024-08-22 06:14:41,2024-08-25 06:14:41
REV000953,ORD000953,4,,Free bill summer it indeed many official.,2023-01-07 20:19:54,2023-01-09 20:19:54
REV000954,ORD000954,5,,Yourself already hundred message right very toward test discussion art affect office network environmental possible.,2023-07-27 03:33:34,2023-08-01 03:33:34
REV000955,ORD000955,4,,,2024-06-17 14:33:22,2024-06-21 14:33:22
REV000956,ORD000956,5,,Bring performance position large job claim risk light just medical onto rate two table.,2023-03-26 13:59:14,2023-03-29 13:59:14
REV000957,ORD000957,5,,,2024-07-18 16:28:39,2024-07-19 16:28:39
REV000958,ORD000958,4,,Capital fall represent where strategy pull same somebody son suddenly perform executive see project.,2023-07-18 04:43:20,2023-07-21 04:43:20
REV000959,ORD000959,5,,Community choose man soldier wall management doctor news yourself.,2023-02-02 06:33:43,2023-02-06 06:33:43
REV000960,ORD000960,4,,Thing ground city still thus allow as issue pay building difference election.,2023-08-27 12:12:17,2023-08-31 12:12:17
REV000961,ORD000961,4,,,2023-01-29 07:58:14,2023-01-30 07:58:14
REV000962,ORD000962,5,,Size show show news to table them page bit anyone watch sometimes.,2023-10-11 11:42:25,2023-10-14 11:42:25
REV000963,ORD000963,5,,,2024-06-03 10:51:53,2024-06-04 10:51:53
REV000964,ORD000964,4,,Window sit participant teach big none medical cold.,2024-09-04 21:38:20,2024-09-06 21:38:20
REV000965,ORD000965,4,,That treat church factor kid media run between positive.,2023-05-25 19:24:43,2023-05-27 19:24:43
REV000966,ORD000966,5,,Standard but dark wide shoulder according strong list expert commercial entire resource.,2023-01-29 13:36:23,2023-01-31 13:36:23
REV000967,ORD000967,5,Guess professor charge send.,,2024-06-05 00:44:23,2024-06-07 00:44:23
REV000968,ORD000968,5,Skin case investment truth.,,2023-07-07 04:41:34,2023-07-11 04:41:34
REV000969,ORD000969,5,Weight might radio want.,Certainly act south want be fire word clearly article service produce political total.,2024-12-31 03:33:48,2025-01-05 03:33:48
REV000970,ORD000970,5,,Within woman sometimes then win information though red.,2024-04-01 02:21:12,2024-04-04 02:21:12
REV000971,ORD000971,5,,Return finish general still too particular chair identify popular thought person.,2024-03-28 16:57:21,2024-03-29 16:57:21
REV000972,ORD000972,5,Present recently thought sit identify.,,2023-07-23 19:03:50,2023-07-25 19:03:50
REV000973,ORD000973,5,,Thing base Mr hope rest they minute must degree memory.,2024-06-07 14:21:38,2024-06-12 14:21:38
REV000974,ORD000974,2,Miss serious civil.,,2023-06-18 20:20:10,2023-06-21 20:20:10
REV000975,ORD000975,3,,,2024-10-18 01:39:16,2024-10-20 01:39:16
REV000976,ORD000976,5,,,2024-07-09 20:37:41,2024-07-11 20:37:41
REV000977,ORD000977,4,,,2024-06-05 11:28:13,2024-06-07 11:28:13
REV000978,ORD000978,4,Three music.,,2024-01-07 22:53:02,2024-01-12 22:53:02
REV000979,ORD000979,5,,Drop similar risk would book art health phone great answer prepare.,2024-11-16 12:20:37,2024-11-21 12:20:37
REV000980,ORD000980,5,,,2023-03-20 11:21:18,2023-03-22 11:21:18
REV000981,ORD000981,5,,,2024-11-19 11:09:57,2024-11-21 11:09:57
REV000982,ORD000982,4,,,2023-07-28 06:50:54,2023-07-31 06:50:54
REV000983,ORD000983,5,Large occur accept.,Work south writer not thus physical mouth other go expect size resource.,2024-09-07 23:08:32,2024-09-12 23:08:32
REV000985,ORD000985,3,Research mind easy.,Might court sing lawyer chair international include begin interesting candidate Democrat back.,2024-06-17 10:48:01,2024-06-20 10:48:01
REV000986,ORD000986,3,,,2023-05-11 03:23:19,2023-05-16 03:23:19
REV000987,ORD000987,5,,,2024-12-22 10:03:05,2024-12-24 10:03:05
REV000988,ORD000988,4,,Idea next single the once PM you ready way rule indicate clear media machine leader.,2023-06-21 00:27:31,2023-06-26 00:27:31
REV000989,ORD000989,1,,,2024-08-11 01:44:07,2024-08-15 01:44:07
REV000991,ORD000991,5,,Tell brother defense list second want hard weight own impact building occur American check he.,2023-03-09 22:52:34,2023-03-11 22:52:34
REV000992,ORD000992,3,,,2023-10-25 07:58:11,2023-10-30 07:58:11
REV000994,ORD000994,5,,Field magazine social central operation any thus threat democratic standard major business.,2024-03-10 15:14:33,2024-03-14 15:14:33
REV000995,ORD000995,5,Attack and loss finally.,Too sit little result paper seven measure leave last last term foot son professor.,2024-03-06 18:02:10,2024-03-07 18:02:10
REV000996,ORD000996,2,,,2023-02-22 20:36:23,2023-02-25 20:36:23
REV000998,ORD000998,5,,,2023-12-28 08:30:23,2023-12-30 08:30:23
REV001000,ORD001000,5,,,2023-09-19 07:29:43,2023-09-23 07:29:43
REV001001,ORD001001,2,,,2024-11-23 20:15:17,2024-11-27 20:15:17
REV001002,ORD001002,5,Hold too fund animal.,,2024-04-28 19:53:49,2024-05-01 19:53:49
REV001003,ORD001003,5,,,2023-04-01 13:05:10,2023-04-06 13:05:10
REV001004,ORD001004,4,Save position tend religious.,,2023-08-30 21:55:08,2023-08-31 21:55:08
REV001005,ORD001005,5,,Picture sign final population popular be western my serious whatever miss seek me affect probably.,2024-08-11 13:15:17,2024-08-15 13:15:17
REV001007,ORD001007,5,,Conference affect skill early relationship thought know southern parent I and technology age join increase.,2023-01-10 01:46:43,2023-01-14 01:46:43
REV001008,ORD001008,2,Fish either boy between collection.,,2024-08-07 10:36:33,2024-08-11 10:36:33
REV001009,ORD001009,5,Consumer shoulder child.,Question arrive which consider require fear better central throw election walk tonight appear.,2023-02-09 02:00:18,2023-02-10 02:00:18
REV001010,ORD001010,5,,Sell only manage sell his boy art let imagine machine.,2023-03-06 11:01:00,2023-03-07 11:01:00
REV001011,ORD001011,5,Plant trial affect never.,Push east never size fight image base player data whose health world site Mr interest treatment.,2024-04-15 23:03:39,2024-04-20 23:03:39
REV001012,ORD001012,5,,Among spend which per president cold art two event economy quite yourself successful defense.,2024-03-09 05:01:10,2024-03-12 05:01:10
REV001013,ORD001013,5,,,2023-05-30 14:20:12,2023-06-03 14:20:12
REV001014,ORD001014,5,Example claim move attorney bed.,Store rise your there decision measure soon this war.,2023-06-10 22:43:54,2023-06-12 22:43:54
REV001015,ORD001015,4,,Woman remain event production focus decision where foreign trial card two.,2023-02-23 03:25:09,2023-02-25 03:25:09
REV001016,ORD001016,4,,Live top pull including time reflect several Mrs skin power back all story public public good.,2024-06-05 18:10:44,2024-06-10 18:10:44
REV001017,ORD001017,5,Still group concern should.,By have cover act sea serve quite.,2024-05-29 03:59:21,2024-05-30 03:59:21
REV001018,ORD001018,5,Course staff personal space.,,2024-07-10 12:00:27,2024-07-12 12:00:27
REV001019,ORD001019,5,Doctor management guy.,,2023-07-11 15:35:34,2023-07-14 15:35:34
REV001020,ORD001020,5,,Manage region paper according worker point book everyone matter color create.,2024-12-17 19:16:38,2024-12-22 19:16:38
REV001021,ORD001021,5,Public owner compare open second.,Employee now direction mission site court question yeah realize.,2024-05-25 19:26:03,2024-05-30 19:26:03
REV001022,ORD001022,5,,Pass quite third ability interview pull practice take follow such imagine business million many military.,2023-07-22 04:44:15,2023-07-24 04:44:15
REV001023,ORD001023,5,,,2024-04-13 11:38:15,2024-04-18 11:38:15
REV001024,ORD001024,4,,This different everyone information large accept create.,2023-11-23 10:23:55,2023-11-26 10:23:55
REV001025,ORD001025,5,They space.,,2023-12-27 06:59:46,2023-12-29 06:59:46
REV001026,ORD001026,5,Within interest avoid.,,2023-02-11 17:21:36,2023-02-14 17:21:36
REV001027,ORD001027,5,Culture forget as.,Benefit lose space or phone free economy blue draw future approach four some want simply people.,2023-10-12 03:49:42,2023-10-13 03:49:42
REV001028,ORD001028,5,,,2024-06-10 20:34:11,2024-06-12 20:34:11
REV001029,ORD001029,5,,,2023-01-01 10:02:49,2023-01-04 10:02:49
REV001030,ORD001030,5,,Personal often beat art almost finish summer assume.,2023-05-24 18:04:02,2023-05-26 18:04:02
REV001031,ORD001031,3,,Artist sort area particularly it big argue appear sure.,2024-02-11 20:57:11,2024-02-13 20:57:11
REV001032,ORD001032,4,Benefit sell do outside.,Action himself somebody they people fund visit situation law foreign court bill organization attack smile cover.,2024-05-02 04:23:01,2024-05-07 04:23:01
REV001033,ORD001033,2,,Call meeting green loss per control case analysis camera once message prepare group on must.,2024-10-26 23:11:50,2024-10-28 23:11:50
REV001034,ORD001034,1,,,2024-08-16 03:30:35,2024-08-21 03:30:35
REV001035,ORD001035,5,,,2023-02-22 04:53:38,2023-02-27 04:53:38
REV001036,ORD001036,4,,,2024-06-03 22:10:55,2024-06-06 22:10:55
REV001037,ORD001037,4,,Challenge final garden hard account only question arm medical.,2024-05-20 09:48:46,2024-05-24 09:48:46
REV001038,ORD001038,3,,Teach instead crime customer training size game property reason word outside former official white pattern.,2023-08-16 17:51:00,2023-08-20 17:51:00
REV001039,ORD001039,4,,Forget bit then treat many turn police really level defense lose shoulder spring.,2024-08-08 22:56:06,2024-08-13 22:56:06
REV001040,ORD001040,4,,,2023-11-04 17:38:08,2023-11-07 17:38:08
REV001041,ORD001041,5,,Day contain wrong guy available air boy fact create one she analysis.,2024-12-06 11:56:45,2024-12-09 11:56:45
REV001042,ORD001042,4,,Current exist despite energy company suggest early.,2023-03-04 08:49:48,2023-03-06 08:49:48
REV001043,ORD001043,1,Again successful treat.,Story case pressure those full decision lay.,2024-01-30 02:44:46,2024-01-31 02:44:46
REV001045,ORD001045,5,,Special produce wait with young think there assume certain under some court.,2023-04-18 22:34:37,2023-04-20 22:34:37
REV001046,ORD001046,2,Reason fish involve player.,,2024-05-09 09:32:32,2024-05-14 09:32:32
REV001047,ORD001047,5,Several onto.,,2024-01-08 23:54:46,2024-01-09 23:54:46
REV001048,ORD001048,5,,Family chance easy picture evidence call meet once major road six social past cold hold.,2023-11-27 02:19:59,2023-11-29 02:19:59
REV001049,ORD001049,5,,Hear million condition Republican moment low what listen ok point so power debate thus later.,2023-05-14 18:54:57,2023-05-18 18:54:57
REV001051,ORD001051,5,,,2023-04-18 20:06:11,2023-04-20 20:06:11
REV001052,ORD001052,5,,How fill thousand number very hear nearly care base know.,2024-12-28 17:53:01,2024-12-29 17:53:01
REV001053,ORD001053,5,,,2024-07-13 16:44:31,2024-07-15 16:44:31
REV001054,ORD001054,4,,,2024-12-11 12:38:06,2024-12-15 12:38:06
REV001055,ORD001055,2,Discover American mention from.,,2023-11-21 20:10:44,2023-11-23 20:10:44
REV001056,ORD001056,1,,Level important source first him conference doctor population grow bar successful mention poor skill.,2024-09-26 07:26:22,2024-09-30 07:26:22
REV001057,ORD001057,3,,Better author although customer cultural forget few spring raise ever.,2024-03-06 23:42:02,2024-03-11 23:42:02
REV001058,ORD001058,5,,Your your sell science treatment across federal state situation identify if oil pretty line mention seven.,2024-08-29 22:49:39,2024-08-30 22:49:39
REV001059,ORD001059,5,,Tend dinner rich decide do only need light sport.,2024-11-14 06:27:52,2024-11-19 06:27:52
REV001060,ORD001060,3,,,2023-11-16 21:42:37,2023-11-21 21:42:37
REV001061,ORD001061,2,,Social fine could show recently decide last next hear officer campaign wall.,2023-04-20 22:52:25,2023-04-24 22:52:25
REV001062,ORD001062,5,,,2023-03-29 16:04:49,2023-03-31 16:04:49
REV001063,ORD001063,5,,,2024-03-10 08:31:24,2024-03-12 08:31:24
REV001064,ORD001064,4,,Matter probably great different international sell several.,2023-08-14 05:24:24,2023-08-15 05:24:24
REV001065,ORD001065,5,Federal only nothing allow cause.,Nothing sometimes trial off hospital high we as hit little forget while.,2024-07-06 23:15:13,2024-07-08 23:15:13
REV001066,ORD001066,5,,,2024-06-21 19:09:41,2024-06-22 19:09:41
REV001067,ORD001067,2,Behavior bit need.,Step owner agree current treat history day.,2023-05-26 06:03:38,2023-05-28 06:03:38
REV001068,ORD001068,5,,,2024-03-01 12:44:57,2024-03-02 12:44:57
REV001069,ORD001069,1,,,2024-10-16 09:55:50,2024-10-17 09:55:50
REV001070,ORD001070,5,,Process attorney arm million commercial teacher improve church book movie long.,2023-02-05 21:26:52,2023-02-10 21:26:52
REV001071,ORD001071,5,Home tough.,,2023-11-26 18:21:59,2023-11-27 18:21:59
REV001072,ORD001072,5,,Candidate day it report little page voice onto maybe range.,2023-11-27 00:50:47,2023-11-29 00:50:47
REV001073,ORD001073,5,,Cut yard knowledge station painting east forget notice make leg although.,2023-12-18 02:10:11,2023-12-20 02:10:11
REV001074,ORD001074,5,,Explain thing lead red Republican father party special.,2023-12-06 02:11:00,2023-12-10 02:11:00
REV001075,ORD001075,3,,,2023-02-26 21:26:44,2023-03-02 21:26:44
REV001076,ORD001076,2,,,2024-09-11 08:45:37,2024-09-12 08:45:37
REV001077,ORD001077,1,,Indeed conference pay it his probably recognize believe recognize.,2024-01-14 04:02:06,2024-01-19 04:02:06
REV001078,ORD001078,5,,Dream that event physical factor trouble recently.,2024-05-21 11:34:49,2024-05-26 11:34:49
REV001079,ORD001079,4,,Training in seven building hard sense mean single improve close.,2023-10-30 19:38:26,2023-11-04 19:38:26
REV001080,ORD001080,3,,,2023-12-10 08:17:43,2023-12-13 08:17:43
REV001081,ORD001081,5,,,2024-09-24 02:02:15,2024-09-26 02:02:15
REV001082,ORD001082,5,,,2023-11-12 17:20:52,2023-11-17 17:20:52
REV001083,ORD001083,5,,Media left available reason see high second talk however action.,2024-07-17 07:02:09,2024-07-21 07:02:09
REV001084,ORD001084,4,,,2023-02-05 22:57:54,2023-02-10 22:57:54
REV001085,ORD001085,5,,Remember carry prove less leave bar prevent require.,2023-03-16 03:39:13,2023-03-20 03:39:13
REV001086,ORD001086,5,,Cell star success color adult beyond family movement hospital back shake quality child.,2024-03-29 16:25:54,2024-04-02 16:25:54
REV001087,ORD001087,5,Concern research throughout mother.,,2024-04-17 02:35:47,2024-04-21 02:35:47
REV001088,ORD001088,1,Recent student specific political.,Hospital final appear above significant short up hear.,2023-06-26 01:12:05,2023-06-29 01:12:05
REV001089,ORD001089,4,Customer administration agreement.,,2023-05-28 18:13:35,2023-06-01 18:13:35
REV001090,ORD001090,1,,Front court protect determine think someone store.,2024-04-23 23:43:55,2024-04-24 23:43:55
REV001091,ORD001091,4,,Right analysis mention spring follow phone person various house.,2023-01-01 02:15:39,2023-01-04 02:15:39
REV001092,ORD001092,4,Building degree ground community.,,2023-03-04 15:58:31,2023-03-07 15:58:31
REV001093,ORD001093,4,Pressure activity defense detail.,,2024-08-27 09:32:41,2024-08-29 09:32:41
REV001094,ORD001094,3,,Practice hard attack despite feeling out work big movie wrong sure.,2023-08-10 21:43:52,2023-08-15 21:43:52
REV001095,ORD001095,5,Edge behind food.,,2024-07-01 08:29:28,2024-07-06 08:29:28
REV001096,ORD001096,5,,,2023-11-23 12:16:34,2023-11-28 12:16:34
REV001097,ORD001097,5,Recent question win really forward.,Within project attack adult treatment large memory score me relate actually again.,2024-11-25 16:31:28,2024-11-30 16:31:28
REV001098,ORD001098,5,,Final scene serious people art hear father charge daughter.,2024-02-26 04:16:25,2024-02-27 04:16:25
REV001099,ORD001099,3,,Draw rise write kitchen theory care fish.,2023-09-06 22:46:41,2023-09-11 22:46:41
REV001100,ORD001100,5,,,2024-04-17 19:05:44,2024-04-22 19:05:44
REV001101,ORD001101,2,,Minute within possible eye agency suggest former.,2023-02-28 16:24:32,2023-03-03 16:24:32
REV001102,ORD001102,1,,,2023-02-23 22:04:03,2023-02-25 22:04:03
REV001103,ORD001103,1,,,2023-10-06 14:51:57,2023-10-07 14:51:57
REV001104,ORD001104,5,,Day approach truth write soon recent develop their miss contain.,2023-01-02 15:09:22,2023-01-04 15:09:22
REV001105,ORD001105,5,,,2023-06-10 18:24:22,2023-06-14 18:24:22
REV001106,ORD001106,5,,Accept thank attorney court plant center daughter begin or story use door back right find return.,2023-09-27 00:55:49,2023-09-28 00:55:49
REV001107,ORD001107,3,,,2023-10-02 04:23:34,2023-10-03 04:23:34
REV001108,ORD001108,5,,Interest paper field office whose cut television loss week growth.,2023-07-15 18:08:44,2023-07-17 18:08:44
REV001109,ORD001109,5,,Cold kid measure same set standard soldier after high take serve TV.,2023-12-03 08:10:04,2023-12-04 08:10:04
REV001110,ORD001110,5,,,2023-12-04 04:31:34,2023-12-08 04:31:34
REV001111,ORD001111,1,,Mr need compare herself figure exist no lose four resource cultural trouble above technology room hear.,2024-06-24 13:34:12,2024-06-26 13:34:12
REV001112,ORD001112,4,,,2024-04-05 10:41:42,2024-04-06 10:41:42
REV001113,ORD001113,5,Understand wait wife health.,Film would author those yeah buy usually class several whatever side seem give remember.,2024-01-02 01:53:06,2024-01-05 01:53:06
REV001115,ORD001115,1,,Recent prepare unit save drug alone spend piece put recently population end.,2024-05-10 09:20:39,2024-05-15 09:20:39
REV001116,ORD001116,5,Want challenge easy official.,Activity side popular true huge only too million country.,2023-02-26 02:58:52,2023-02-27 02:58:52
REV001117,ORD001117,5,Coach interview reality may.,,2024-02-19 06:19:05,2024-02-23 06:19:05
REV001118,ORD001118,5,,Probably him final in then road become player since general central see us huge final.,2024-12-30 17:55:38,2025-01-04 17:55:38
REV001119,ORD001119,5,,,2024-04-04 05:07:20,2024-04-08 05:07:20
REV001120,ORD001120,5,,,2024-03-09 12:28:41,2024-03-14 12:28:41
REV001121,ORD001121,5,Staff ability attorney.,Modern pressure run color hear region cup consider way late sport control arrive.,2024-11-05 07:39:56,2024-11-06 07:39:56
REV001122,ORD001122,5,Speak court work.,Key tree body player bag beat by ask ahead doctor magazine set act.,2024-10-10 20:18:24,2024-10-12 20:18:24
REV001123,ORD001123,4,,Seem account old would best mission account owner would seven usually.,2024-04-14 02:34:57,2024-04-16 02:34:57
REV001124,ORD001124,4,,Series page from radio gas firm dream guess huge particularly wish their south able.,2023-04-24 17:37:12,2023-04-29 17:37:12
REV001125,ORD001125,5,,,2023-09-03 16:56:38,2023-09-07 16:56:38
REV001126,ORD001126,5,,Rise thousand catch own than evidence recognize spring happy peace probably little including.,2023-03-21 04:48:54,2023-03-22 04:48:54
REV001127,ORD001127,4,About point walk.,Admit growth animal space for know parent hundred partner bank into use.,2023-09-29 20:53:14,2023-10-03 20:53:14
REV001129,ORD001129,5,,,2024-03-05 09:41:10,2024-03-07 09:41:10
REV001130,ORD001130,5,Would tax toward safe.,Parent Republican thank then size respond all marriage beautiful strategy you.,2023-11-11 07:32:28,2023-11-16 07:32:28
REV001131,ORD001131,5,,Collection land break production drive deep send process become itself respond civil upon total.,2023-11-17 21:36:42,2023-11-22 21:36:42
REV001132,ORD001132,3,,,2023-11-18 15:54:00,2023-11-21 15:54:00
REV001133,ORD001133,1,Detail election live.,Program two plant man somebody four difference office under.,2023-07-19 18:28:45,2023-07-24 18:28:45
REV001134,ORD001134,2,,,2024-04-23 07:25:22,2024-04-26 07:25:22
REV001135,ORD001135,4,Popular help.,,2023-01-04 03:50:34,2023-01-09 03:50:34
REV001136,ORD001136,5,President size whom join.,Difference break because become scientist visit seat break happy table.,2024-04-15 23:35:56,2024-04-19 23:35:56
REV001137,ORD001137,5,,,2024-11-26 07:58:37,2024-11-30 07:58:37
REV001138,ORD001138,4,Officer ability artist movie.,,2023-04-09 08:04:35,2023-04-14 08:04:35
REV001139,ORD001139,3,Woman floor half quickly.,Mind own develop house Mrs leave certain wall student.,2024-01-08 07:11:02,2024-01-11 07:11:02
REV001140,ORD001140,3,,Quite challenge exist section support still alone floor maybe read event summer off piece.,2023-05-23 14:13:06,2023-05-27 14:13:06
REV001141,ORD001141,1,,,2024-06-26 09:27:44,2024-06-30 09:27:44
REV001142,ORD001142,4,Manager region heavy.,Check respond summer various different save type simply task road federal spring.,2024-07-08 09:06:32,2024-07-13 09:06:32
REV001143,ORD001143,2,,Yard nature front question wrong serious hospital month executive.,2024-03-29 09:43:19,2024-04-02 09:43:19
REV001144,ORD001144,4,,,2023-03-17 05:48:37,2023-03-20 05:48:37
REV001145,ORD001145,5,,Red nature best food social tend approach various fight pressure.,2024-04-01 15:45:00,2024-04-04 15:45:00
REV001146,ORD001146,5,Case receive fact certain design.,Same across rise offer question write challenge wear interview success.,2024-11-16 04:57:28,2024-11-17 04:57:28
REV001147,ORD001147,5,,,2023-09-11 21:12:49,2023-09-13 21:12:49
REV001148,ORD001148,5,,,2023-02-18 06:08:47,2023-02-23 06:08:47
REV001149,ORD001149,5,,Benefit wind conference appear woman practice order wide.,2023-06-30 06:30:23,2023-07-01 06:30:23
REV001150,ORD001150,5,Reveal each budget however few.,,2023-08-09 13:19:25,2023-08-11 13:19:25
REV001151,ORD001151,4,,West present heart reality somebody probably sing ten practice every president happen build bar majority protect.,2024-08-27 10:27:46,2024-08-29 10:27:46
REV001152,ORD001152,4,Different only would look really.,Some Congress machine popular its number between as.,2024-05-02 17:31:24,2024-05-04 17:31:24
REV001154,ORD001154,3,,Continue spend after new movie speech major million once research so buy send whole today.,2024-08-09 12:01:20,2024-08-14 12:01:20
REV001155,ORD001155,4,Television receive accept.,Song but can deal claim none surface alone woman media hair name institution war.,2023-09-17 17:19:00,2023-09-21 17:19:00
REV001156,ORD001156,2,Eat animal.,Toward fall move cause make fine treat you paper member reach production and already center.,2023-06-28 19:47:11,2023-07-02 19:47:11
REV001157,ORD001157,5,Whatever own democratic.,Everyone rock instead near end power clear lay war put vote century.,2024-08-27 10:26:10,2024-09-01 10:26:10
REV001158,ORD001158,4,,,2023-06-27 09:54:23,2023-06-30 09:54:23
REV001159,ORD001159,5,,,2024-01-16 11:43:52,2024-01-19 11:43:52
REV001161,ORD001161,3,,,2023-02-20 01:19:33,2023-02-21 01:19:33
REV001162,ORD001162,1,,Audience run yet recent cover head price star painting information.,2023-02-14 13:51:31,2023-02-16 13:51:31
REV001163,ORD001163,5,,,2024-04-30 23:14:57,2024-05-03 23:14:57
REV001164,ORD001164,5,,,2024-08-04 20:37:33,2024-08-09 20:37:33
REV001165,ORD001165,5,First skin her.,,2024-09-13 20:53:10,2024-09-16 20:53:10
REV001166,ORD001166,5,,Easy establish mother range image forget become training sing chair something event better woman develop weight.,2024-10-25 11:16:49,2024-10-28 11:16:49
REV001167,ORD001167,5,,,2023-04-29 02:25:47,2023-05-01 02:25:47
REV001168,ORD001168,4,,,2023-02-16 00:39:17,2023-02-21 00:39:17
REV001169,ORD001169,5,,Compare rock fill start majority more red tend necessary.,2024-05-17 08:41:05,2024-05-21 08:41:05
REV001170,ORD001170,5,Between answer fish sell Congress.,,2024-12-02 15:59:30,2024-12-03 15:59:30
REV001171,ORD001171,3,Necessary think I or else.,Require price central nothing environment truth police have since question industry leader keep government light.,2023-03-08 14:33:03,2023-03-11 14:33:03
REV001172,ORD001172,5,Every into walk.,Figure teach water image fine bed bag role war close.,2023-12-01 22:23:04,2023-12-04 22:23:04
REV001174,ORD001174,2,,Be experience upon space action way quality usually.,2023-01-09 02:37:39,2023-01-12 02:37:39
REV001175,ORD001175,4,Look middle your.,Recently if pattern treat second research reflect see each school week statement they month participant.,2024-04-05 19:57:33,2024-04-09 19:57:33
REV001176,ORD001176,1,Large collection us shake tough.,,2024-01-05 08:43:42,2024-01-09 08:43:42
REV001177,ORD001177,3,,Avoid style message weight institution here health both trial.,2024-07-05 08:41:29,2024-07-06 08:41:29
REV001178,ORD001178,5,,Story surface tax face low enter able piece hour type.,2024-05-29 04:30:23,2024-06-03 04:30:23
REV001180,ORD001180,5,,Stay along leg pay major green past forget government accept three control great big man.,2023-02-16 02:00:55,2023-02-18 02:00:55
REV001181,ORD001181,5,More together.,,2024-10-07 09:11:33,2024-10-11 09:11:33
REV001182,ORD001182,5,,Buy maintain choose prevent difficult house federal into consider speech board just style.,2024-10-08 07:45:12,2024-10-10 07:45:12
REV001183,ORD001183,4,,Cause section accept third remember book expect card inside.,2023-05-30 10:24:10,2023-06-01 10:24:10
REV001184,ORD001184,4,,Too civil current look professor entire inside nearly son research foot share.,2024-05-05 05:26:00,2024-05-07 05:26:00
REV001185,ORD001185,5,,,2023-06-12 23:02:16,2023-06-14 23:02:16
REV001186,ORD001186,3,,Maybe type successful home body blue again choose matter should door question garden.,2024-04-01 12:01:35,2024-04-04 12:01:35
REV001187,ORD001187,4,,Scene its face magazine set easy check memory economic short ten yes easy star cup relationship.,2023-10-06 02:36:26,2023-10-11 02:36:26
REV001188,ORD001188,5,,,2024-12-13 03:02:54,2024-12-14 03:02:54
REV001189,ORD001189,5,,,2023-05-27 10:31:17,2023-05-29 10:31:17
REV001190,ORD001190,5,,Red maybe Congress yeah option play director car.,2023-06-24 21:49:45,2023-06-29 21:49:45
REV001191,ORD001191,3,Event court.,International pattern before anything imagine fill plan discuss from.,2024-06-09 18:30:21,2024-06-14 18:30:21
REV001192,ORD001192,5,,,2023-09-26 22:29:38,2023-10-01 22:29:38
REV001193,ORD001193,4,,,2024-03-29 15:58:37,2024-04-01 15:58:37
REV001194,ORD001194,4,Article interview appear body.,,2024-08-31 11:20:52,2024-09-02 11:20:52
REV001195,ORD001195,5,,Exactly go individual floor answer American appear seat deep line training beyond.,2024-10-23 16:52:01,2024-10-27 16:52:01
REV001196,ORD001196,3,,Edge man free born protect raise side candidate guess.,2023-08-25 07:26:04,2023-08-27 07:26:04
REV001197,ORD001197,5,,,2024-01-16 16:17:20,2024-01-18 16:17:20
REV001198,ORD001198,4,Sea open painting draw.,,2023-08-26 21:38:07,2023-08-27 21:38:07
REV001199,ORD001199,5,Decide himself thought.,,2023-12-04 07:50:56,2023-12-08 07:50:56
REV001200,ORD001200,5,,,2024-12-12 22:24:19,2024-12-16 22:24:19
REV001201,ORD001201,5,,,2024-05-05 03:24:29,2024-05-10 03:24:29
REV001202,ORD001202,4,,Picture own American why this stage cover knowledge better.,2023-08-20 08:27:28,2023-08-23 08:27:28
REV001203,ORD001203,3,,,2023-12-10 20:03:46,2023-12-11 20:03:46
REV001204,ORD001204,4,People feeling listen set move.,Analysis court nearly education theory table trade window thus.,2023-09-24 03:01:40,2023-09-26 03:01:40
REV001205,ORD001205,3,,Picture brother job lot model weight so cold ever whose face what article win.,2024-11-08 23:07:14,2024-11-09 23:07:14
REV001207,ORD001207,5,,,2024-07-07 06:22:10,2024-07-08 06:22:10
REV001209,ORD001209,4,,Scientist however range that will close seek his single husband.,2024-07-23 23:23:51,2024-07-27 23:23:51
REV001210,ORD001210,5,,,2024-02-28 10:20:00,2024-03-01 10:20:00
REV001211,ORD001211,5,,Deal about occur option across up mention mean result else system.,2024-06-05 16:29:36,2024-06-06 16:29:36
REV001212,ORD001212,5,,Remain need commercial animal draw although challenge third until establish so.,2023-12-06 20:54:15,2023-12-07 20:54:15
REV001213,ORD001213,5,,,2023-11-09 21:11:04,2023-11-11 21:11:04
REV001214,ORD001214,5,,Writer decide break possible plan win foot watch this enough.,2023-09-08 05:19:47,2023-09-10 05:19:47
REV001215,ORD001215,4,,Impact particularly foot arm staff station despite whole computer.,2023-10-24 18:13:39,2023-10-26 18:13:39
REV001216,ORD001216,5,,,2023-09-06 00:28:33,2023-09-08 00:28:33
REV001217,ORD001217,4,,,2024-12-08 14:16:22,2024-12-09 14:16:22
REV001218,ORD001218,5,,,2024-01-22 13:50:28,2024-01-23 13:50:28
REV001220,ORD001220,5,,,2024-01-30 10:41:00,2024-02-02 10:41:00
REV001221,ORD001221,5,Mr without.,Blood second high president thank plant nearly stage determine environmental ok space send choose discussion risk.,2024-09-11 05:21:39,2024-09-14 05:21:39
REV001222,ORD001222,5,,Chance look many least spring computer now wall Congress example financial those.,2024-07-28 05:30:36,2024-08-02 05:30:36
REV001223,ORD001223,4,Reach could century interview.,Training wife beyond money risk space owner help again step shake popular analysis eat.,2023-01-04 07:14:57,2023-01-05 07:14:57
REV001224,ORD001224,5,,,2024-06-28 11:08:34,2024-07-03 11:08:34
REV001225,ORD001225,5,,Environment voice outside society act social my stand.,2023-10-01 22:33:36,2023-10-02 22:33:36
REV001227,ORD001227,5,Dark lose.,,2024-10-22 21:51:43,2024-10-27 21:51:43
REV001228,ORD001228,4,,,2023-10-06 05:52:21,2023-10-08 05:52:21
REV001229,ORD001229,4,,Throughout spring film look during myself environment myself again and name bill though indeed ability.,2024-03-17 01:12:39,2024-03-22 01:12:39
REV001230,ORD001230,3,,Agency interview challenge pretty difficult these his this state both.,2024-07-26 22:42:41,2024-07-31 22:42:41
REV001231,ORD001231,3,Yard different what.,,2024-10-17 03:26:26,2024-10-18 03:26:26
REV001232,ORD001232,4,,,2023-02-18 21:49:38,2023-02-23 21:49:38
REV001233,ORD001233,1,Ground past brother.,Time page concern most outside quickly change project.,2024-11-21 23:18:15,2024-11-25 23:18:15
REV001234,ORD001234,5,,Person expert then even material hard enter trade sometimes small technology.,2024-11-20 14:45:33,2024-11-22 14:45:33
REV001235,ORD001235,1,,Sing chair challenge land someone with spring both into.,2024-09-09 11:17:06,2024-09-12 11:17:06
REV001236,ORD001236,5,,Certain follow camera should good management loss win own PM catch.,2024-01-28 11:54:24,2024-02-01 11:54:24
REV001237,ORD001237,5,,Himself near much manage movie discover base resource money since.,2024-05-08 06:30:15,2024-05-12 06:30:15
REV001238,ORD001238,5,,,2023-07-20 08:18:28,2023-07-24 08:18:28
REV001239,ORD001239,4,,,2024-08-18 09:56:54,2024-08-21 09:56:54
REV001240,ORD001240,2,,,2024-11-12 10:25:49,2024-11-14 10:25:49
REV001242,ORD001242,5,,,2024-02-12 02:58:30,2024-02-16 02:58:30
REV001243,ORD001243,1,,Reflect dog able yes admit next whatever TV arrive glass.,2024-05-11 07:17:07,2024-05-14 07:17:07
REV001244,ORD001244,5,,,2024-06-27 08:46:27,2024-07-01 08:46:27
REV001245,ORD001245,3,,,2023-08-05 18:41:24,2023-08-06 18:41:24
REV001246,ORD001246,4,,Far century table will tree drug still argue case.,2024-03-28 20:12:49,2024-03-30 20:12:49
REV001247,ORD001247,4,,Help ago who he reduce production available study that.,2023-12-11 19:17:18,2023-12-13 19:17:18
REV001248,ORD001248,4,Chair center.,Baby notice sport change consumer sea security recognize federal in.,2023-10-26 04:46:27,2023-10-27 04:46:27
REV001249,ORD001249,5,,Know population actually born art politics page community civil how interest way.,2023-05-25 07:00:05,2023-05-29 07:00:05
REV001250,ORD001250,5,Never stop try maybe.,,2024-04-07 15:20:05,2024-04-08 15:20:05
REV001251,ORD001251,3,Interest church win.,Help week sea hundred argue hot state wish painting baby realize local present if herself.,2023-05-08 17:41:37,2023-05-09 17:41:37
REV001252,ORD001252,4,,,2024-09-23 19:32:04,2024-09-25 19:32:04
REV001253,ORD001253,5,,Sound position crime board back owner suggest.,2023-09-12 03:39:03,2023-09-16 03:39:03
REV001254,ORD001254,5,,,2023-06-03 14:17:14,2023-06-07 14:17:14
REV001255,ORD001255,5,,Dream clear blood deep action travel could.,2023-04-24 22:55:50,2023-04-28 22:55:50
REV001256,ORD001256,5,Point allow especially.,North nor so animal fire want across ground executive huge crime sell rise wind reflect.,2024-12-18 15:32:51,2024-12-22 15:32:51
REV001257,ORD001257,5,,Former to me maybe simple age somebody local.,2023-11-30 21:19:32,2023-12-04 21:19:32
REV001258,ORD001258,5,,,2024-01-12 21:46:25,2024-01-13 21:46:25
REV001259,ORD001259,5,,Face charge leg those behavior responsibility this.,2024-04-29 16:33:50,2024-05-02 16:33:50
REV001261,ORD001261,4,,Shoulder claim white might rock prepare us game size.,2023-10-25 11:24:42,2023-10-28 11:24:42
REV001262,ORD001262,5,Fact perhaps vote always.,Dream young parent when note yes best address short finally test something time.,2023-06-25 01:29:12,2023-06-29 01:29:12
REV001263,ORD001263,4,Behind finish value claim.,Office government author represent leave worry without shake kind under vote.,2023-06-13 19:00:50,2023-06-16 19:00:50
REV001264,ORD001264,5,,Major guy expert important people quite kid mention person finish base including late theory yard.,2023-10-22 15:16:29,2023-10-25 15:16:29
REV001265,ORD001265,5,,,2024-10-13 02:14:57,2024-10-17 02:14:57
REV001266,ORD001266,5,,,2024-04-10 20:50:17,2024-04-11 20:50:17
REV001267,ORD001267,5,Per popular.,Record night choice black heart now take development them protect.,2023-07-16 01:24:07,2023-07-20 01:24:07
REV001268,ORD001268,5,Letter politics too let.,,2023-01-29 23:10:58,2023-02-01 23:10:58
REV001269,ORD001269,3,,,2024-05-29 19:46:47,2024-06-03 19:46:47
REV001270,ORD001270,4,,,2024-03-15 05:52:26,2024-03-16 05:52:26
REV001271,ORD001271,2,Congress board.,,2024-07-01 13:20:07,2024-07-02 13:20:07
REV001272,ORD001272,4,,Should current forget fish you main reduce live everything although choose like policy.,2024-01-26 09:51:50,2024-01-31 09:51:50
REV001273,ORD001273,5,,Nothing write similar artist speak smile without degree deep age serve institution.,2024-11-12 15:21:31,2024-11-13 15:21:31
REV001274,ORD001274,4,,Player base attorney if fear Republican the modern prove else store.,2023-09-14 17:20:48,2023-09-17 17:20:48
REV001275,ORD001275,5,,Time investment white father cup walk loss movement.,2023-11-07 04:20:37,2023-11-11 04:20:37
REV001276,ORD001276,5,,,2024-06-25 17:56:31,2024-06-26 17:56:31
REV001277,ORD001277,4,,,2023-12-21 02:02:20,2023-12-24 02:02:20
REV001278,ORD001278,4,,,2024-11-15 07:32:06,2024-11-17 07:32:06
REV001279,ORD001279,4,,,2023-11-01 23:29:41,2023-11-03 23:29:41
REV001280,ORD001280,5,Whole join tree.,,2023-06-08 00:12:28,2023-06-09 00:12:28
REV001281,ORD001281,5,Home act situation others back.,Pattern food worry voice sea say first character learn challenge ten box wide image minute about.,2024-10-07 18:08:06,2024-10-09 18:08:06
REV001282,ORD001282,4,Wall tax plant police.,Best despite without information national coach help girl weight will officer add sport administration to maybe.,2024-07-03 01:34:42,2024-07-08 01:34:42
REV001283,ORD001283,4,Record power lay.,,2024-04-04 22:04:21,2024-04-08 22:04:21
REV001284,ORD001284,4,,,2024-08-28 08:36:33,2024-08-31 08:36:33
REV001285,ORD001285,3,,,2023-10-08 09:46:05,2023-10-12 09:46:05
REV001286,ORD001286,5,,,2023-07-11 20:22:04,2023-07-13 20:22:04
REV001287,ORD001287,3,,Goal stock international wind from unit learn health need class job expect process.,2023-11-29 12:14:42,2023-12-02 12:14:42
REV001288,ORD001288,3,,,2023-09-25 12:33:13,2023-09-26 12:33:13
REV001289,ORD001289,5,,Plant reduce visit town between because student bed administration usually billion seek perhaps.,2023-02-09 15:47:47,2023-02-11 15:47:47
REV001290,ORD001290,5,,Between know ok allow face inside development lawyer high crime light buy whose trial include.,2023-04-01 13:51:37,2023-04-05 13:51:37
REV001291,ORD001291,3,,Account hear difference exist they enough stuff somebody increase drop too increase administration.,2023-07-22 09:02:40,2023-07-24 09:02:40
REV001292,ORD001292,4,So subject million.,,2023-08-13 06:52:34,2023-08-16 06:52:34
REV001293,ORD001293,5,,,2024-06-06 03:28:14,2024-06-09 03:28:14
REV001294,ORD001294,2,,Fish color occur involve new hot pattern hotel appear use investment vote hospital road idea fish.,2023-12-03 05:45:21,2023-12-04 05:45:21
REV001295,ORD001295,5,,Join between song mean place six successful physical employee.,2023-04-22 13:10:01,2023-04-23 13:10:01
REV001296,ORD001296,5,,City follow behavior agent activity show check peace myself win occur agent safe work play.,2024-08-24 09:11:08,2024-08-29 09:11:08
REV001298,ORD001298,1,Cost present develop create.,Risk southern her employee appear bar century age world term.,2024-07-09 03:36:37,2024-07-10 03:36:37
REV001299,ORD001299,3,,,2024-09-23 19:19:56,2024-09-26 19:19:56
REV001300,ORD001300,5,Learn other.,Center energy Congress back suddenly tree debate beyond.,2024-12-17 15:56:33,2024-12-21 15:56:33
REV001301,ORD001301,5,,,2023-12-04 01:11:54,2023-12-05 01:11:54
REV001302,ORD001302,3,,,2024-08-05 16:24:50,2024-08-09 16:24:50
REV001303,ORD001303,5,,,2023-01-08 23:43:03,2023-01-09 23:43:03
REV001304,ORD001304,4,,Including main personal decision information threat plant.,2023-03-13 05:09:33,2023-03-16 05:09:33
REV001305,ORD001305,5,,Speak conference act condition note parent all wish year low pass national citizen score.,2023-03-07 05:07:23,2023-03-09 05:07:23
REV001306,ORD001306,5,,,2023-06-29 13:54:28,2023-07-02 13:54:28
REV001307,ORD001307,3,,Cover ahead age memory charge term boy describe foreign.,2024-06-22 10:38:45,2024-06-26 10:38:45
REV001308,ORD001308,5,,Base reality call event current begin remain present level speak.,2023-08-04 15:22:23,2023-08-07 15:22:23
REV001309,ORD001309,5,Mention hundred cover common.,Which bill soldier onto close day reveal item land others even.,2024-10-18 10:00:41,2024-10-21 10:00:41
REV001310,ORD001310,5,,,2023-02-13 23:13:28,2023-02-17 23:13:28
REV001312,ORD001312,2,Performance parent investment note.,Today standard last threat when education important page theory wear most huge.,2023-04-15 09:42:26,2023-04-17 09:42:26
REV001313,ORD001313,5,,,2023-12-21 19:00:25,2023-12-24 19:00:25
REV001314,ORD001314,5,,,2024-02-05 23:03:18,2024-02-09 23:03:18
REV001315,ORD001315,5,,,2023-08-04 03:18:23,2023-08-07 03:18:23
REV001316,ORD001316,4,Conference follow.,,2024-04-22 18:38:46,2024-04-27 18:38:46
REV001317,ORD001317,5,,,2023-05-12 03:56:58,2023-05-17 03:56:58
REV001319,ORD001319,3,Group authority prevent.,Certain fire act read response degree nothing focus discussion at exist defense.,2024-09-22 07:56:44,2024-09-24 07:56:44
REV001320,ORD001320,2,,,2024-01-07 11:18:57,2024-01-11 11:18:57
REV001321,ORD001321,5,,,2023-01-09 09:22:42,2023-01-14 09:22:42
REV001322,ORD001322,5,Bill everyone part.,,2024-11-03 08:17:20,2024-11-05 08:17:20
REV001323,ORD001323,5,,,2023-11-18 08:22:25,2023-11-21 08:22:25
REV001324,ORD001324,5,,,2024-06-10 10:04:50,2024-06-12 10:04:50
REV001325,ORD001325,5,,,2024-07-31 07:36:39,2024-08-05 07:36:39
REV001326,ORD001326,2,,Off position radio itself spend cup anyone management.,2024-03-24 10:39:12,2024-03-29 10:39:12
REV001327,ORD001327,5,Wrong instead.,,2023-07-02 16:05:13,2023-07-07 16:05:13
REV001328,ORD001328,5,,Laugh over option door again adult situation office above.,2023-04-14 19:24:41,2023-04-18 19:24:41
REV001329,ORD001329,5,Expect success idea time.,,2024-10-03 19:48:38,2024-10-05 19:48:38
REV001330,ORD001330,2,Although population attorney believe sort.,,2023-04-28 13:44:27,2023-04-29 13:44:27
REV001331,ORD001331,4,Ever send hundred.,Simple management another fear worker management political treat successful visit bill difference stay catch year.,2023-02-05 16:54:20,2023-02-10 16:54:20
REV001332,ORD001332,5,,,2024-01-11 22:47:18,2024-01-15 22:47:18
REV001333,ORD001333,2,,Difficult because right speech staff Mr above read appear third amount answer fight.,2024-07-23 22:36:25,2024-07-26 22:36:25
REV001334,ORD001334,5,,Forget partner speech establish color case leave call technology send thousand.,2024-03-11 13:10:04,2024-03-12 13:10:04
REV001335,ORD001335,3,Pm property miss drive.,Product with focus room difficult enough fast bar next their process same day back.,2024-11-30 17:57:11,2024-12-02 17:57:11
REV001336,ORD001336,4,,,2023-08-28 22:14:02,2023-08-31 22:14:02
REV001337,ORD001337,5,,Art actually democratic stand could bit decade opportunity month teach set find law child.,2024-12-16 22:50:36,2024-12-17 22:50:36
REV001338,ORD001338,5,,,2023-04-24 10:09:30,2023-04-25 10:09:30
REV001339,ORD001339,5,Black candidate true history.,Test message sister could everyone clearly film thank possible challenge then seat drive thus.,2024-08-03 08:47:28,2024-08-06 08:47:28
REV001340,ORD001340,4,,Environment live most goal brother nearly great deep however.,2023-05-29 05:42:28,2023-06-03 05:42:28
REV001341,ORD001341,4,,,2023-04-15 14:50:34,2023-04-16 14:50:34
REV001342,ORD001342,5,,,2023-02-20 03:24:20,2023-02-22 03:24:20
REV001343,ORD001343,5,,,2024-05-01 08:24:26,2024-05-05 08:24:26
REV001344,ORD001344,4,,,2024-04-29 04:11:51,2024-05-02 04:11:51
REV001345,ORD001345,5,Meet apply evening best.,Rule institution family idea order morning management item race position where detail.,2023-07-15 09:39:38,2023-07-19 09:39:38
REV001346,ORD001346,2,,,2024-01-29 18:04:39,2024-01-31 18:04:39
REV001347,ORD001347,3,,,2024-05-11 06:12:03,2024-05-12 06:12:03
REV001348,ORD001348,3,Time offer.,,2024-09-19 07:58:29,2024-09-22 07:58:29
REV001349,ORD001349,5,,,2023-02-01 22:03:14,2023-02-03 22:03:14
REV001350,ORD001350,5,,,2023-07-06 09:57:10,2023-07-07 09:57:10
REV001351,ORD001351,2,,,2023-01-01 06:55:11,2023-01-02 06:55:11
REV001352,ORD001352,5,,Assume big difficult per respond hot big safe they environmental.,2023-03-29 02:03:47,2023-03-30 02:03:47
REV001353,ORD001353,4,Commercial data PM.,Explain about continue traditional performance school system reach color race coach forward lay while program into.,2023-12-16 21:07:49,2023-12-19 21:07:49
REV001354,ORD001354,5,,Concern enough baby quickly table order wide.,2023-08-20 18:59:40,2023-08-23 18:59:40
REV001355,ORD001355,5,,A their line and admit quite fact direction me sense simple beyond sound friend make go.,2024-07-13 04:07:55,2024-07-15 04:07:55
REV001356,ORD001356,5,Either main hair add good.,Through simple tax total other both rate rock again without task process.,2023-02-18 00:19:46,2023-02-22 00:19:46
REV001357,ORD001357,5,,,2024-11-29 12:31:37,2024-11-30 12:31:37
REV001358,ORD001358,4,,,2024-12-12 19:35:30,2024-12-16 19:35:30
REV001359,ORD001359,5,,,2023-08-20 07:47:58,2023-08-24 07:47:58
REV001360,ORD001360,5,Ground all officer.,,2023-11-07 14:26:13,2023-11-10 14:26:13
REV001362,ORD001362,5,,,2023-03-10 02:14:34,2023-03-14 02:14:34
REV001363,ORD001363,5,,,2024-09-15 16:08:42,2024-09-19 16:08:42
REV001364,ORD001364,5,,Grow season create western police whole theory quickly tonight last when money enter.,2023-10-07 19:03:21,2023-10-10 19:03:21
REV001365,ORD001365,5,,,2024-11-26 14:45:42,2024-11-30 14:45:42
REV001366,ORD001366,4,Thousand hospital individual yes.,,2023-09-15 00:21:14,2023-09-18 00:21:14
REV001367,ORD001367,4,,Course often reduce street but somebody note society get body across.,2024-03-03 19:09:49,2024-03-08 19:09:49
REV001368,ORD001368,4,Letter change whom.,,2023-06-13 13:07:57,2023-06-15 13:07:57
REV001369,ORD001369,3,Newspaper class main ask far.,,2023-06-02 09:59:23,2023-06-04 09:59:23
REV001370,ORD001370,5,American executive or apply.,,2024-08-20 02:39:28,2024-08-25 02:39:28
REV001371,ORD001371,5,,Above good street anyone case these size maybe when night west.,2023-04-18 11:23:40,2023-04-20 11:23:40
REV001372,ORD001372,5,Central run it.,,2024-08-08 10:52:02,2024-08-13 10:52:02
REV001373,ORD001373,5,Fact allow.,,2023-11-06 01:28:24,2023-11-09 01:28:24
REV001374,ORD001374,5,,Eat question hit human tough throw turn others community job then source.,2024-08-03 06:22:08,2024-08-06 06:22:08
REV001375,ORD001375,5,,Raise current career never feeling beat note pick national.,2023-04-25 00:13:18,2023-04-29 00:13:18
REV001376,ORD001376,5,Site street benefit money.,,2023-10-31 22:40:45,2023-11-05 22:40:45
REV001377,ORD001377,4,,,2023-11-02 16:38:51,2023-11-06 16:38:51
REV001378,ORD001378,5,,Mean rate group government level which leave tree ago short because cell.,2024-04-28 09:56:15,2024-05-03 09:56:15
REV001379,ORD001379,1,Skill oil health.,,2024-04-17 05:20:54,2024-04-21 05:20:54
REV001380,ORD001380,3,,,2024-10-25 21:19:58,2024-10-29 21:19:58
REV001381,ORD001381,1,,,2023-02-26 14:43:22,2023-03-02 14:43:22
REV001382,ORD001382,5,,Myself not fall sense hotel idea accept space themselves least approach area stop practice four best.,2023-09-11 10:57:38,2023-09-15 10:57:38
REV001383,ORD001383,5,Not real ten.,Science purpose school apply day century science manager difference.,2024-06-09 16:42:40,2024-06-11 16:42:40
REV001384,ORD001384,5,,Feeling financial writer according machine reach boy a page.,2023-07-04 11:24:51,2023-07-07 11:24:51
REV001385,ORD001385,5,,Mind easy billion agency media hospital unit feel low.,2023-10-25 11:22:13,2023-10-27 11:22:13
REV001386,ORD001386,3,Star success national.,Race teacher pay it player continue stand price color score national live face property where manage.,2024-01-18 14:03:40,2024-01-20 14:03:40
REV001387,ORD001387,4,,Hospital recently blue indicate interesting agreement lead nor action few population.,2024-11-08 05:17:22,2024-11-11 05:17:22
REV001389,ORD001389,5,,,2023-10-27 14:03:36,2023-10-30 14:03:36
REV001390,ORD001390,3,,Know traditional great cause think learn across citizen may technology decision total modern message company charge.,2024-06-25 01:40:11,2024-06-29 01:40:11
REV001391,ORD001391,5,,,2023-04-15 17:46:20,2023-04-20 17:46:20
REV001392,ORD001392,5,,,2023-11-23 05:48:55,2023-11-24 05:48:55
REV001393,ORD001393,5,,Fund resource skill everything several field hour trouble population heavy line probably office until simple.,2024-05-20 11:42:25,2024-05-22 11:42:25
REV001395,ORD001395,5,Else recently open oil once.,Attack ahead run discuss professor material quickly food discuss sign true somebody black.,2023-09-02 06:49:15,2023-09-06 06:49:15
REV001396,ORD001396,5,,,2023-06-24 07:03:43,2023-06-25 07:03:43
REV001397,ORD001397,5,,,2024-08-18 16:37:02,2024-08-19 16:37:02
REV001398,ORD001398,5,,,2023-08-06 00:57:32,2023-08-10 00:57:32
REV001399,ORD001399,5,,Rock himself wind two artist economy also seek kid.,2024-09-05 14:44:33,2024-09-09 14:44:33
REV001400,ORD001400,5,,Paper subject type fly recognize help writer off current education join experience.,2024-08-31 15:57:32,2024-09-04 15:57:32
REV001401,ORD001401,2,,,2023-10-05 02:20:03,2023-10-09 02:20:03
REV001402,ORD001402,4,Score its more.,Beat agency where benefit almost cell accept similar nothing ten.,2024-05-19 01:29:39,2024-05-21 01:29:39
REV001404,ORD001404,5,Continue role treat politics.,,2023-05-22 16:27:29,2023-05-24 16:27:29
REV001405,ORD001405,4,,,2024-09-27 16:10:16,2024-10-02 16:10:16
REV001406,ORD001406,5,Couple debate still may.,Peace next case attack into heavy audience back site fear brother discover.,2024-04-14 07:58:19,2024-04-16 07:58:19
REV001407,ORD001407,5,,Music against start face stock hospital group their citizen explain move drop military particularly fine peace.,2024-09-27 05:27:08,2024-10-01 05:27:08
REV001408,ORD001408,4,,Recently book likely true enjoy air full end free share cause natural safe under professional.,2023-04-05 16:17:35,2023-04-08 16:17:35
REV001409,ORD001409,4,Dog authority.,Toward reflect she along wonder wear our partner ball necessary water establish among along medical.,2024-10-27 04:06:43,2024-10-29 04:06:43
REV001410,ORD001410,5,,It field sure will again area similar specific move team radio scene.,2024-05-02 09:03:49,2024-05-05 09:03:49
REV001411,ORD001411,5,,,2024-05-29 16:36:39,2024-06-01 16:36:39
REV001412,ORD001412,5,,,2024-09-14 04:34:14,2024-09-18 04:34:14
REV001413,ORD001413,2,,Lot hit help by red near break brother past tough goal gas truth draw begin.,2023-05-29 13:00:50,2023-06-03 13:00:50
REV001414,ORD001414,2,Dinner section.,,2024-05-18 21:02:59,2024-05-21 21:02:59
REV001415,ORD001415,4,,Nothing yard address rest spend baby camera Congress analysis glass pretty each factor paper long.,2023-03-24 04:51:54,2023-03-25 04:51:54
REV001416,ORD001416,2,,Prevent baby voice day relate spend today teach kitchen.,2023-05-19 19:12:15,2023-05-22 19:12:15
REV001417,ORD001417,5,,,2023-07-15 22:05:47,2023-07-17 22:05:47
REV001419,ORD001419,5,,Walk sister fall president money environment recently me approach too relationship.,2024-04-23 08:18:42,2024-04-26 08:18:42
REV001421,ORD001421,5,Main bad treatment success minute.,Score decision head staff center within recognize practice law box material.,2024-04-05 16:06:55,2024-04-07 16:06:55
REV001422,ORD001422,4,,,2023-05-21 17:41:14,2023-05-23 17:41:14
REV001423,ORD001423,5,,,2024-04-13 02:38:10,2024-04-17 02:38:10
REV001424,ORD001424,5,Establish open.,,2024-02-15 15:52:26,2024-02-18 15:52:26
REV001425,ORD001425,1,Still be everything.,,2023-11-19 13:58:37,2023-11-21 13:58:37
REV001426,ORD001426,1,,Himself affect him know difference here process mouth produce all several visit travel senior from stock.,2024-02-16 14:19:18,2024-02-18 14:19:18
REV001427,ORD001427,5,,Special opportunity serious game stop its into role save arm body.,2023-05-27 22:24:13,2023-05-30 22:24:13
REV001428,ORD001428,1,Weight usually explain yard.,Less occur nothing million class high second under car address son week beat economic myself.,2024-08-29 01:53:49,2024-09-03 01:53:49
REV001429,ORD001429,5,,,2023-03-01 15:37:24,2023-03-04 15:37:24
REV001430,ORD001430,5,,,2024-10-18 14:32:12,2024-10-20 14:32:12
REV001431,ORD001431,5,Number although ever environmental.,,2024-05-01 11:44:14,2024-05-04 11:44:14
REV001432,ORD001432,5,,Site special part buy nothing fly enough condition leg key letter.,2024-03-05 00:21:59,2024-03-08 00:21:59
REV001433,ORD001433,5,,Lose such design around voice everybody particular finish ask conference she everybody.,2023-07-06 10:18:44,2023-07-11 10:18:44
REV001434,ORD001434,5,,Camera piece chair peace anyone boy although range team oil among response article research.,2023-12-10 21:39:50,2023-12-13 21:39:50
REV001435,ORD001435,5,Window administration suddenly.,Music and doctor board medical both back daughter now stop race author.,2023-02-25 05:15:05,2023-02-26 05:15:05
REV001436,ORD001436,4,,Then central force small friend impact present likely wind perform civil and us.,2023-11-10 01:30:38,2023-11-13 01:30:38
REV001437,ORD001437,5,,Agent participant space member sit meet ok general Democrat store allow risk high young bad back.,2024-05-22 22:13:31,2024-05-23 22:13:31
REV001438,ORD001438,5,,,2023-10-07 03:37:31,2023-10-10 03:37:31
REV001440,ORD001440,4,,Not young piece safe much building these sometimes parent process.,2024-02-29 09:25:08,2024-03-02 09:25:08
REV001441,ORD001441,5,,Kid especially structure fall during during should gun lay security break drop run they gun.,2023-04-09 11:04:29,2023-04-13 11:04:29
REV001442,ORD001442,5,,Night baby gun machine discover skill discover still would understand each training.,2023-03-05 10:17:31,2023-03-08 10:17:31
REV001443,ORD001443,2,Program painting somebody game brother.,,2023-03-18 15:31:09,2023-03-20 15:31:09
REV001444,ORD001444,5,,,2023-12-05 15:21:50,2023-12-07 15:21:50
REV001445,ORD001445,3,,,2023-08-23 10:07:21,2023-08-24 10:07:21
REV001446,ORD001446,5,,,2024-11-04 02:22:06,2024-11-05 02:22:06
REV001447,ORD001447,5,,,2024-02-03 13:07:40,2024-02-08 13:07:40
REV001448,ORD001448,4,,,2024-09-19 05:32:06,2024-09-20 05:32:06
REV001449,ORD001449,5,,,2023-08-16 13:53:18,2023-08-20 13:53:18
REV001450,ORD001450,2,,Inside work office plan significant tonight then administration building enjoy never us sea.,2023-06-27 18:30:23,2023-06-30 18:30:23
REV001451,ORD001451,5,,Thank street agency cold authority method more hold institution.,2023-03-14 19:37:03,2023-03-15 19:37:03
REV001452,ORD001452,5,,,2023-09-18 01:20:17,2023-09-22 01:20:17
REV001453,ORD001453,5,,I news Republican budget today together option pattern yes.,2023-08-26 11:33:24,2023-08-30 11:33:24
REV001454,ORD001454,3,Available TV.,Treat piece scientist job serious record safe rich operation star meeting charge account or.,2023-02-02 21:21:38,2023-02-03 21:21:38
REV001455,ORD001455,5,,,2023-03-07 05:29:00,2023-03-10 05:29:00
REV001456,ORD001456,4,,Here just meet open war best father game nor today oil such interview follow.,2024-10-05 04:54:18,2024-10-07 04:54:18
REV001457,ORD001457,4,,Serious well among war think room issue everything they fire girl close.,2024-12-14 06:28:28,2024-12-19 06:28:28
REV001458,ORD001458,4,Event keep those.,Voice else paper blood discuss everything benefit need meet collection out.,2023-02-14 22:20:01,2023-02-19 22:20:01
REV001459,ORD001459,4,,,2023-03-13 02:48:31,2023-03-14 02:48:31
REV001460,ORD001460,1,,Whether music sometimes according strategy ago data.,2024-01-20 03:16:29,2024-01-23 03:16:29
REV001461,ORD001461,5,,Interview know call law truth respond try build threat manage beautiful carry everything protect why.,2024-12-08 16:14:22,2024-12-11 16:14:22
REV001462,ORD001462,2,,,2024-01-02 04:57:57,2024-01-06 04:57:57
REV001463,ORD001463,4,,,2024-06-07 00:46:43,2024-06-08 00:46:43
REV001464,ORD001464,4,Season develop.,Force medical everybody piece mention since religious fire.,2024-10-01 11:39:44,2024-10-02 11:39:44
REV001466,ORD001466,5,Item usually.,Fish success produce there along play account carry heavy wall pull enter charge sport safe.,2023-10-28 13:59:55,2023-10-30 13:59:55
REV001467,ORD001467,5,Capital play become.,Tax see about attack newspaper decade concern industry enjoy herself on point machine prevent conference.,2024-07-26 03:54:31,2024-07-27 03:54:31
REV001468,ORD001468,5,,,2024-02-20 08:20:12,2024-02-22 08:20:12
REV001469,ORD001469,4,,,2024-07-11 12:30:14,2024-07-16 12:30:14
REV001470,ORD001470,5,,,2023-07-08 14:59:55,2023-07-12 14:59:55
REV001471,ORD001471,2,,Subject themselves property make picture our myself far despite while to.,2024-02-25 05:04:46,2024-02-27 05:04:46
REV001472,ORD001472,5,Information language easy.,,2024-09-28 23:21:24,2024-10-03 23:21:24
REV001473,ORD001473,2,,Break let five box recent relate similar low source major include dog fact.,2023-02-14 21:40:39,2023-02-16 21:40:39
REV001474,ORD001474,4,Democrat surface important no.,Energy fish hot kind human treatment environmental rock fund stand final important.,2024-10-14 15:47:17,2024-10-17 15:47:17
REV001475,ORD001475,1,,,2023-01-08 07:24:45,2023-01-13 07:24:45
REV001476,ORD001476,3,,,2023-06-03 00:19:37,2023-06-08 00:19:37
REV001477,ORD001477,1,,,2024-12-11 18:03:48,2024-12-15 18:03:48
REV001478,ORD001478,4,Then movie single book why.,,2023-12-05 14:02:39,2023-12-10 14:02:39
REV001479,ORD001479,5,,,2023-11-13 14:52:28,2023-11-14 14:52:28
REV001480,ORD001480,5,,,2024-04-12 18:34:36,2024-04-13 18:34:36
REV001481,ORD001481,3,,,2024-07-17 01:03:13,2024-07-18 01:03:13
REV001482,ORD001482,1,,,2023-08-09 04:39:58,2023-08-13 04:39:58
REV001483,ORD001483,3,,Form painting after reveal sort bed relate treatment short need pressure million gun cup church movie.,2024-12-12 12:22:56,2024-12-13 12:22:56
REV001484,ORD001484,4,,Face claim hear including need eat add suddenly sense money.,2024-06-05 17:02:39,2024-06-06 17:02:39
REV001485,ORD001485,3,,Huge machine church feeling discover significant easy evening buy six pretty capital scientist establish.,2024-02-25 17:37:25,2024-03-01 17:37:25
REV001486,ORD001486,5,,Baby mean region run after sea must try.,2024-07-22 16:13:46,2024-07-25 16:13:46
REV001487,ORD001487,5,Save society.,,2024-09-29 02:25:01,2024-10-04 02:25:01
REV001488,ORD001488,4,Story teacher size.,,2023-06-25 06:24:24,2023-06-28 06:24:24
REV001489,ORD001489,4,Mention age ever dark.,Wide office heavy involve develop image everything expect reflect media him.,2024-10-08 16:18:41,2024-10-10 16:18:41
REV001491,ORD001491,2,Road week several research.,,2023-03-20 01:49:19,2023-03-23 01:49:19
REV001492,ORD001492,5,,Difference window however discussion have none poor forward special wish believe college ten majority.,2023-02-11 12:10:50,2023-02-13 12:10:50
REV001494,ORD001494,4,Base idea study.,Rich note discussion should edge find full character focus north image accept real sense some.,2024-08-29 10:13:32,2024-09-02 10:13:32
REV001495,ORD001495,4,,Matter where dog leave lot never science run TV international back camera add mind building.,2024-02-16 20:20:04,2024-02-21 20:20:04
REV001496,ORD001496,5,,Join will although interest color sort maintain see natural human.,2023-07-08 18:28:11,2023-07-13 18:28:11
REV001497,ORD001497,5,,Brother yet result they even follow threat nor coach face rate.,2023-08-27 09:10:01,2023-08-28 09:10:01
REV001498,ORD001498,3,,,2024-03-04 09:47:40,2024-03-07 09:47:40
REV001499,ORD001499,4,,,2023-10-31 07:42:00,2023-11-01 07:42:00
REV001500,ORD001500,2,,Weight he page line decision form section you until clearly resource listen fish conference like year.,2024-02-18 20:45:07,2024-02-23 20:45:07
REV001501,ORD001501,5,,Find could really Mrs former article light.,2024-07-25 06:25:27,2024-07-27 06:25:27
REV001502,ORD001502,4,,At player third general add cover exist treatment international.,2023-03-05 21:09:49,2023-03-07 21:09:49
REV001503,ORD001503,5,,Happen short various night political dark or bill describe condition nor.,2023-04-04 17:15:47,2023-04-06 17:15:47
REV001504,ORD001504,5,,,2023-04-26 17:36:15,2023-04-27 17:36:15
REV001505,ORD001505,3,,Someone onto she form sign option everyone southern the.,2024-12-12 21:07:36,2024-12-16 21:07:36
REV001506,ORD001506,5,,Decide able discussion describe upon past century little a back wide case southern international.,2024-03-05 00:15:37,2024-03-09 00:15:37
REV001507,ORD001507,5,Force matter bring nice.,Similar relationship great stuff first back painting degree coach plant everyone central.,2024-01-15 13:15:04,2024-01-17 13:15:04
REV001508,ORD001508,5,,,2024-03-14 19:42:16,2024-03-16 19:42:16
REV001509,ORD001509,4,Night majority smile rate.,,2023-05-25 08:12:01,2023-05-28 08:12:01
REV001510,ORD001510,4,,,2023-11-17 09:04:28,2023-11-18 09:04:28
REV001511,ORD001511,4,,Tonight present concern term talk side generation interest pay then turn course hear value yet.,2023-06-09 04:58:37,2023-06-12 04:58:37
REV001512,ORD001512,1,Kind moment accept.,,2023-07-23 03:59:10,2023-07-24 03:59:10
REV001513,ORD001513,3,,Foreign treat trouble me actually event positive politics huge yet region.,2023-07-16 19:41:59,2023-07-19 19:41:59
REV001514,ORD001514,3,,Personal wife statement tell until young place make list themselves seek.,2023-10-06 03:44:13,2023-10-08 03:44:13
REV001515,ORD001515,4,,,2023-05-23 04:58:01,2023-05-25 04:58:01
REV001517,ORD001517,4,Although ahead.,,2023-03-22 03:50:33,2023-03-24 03:50:33
REV001518,ORD001518,5,,,2024-05-13 18:30:17,2024-05-18 18:30:17
REV001519,ORD001519,4,,,2024-06-17 04:12:07,2024-06-18 04:12:07
REV001520,ORD001520,4,,,2023-02-28 09:48:45,2023-03-01 09:48:45
REV001521,ORD001521,5,,Relationship computer surface bar street budget kitchen report fire.,2023-08-19 15:23:57,2023-08-20 15:23:57
REV001522,ORD001522,2,,Everyone system pretty scene four public tonight today college worry reveal hand add professor indicate.,2024-01-12 03:09:38,2024-01-16 03:09:38
REV001524,ORD001524,5,,,2023-03-05 02:11:59,2023-03-07 02:11:59
REV001525,ORD001525,5,Assume stay.,,2024-11-17 05:53:24,2024-11-21 05:53:24
REV001526,ORD001526,5,,Challenge entire common and part read important play success wait find night brother letter.,2023-08-15 05:39:46,2023-08-18 05:39:46
REV001527,ORD001527,5,,Not leg break bed role control option whole.,2024-01-03 01:14:40,2024-01-08 01:14:40
REV001528,ORD001528,4,Small design hear.,,2024-03-10 23:48:08,2024-03-13 23:48:08
REV001529,ORD001529,5,Theory wall.,Study politics top course sense car apply relationship concern cell firm.,2023-06-04 11:37:11,2023-06-07 11:37:11
REV001530,ORD001530,3,Structure evening current.,Else keep begin great hair sign mission stop reach color wear.,2024-02-26 16:05:46,2024-02-29 16:05:46
REV001531,ORD001531,4,,,2023-10-21 13:05:03,2023-10-25 13:05:03
REV001532,ORD001532,1,,History Mrs decision reduce get specific someone debate record mean stop some before significant election life.,2023-12-18 08:19:46,2023-12-21 08:19:46
REV001533,ORD001533,5,Two military.,,2024-08-08 21:27:54,2024-08-13 21:27:54
REV001534,ORD001534,5,,,2023-08-14 09:45:00,2023-08-17 09:45:00
REV001535,ORD001535,5,,,2023-12-24 20:12:07,2023-12-25 20:12:07
REV001536,ORD001536,5,,,2023-03-13 08:07:23,2023-03-15 08:07:23
REV001537,ORD001537,5,Cost cause only head help.,,2023-03-25 06:47:05,2023-03-29 06:47:05
REV001538,ORD001538,5,,Top follow bit grow too city little from total cost group clear national sell keep pattern.,2024-10-25 16:28:22,2024-10-26 16:28:22
REV001539,ORD001539,5,,Office itself human street education health full question feel wife theory shake too medical inside similar.,2023-07-31 03:38:14,2023-08-05 03:38:14
REV001540,ORD001540,5,Husband agreement mention two though.,Cup win sell candidate four whether wife finally she soon learn close a challenge third.,2023-08-12 03:25:49,2023-08-14 03:25:49
REV001541,ORD001541,2,Film continue tax.,,2023-02-26 16:11:11,2023-03-03 16:11:11
REV001542,ORD001542,5,Bed each range suffer.,Above city beyond near hour defense line heavy less drug true hold.,2024-07-05 17:26:46,2024-07-08 17:26:46
REV001543,ORD001543,1,,Several card significant today star room interesting hour author major science only.,2023-09-09 20:14:52,2023-09-13 20:14:52
REV001544,ORD001544,4,,Those concern dog gun may ability out huge back discover.,2024-11-02 02:48:47,2024-11-04 02:48:47
REV001546,ORD001546,3,,,2023-09-05 08:46:15,2023-09-09 08:46:15
REV001547,ORD001547,4,,Could deep itself fund pressure international expect hit start alone when instead clear radio.,2023-12-24 09:44:22,2023-12-27 09:44:22
REV001548,ORD001548,5,,,2023-05-27 00:33:01,2023-06-01 00:33:01
REV001549,ORD001549,5,,,2023-08-06 05:28:16,2023-08-10 05:28:16
REV001550,ORD001550,5,,,2024-11-29 02:04:23,2024-12-01 02:04:23
REV001551,ORD001551,3,,Let bar rather big television sound activity five.,2023-07-10 07:38:46,2023-07-15 07:38:46
REV001552,ORD001552,4,,Medical rather activity president prove institution approach interesting score break southern traditional maybe sit Republican.,2024-04-07 04:51:16,2024-04-08 04:51:16
REV001553,ORD001553,5,Will born condition interest service.,Character front various opportunity culture spend road lawyer.,2023-01-13 20:01:05,2023-01-18 20:01:05
REV001554,ORD001554,3,,,2024-05-05 04:37:29,2024-05-10 04:37:29
REV001555,ORD001555,5,,,2024-05-21 18:42:55,2024-05-26 18:42:55
REV001556,ORD001556,5,Let always.,Least anyone out hard international push short age environment fall indicate land fear along.,2023-07-30 09:56:37,2023-08-04 09:56:37
REV001557,ORD001557,5,,,2024-12-11 14:43:07,2024-12-13 14:43:07
REV001558,ORD001558,5,,Ground already school eat base behind risk plan.,2023-07-14 16:06:08,2023-07-18 16:06:08
REV001559,ORD001559,5,,,2023-02-10 07:23:14,2023-02-15 07:23:14
REV001560,ORD001560,5,,,2024-12-01 14:42:52,2024-12-02 14:42:52
REV001561,ORD001561,5,Throughout generation leader pay.,Notice American force although participant rich speech big mention rise front PM few husband contain.,2024-05-09 19:09:42,2024-05-14 19:09:42
REV001562,ORD001562,5,,Return sea bad treatment whole soldier number yet past much soldier.,2024-04-17 01:19:55,2024-04-18 01:19:55
REV001563,ORD001563,4,,Hear list set join section sing everybody.,2024-10-01 13:25:11,2024-10-04 13:25:11
REV001564,ORD001564,5,,,2024-04-30 17:50:27,2024-05-03 17:50:27
REV001565,ORD001565,5,,Painting travel question evening imagine affect increase.,2023-05-05 18:14:58,2023-05-06 18:14:58
REV001566,ORD001566,5,,Ever leg so play best different remember determine particularly.,2024-06-20 02:15:07,2024-06-21 02:15:07
REV001567,ORD001567,4,,Step onto play forget home upon actually future get know left sea decision recently pull eight.,2023-10-27 19:10:46,2023-10-30 19:10:46
REV001569,ORD001569,3,,Produce number bad main world bar security.,2023-12-10 08:22:45,2023-12-12 08:22:45
REV001570,ORD001570,5,,Hard factor firm purpose ahead person coach goal it yet age wind news make doctor.,2023-11-26 05:02:45,2023-11-27 05:02:45
REV001571,ORD001571,3,,Capital parent sure best design yeah number condition city since same husband impact seem industry.,2024-07-11 20:57:51,2024-07-13 20:57:51
REV001573,ORD001573,4,,,2024-11-09 06:21:08,2024-11-10 06:21:08
REV001576,ORD001576,5,,,2023-04-27 23:26:54,2023-04-29 23:26:54
REV001577,ORD001577,4,Everything side picture professional rather.,,2023-07-21 22:43:07,2023-07-26 22:43:07
REV001578,ORD001578,4,,Maybe mouth different identify series experience under church them hundred about stop.,2023-10-05 08:08:59,2023-10-08 08:08:59
REV001579,ORD001579,5,Prevent raise better oil.,Wind improve player peace catch people your outside rule watch foot economic notice.,2024-06-17 08:32:41,2024-06-22 08:32:41
REV001580,ORD001580,3,Range weight age over.,,2024-03-25 11:31:41,2024-03-26 11:31:41
REV001581,ORD001581,4,,,2024-04-20 02:22:13,2024-04-21 02:22:13
REV001582,ORD001582,4,,Need tell sure claim hard themselves compare view TV follow fall thus debate.,2024-10-01 23:21:42,2024-10-03 23:21:42
REV001583,ORD001583,3,,Learn raise kitchen drop computer left political sound study the training each reveal attorney.,2023-10-10 05:56:52,2023-10-12 05:56:52
REV001584,ORD001584,4,,,2024-02-05 19:57:45,2024-02-10 19:57:45
REV001586,ORD001586,5,,,2023-03-04 16:35:35,2023-03-06 16:35:35
REV001587,ORD001587,5,Radio image.,Yet television audience indicate employee respond building since positive move agency lose rise fall huge.,2023-09-21 22:33:45,2023-09-24 22:33:45
REV001589,ORD001589,5,,Guy respond memory power investment buy certainly.,2023-05-14 08:01:04,2023-05-16 08:01:04
REV001590,ORD001590,4,,Serious often social reveal hand prevent center during lot enough form.,2023-04-14 10:21:56,2023-04-17 10:21:56
REV001591,ORD001591,3,,,2023-08-31 07:30:41,2023-09-02 07:30:41
REV001592,ORD001592,5,Leader remember.,Serious garden ready former late election every along cause miss.,2024-08-17 01:42:25,2024-08-20 01:42:25
REV001593,ORD001593,5,,Determine he guy fact war citizen plant.,2024-11-08 21:17:04,2024-11-13 21:17:04
REV001596,ORD001596,5,Require pull child source.,,2023-12-02 13:22:00,2023-12-03 13:22:00
REV001597,ORD001597,5,Chair factor his.,Agreement deep field once else return seat you image peace.,2023-06-23 23:18:20,2023-06-27 23:18:20
REV001598,ORD001598,5,,Win popular onto may model her unit possible that.,2024-07-20 07:09:04,2024-07-22 07:09:04
REV001599,ORD001599,5,Compare today add water.,,2023-01-03 07:29:31,2023-01-05 07:29:31
REV001600,ORD001600,2,,Different deal change part rock build culture material notice police activity second.,2024-10-19 14:54:28,2024-10-24 14:54:28
REV001601,ORD001601,5,,Together scientist hair allow phone weight medical even which suggest Mrs bag something land mission.,2023-04-14 05:20:02,2023-04-18 05:20:02
REV001602,ORD001602,5,,Eight school ready practice each ready lay American participant necessary.,2024-11-07 04:28:17,2024-11-09 04:28:17
REV001603,ORD001603,3,,Sea safe true town car few debate during.,2024-03-07 01:03:22,2024-03-12 01:03:22
REV001604,ORD001604,5,,,2024-11-21 13:32:15,2024-11-22 13:32:15
REV001606,ORD001606,1,,,2023-06-24 03:25:53,2023-06-29 03:25:53
REV001607,ORD001607,5,,Local better think anything so authority long kind live between operation our feel act involve toward.,2023-02-26 05:50:41,2023-03-02 05:50:41
REV001608,ORD001608,5,,,2023-04-14 06:08:35,2023-04-19 06:08:35
REV001609,ORD001609,3,Since crime south pass.,,2023-10-10 13:34:59,2023-10-12 13:34:59
REV001610,ORD001610,2,,,2024-05-03 18:10:52,2024-05-05 18:10:52
REV001611,ORD001611,5,,,2023-06-13 17:17:55,2023-06-16 17:17:55
REV001612,ORD001612,1,Yeah edge imagine establish.,Computer medical method week federal test eat every night final key with watch maintain five window.,2024-03-10 05:29:34,2024-03-11 05:29:34
REV001613,ORD001613,5,Many condition set pull.,Understand kitchen point Mrs consumer single several degree.,2023-02-26 05:03:59,2023-02-27 05:03:59
REV001614,ORD001614,3,,,2023-09-27 02:31:18,2023-10-01 02:31:18
REV001616,ORD001616,5,Figure short line range.,,2023-07-10 00:14:16,2023-07-11 00:14:16
REV001617,ORD001617,5,Decision public food court how.,System particular church what wonder president small sister especially.,2023-09-17 13:04:59,2023-09-22 13:04:59
REV001618,ORD001618,4,Line task field.,Fill risk stop firm final none several accept vote.,2023-09-11 16:55:12,2023-09-16 16:55:12
REV001619,ORD001619,5,,Why government south window short affect region decade.,2024-06-14 08:32:16,2024-06-16 08:32:16
REV001620,ORD001620,5,,Far health focus so for nice current Democrat me task blood.,2023-09-07 13:51:19,2023-09-08 13:51:19
REV001621,ORD001621,5,,,2024-01-15 07:24:58,2024-01-18 07:24:58
REV001622,ORD001622,2,Civil reveal walk.,,2023-03-03 04:26:00,2023-03-08 04:26:00
REV001623,ORD001623,2,,,2023-06-10 04:23:47,2023-06-13 04:23:47
REV001625,ORD001625,5,,,2023-09-13 00:03:10,2023-09-14 00:03:10
REV001626,ORD001626,5,,,2024-02-18 03:20:20,2024-02-19 03:20:20
REV001627,ORD001627,5,,Like wife animal process reach training main exactly parent heart big policy everybody hard type book.,2023-03-12 03:46:18,2023-03-13 03:46:18
REV001628,ORD001628,4,,,2023-02-21 21:29:25,2023-02-25 21:29:25
REV001629,ORD001629,1,,Thing available with run station them operation off no.,2023-05-21 20:48:30,2023-05-24 20:48:30
REV001630,ORD001630,5,,Early of several end most fact against sign attention skill represent finish table.,2024-08-31 17:05:58,2024-09-03 17:05:58
REV001631,ORD001631,3,,,2024-03-22 08:28:40,2024-03-25 08:28:40
REV001632,ORD001632,4,,,2024-03-28 11:21:33,2024-04-01 11:21:33
REV001633,ORD001633,5,,Section Democrat fly direction gun current will else page usually cell politics interview south.,2023-03-27 17:52:40,2023-03-31 17:52:40
REV001634,ORD001634,5,Story art.,Health not yet where their force much executive free attack away begin next both citizen.,2024-01-21 09:12:04,2024-01-24 09:12:04
REV001635,ORD001635,5,,,2023-08-27 03:53:22,2023-08-28 03:53:22
REV001636,ORD001636,5,Suffer because two particular year.,,2024-09-19 15:18:30,2024-09-21 15:18:30
REV001637,ORD001637,4,Short issue.,Letter threat yes charge form consider offer law sit science way.,2023-02-23 21:48:44,2023-02-26 21:48:44
REV001638,ORD001638,4,Husband family.,Stock affect different interview else development purpose force leader program show off great they test check.,2023-04-25 12:38:44,2023-04-27 12:38:44
REV001639,ORD001639,2,,,2024-11-05 18:59:53,2024-11-07 18:59:53
REV001640,ORD001640,5,,Deal consider ago own suddenly single music west force.,2023-07-07 10:21:58,2023-07-09 10:21:58
REV001641,ORD001641,5,,,2024-08-22 22:24:59,2024-08-26 22:24:59
REV001642,ORD001642,5,Up probably cut clear.,Do turn sign agree there want but way agent test take.,2023-08-28 22:22:33,2023-09-01 22:22:33
REV001643,ORD001643,5,,,2024-06-16 03:43:16,2024-06-21 03:43:16
REV001644,ORD001644,5,,,2023-09-14 01:21:22,2023-09-17 01:21:22
REV001645,ORD001645,5,,Herself land human day herself sport behavior compare tree right.,2024-11-28 19:59:14,2024-11-30 19:59:14
REV001646,ORD001646,5,,Clear decide wait scientist group yet indeed decision before.,2024-06-12 15:51:03,2024-06-17 15:51:03
REV001647,ORD001647,5,,,2023-04-06 12:00:18,2023-04-08 12:00:18
REV001648,ORD001648,3,,,2024-11-08 22:52:21,2024-11-11 22:52:21
REV001649,ORD001649,5,Growth effort born lead.,,2024-10-29 05:42:14,2024-10-30 05:42:14
REV001650,ORD001650,5,,,2024-02-29 19:59:00,2024-03-05 19:59:00
REV001651,ORD001651,5,,,2023-10-07 08:02:07,2023-10-09 08:02:07
REV001652,ORD001652,3,,Herself information which beyond growth finally assume.,2023-04-15 19:38:23,2023-04-16 19:38:23
REV001653,ORD001653,5,,,2023-10-03 23:44:24,2023-10-04 23:44:24
REV001654,ORD001654,5,Director red practice.,Then administration who role today animal suggest concern act million cell like although.,2024-09-22 03:55:14,2024-09-23 03:55:14
REV001655,ORD001655,3,Sort term produce he increase.,,2024-01-30 14:34:04,2024-02-03 14:34:04
REV001656,ORD001656,5,Information company million.,,2023-06-04 18:04:59,2023-06-07 18:04:59
REV001657,ORD001657,1,,,2024-08-03 21:10:16,2024-08-07 21:10:16
REV001658,ORD001658,1,Score special consider.,,2023-03-08 15:43:10,2023-03-11 15:43:10
REV001659,ORD001659,5,,,2024-11-21 13:16:17,2024-11-24 13:16:17
REV001660,ORD001660,4,Skill air.,Fill personal training enter fly situation former threat alone the.,2024-11-11 18:42:37,2024-11-12 18:42:37
REV001661,ORD001661,4,,Another help out modern citizen address today begin write both little work task.,2023-11-25 11:31:28,2023-11-28 11:31:28
REV001662,ORD001662,5,,,2023-10-12 07:15:10,2023-10-17 07:15:10
REV001663,ORD001663,5,,,2024-04-05 00:21:04,2024-04-10 00:21:04
REV001664,ORD001664,4,,Key tax speak a live tonight either follow music whatever protect benefit manage store number.,2024-09-26 23:47:27,2024-09-28 23:47:27
REV001665,ORD001665,4,,,2023-05-13 08:59:22,2023-05-14 08:59:22
REV001666,ORD001666,5,Despite candidate walk.,,2023-02-07 14:26:13,2023-02-08 14:26:13
REV001667,ORD001667,5,,,2024-07-12 15:41:54,2024-07-14 15:41:54
REV001668,ORD001668,5,,Process sea response executive past economic economy role feeling report.,2024-12-21 12:30:30,2024-12-24 12:30:30
REV001669,ORD001669,5,Property mind officer third.,,2024-12-07 02:49:56,2024-12-08 02:49:56
REV001670,ORD001670,5,,,2023-09-27 02:15:39,2023-10-02 02:15:39
REV001671,ORD001671,1,,,2024-09-20 03:22:20,2024-09-25 03:22:20
REV001672,ORD001672,4,,,2023-08-27 06:59:40,2023-08-30 06:59:40
REV001673,ORD001673,4,,Foreign hear certainly say surface security son place some.,2023-05-24 06:52:53,2023-05-25 06:52:53
REV001674,ORD001674,5,,,2024-08-03 08:53:44,2024-08-08 08:53:44
REV001675,ORD001675,4,,,2023-07-21 07:38:50,2023-07-23 07:38:50
REV001676,ORD001676,4,,,2024-06-20 02:08:52,2024-06-22 02:08:52
REV001677,ORD001677,5,,Add play structure down however activity lose tax could.,2024-08-22 19:19:51,2024-08-27 19:19:51
REV001678,ORD001678,5,,,2024-07-03 00:26:20,2024-07-04 00:26:20
REV001679,ORD001679,4,,,2023-10-08 14:41:10,2023-10-10 14:41:10
REV001680,ORD001680,2,,If yeah law enjoy key seat pretty method front you control game the sign lead.,2024-03-01 08:43:33,2024-03-04 08:43:33
REV001681,ORD001681,5,,,2023-10-28 05:06:59,2023-10-31 05:06:59
REV001682,ORD001682,5,,,2024-09-16 03:57:34,2024-09-19 03:57:34
REV001683,ORD001683,4,,,2024-10-12 23:58:47,2024-10-17 23:58:47
REV001684,ORD001684,5,,Property garden mind as half politics who call.,2023-09-18 16:19:32,2023-09-19 16:19:32
REV001685,ORD001685,5,,,2023-01-12 09:50:36,2023-01-13 09:50:36
REV001686,ORD001686,5,,Window store build require call girl laugh network vote whom.,2024-04-24 00:46:37,2024-04-28 00:46:37
REV001687,ORD001687,1,,Consumer star those memory center quite simply cup seat moment sister none most another.,2023-02-23 06:18:34,2023-02-25 06:18:34
REV001689,ORD001689,5,,Guy discover water most hear beyond close plant peace successful seem charge walk participant teach.,2023-11-22 13:22:47,2023-11-27 13:22:47
REV001690,ORD001690,3,Any wide husband.,,2023-05-18 02:41:56,2023-05-23 02:41:56
REV001691,ORD001691,5,,,2023-03-11 20:12:09,2023-03-15 20:12:09
REV001692,ORD001692,5,,,2023-03-23 21:10:41,2023-03-25 21:10:41
REV001693,ORD001693,2,,,2024-02-25 20:17:43,2024-02-28 20:17:43
REV001694,ORD001694,5,,,2024-02-04 20:37:39,2024-02-05 20:37:39
REV001695,ORD001695,5,,Too will throw life carry visit a edge new find type party where.,2023-12-24 07:16:06,2023-12-27 07:16:06
REV001696,ORD001696,5,Sense cell.,,2023-10-20 20:45:18,2023-10-22 20:45:18
REV001697,ORD001697,5,,,2023-02-21 17:09:10,2023-02-23 17:09:10
REV001698,ORD001698,4,,State share southern week drug skill position hospital cover strong audience white everybody throughout.,2023-03-15 08:10:10,2023-03-19 08:10:10
REV001700,ORD001700,5,,,2023-11-04 11:44:11,2023-11-09 11:44:11
REV001701,ORD001701,4,,Rise one public day central every force PM minute.,2024-08-10 21:36:05,2024-08-15 21:36:05
REV001702,ORD001702,5,Bill pick likely produce federal.,Must particular child they senior result themselves we American.,2023-07-06 17:30:27,2023-07-08 17:30:27
REV001703,ORD001703,5,,,2024-12-19 05:52:22,2024-12-21 05:52:22
REV001704,ORD001704,5,,Both letter one then reality some serve different billion young owner.,2024-03-08 04:03:53,2024-03-12 04:03:53
REV001705,ORD001705,3,,Ten drop sure manager reduce it arm black show success run toward policy forget project economy.,2024-07-15 06:53:55,2024-07-19 06:53:55
REV001706,ORD001706,1,Bar big south drug.,,2024-01-03 05:35:03,2024-01-04 05:35:03
REV001707,ORD001707,5,Determine its entire young.,Night study heart million understand him own opportunity soldier west offer brother shake guess.,2024-10-20 19:29:08,2024-10-21 19:29:08
REV001708,ORD001708,5,,Instead hour season girl small system of mission vote spend physical sing protect agent note agency.,2023-07-24 23:43:29,2023-07-29 23:43:29
REV001709,ORD001709,2,Better turn soon rock.,Grow raise good whole everybody situation foot recognize play shoulder civil.,2023-09-26 10:48:16,2023-10-01 10:48:16
REV001710,ORD001710,5,Side natural focus husband give.,Suddenly task free pattern science structure dinner stock big.,2023-11-07 08:01:52,2023-11-09 08:01:52
REV001711,ORD001711,5,Police fine.,Police series dark task magazine front just guess city collection administration couple financial media.,2023-03-28 04:00:45,2023-04-01 04:00:45
REV001712,ORD001712,5,,Fast nice concern peace away behavior Republican trip production system certainly future government card history.,2024-02-20 13:27:09,2024-02-22 13:27:09
REV001713,ORD001713,5,,Party wife food different step early choice yeah ago difference reason.,2023-01-27 15:25:13,2023-01-30 15:25:13
REV001714,ORD001714,3,Early difficult possible.,Certainly father who tax low keep news your court control.,2023-02-21 11:02:27,2023-02-24 11:02:27
REV001715,ORD001715,5,Ok physical thousand without section.,,2024-04-21 00:20:58,2024-04-24 00:20:58
REV001716,ORD001716,4,,Sound enjoy have tonight view floor ground when care team worry east.,2023-03-19 07:19:27,2023-03-22 07:19:27
REV001717,ORD001717,5,,,2023-05-25 01:56:41,2023-05-30 01:56:41
REV001718,ORD001718,5,Often benefit true world remain.,,2023-11-27 05:16:22,2023-11-29 05:16:22
REV001719,ORD001719,4,,Finish southern page result response population never world let off apply peace market job well.,2024-11-08 13:39:12,2024-11-10 13:39:12
REV001720,ORD001720,5,,Against large practice time live relationship as great western.,2023-05-18 00:58:54,2023-05-21 00:58:54
REV001721,ORD001721,4,Now water road.,,2024-01-03 17:56:50,2024-01-07 17:56:50
REV001722,ORD001722,5,,,2023-05-20 00:28:05,2023-05-24 00:28:05
REV001723,ORD001723,5,,Make region wall worry Democrat laugh Mrs push form now then watch certain much race fire.,2023-07-16 09:07:46,2023-07-19 09:07:46
REV001724,ORD001724,5,,Wife apply senior onto simple audience as.,2023-05-25 14:38:22,2023-05-29 14:38:22
REV001725,ORD001725,2,Room run eat own.,,2024-05-04 12:40:33,2024-05-05 12:40:33
REV001726,ORD001726,2,,,2024-03-04 23:02:02,2024-03-09 23:02:02
REV001727,ORD001727,5,,Structure ahead up rock forward behind idea red rate.,2024-03-13 15:35:51,2024-03-18 15:35:51
REV001728,ORD001728,5,High listen suggest consumer.,Great religious these matter continue husband dinner worry plan fund sell.,2023-04-29 06:23:35,2023-04-30 06:23:35
REV001730,ORD001730,5,,Election these article news radio believe ability world actually force fill son nothing hear attorney.,2024-12-19 21:41:17,2024-12-22 21:41:17
REV001731,ORD001731,4,Country per consider.,,2024-09-29 12:05:49,2024-09-30 12:05:49
REV001732,ORD001732,5,Wish best raise.,Outside off through relationship they concern chance standard air.,2023-12-10 00:23:28,2023-12-11 00:23:28
REV001733,ORD001733,5,,,2023-01-28 11:10:45,2023-01-29 11:10:45
REV001734,ORD001734,4,,Very thousand soldier build various various blue.,2023-05-16 21:20:28,2023-05-19 21:20:28
REV001735,ORD001735,2,Operation cold between.,,2024-07-17 18:10:48,2024-07-19 18:10:48
REV001736,ORD001736,2,,Page young turn visit up nature home language bring never.,2024-02-05 08:23:48,2024-02-07 08:23:48
REV001738,ORD001738,5,,East center whether make some among around word lose such process senior.,2024-05-30 05:11:35,2024-06-01 05:11:35
REV001739,ORD001739,4,,Better mind professional fly month offer mother hour national cut fly language cup want international itself.,2023-10-16 17:13:55,2023-10-18 17:13:55
REV001740,ORD001740,5,,Make make focus machine home marriage skill expert.,2023-12-31 11:50:49,2024-01-02 11:50:49
REV001741,ORD001741,5,,Month among water film onto too myself political.,2024-01-07 01:08:13,2024-01-10 01:08:13
REV001742,ORD001742,5,,Move another field could who appear stay.,2023-01-31 17:09:53,2023-02-03 17:09:53
REV001743,ORD001743,5,,School model condition he recognize treat better wear throughout Republican authority data deal.,2024-08-05 04:48:42,2024-08-07 04:48:42
REV001744,ORD001744,3,,Administration two deal ready under above drive sport story worker would step head study and center.,2023-05-28 08:33:14,2023-05-29 08:33:14
REV001745,ORD001745,3,,,2024-10-28 05:01:27,2024-11-02 05:01:27
REV001746,ORD001746,5,,,2024-11-25 06:35:21,2024-11-26 06:35:21
REV001747,ORD001747,4,,Perform election two quite report top finally wait president trial.,2023-03-04 15:25:04,2023-03-09 15:25:04
REV001748,ORD001748,5,,,2024-01-31 21:14:20,2024-02-04 21:14:20
REV001749,ORD001749,5,Real indeed including everything.,Stage major outside phone house receive last production development point.,2023-07-12 05:04:44,2023-07-16 05:04:44
REV001750,ORD001750,5,City social.,,2023-10-30 05:17:36,2023-11-03 05:17:36
REV001751,ORD001751,3,,Contain force want either race us huge movie.,2024-11-11 00:42:10,2024-11-13 00:42:10
REV001752,ORD001752,2,,,2023-10-29 06:48:56,2023-10-30 06:48:56
REV001753,ORD001753,5,,,2024-03-22 21:56:28,2024-03-23 21:56:28
REV001754,ORD001754,5,,Talk end set house those dark beat suffer customer million along.,2024-07-05 03:47:06,2024-07-08 03:47:06
REV001755,ORD001755,5,Body director strategy continue.,,2023-11-24 23:13:53,2023-11-25 23:13:53
REV001756,ORD001756,3,,Drop past just central others American value short.,2023-02-04 06:18:32,2023-02-08 06:18:32
REV001757,ORD001757,5,Shoulder right analysis.,,2023-10-21 02:52:01,2023-10-23 02:52:01
REV001758,ORD001758,5,,,2023-09-07 20:05:29,2023-09-08 20:05:29
REV001759,ORD001759,5,,,2024-11-07 15:33:36,2024-11-09 15:33:36
REV001760,ORD001760,4,,,2023-03-19 15:25:00,2023-03-21 15:25:00
REV001761,ORD001761,4,We game.,,2024-09-07 01:05:37,2024-09-12 01:05:37
REV001762,ORD001762,4,,,2023-01-12 13:38:55,2023-01-15 13:38:55
REV001763,ORD001763,5,Two glass customer.,,2023-08-14 20:13:00,2023-08-15 20:13:00
REV001764,ORD001764,4,,Hospital check factor as contain create price keep.,2023-10-25 21:52:57,2023-10-29 21:52:57
REV001765,ORD001765,4,Attorney early more news.,,2024-06-22 13:28:21,2024-06-24 13:28:21
REV001766,ORD001766,3,,Natural fish born assume million admit result right focus.,2024-12-10 12:02:38,2024-12-11 12:02:38
REV001767,ORD001767,5,,,2024-01-31 14:47:33,2024-02-01 14:47:33
REV001768,ORD001768,5,Century billion.,,2024-05-27 12:21:49,2024-05-28 12:21:49
REV001769,ORD001769,4,,,2024-01-14 08:04:19,2024-01-16 08:04:19
REV001770,ORD001770,5,Accept about around.,Shoulder build different pick nor available power treat visit population executive pattern last.,2024-07-04 17:54:47,2024-07-06 17:54:47
REV001771,ORD001771,5,,Raise partner generation write lawyer try check movie growth certain.,2024-08-27 07:18:53,2024-09-01 07:18:53
REV001772,ORD001772,4,White home either.,Happy again south century least represent must dinner I.,2023-11-11 09:16:20,2023-11-14 09:16:20
REV001773,ORD001773,1,,,2024-01-15 11:13:26,2024-01-20 11:13:26
REV001774,ORD001774,1,,Good walk inside individual safe know home hair for human rich day describe course create them.,2024-09-01 08:12:30,2024-09-03 08:12:30
REV001775,ORD001775,5,,Guy leg television society hear fill hotel like myself laugh toward what thank include current front.,2023-11-21 23:22:29,2023-11-26 23:22:29
REV001777,ORD001777,3,,Process view it wall agency deal note common worker.,2023-12-13 16:43:15,2023-12-14 16:43:15
REV001778,ORD001778,1,,Shoulder political offer song character first early school several main particular shake most physical along.,2023-12-27 11:47:08,2023-12-30 11:47:08
REV001779,ORD001779,3,,,2023-03-20 09:31:06,2023-03-22 09:31:06
REV001780,ORD001780,1,,Skin beat across television apply system finish top.,2024-04-01 14:21:52,2024-04-05 14:21:52
REV001782,ORD001782,4,Season when film.,,2023-03-24 07:31:24,2023-03-27 07:31:24
REV001783,ORD001783,5,Guy training.,,2024-01-25 06:07:49,2024-01-30 06:07:49
REV001784,ORD001784,5,,Toward land full compare field sort civil thing clear budget travel important no pick record example.,2024-04-02 20:00:38,2024-04-04 20:00:38
REV001786,ORD001786,4,,,2023-12-28 22:39:02,2024-01-01 22:39:02
REV001787,ORD001787,5,Wish professional chair.,Best always they list local short only write gun kid occur language after.,2023-09-16 02:04:33,2023-09-17 02:04:33
REV001788,ORD001788,5,Water note those write.,,2024-10-20 21:46:57,2024-10-25 21:46:57
REV001789,ORD001789,5,,Attention career feel hour change year social protect which fly represent we.,2023-03-30 12:37:54,2023-04-01 12:37:54
REV001790,ORD001790,3,Great worker.,Administration through individual college surface court exactly minute trouble majority town appear draw fill.,2024-11-15 20:12:43,2024-11-17 20:12:43
REV001791,ORD001791,5,,You front evening yet prevent process four all the unit action off few current.,2024-12-25 09:41:36,2024-12-30 09:41:36
REV001792,ORD001792,3,,,2023-08-31 21:13:45,2023-09-02 21:13:45
REV001793,ORD001793,5,,Here along public recent friend sort table six imagine garden wall rest need major.,2024-01-31 05:42:38,2024-02-01 05:42:38
REV001794,ORD001794,2,Bar last public.,,2023-11-21 01:14:22,2023-11-25 01:14:22
REV001795,ORD001795,5,,Technology time age campaign seven drug computer assume occur down beautiful away.,2023-03-25 10:54:51,2023-03-26 10:54:51
REV001796,ORD001796,5,,Say game training audience old whole wide.,2024-01-30 17:58:28,2024-02-03 17:58:28
REV001797,ORD001797,3,,,2023-08-30 16:33:28,2023-09-02 16:33:28
REV001798,ORD001798,5,,,2023-05-05 04:12:31,2023-05-08 04:12:31
REV001799,ORD001799,5,,Them skill black business region current second ball begin week about social do anyone bag fly.,2024-05-04 06:56:57,2024-05-05 06:56:57
REV001800,ORD001800,2,,Cover stage remain manager relationship light rule option team kind medical bag wind enjoy there.,2023-03-05 12:58:43,2023-03-08 12:58:43
REV001801,ORD001801,5,,Win record reflect away cost focus yeah class play or own media experience interview station.,2024-03-09 15:00:51,2024-03-10 15:00:51
REV001802,ORD001802,4,,Most pressure why edge senior ask artist general run people.,2024-01-26 10:32:44,2024-01-28 10:32:44
REV001803,ORD001803,4,,,2023-02-16 15:58:55,2023-02-20 15:58:55
REV001804,ORD001804,5,,Bag share respond activity season because open trouble guess race question assume energy.,2023-03-30 01:27:22,2023-04-02 01:27:22
REV001805,ORD001805,5,Late score lose matter.,Finish yourself couple onto amount good let left type suffer win less tonight laugh.,2023-09-28 02:52:58,2023-09-30 02:52:58
REV001806,ORD001806,5,,Scene history wear them small high that change hand.,2024-05-06 20:42:34,2024-05-10 20:42:34
REV001807,ORD001807,2,,,2024-09-15 07:10:54,2024-09-16 07:10:54
REV001808,ORD001808,5,,Social product common or contain believe hospital change front against hot field western.,2024-06-27 16:31:13,2024-06-30 16:31:13
REV001809,ORD001809,4,Everyone couple parent material itself.,Maintain program government black well relationship part center million.,2023-02-27 00:22:54,2023-03-04 00:22:54
REV001810,ORD001810,5,,,2023-04-12 04:50:02,2023-04-17 04:50:02
REV001811,ORD001811,3,,,2023-04-13 04:23:01,2023-04-14 04:23:01
REV001812,ORD001812,1,Sound indicate actually final.,Full financial peace particularly out morning game health read.,2023-07-24 01:57:11,2023-07-26 01:57:11
REV001813,ORD001813,4,Hard wife as.,,2024-07-23 00:47:51,2024-07-27 00:47:51
REV001814,ORD001814,5,,,2024-02-22 07:00:59,2024-02-25 07:00:59
REV001815,ORD001815,5,,Have early war read travel total plant top live exactly future soldier recognize top.,2023-05-24 19:49:24,2023-05-29 19:49:24
REV001816,ORD001816,4,Sit occur treat remain.,Down standard major like affect memory believe seek perhaps ball make owner through when entire last.,2024-02-03 22:35:16,2024-02-08 22:35:16
REV001817,ORD001817,3,Social everybody central.,Listen development able green per no situation what.,2023-03-06 19:44:47,2023-03-10 19:44:47
REV001818,ORD001818,5,,World painting movie station position whatever our build safe save crime sometimes executive so.,2023-12-19 07:09:02,2023-12-22 07:09:02
REV001819,ORD001819,5,,Red system fear daughter fast agreement popular instead happy simply year land high.,2023-04-26 22:08:47,2023-05-01 22:08:47
REV001820,ORD001820,2,,Order serve blue event every relationship law clear campaign.,2024-10-27 21:12:20,2024-10-31 21:12:20
REV001821,ORD001821,5,,,2024-01-10 15:00:52,2024-01-15 15:00:52
REV001822,ORD001822,5,,,2024-12-19 07:21:59,2024-12-24 07:21:59
REV001823,ORD001823,5,,,2023-02-03 18:51:09,2023-02-07 18:51:09
REV001824,ORD001824,3,,,2024-01-26 07:56:55,2024-01-29 07:56:55
REV001825,ORD001825,5,,,2024-01-23 09:47:31,2024-01-28 09:47:31
REV001826,ORD001826,2,Buy test.,Local center story heart agent its food concern party set poor food series always memory.,2023-04-30 23:39:33,2023-05-02 23:39:33
REV001827,ORD001827,5,,Market until cause bill clear research begin growth ground.,2023-11-08 04:30:09,2023-11-09 04:30:09
REV001828,ORD001828,4,,,2024-08-15 11:45:48,2024-08-20 11:45:48
REV001829,ORD001829,5,,Include seem manage nation modern politics how choice.,2023-12-21 04:52:52,2023-12-25 04:52:52
REV001830,ORD001830,5,,,2024-07-05 06:33:41,2024-07-06 06:33:41
REV001831,ORD001831,5,Sport large.,,2023-02-06 14:29:19,2023-02-11 14:29:19
REV001832,ORD001832,5,Several than.,Dream population newspaper appear successful different amount despite discussion check.,2024-10-31 22:26:07,2024-11-01 22:26:07
REV001833,ORD001833,5,,May follow series prove affect she man prove recent.,2024-07-05 02:13:34,2024-07-09 02:13:34
REV001834,ORD001834,5,,,2024-10-25 20:51:42,2024-10-27 20:51:42
REV001835,ORD001835,3,,Attack customer along director man glass ball think meeting stock however charge account physical performance.,2024-05-17 08:44:44,2024-05-20 08:44:44
REV001836,ORD001836,5,,News memory civil cut parent free force employee budget experience agreement.,2023-03-25 20:29:27,2023-03-26 20:29:27
REV001837,ORD001837,5,,Whose public show daughter both hold blood value day service save fear ready Democrat order field.,2023-01-24 05:09:35,2023-01-25 05:09:35
REV001838,ORD001838,5,,,2024-05-15 10:45:14,2024-05-20 10:45:14
REV001839,ORD001839,4,Approach personal note this.,Describe agency actually stop team deal water home force worker own.,2024-07-14 20:42:19,2024-07-16 20:42:19
REV001841,ORD001841,1,,Tv lose others some project visit back blue a.,2024-12-29 12:12:53,2025-01-01 12:12:53
REV001842,ORD001842,3,,,2023-05-23 13:57:26,2023-05-25 13:57:26
REV001843,ORD001843,5,,,2024-08-30 15:27:43,2024-09-01 15:27:43
REV001844,ORD001844,5,People tax.,Us field high nothing city apply democratic course institution theory away.,2024-04-04 10:05:36,2024-04-06 10:05:36
REV001845,ORD001845,5,President father alone build.,,2024-10-01 03:03:47,2024-10-02 03:03:47
REV001846,ORD001846,5,Enjoy us thought.,,2024-10-19 17:12:00,2024-10-23 17:12:00
REV001847,ORD001847,5,Build PM weight.,They usually company both right lay though.,2024-12-02 07:07:03,2024-12-04 07:07:03
REV001848,ORD001848,4,Event against none as reality.,Assume question air market store include win officer analysis as.,2023-04-26 05:49:34,2023-05-01 05:49:34
REV001849,ORD001849,5,Report rest dark.,,2023-12-18 22:59:49,2023-12-23 22:59:49
REV001850,ORD001850,4,Agency evening the.,,2023-03-25 12:15:18,2023-03-28 12:15:18
REV001851,ORD001851,4,,,2023-12-23 00:45:59,2023-12-27 00:45:59
REV001852,ORD001852,2,,,2023-05-26 04:50:31,2023-05-30 04:50:31
REV001853,ORD001853,5,Ready special yet.,Them structure itself weight major discuss summer.,2023-01-17 21:05:38,2023-01-19 21:05:38
REV001854,ORD001854,4,,,2023-10-26 08:16:50,2023-10-29 08:16:50
REV001855,ORD001855,4,,,2024-08-14 12:12:46,2024-08-16 12:12:46
REV001856,ORD001856,5,Expert because.,,2024-03-09 13:08:12,2024-03-10 13:08:12
REV001857,ORD001857,5,,,2024-06-01 11:13:34,2024-06-03 11:13:34
REV001858,ORD001858,4,Lead line clearly probably.,,2024-09-07 02:16:13,2024-09-08 02:16:13
REV001859,ORD001859,4,Risk must fly police.,,2024-08-12 21:34:30,2024-08-14 21:34:30
REV001860,ORD001860,5,,Community I level girl factor sport seem manager my growth it own those.,2023-02-10 13:53:45,2023-02-13 13:53:45
REV001861,ORD001861,3,,Under population late much quite threat gas truth work certain game plan.,2024-11-19 17:56:52,2024-11-23 17:56:52
REV001862,ORD001862,4,,,2023-02-09 15:48:16,2023-02-13 15:48:16
REV001863,ORD001863,5,Surface off with.,Station how statement thing wrong name mind offer effort nearly.,2023-12-13 23:19:04,2023-12-18 23:19:04
REV001864,ORD001864,5,Science range skin.,,2023-02-26 16:11:24,2023-02-28 16:11:24
REV001865,ORD001865,5,,,2023-01-17 18:34:57,2023-01-18 18:34:57
REV001866,ORD001866,5,,,2024-06-01 04:54:26,2024-06-03 04:54:26
REV001867,ORD001867,5,Bring rule someone nature.,,2024-08-29 13:32:01,2024-08-31 13:32:01
REV001868,ORD001868,5,,Mission standard despite go impact seem blood policy law strong time could a.,2023-12-04 14:57:21,2023-12-08 14:57:21
REV001869,ORD001869,4,,,2023-06-25 14:25:04,2023-06-28 14:25:04
REV001870,ORD001870,5,,Son manager trouble reason fill sense field decide point week course administration fast debate.,2024-11-25 19:37:41,2024-11-26 19:37:41
REV001871,ORD001871,4,,,2023-01-10 00:36:04,2023-01-11 00:36:04
REV001872,ORD001872,4,Attack laugh.,,2023-01-03 00:50:12,2023-01-08 00:50:12
REV001873,ORD001873,1,Instead group idea.,Feel hold decade investment operation long pass among man all floor all red technology himself much.,2024-07-25 17:05:17,2024-07-29 17:05:17
REV001874,ORD001874,3,,,2024-04-11 12:46:47,2024-04-14 12:46:47
REV001875,ORD001875,5,Institution onto.,,2023-12-08 09:34:05,2023-12-10 09:34:05
REV001876,ORD001876,5,,,2023-07-09 09:10:00,2023-07-11 09:10:00
REV001877,ORD001877,5,,,2023-04-09 22:43:47,2023-04-14 22:43:47
REV001878,ORD001878,5,,We range yes here while service beautiful edge begin early store piece.,2023-11-13 15:36:15,2023-11-18 15:36:15
REV001879,ORD001879,5,Lawyer see.,,2024-01-19 13:47:12,2024-01-23 13:47:12
REV001880,ORD001880,4,,,2024-10-20 20:24:38,2024-10-23 20:24:38
REV001881,ORD001881,5,,,2024-05-10 20:19:04,2024-05-11 20:19:04
REV001882,ORD001882,5,,,2023-05-10 15:40:32,2023-05-13 15:40:32
REV001883,ORD001883,5,,,2024-05-29 00:22:44,2024-05-31 00:22:44
REV001884,ORD001884,3,,Page light follow need region later party believe raise order.,2024-11-09 01:23:12,2024-11-11 01:23:12
REV001885,ORD001885,5,,Very know maybe leg recent hold understand.,2024-08-11 18:48:40,2024-08-15 18:48:40
REV001886,ORD001886,5,,,2024-07-09 17:24:56,2024-07-11 17:24:56
REV001887,ORD001887,5,,Education brother might community later table always.,2023-01-01 21:21:20,2023-01-06 21:21:20
REV001888,ORD001888,5,,Former body choice study current main accept simply southern town significant analysis consumer future raise suffer.,2024-03-21 02:34:27,2024-03-23 02:34:27
REV001889,ORD001889,5,,,2024-06-24 19:26:17,2024-06-29 19:26:17
REV001890,ORD001890,5,Research space way.,Big cause science water none just happen recognize.,2024-03-20 23:30:19,2024-03-24 23:30:19
REV001891,ORD001891,5,,,2023-05-24 05:49:58,2023-05-26 05:49:58
REV001892,ORD001892,5,,Remain today happy myself industry almost job.,2023-10-22 11:05:15,2023-10-23 11:05:15
REV001893,ORD001893,5,,At beautiful there professor listen medical during until case agency beat cost cultural.,2023-11-21 10:59:29,2023-11-25 10:59:29
REV001894,ORD001894,5,,Health enjoy at so control including nice discussion challenge card reduce action art small both.,2023-03-27 16:03:34,2023-03-30 16:03:34
REV001895,ORD001895,4,,One across they case TV team song country listen long between.,2024-10-11 02:35:19,2024-10-12 02:35:19
REV001896,ORD001896,5,,,2024-12-04 23:21:44,2024-12-06 23:21:44
REV001897,ORD001897,5,,,2023-06-04 03:26:51,2023-06-08 03:26:51
REV001898,ORD001898,5,Need phone teach audience.,Tax certainly set local wrong authority clearly phone including.,2023-11-05 21:14:04,2023-11-06 21:14:04
REV001899,ORD001899,2,,Gun different energy arrive it that sister agree public us hospital paper term security camera past.,2024-05-13 04:39:25,2024-05-17 04:39:25
REV001900,ORD001900,5,,Thousand position sense church out explain significant item all at be through certainly political hard.,2023-03-14 15:19:31,2023-03-15 15:19:31
REV001901,ORD001901,4,,,2023-02-04 01:52:28,2023-02-07 01:52:28
REV001903,ORD001903,5,,,2023-05-18 18:17:59,2023-05-20 18:17:59
REV001904,ORD001904,5,,Exactly practice would game student painting try talk like maintain serious style operation.,2024-07-02 22:36:44,2024-07-06 22:36:44
REV001905,ORD001905,4,,,2023-10-18 21:44:50,2023-10-23 21:44:50
REV001906,ORD001906,5,,Type painting produce off light before majority garden military place edge environmental even eye message.,2023-11-20 21:53:01,2023-11-25 21:53:01
REV001907,ORD001907,3,,Unit food dream course win court friend put everything our prove could.,2023-08-13 07:30:16,2023-08-18 07:30:16
REV001908,ORD001908,4,Three cause show far reach.,,2024-01-11 20:05:57,2024-01-16 20:05:57
REV001909,ORD001909,5,,Republican need daughter leg minute bring reveal factor east our plant front.,2023-04-25 14:27:55,2023-04-29 14:27:55
REV001910,ORD001910,4,,,2024-09-19 04:57:03,2024-09-21 04:57:03
REV001911,ORD001911,5,Heart hot response usually.,Mr chair paper education whom spend worker about country various until lawyer yard on.,2024-02-21 18:54:06,2024-02-25 18:54:06
REV001912,ORD001912,4,Memory inside enter.,Physical majority blue join finish cause but set yes American audience blue movement.,2024-10-09 02:39:00,2024-10-12 02:39:00
REV001913,ORD001913,4,,Six understand rather daughter through note act front person.,2024-11-02 15:22:28,2024-11-06 15:22:28
REV001914,ORD001914,4,,,2024-09-22 10:22:55,2024-09-25 10:22:55
REV001915,ORD001915,5,,Exist drive determine page seem until government door age once several.,2024-05-25 04:55:16,2024-05-29 04:55:16
REV001916,ORD001916,5,,South stay data pattern west before science without especially.,2024-07-01 18:11:11,2024-07-04 18:11:11
REV001917,ORD001917,5,,Buy east image drug participant throughout truth evidence about provide itself team support land.,2024-11-21 07:21:52,2024-11-23 07:21:52
REV001918,ORD001918,5,,Beyond bank Republican kind school his past herself must even.,2024-03-17 01:05:51,2024-03-20 01:05:51
REV001919,ORD001919,4,,Job themselves garden again medical hold kind day certain back student raise collection identify.,2024-12-02 21:02:18,2024-12-03 21:02:18
REV001920,ORD001920,5,,,2023-10-07 11:57:11,2023-10-12 11:57:11
REV001921,ORD001921,4,,Fire if eat fact discuss over like agency very during.,2024-09-20 16:32:28,2024-09-25 16:32:28
REV001922,ORD001922,5,Laugh son.,Occur growth after job knowledge interest join give especially treatment employee citizen despite.,2023-05-26 13:51:04,2023-05-28 13:51:04
REV001924,ORD001924,5,,Population out special suffer without hair set bed trouble begin receive anyone bad use laugh fall.,2023-06-28 04:54:39,2023-07-02 04:54:39
REV001925,ORD001925,5,Everything trouble director find.,,2023-11-30 16:33:44,2023-12-03 16:33:44
REV001926,ORD001926,5,At the per of situation.,Explain like institution collection admit which owner baby significant.,2024-11-26 08:03:12,2024-11-30 08:03:12
REV001927,ORD001927,5,,,2023-09-21 20:51:07,2023-09-26 20:51:07
REV001928,ORD001928,5,,,2023-06-20 16:16:31,2023-06-21 16:16:31
REV001929,ORD001929,1,,Stage condition buy leg set rich check usually early across talk.,2023-11-18 09:36:47,2023-11-22 09:36:47
REV001930,ORD001930,5,,Message again mean arm career answer choose car technology strong off.,2024-07-26 19:16:03,2024-07-27 19:16:03
REV001931,ORD001931,5,Left lawyer report.,,2024-03-03 23:46:09,2024-03-07 23:46:09
REV001932,ORD001932,4,Class paper amount.,,2024-02-05 09:25:49,2024-02-09 09:25:49
REV001933,ORD001933,5,Career expert more majority.,,2023-06-14 16:08:22,2023-06-19 16:08:22
REV001934,ORD001934,5,Nearly risk threat level.,,2024-02-25 08:54:35,2024-02-29 08:54:35
REV001935,ORD001935,5,,Government painting responsibility see seem model imagine me matter source deal outside happen fear page.,2023-06-26 13:36:40,2023-06-30 13:36:40
REV001936,ORD001936,5,,,2024-07-05 19:17:40,2024-07-09 19:17:40
REV001937,ORD001937,3,Him federal agency maintain.,,2023-01-11 10:09:14,2023-01-12 10:09:14
REV001938,ORD001938,5,,,2023-08-12 04:07:06,2023-08-15 04:07:06
REV001939,ORD001939,5,,,2023-06-22 17:31:39,2023-06-25 17:31:39
REV001940,ORD001940,5,Democratic simple.,Last opportunity serve cause soldier how central too tough.,2024-07-25 17:07:38,2024-07-28 17:07:38
REV001941,ORD001941,2,,Main letter let think leg indeed anything way today two far.,2023-01-26 13:55:11,2023-01-29 13:55:11
REV001942,ORD001942,5,,Go travel thought the back family start.,2024-08-08 23:14:19,2024-08-11 23:14:19
REV001943,ORD001943,4,,,2024-10-10 09:35:41,2024-10-14 09:35:41
REV001944,ORD001944,5,,,2023-02-06 17:35:00,2023-02-08 17:35:00
REV001945,ORD001945,5,,,2023-12-20 13:41:32,2023-12-25 13:41:32
REV001946,ORD001946,3,,Local value than look good cover two coach yeah certainly represent especially agency despite minute.,2024-06-21 02:22:30,2024-06-22 02:22:30
REV001947,ORD001947,3,,Large free party get force happy song.,2024-07-12 04:21:33,2024-07-14 04:21:33
REV001948,ORD001948,5,,,2024-04-13 13:03:33,2024-04-15 13:03:33
REV001949,ORD001949,4,,,2024-07-09 08:25:45,2024-07-12 08:25:45
REV001950,ORD001950,5,,,2024-11-19 19:48:29,2024-11-24 19:48:29
REV001951,ORD001951,5,,But just maintain shake already single rock not attack why usually help produce key reveal environment.,2023-05-25 08:27:36,2023-05-26 08:27:36
REV001952,ORD001952,5,,Several cultural pattern every detail analysis activity card industry.,2024-05-26 14:28:12,2024-05-31 14:28:12
REV001953,ORD001953,5,,Individual stay charge natural effort trouble a at teach enter.,2023-09-07 12:57:55,2023-09-12 12:57:55
REV001954,ORD001954,5,Skin despite trip close.,Box prove speech garden road head light what officer nature top score place force.,2023-06-20 18:34:30,2023-06-24 18:34:30
REV001955,ORD001955,5,,Property structure operation radio south sing early spring its.,2024-08-17 17:11:24,2024-08-18 17:11:24
REV001956,ORD001956,4,,Foreign meeting material right identify weight feel tell blood challenge difference.,2023-07-04 21:04:54,2023-07-05 21:04:54
REV001957,ORD001957,4,Thing eat toward.,,2024-10-13 05:05:43,2024-10-14 05:05:43
REV001958,ORD001958,4,,Recently media include hundred note federal drug performance.,2024-03-08 08:25:33,2024-03-09 08:25:33
REV001959,ORD001959,5,Simple unit.,Itself spring child list air visit brother dog.,2023-11-03 13:40:34,2023-11-08 13:40:34
REV001960,ORD001960,5,Until how degree involve.,,2023-06-29 23:17:48,2023-07-03 23:17:48
REV001961,ORD001961,3,Expert particular close.,Our order table beyond bank scene change investment to.,2024-11-10 21:28:43,2024-11-15 21:28:43
REV001962,ORD001962,5,,,2023-06-02 23:28:04,2023-06-05 23:28:04
REV001963,ORD001963,3,Yeah able concern.,Fact such quickly truth record program beautiful close finally.,2023-12-06 18:20:51,2023-12-08 18:20:51
REV001964,ORD001964,2,Although old.,,2024-10-08 23:31:28,2024-10-13 23:31:28
REV001965,ORD001965,5,,,2023-03-13 05:41:05,2023-03-14 05:41:05
REV001967,ORD001967,5,,,2023-11-01 08:25:31,2023-11-05 08:25:31
REV001968,ORD001968,1,Pass start.,Smile today station make environment fact student author partner catch.,2024-09-27 18:57:33,2024-09-29 18:57:33
REV001969,ORD001969,3,,Paper employee poor record benefit paper ready allow system professor reason special grow meeting.,2023-02-18 03:45:53,2023-02-21 03:45:53
REV001970,ORD001970,4,,President spring individual us some suggest program decision leave reflect already.,2023-07-06 09:07:27,2023-07-07 09:07:27
REV001971,ORD001971,4,,,2023-01-01 14:33:17,2023-01-04 14:33:17
REV001972,ORD001972,1,,Onto brother blue large chance available side reach.,2024-09-07 18:57:14,2024-09-09 18:57:14
REV001973,ORD001973,5,,Dream loss important upon property public role few remember time prevent hair hospital generation any subject.,2023-07-06 23:02:24,2023-07-08 23:02:24
REV001974,ORD001974,4,,Hope speech less whom situation television last staff seat religious probably.,2024-11-24 10:18:33,2024-11-25 10:18:33
REV001975,ORD001975,4,,Test contain than clearly economy behavior then free among cell mention manager everyone dark Congress.,2023-03-18 23:56:42,2023-03-21 23:56:42
REV001976,ORD001976,5,,Side place represent song health able lot.,2024-02-08 22:56:49,2024-02-11 22:56:49
REV001977,ORD001977,5,,,2023-04-12 23:06:32,2023-04-15 23:06:32
REV001978,ORD001978,5,,,2024-10-24 15:31:45,2024-10-27 15:31:45
REV001979,ORD001979,5,,Cut challenge quite tax season event hospital more opportunity unit cultural show rule always.,2023-01-25 16:09:23,2023-01-26 16:09:23
REV001980,ORD001980,4,,Natural much sense and forward imagine phone social listen there upon trial participant discuss firm opportunity.,2024-05-01 13:55:50,2024-05-02 13:55:50
REV001981,ORD001981,4,,,2023-06-28 06:42:52,2023-06-29 06:42:52
REV001982,ORD001982,3,,Enter through system stage protect often house above director develop start dream able answer.,2024-10-14 18:46:38,2024-10-17 18:46:38
REV001983,ORD001983,4,,,2023-04-16 02:11:25,2023-04-19 02:11:25
REV001984,ORD001984,3,,Sort event sport national indicate maybe weight some.,2023-03-03 21:32:44,2023-03-04 21:32:44
REV001985,ORD001985,4,,,2024-04-15 21:02:31,2024-04-17 21:02:31
REV001986,ORD001986,2,,Shoulder professional market oil move need sister talk understand home rise.,2024-06-02 00:19:29,2024-06-05 00:19:29
REV001987,ORD001987,2,Nation customer rate.,,2024-08-15 07:17:00,2024-08-19 07:17:00
REV001988,ORD001988,5,,Forget early look between use room college factor.,2024-03-17 18:17:18,2024-03-21 18:17:18
REV001989,ORD001989,5,Indeed town daughter.,,2023-08-05 15:54:45,2023-08-06 15:54:45
REV001991,ORD001991,5,,Guess share eye young reality police baby choose building.,2024-03-21 13:14:47,2024-03-26 13:14:47
REV001992,ORD001992,5,,Well at show serve establish condition share.,2024-11-03 18:21:23,2024-11-04 18:21:23
REV001993,ORD001993,5,,,2024-01-25 06:43:55,2024-01-30 06:43:55
REV001994,ORD001994,4,,,2024-05-15 02:06:35,2024-05-19 02:06:35
REV001995,ORD001995,4,Building she single let.,,2024-11-25 17:37:03,2024-11-28 17:37:03
REV001996,ORD001996,3,Loss pass size.,,2024-03-06 01:53:29,2024-03-11 01:53:29
REV001997,ORD001997,3,,Smile good hold country war rise treat per wide short yeah class.,2024-11-07 08:05:24,2024-11-09 08:05:24
REV001998,ORD001998,1,,,2024-11-08 06:05:30,2024-11-13 06:05:30
REV001999,ORD001999,5,,Civil spring movement long under place ahead table society it southern simply.,2023-03-16 07:44:10,2023-03-17 07:44:10
REV002000,ORD002000,4,,Defense couple point similar security at year dinner prevent tree manager side hold.,2023-09-08 19:35:45,2023-09-12 19:35:45
REV002001,ORD002001,5,,Current among laugh about green write value possible indeed study wide television.,2024-01-19 07:38:19,2024-01-23 07:38:19
REV002003,ORD002003,5,,,2023-06-27 17:30:42,2023-06-28 17:30:42
REV002004,ORD002004,5,,,2023-08-31 22:27:47,2023-09-01 22:27:47
REV002005,ORD002005,4,Care benefit.,,2024-07-17 22:45:33,2024-07-18 22:45:33
REV002006,ORD002006,4,,No bring career manager you rise future person allow structure first fine state fall teach.,2024-05-16 04:04:20,2024-05-21 04:04:20
REV002007,ORD002007,5,,Voice professor your receive staff yourself exactly sure.,2024-12-26 06:41:59,2024-12-28 06:41:59
REV002008,ORD002008,3,Window hair.,Final feel age wonder foreign Republican thank use owner surface guy believe enough free.,2024-06-01 22:17:08,2024-06-04 22:17:08
REV002009,ORD002009,4,,Consumer defense song discuss everybody success nearly must teacher.,2023-12-19 13:26:27,2023-12-21 13:26:27
REV002010,ORD002010,4,,Very that national trade price beyond idea us find there behavior four scientist carry behind.,2024-07-02 03:05:56,2024-07-05 03:05:56
REV002012,ORD002012,4,,About through amount special image blood city vote time easy free continue truth red billion speech.,2024-06-17 05:43:10,2024-06-20 05:43:10
REV002013,ORD002013,5,,,2023-07-10 06:13:14,2023-07-11 06:13:14
REV002014,ORD002014,5,,Despite remain college whatever tell meeting writer accept mission event some simply could natural.,2023-09-19 23:46:40,2023-09-22 23:46:40
REV002015,ORD002015,5,Involve party.,Court month general identify opportunity treat explain eat task by inside possible marriage.,2024-01-28 07:29:02,2024-01-29 07:29:02
REV002016,ORD002016,4,,If course education campaign continue political build provide.,2024-04-19 01:07:03,2024-04-20 01:07:03
REV002017,ORD002017,2,Represent discuss economic.,,2023-04-23 17:01:49,2023-04-27 17:01:49
REV002018,ORD002018,4,Rule range.,,2023-06-16 10:28:50,2023-06-20 10:28:50
REV002019,ORD002019,4,Whole everybody both.,Prepare response stop add blood deal certain.,2023-09-04 19:48:04,2023-09-06 19:48:04
REV002020,ORD002020,5,Than foot in.,,2024-04-20 04:51:41,2024-04-24 04:51:41
REV002021,ORD002021,4,,,2024-09-26 22:51:39,2024-10-01 22:51:39
REV002022,ORD002022,3,Quite kitchen cut play deal.,,2023-02-04 03:16:12,2023-02-06 03:16:12
REV002024,ORD002024,3,,,2024-05-09 22:13:21,2024-05-12 22:13:21
REV002025,ORD002025,5,,Could program water drug major event any able less article threat arrive.,2024-11-21 21:51:49,2024-11-24 21:51:49
REV002026,ORD002026,4,,Modern data book expert exist computer shoulder list several assume lawyer field difference cut.,2023-05-04 03:07:06,2023-05-08 03:07:06
REV002027,ORD002027,2,,Style white especially lose just card sit population his worry necessary.,2023-01-30 08:39:35,2023-01-31 08:39:35
REV002028,ORD002028,5,,,2023-02-27 01:51:57,2023-03-02 01:51:57
REV002029,ORD002029,5,,Body return miss ready even probably son second after.,2024-05-10 17:28:41,2024-05-11 17:28:41
REV002030,ORD002030,4,,,2023-02-11 19:34:18,2023-02-13 19:34:18
REV002031,ORD002031,5,,,2024-03-11 08:56:37,2024-03-13 08:56:37
REV002032,ORD002032,3,,,2023-09-07 15:21:38,2023-09-08 15:21:38
REV002033,ORD002033,5,,,2024-05-26 19:11:56,2024-05-27 19:11:56
REV002034,ORD002034,5,,,2023-07-22 00:14:29,2023-07-23 00:14:29
REV002035,ORD002035,2,Whatever blue together edge each.,,2024-07-10 01:31:43,2024-07-12 01:31:43
REV002036,ORD002036,3,Task off under two physical.,About when force ready network nothing ability cover board fill share economy source only pick.,2024-04-28 01:09:40,2024-05-03 01:09:40
REV002037,ORD002037,2,North ground here person three.,,2023-03-02 06:46:43,2023-03-05 06:46:43
REV002038,ORD002038,5,,Animal from likely drop four dinner whatever administration baby north case improve.,2024-01-09 00:31:01,2024-01-14 00:31:01
REV002039,ORD002039,5,,,2023-01-13 02:04:26,2023-01-18 02:04:26
REV002040,ORD002040,4,,,2023-08-19 04:46:20,2023-08-21 04:46:20
REV002041,ORD002041,4,Day include.,,2023-06-25 07:40:15,2023-06-27 07:40:15
REV002042,ORD002042,3,,,2023-01-08 05:08:07,2023-01-10 05:08:07
REV002043,ORD002043,1,Bill wrong.,Kid career scene despite best either truth important yard poor threat throw behavior type partner.,2024-02-14 22:54:01,2024-02-18 22:54:01
REV002044,ORD002044,5,,,2023-01-16 09:17:37,2023-01-20 09:17:37
REV002045,ORD002045,4,,South social Mr pick set analysis ready must.,2024-05-23 23:49:42,2024-05-28 23:49:42
REV002046,ORD002046,5,,Unit majority yeah somebody thought beyond mean.,2024-03-31 23:18:33,2024-04-05 23:18:33
REV002047,ORD002047,5,,Under everyone interview give ground laugh receive agree best physical.,2024-05-07 19:12:41,2024-05-09 19:12:41
REV002048,ORD002048,5,,Project court state doctor and conference still.,2023-09-06 12:45:59,2023-09-09 12:45:59
REV002049,ORD002049,1,,,2023-03-13 02:40:40,2023-03-14 02:40:40
REV002050,ORD002050,5,Car leave product.,Peace all rise right happen series seven strong it reach.,2024-02-13 03:02:25,2024-02-16 03:02:25
REV002051,ORD002051,1,List account hear.,,2023-03-03 08:02:06,2023-03-06 08:02:06
REV002052,ORD002052,5,Compare successful inside be church.,,2023-04-26 14:23:05,2023-04-30 14:23:05
REV002053,ORD002053,5,,Child board director spend entire minute never quality.,2023-10-22 12:53:03,2023-10-24 12:53:03
REV002054,ORD002054,5,Together true worker though church.,Mouth note well interesting particularly some evidence employee degree safe sign after image heart movement until.,2023-12-26 08:46:45,2023-12-28 08:46:45
REV002055,ORD002055,5,,Break reason too discover record wear both look training oil scene career military much discussion call.,2023-01-04 06:08:47,2023-01-06 06:08:47
REV002056,ORD002056,5,Meet parent.,,2023-05-14 16:23:40,2023-05-15 16:23:40
REV002057,ORD002057,5,,Drop need fund Mr employee forward carry condition.,2023-01-15 00:35:30,2023-01-16 00:35:30
REV002058,ORD002058,2,Make study cause so.,,2023-07-10 20:42:01,2023-07-13 20:42:01
REV002060,ORD002060,5,,,2024-02-27 12:48:53,2024-03-03 12:48:53
REV002061,ORD002061,4,,Military person author return national scene focus clearly.,2024-01-24 09:59:55,2024-01-29 09:59:55
REV002062,ORD002062,5,Yeah front almost.,,2024-03-28 02:19:55,2024-03-30 02:19:55
REV002063,ORD002063,5,Sister simple.,,2024-07-28 10:37:30,2024-07-29 10:37:30
REV002064,ORD002064,4,Television rich.,,2023-07-28 07:55:16,2023-07-30 07:55:16
REV002065,ORD002065,5,Follow serious.,,2024-10-24 01:49:54,2024-10-29 01:49:54
REV002066,ORD002066,1,,,2023-01-30 04:41:53,2023-02-04 04:41:53
REV002067,ORD002067,5,Ball read lose south keep.,Positive arm piece why ago change government here boy trial population sell end be spend.,2024-10-19 06:38:56,2024-10-23 06:38:56
REV002068,ORD002068,2,,Property music expert mission should character station eye perform amount here American itself ago out able.,2024-12-12 06:16:14,2024-12-14 06:16:14
REV002069,ORD002069,5,,Though help PM become rich every change help but include something.,2023-01-08 15:50:35,2023-01-09 15:50:35
REV002070,ORD002070,5,Direction focus product hand start.,,2023-10-16 10:59:00,2023-10-17 10:59:00
REV002071,ORD002071,5,Heart among research person apply.,Drive own pass least great your sign single well task.,2024-09-22 15:16:56,2024-09-24 15:16:56
REV002072,ORD002072,5,,,2024-05-16 13:54:23,2024-05-18 13:54:23
REV002073,ORD002073,5,,Continue ask environmental another business hot strong buy new more above personal else tax concern.,2023-09-08 22:06:29,2023-09-11 22:06:29
REV002074,ORD002074,2,Marriage us middle her.,,2024-08-15 03:26:41,2024-08-17 03:26:41
REV002076,ORD002076,4,,Month ask environmental choice assume recent people far color number.,2023-11-14 02:16:47,2023-11-17 02:16:47
REV002077,ORD002077,4,,,2024-06-24 20:25:20,2024-06-26 20:25:20
REV002079,ORD002079,5,Imagine citizen drug.,,2023-07-26 16:49:09,2023-07-29 16:49:09
REV002080,ORD002080,5,Series candidate reveal suddenly.,,2024-07-02 10:15:57,2024-07-07 10:15:57
REV002081,ORD002081,5,,Degree finally sing bank them state factor word hope great seek serious term.,2024-06-02 13:21:20,2024-06-03 13:21:20
REV002082,ORD002082,5,Cost small.,,2023-12-10 05:24:33,2023-12-11 05:24:33
REV002083,ORD002083,5,,,2024-02-18 09:43:09,2024-02-21 09:43:09
REV002084,ORD002084,5,,Future raise family where treatment age be help in evidence fact office.,2024-01-12 12:48:51,2024-01-17 12:48:51
REV002085,ORD002085,5,,,2023-07-12 04:55:50,2023-07-13 04:55:50
REV002086,ORD002086,4,,,2023-02-11 19:57:15,2023-02-16 19:57:15
REV002087,ORD002087,5,,Measure truth sign room happy new may condition word former win letter story article read.,2024-11-14 13:12:24,2024-11-15 13:12:24
REV002088,ORD002088,5,,Face police year fact daughter democratic wide.,2023-02-16 15:29:40,2023-02-20 15:29:40
REV002089,ORD002089,5,Create moment onto third.,,2024-01-29 05:19:38,2024-02-02 05:19:38
REV002090,ORD002090,5,,House develop center bill behind outside moment return skin.,2023-12-08 13:14:43,2023-12-12 13:14:43
REV002091,ORD002091,3,,,2023-08-23 12:18:23,2023-08-27 12:18:23
REV002092,ORD002092,4,Answer wish drop before quickly.,,2024-12-06 20:00:19,2024-12-08 20:00:19
REV002093,ORD002093,5,Describe if follow difficult.,,2024-08-15 21:48:02,2024-08-18 21:48:02
REV002094,ORD002094,4,,Talk rich what truth partner measure serve force hope left may imagine need.,2023-11-19 08:14:53,2023-11-24 08:14:53
REV002095,ORD002095,4,,,2024-11-28 00:05:54,2024-12-01 00:05:54
REV002096,ORD002096,5,,Through action continue star young ahead blood single born campaign others under each help line.,2024-12-01 05:42:42,2024-12-06 05:42:42
REV002097,ORD002097,5,,Enough exist without build right indeed able perform degree happy society care around find.,2023-01-24 16:17:33,2023-01-28 16:17:33
REV002098,ORD002098,5,Speak that.,Expert much difficult however local study only series imagine color reveal walk paper media available.,2023-05-29 07:04:33,2023-06-03 07:04:33
REV002099,ORD002099,5,,Every front baby effort already second room candidate movie wait amount happen again society.,2024-10-04 18:33:53,2024-10-09 18:33:53
REV002100,ORD002100,5,,,2023-04-12 10:21:47,2023-04-17 10:21:47
REV002101,ORD002101,5,Manage how itself.,Mind benefit second interview suffer voice want.,2023-12-03 09:32:39,2023-12-06 09:32:39
REV002103,ORD002103,3,,,2024-02-26 02:09:09,2024-02-28 02:09:09
REV002104,ORD002104,3,,,2023-05-03 17:15:28,2023-05-08 17:15:28
REV002105,ORD002105,3,,Minute data hospital this because that agree child.,2023-03-21 20:19:50,2023-03-23 20:19:50
REV002106,ORD002106,5,,Authority wait defense well should effect future appear involve nearly job board phone magazine.,2024-08-17 14:48:09,2024-08-21 14:48:09
REV002107,ORD002107,4,,Popular central decision modern enough see American drug to above month language create fear local.,2023-10-25 20:15:57,2023-10-29 20:15:57
REV002108,ORD002108,5,,Say more imagine deep population pass buy bill have reality adult state medical year oil.,2023-12-24 12:09:50,2023-12-25 12:09:50
REV002109,ORD002109,5,,,2024-06-18 22:35:15,2024-06-21 22:35:15
REV002110,ORD002110,5,Sort experience.,Various research laugh effort southern idea our of wall.,2024-06-26 16:09:10,2024-06-28 16:09:10
REV002111,ORD002111,5,,Short of heart sister fast need painting outside role question wonder lay threat.,2024-04-11 09:31:43,2024-04-15 09:31:43
REV002112,ORD002112,4,,,2023-08-05 05:58:27,2023-08-06 05:58:27
REV002113,ORD002113,2,Certain situation often.,Eat form bill again matter finally peace window create compare couple continue sister standard family.,2024-11-04 22:24:32,2024-11-08 22:24:32
REV002114,ORD002114,3,,,2024-12-16 22:56:08,2024-12-21 22:56:08
REV002115,ORD002115,5,,,2023-01-30 17:32:05,2023-02-02 17:32:05
REV002116,ORD002116,4,,,2023-10-13 03:14:38,2023-10-15 03:14:38
REV002117,ORD002117,5,Simply involve nor.,,2023-04-22 04:41:48,2023-04-25 04:41:48
REV002118,ORD002118,2,,,2023-06-23 02:58:43,2023-06-26 02:58:43
REV002119,ORD002119,4,Imagine record.,List huge brother shake win air kind see finally wall right mind determine prove own.,2023-12-17 04:16:01,2023-12-22 04:16:01
REV002120,ORD002120,4,,Practice together minute price night admit standard expect able general imagine professional.,2023-02-27 19:11:42,2023-03-04 19:11:42
REV002121,ORD002121,5,Total not its.,Near support chair opportunity grow put its.,2023-02-06 12:41:38,2023-02-07 12:41:38
REV002122,ORD002122,4,,,2024-09-27 23:56:20,2024-10-02 23:56:20
REV002123,ORD002123,5,Behavior nearly of.,,2023-06-05 18:49:44,2023-06-07 18:49:44
REV002124,ORD002124,4,,,2024-04-01 17:33:47,2024-04-04 17:33:47
REV002125,ORD002125,5,Imagine authority stop address.,,2023-10-26 05:11:57,2023-10-27 05:11:57
REV002126,ORD002126,5,,Speak better store think short southern finish front under build successful since human chance.,2023-02-17 08:32:23,2023-02-19 08:32:23
REV002127,ORD002127,4,,,2024-04-15 23:48:57,2024-04-17 23:48:57
REV002128,ORD002128,5,,Someone financial meeting personal American ahead where long difference according system its hospital those artist area.,2024-11-22 03:49:54,2024-11-24 03:49:54
REV002129,ORD002129,5,,Mean avoid property sport friend wide take answer at month partner evidence fall.,2024-02-07 00:29:07,2024-02-11 00:29:07
REV002130,ORD002130,5,,Available scene approach imagine concern picture cultural old kitchen in century role determine evidence admit manager.,2023-02-08 20:29:57,2023-02-09 20:29:57
REV002131,ORD002131,5,Out hospital around wall.,,2024-10-20 20:56:03,2024-10-23 20:56:03
REV002132,ORD002132,2,,Rise several in candidate case affect sometimes second man.,2024-09-14 22:30:16,2024-09-19 22:30:16
REV002133,ORD002133,5,,,2023-12-20 23:45:19,2023-12-21 23:45:19
REV002134,ORD002134,4,,Step type type word not usually at sing age view push enjoy wife cup law become.,2024-07-22 19:45:58,2024-07-26 19:45:58
REV002135,ORD002135,4,,West fire resource commercial general which board name bad.,2023-01-19 10:21:16,2023-01-23 10:21:16
REV002136,ORD002136,5,,Daughter you traditional question bad clear here.,2023-06-13 18:51:11,2023-06-17 18:51:11
REV002137,ORD002137,5,,,2024-07-26 22:54:46,2024-07-30 22:54:46
REV002139,ORD002139,2,,Seek draw message prove car many of general building design.,2024-12-12 07:20:35,2024-12-15 07:20:35
REV002140,ORD002140,3,Through nation.,Enough any which ten follow cell how member win behind every.,2023-05-01 08:27:45,2023-05-03 08:27:45
REV002141,ORD002141,5,,Door daughter economic big like board center.,2023-02-23 15:54:11,2023-02-26 15:54:11
REV002142,ORD002142,5,,,2023-07-29 20:47:44,2023-07-30 20:47:44
REV002143,ORD002143,5,Scientist matter message trip.,Add claim begin man star movie consumer pick.,2024-09-13 03:15:22,2024-09-15 03:15:22
REV002144,ORD002144,5,,,2024-09-15 04:12:35,2024-09-18 04:12:35
REV002145,ORD002145,3,,,2024-04-18 14:31:05,2024-04-21 14:31:05
REV002146,ORD002146,1,,Mind wind commercial national same man rule paper doctor international step.,2023-08-03 01:05:02,2023-08-07 01:05:02
REV002147,ORD002147,5,,Drug boy middle myself you impact full occur last school manage reflect name PM idea.,2023-03-30 10:35:40,2023-04-01 10:35:40
REV002148,ORD002148,1,,Law record I visit door if sister chair society.,2023-10-19 05:37:49,2023-10-23 05:37:49
REV002149,ORD002149,5,Share heavy century probably.,Congress pick foreign city yeah quickly process address friend.,2024-05-30 12:16:52,2024-06-02 12:16:52
REV002150,ORD002150,2,,View rather if change authority prepare view authority number force huge lead order always.,2024-06-23 19:52:28,2024-06-25 19:52:28
REV002151,ORD002151,5,Move radio dog perhaps my.,Test well camera truth surface sometimes week reality discover success item rest respond economy why.,2023-12-26 12:30:00,2023-12-28 12:30:00
REV002152,ORD002152,5,,,2024-01-28 03:38:40,2024-02-02 03:38:40
REV002153,ORD002153,4,,,2023-08-02 19:27:11,2023-08-03 19:27:11
REV002154,ORD002154,3,,,2023-11-19 21:42:23,2023-11-22 21:42:23
REV002155,ORD002155,5,Fear paper suffer.,Mention picture positive exist later nation leader special tree receive kid ground condition time I hospital.,2023-05-08 09:17:34,2023-05-12 09:17:34
REV002156,ORD002156,3,,Much will cost value later herself back pass rest professional.,2024-11-06 15:47:23,2024-11-08 15:47:23
REV002158,ORD002158,3,,Manager mother his change perhaps trip media responsibility child street floor officer management seek.,2023-04-20 02:04:16,2023-04-25 02:04:16
REV002159,ORD002159,4,Five modern human control personal.,,2024-06-22 21:54:28,2024-06-27 21:54:28
REV002160,ORD002160,1,Happy receive third.,,2024-06-07 21:55:23,2024-06-12 21:55:23
REV002161,ORD002161,5,,Sense hope road forward lead although pull collection tonight compare second system.,2024-11-18 14:00:58,2024-11-22 14:00:58
REV002162,ORD002162,5,Economy various hotel.,,2024-03-07 23:05:44,2024-03-08 23:05:44
REV002163,ORD002163,4,,Hour cell step particularly control east weight raise school suggest smile store develop wait national top.,2023-06-08 05:22:30,2023-06-10 05:22:30
REV002164,ORD002164,4,,Various future clearly bag quite foreign mouth full writer low trial gas cold offer idea.,2024-04-14 11:32:05,2024-04-16 11:32:05
REV002165,ORD002165,1,,Develop reason gas part rather bill team vote blood represent hard agent position million what wear.,2024-09-18 04:48:29,2024-09-19 04:48:29
REV002166,ORD002166,5,,Food particular series significant expert energy account fill perhaps there throw station avoid strategy trial.,2024-10-06 19:29:19,2024-10-11 19:29:19
REV002167,ORD002167,5,,,2024-03-27 18:04:11,2024-03-31 18:04:11
REV002168,ORD002168,5,Machine another miss relate old.,Soldier beat hair house because family blue still dark describe community.,2024-04-27 04:28:18,2024-04-30 04:28:18
REV002169,ORD002169,5,Though stage live suffer modern.,,2024-09-09 18:04:29,2024-09-13 18:04:29
REV002170,ORD002170,4,,,2024-09-24 12:10:57,2024-09-28 12:10:57
REV002171,ORD002171,4,,,2024-08-23 08:49:30,2024-08-24 08:49:30
REV002172,ORD002172,2,,Sometimes language fish administration per well change ten sort exist.,2024-12-18 17:59:44,2024-12-20 17:59:44
REV002173,ORD002173,5,Along government.,Him more young receive model no painting strong serious according guess dog method newspaper.,2023-11-02 23:35:49,2023-11-07 23:35:49
REV002174,ORD002174,2,,,2023-07-29 02:33:10,2023-07-30 02:33:10
REV002175,ORD002175,5,,I three very newspaper tree simply indicate western tell on indeed senior.,2023-08-04 13:30:09,2023-08-09 13:30:09
REV002176,ORD002176,5,,Kind fear cold manage full front scientist protect must fund open who someone fish require.,2023-10-28 06:41:50,2023-10-31 06:41:50
REV002177,ORD002177,5,,,2024-03-28 18:57:24,2024-04-01 18:57:24
REV002178,ORD002178,2,Explain maybe fight pass budget.,Speech into forward carry surface think amount soon.,2024-06-18 07:13:03,2024-06-23 07:13:03
REV002179,ORD002179,3,,,2024-12-18 13:59:44,2024-12-20 13:59:44
REV002180,ORD002180,4,,,2023-09-25 14:49:09,2023-09-29 14:49:09
REV002181,ORD002181,5,,,2023-07-08 11:56:39,2023-07-11 11:56:39
REV002182,ORD002182,5,Police only there authority.,,2024-12-28 00:15:45,2025-01-02 00:15:45
REV002183,ORD002183,5,,,2024-07-27 20:55:01,2024-08-01 20:55:01
REV002184,ORD002184,4,,Capital theory third still son than attorney accept future almost.,2023-07-10 10:10:25,2023-07-13 10:10:25
REV002185,ORD002185,4,,Plant international scene radio exist expect mind pay history people.,2023-08-28 11:21:31,2023-08-31 11:21:31
REV002186,ORD002186,3,,,2023-06-09 20:16:40,2023-06-11 20:16:40
REV002187,ORD002187,5,Century white real view.,,2024-10-07 18:14:58,2024-10-11 18:14:58
REV002188,ORD002188,4,Large PM kid we.,Change according hand middle school cold hard decide when moment south common myself.,2023-12-21 04:56:15,2023-12-25 04:56:15
REV002189,ORD002189,5,Say couple.,,2023-03-20 07:21:53,2023-03-23 07:21:53
REV002190,ORD002190,5,Call paper.,,2024-10-23 11:04:32,2024-10-26 11:04:32
REV002191,ORD002191,3,Phone perhaps.,Help account bed each energy civil response leg.,2023-08-03 00:39:59,2023-08-06 00:39:59
REV002192,ORD002192,5,Mouth short.,,2023-11-30 16:09:22,2023-12-05 16:09:22
REV002193,ORD002193,3,,Million beautiful lay skin tonight lose fly section guy physical low her television.,2024-02-13 00:16:21,2024-02-15 00:16:21
REV002195,ORD002195,5,,Foot peace memory simply prove law tonight.,2024-01-19 21:22:06,2024-01-21 21:22:06
REV002196,ORD002196,4,,,2024-08-08 13:08:02,2024-08-12 13:08:02
REV002197,ORD002197,3,,Drop bill apply than responsibility whether population compare lead Democrat kitchen response describe north old.,2023-06-15 00:31:47,2023-06-19 00:31:47
REV002198,ORD002198,5,,What unit for common office note pass scientist thing.,2024-05-30 21:50:36,2024-06-03 21:50:36
REV002199,ORD002199,5,,Run son price one policy door nearly door.,2023-04-09 12:33:51,2023-04-13 12:33:51
REV002201,ORD002201,5,,Foot hair who smile talk music floor vote environment.,2023-04-06 04:28:31,2023-04-10 04:28:31
REV002202,ORD002202,5,,,2024-01-01 05:27:59,2024-01-04 05:27:59
REV002203,ORD002203,5,,Major popular say think despite space face walk number.,2023-03-04 06:06:54,2023-03-09 06:06:54
REV002204,ORD002204,3,,,2024-04-19 07:14:51,2024-04-20 07:14:51
REV002205,ORD002205,5,,,2023-02-01 08:25:50,2023-02-04 08:25:50
REV002206,ORD002206,5,Tend officer well.,,2024-01-10 23:18:20,2024-01-13 23:18:20
REV002207,ORD002207,1,Particularly rise Congress land.,,2023-04-09 15:12:07,2023-04-13 15:12:07
REV002208,ORD002208,4,,,2023-03-04 15:09:31,2023-03-06 15:09:31
REV002209,ORD002209,2,,,2024-07-03 13:51:14,2024-07-04 13:51:14
REV002210,ORD002210,5,,Keep cost company attorney area east too life money marriage both make time force often next.,2024-12-13 02:32:02,2024-12-16 02:32:02
REV002211,ORD002211,5,Drug chance speech sell better.,,2024-07-31 07:29:10,2024-08-01 07:29:10
REV002212,ORD002212,4,However so television nature.,Also and set major specific rather letter me tell.,2023-03-10 12:51:04,2023-03-11 12:51:04
REV002213,ORD002213,5,,,2024-03-24 17:33:42,2024-03-28 17:33:42
REV002214,ORD002214,1,,Glass decision science relate head method continue PM hour article study seek young.,2023-11-03 16:58:09,2023-11-07 16:58:09
REV002215,ORD002215,4,,,2023-02-15 02:45:58,2023-02-18 02:45:58
REV002216,ORD002216,5,,Dark everything few two population spring talk.,2023-10-16 19:53:39,2023-10-21 19:53:39
REV002217,ORD002217,3,,Fly least get the west the now up behavior single poor cold unit walk see.,2024-07-30 08:02:53,2024-08-02 08:02:53
REV002218,ORD002218,5,Begin current.,President same cover partner cultural above indeed like decision order behavior.,2024-04-20 22:56:11,2024-04-23 22:56:11
REV002219,ORD002219,4,,,2023-11-25 04:39:36,2023-11-30 04:39:36
REV002220,ORD002220,2,,Certain any character charge debate brother rather red.,2023-04-08 05:48:41,2023-04-13 05:48:41
REV002221,ORD002221,3,,,2023-03-29 18:45:54,2023-03-30 18:45:54
REV002222,ORD002222,5,,Improve sell cause boy sign pull break him bit tree among pay all carry.,2024-11-30 10:35:59,2024-12-01 10:35:59
REV002223,ORD002223,5,,Product understand service usually cup performance role already occur issue front movie.,2023-03-26 07:50:02,2023-03-27 07:50:02
REV002224,ORD002224,5,,Lay theory specific since billion share example beyond expect.,2024-09-12 17:17:27,2024-09-15 17:17:27
REV002225,ORD002225,5,,Raise personal cell front across professor word change expert can style option red happen whose.,2023-05-23 22:46:16,2023-05-28 22:46:16
REV002226,ORD002226,5,Style at score pretty.,,2023-04-29 20:28:56,2023-05-02 20:28:56
REV002227,ORD002227,5,,Resource notice generation single on statement simply director law center.,2024-07-06 00:51:59,2024-07-09 00:51:59
REV002228,ORD002228,5,,,2024-05-21 22:19:55,2024-05-25 22:19:55
REV002229,ORD002229,3,Interest grow force.,,2023-03-04 21:39:58,2023-03-06 21:39:58
REV002230,ORD002230,1,,Hold several candidate suffer else avoid sea choose cell loss approach but.,2023-02-21 15:12:04,2023-02-23 15:12:04
REV002231,ORD002231,4,,Class discuss manager art out article responsibility who issue technology against direction call example practice too.,2024-06-06 10:17:16,2024-06-07 10:17:16
REV002232,ORD002232,5,,Floor well citizen these place account red term allow around admit guy.,2024-06-10 11:32:02,2024-06-13 11:32:02
REV002233,ORD002233,5,,What north shoulder later institution skin performance he opportunity sing girl expect such.,2023-08-17 05:16:20,2023-08-18 05:16:20
REV002234,ORD002234,3,,Economy success carry special left able analysis arrive budget situation.,2023-05-02 19:05:42,2023-05-05 19:05:42
REV002235,ORD002235,1,,Although ago treatment society network beyond human shake bed.,2023-05-12 13:32:46,2023-05-14 13:32:46
REV002236,ORD002236,5,,,2024-10-06 21:21:46,2024-10-11 21:21:46
REV002237,ORD002237,5,Interest amount actually.,,2024-11-12 14:49:57,2024-11-16 14:49:57
REV002238,ORD002238,1,,Speech prove language challenge air rest wind region.,2023-10-26 12:17:52,2023-10-29 12:17:52
REV002239,ORD002239,5,,Base meet impact big approach Republican forward why spend explain wide west man current.,2023-09-20 05:34:41,2023-09-25 05:34:41
REV002240,ORD002240,5,,,2024-01-01 17:39:28,2024-01-04 17:39:28
REV002241,ORD002241,5,,,2023-01-16 09:08:03,2023-01-17 09:08:03
REV002242,ORD002242,4,,Company region agent north consider mother month green international involve effect ahead building.,2024-05-23 19:09:19,2024-05-25 19:09:19
REV002243,ORD002243,5,,Free yourself sound since parent church special.,2024-05-28 19:02:28,2024-05-29 19:02:28
REV002244,ORD002244,5,,,2024-06-24 16:10:03,2024-06-28 16:10:03
REV002245,ORD002245,5,,Two stuff threat join chance good ask drive catch table affect arm entire.,2024-07-21 22:06:27,2024-07-22 22:06:27
REV002246,ORD002246,3,International financial form operation.,Somebody anything open project buy edge after pretty.,2023-02-03 06:54:14,2023-02-07 06:54:14
REV002247,ORD002247,5,,Door should need star none record religious recent off fire property remain first common eight participant.,2023-07-10 04:11:37,2023-07-13 04:11:37
REV002248,ORD002248,5,,Space father store start upon house paper.,2024-10-02 09:20:34,2024-10-05 09:20:34
REV002249,ORD002249,1,,,2024-03-20 11:45:57,2024-03-25 11:45:57
REV002250,ORD002250,5,Police possible cup opportunity.,,2024-01-16 22:42:03,2024-01-20 22:42:03
REV002251,ORD002251,4,,Sport him news fall improve high between describe expert.,2024-11-28 04:16:45,2024-12-03 04:16:45
REV002252,ORD002252,5,Machine number.,Do company focus consumer say whom prove organization old treatment.,2023-05-29 05:46:36,2023-05-31 05:46:36
REV002254,ORD002254,5,Land address represent treat close.,Summer what cause Democrat anything leave tough such black improve subject produce process.,2024-02-28 00:26:34,2024-03-01 00:26:34
REV002255,ORD002255,3,Sort physical believe us view.,Dog range seem number other those sister large.,2023-05-15 22:41:40,2023-05-16 22:41:40
REV002256,ORD002256,3,,Today base know against student mean onto face product.,2024-08-25 07:43:31,2024-08-30 07:43:31
REV002257,ORD002257,1,,Spring surface wife up thus fight catch.,2024-05-10 02:34:36,2024-05-14 02:34:36
REV002258,ORD002258,1,,,2023-12-05 04:00:29,2023-12-07 04:00:29
REV002259,ORD002259,4,,,2023-04-10 08:59:50,2023-04-11 08:59:50
REV002260,ORD002260,4,,Later they green message until number key medical join.,2024-04-29 05:23:52,2024-05-03 05:23:52
REV002261,ORD002261,2,,,2024-11-19 15:01:47,2024-11-21 15:01:47
REV002262,ORD002262,5,,Much article agent music industry floor project.,2024-03-13 13:04:01,2024-03-14 13:04:01
REV002263,ORD002263,5,Success herself be.,Idea share property various memory matter stage establish close prove nice measure leg sell official yourself.,2023-03-21 18:20:43,2023-03-23 18:20:43
REV002264,ORD002264,5,,,2023-10-09 05:44:22,2023-10-12 05:44:22
REV002265,ORD002265,4,,Professor anyone amount great require else so so interest great analysis tonight politics computer.,2024-05-19 13:01:29,2024-05-23 13:01:29
REV002266,ORD002266,4,,,2023-06-10 06:49:22,2023-06-15 06:49:22
REV002267,ORD002267,3,,Purpose speak network difference reveal government single least something source prove.,2024-10-05 00:14:57,2024-10-10 00:14:57
REV002269,ORD002269,5,,,2023-03-24 20:56:56,2023-03-28 20:56:56
REV002270,ORD002270,5,,Consider policy those unit reduce executive particular himself eat enter partner agent laugh.,2023-04-29 16:37:21,2023-05-04 16:37:21
REV002271,ORD002271,5,,Charge know check full history civil value oil during piece every.,2024-03-24 14:26:42,2024-03-28 14:26:42
REV002272,ORD002272,5,,By maybe off smile develop movement mouth maybe pass they case else look wrong send.,2023-10-17 09:24:04,2023-10-21 09:24:04
REV002273,ORD002273,4,,,2024-05-07 12:13:47,2024-05-12 12:13:47
REV002274,ORD002274,5,Own attention against strategy.,,2023-03-18 07:51:07,2023-03-19 07:51:07
REV002275,ORD002275,1,,Feel Democrat stop only series right group sense.,2023-04-08 06:35:15,2023-04-13 06:35:15
REV002276,ORD002276,4,,Policy clear star daughter imagine discussion little imagine a cost eat truth fly memory hundred sister.,2024-04-03 06:53:20,2024-04-04 06:53:20
REV002277,ORD002277,3,,Travel growth what seek many energy pattern.,2023-11-08 22:50:08,2023-11-09 22:50:08
REV002278,ORD002278,4,,Fish all cover eye agreement note I as sense machine treatment section significant.,2024-01-16 05:12:36,2024-01-19 05:12:36
REV002279,ORD002279,4,Record organization of.,Piece national what role term left necessary best bag even might yet skin style performance.,2023-10-14 07:41:03,2023-10-15 07:41:03
REV002280,ORD002280,5,Phone water national pattern.,,2024-03-08 11:37:04,2024-03-11 11:37:04
REV002281,ORD002281,5,,Pay trip recognize ok recent near find medical note read term force open without sound.,2023-05-15 14:45:34,2023-05-16 14:45:34
REV002282,ORD002282,5,,Book party reveal quickly around reach local.,2023-02-04 21:48:39,2023-02-09 21:48:39
REV002283,ORD002283,5,,East up threat and box listen institution rock dinner other sell new.,2023-03-27 06:43:01,2023-03-31 06:43:01
REV002284,ORD002284,5,,Debate fire improve remember call method employee head argue magazine any order prepare.,2023-06-04 12:38:20,2023-06-09 12:38:20
REV002285,ORD002285,5,Southern federal will.,Condition fall heavy heart tend size scientist news itself marriage anyone.,2023-10-31 06:35:54,2023-11-03 06:35:54
REV002286,ORD002286,5,Energy add so financial.,Tend majority kitchen Mr ahead late well should who court media part interesting.,2024-12-16 07:54:00,2024-12-20 07:54:00
REV002287,ORD002287,4,,Tax hard sometimes then situation take contain industry red approach.,2023-01-30 22:41:00,2023-02-04 22:41:00
REV002288,ORD002288,5,Plan page get understand.,Reason push civil cost company family white.,2024-01-14 11:14:02,2024-01-18 11:14:02
REV002290,ORD002290,5,,Into thing really listen husband shake party hope billion computer remember beyond head win.,2023-04-19 20:26:03,2023-04-24 20:26:03
REV002291,ORD002291,4,,Spring economy someone police year accept toward Mr board open word loss manager next.,2024-08-29 17:26:33,2024-09-03 17:26:33
REV002292,ORD002292,5,,,2024-02-04 20:01:22,2024-02-08 20:01:22
REV002293,ORD002293,5,,,2024-11-12 12:49:17,2024-11-16 12:49:17
REV002294,ORD002294,3,Themselves common other.,,2024-12-19 10:18:56,2024-12-20 10:18:56
REV002295,ORD002295,5,Know size add soon.,,2024-02-06 04:25:24,2024-02-07 04:25:24
REV002296,ORD002296,5,,Care responsibility society table police interesting challenge book clearly data economy save this garden.,2024-05-16 01:13:19,2024-05-20 01:13:19
REV002297,ORD002297,5,,,2024-04-25 08:22:49,2024-04-28 08:22:49
REV002298,ORD002298,5,Generation open history sell.,Leave go standard collection work way company.,2024-04-19 00:08:10,2024-04-21 00:08:10
REV002299,ORD002299,5,But newspaper seem.,,2023-02-27 22:52:51,2023-02-28 22:52:51
REV002300,ORD002300,5,,,2024-06-10 02:22:50,2024-06-14 02:22:50
REV002301,ORD002301,5,,,2024-11-03 18:03:01,2024-11-06 18:03:01
REV002302,ORD002302,4,Food education someone woman.,Another put investment figure happen present full certainly culture they born.,2023-02-22 14:44:59,2023-02-27 14:44:59
REV002304,ORD002304,5,Child require language.,,2024-07-07 23:47:07,2024-07-10 23:47:07
REV002305,ORD002305,3,,,2023-12-16 02:07:13,2023-12-21 02:07:13
REV002306,ORD002306,4,,,2023-12-29 08:05:17,2024-01-01 08:05:17
REV002307,ORD002307,3,,Pass say with radio per spring be just similar shake drug fall political score majority.,2023-12-04 06:27:46,2023-12-08 06:27:46
REV002308,ORD002308,4,,Court strategy much rate standard today government.,2023-04-22 12:29:26,2023-04-25 12:29:26
REV002309,ORD002309,5,,Pretty article suggest parent hit east among.,2024-07-06 07:44:53,2024-07-08 07:44:53
REV002310,ORD002310,5,,Resource create hit yes without foot nation stop environment throw former director.,2023-04-22 20:07:35,2023-04-26 20:07:35
REV002311,ORD002311,4,,,2024-06-23 12:24:41,2024-06-27 12:24:41
REV002312,ORD002312,2,,Activity tax tell skin science method resource how listen expert toward.,2023-10-23 13:22:18,2023-10-28 13:22:18
REV002313,ORD002313,5,Generation common effect true.,Energy into stay decision movement gun at owner design relate need administration.,2023-08-30 11:01:19,2023-09-01 11:01:19
REV002314,ORD002314,3,,,2024-06-16 23:15:09,2024-06-19 23:15:09
REV002315,ORD002315,2,Drive other chair lead.,,2023-08-03 14:21:26,2023-08-05 14:21:26
REV002316,ORD002316,5,,Mention eight much history performance often write month simply those share out fill world.,2024-02-17 04:16:29,2024-02-20 04:16:29
REV002317,ORD002317,5,Official car look ever.,Race effect discussion special technology worry music white report company car data news difficult.,2024-05-28 17:00:42,2024-05-31 17:00:42
REV002318,ORD002318,4,Clear dog nothing billion.,,2023-04-30 06:12:15,2023-05-02 06:12:15
REV002319,ORD002319,5,,World process matter hot stage want note work.,2023-07-16 08:46:42,2023-07-17 08:46:42
REV002320,ORD002320,2,,Term under Republican news deep certainly and bring continue compare able as miss leave here.,2024-10-22 22:17:52,2024-10-27 22:17:52
REV002321,ORD002321,3,,,2024-12-12 17:05:50,2024-12-17 17:05:50
REV002322,ORD002322,5,,Travel meet place public newspaper soon lose.,2023-07-18 08:24:38,2023-07-20 08:24:38
REV002323,ORD002323,5,,Business natural stand country himself behavior article right today eye floor during want.,2023-09-17 13:36:16,2023-09-22 13:36:16
REV002324,ORD002324,5,,Member another lot inside seem task political crime finally term open story so alone cup significant.,2024-06-12 11:12:52,2024-06-17 11:12:52
REV002326,ORD002326,5,,Lead seem trouble about stage everything forget.,2024-06-18 04:30:38,2024-06-19 04:30:38
REV002327,ORD002327,5,,Here street former total animal item to hope environmental available toward hotel he test remember region.,2024-12-15 01:52:12,2024-12-18 01:52:12
REV002328,ORD002328,3,Would ability language.,Beyond pass two option significant light mission address significant set involve nature.,2024-10-10 00:14:47,2024-10-12 00:14:47
REV002329,ORD002329,5,,,2024-02-07 13:37:37,2024-02-09 13:37:37
REV002330,ORD002330,5,Network help rise.,,2023-12-13 17:21:43,2023-12-18 17:21:43
REV002331,ORD002331,4,,,2024-06-03 09:52:15,2024-06-04 09:52:15
REV002332,ORD002332,5,,Perform city parent size month music newspaper mind play brother more radio political sit authority.,2024-04-08 16:54:58,2024-04-12 16:54:58
REV002333,ORD002333,1,,,2023-05-23 18:06:50,2023-05-24 18:06:50
REV002334,ORD002334,5,,,2024-12-01 10:22:24,2024-12-02 10:22:24
REV002335,ORD002335,5,He option.,Guy such notice to age organization call wall car.,2023-04-13 17:16:20,2023-04-18 17:16:20
REV002336,ORD002336,5,,Lawyer white miss next their herself few bad take set woman occur.,2023-06-02 09:51:08,2023-06-03 09:51:08
REV002337,ORD002337,5,,,2024-10-26 01:15:28,2024-10-27 01:15:28
REV002338,ORD002338,2,,Wait six guess member will brother main fact bed.,2023-06-22 23:50:09,2023-06-27 23:50:09
REV002339,ORD002339,4,,Major his continue avoid my something population certain begin.,2023-03-27 02:58:32,2023-03-30 02:58:32
REV002340,ORD002340,4,Idea case entire class owner.,,2024-03-08 08:57:34,2024-03-12 08:57:34
REV002342,ORD002342,4,,,2024-03-24 15:17:46,2024-03-25 15:17:46
REV002343,ORD002343,1,,,2024-01-20 22:38:01,2024-01-23 22:38:01
REV002344,ORD002344,5,,,2024-04-23 02:14:15,2024-04-25 02:14:15
REV002345,ORD002345,5,,,2024-09-16 19:02:07,2024-09-19 19:02:07
REV002346,ORD002346,5,,Free onto last specific think tree enough rule entire car statement get family main.,2024-10-17 07:53:04,2024-10-22 07:53:04
REV002347,ORD002347,5,,Five single call suddenly center suddenly happen.,2023-02-26 12:33:18,2023-02-27 12:33:18
REV002348,ORD002348,5,,Report adult same as human understand together.,2023-06-20 14:24:06,2023-06-23 14:24:06
REV002349,ORD002349,5,Every apply commercial still.,Summer like concern clear nice foreign return skin above become minute.,2023-10-09 00:24:39,2023-10-10 00:24:39
REV002350,ORD002350,5,Consumer read response drive carry.,,2023-01-28 15:56:20,2023-02-01 15:56:20
REV002351,ORD002351,5,,Authority walk my use significant according assume skill wall political send arrive break.,2024-08-18 16:45:15,2024-08-22 16:45:15
REV002352,ORD002352,4,Window particular such though.,,2023-12-25 13:54:29,2023-12-30 13:54:29
REV002353,ORD002353,4,Wonder prevent.,Control ball they season dinner stage soldier apply notice current allow audience.,2023-12-14 20:59:33,2023-12-19 20:59:33
REV002354,ORD002354,4,Order quite above low.,Theory off fine represent recognize dinner position something.,2024-02-21 19:53:55,2024-02-22 19:53:55
REV002355,ORD002355,4,,Life or of tend include capital either what she including run where soldier method center.,2023-10-09 14:12:15,2023-10-13 14:12:15
REV002356,ORD002356,4,,Dark financial Mrs degree side similar along forward child simple professional idea range attention.,2024-09-23 12:18:26,2024-09-27 12:18:26
REV002357,ORD002357,5,,Degree think so growth eight shake statement front truth inside art.,2023-08-26 10:56:31,2023-08-28 10:56:31
REV002358,ORD002358,4,,Without itself seat language open despite response edge federal my crime.,2023-09-01 23:11:06,2023-09-05 23:11:06
REV002359,ORD002359,4,,Whose fish direction TV something piece sure image case answer free.,2024-09-19 15:10:32,2024-09-21 15:10:32
REV002360,ORD002360,2,Staff until relate hour.,,2024-10-20 22:09:56,2024-10-24 22:09:56
REV002361,ORD002361,5,,People good hair however deal consumer station order must four she blue management record.,2023-08-29 04:38:37,2023-08-30 04:38:37
REV002362,ORD002362,4,,,2024-05-28 10:13:59,2024-06-01 10:13:59
REV002363,ORD002363,5,Program outside.,Between bar beyond single walk believe worry affect forget far.,2023-12-13 04:16:32,2023-12-16 04:16:32
REV002364,ORD002364,5,,,2023-08-02 06:32:19,2023-08-06 06:32:19
REV002365,ORD002365,5,,,2023-04-21 22:47:21,2023-04-24 22:47:21
REV002366,ORD002366,1,,,2024-02-05 00:05:01,2024-02-07 00:05:01
REV002367,ORD002367,5,Radio approach reflect collection.,Image per try fire turn environmental wait.,2024-02-09 01:56:13,2024-02-14 01:56:13
REV002368,ORD002368,5,,Your throw project consider too size tonight ground while.,2023-08-08 12:19:49,2023-08-09 12:19:49
REV002369,ORD002369,5,Citizen individual.,Bad book Democrat rest consumer these whom.,2023-07-29 18:36:02,2023-07-30 18:36:02
REV002370,ORD002370,4,,,2024-03-16 12:21:37,2024-03-21 12:21:37
REV002371,ORD002371,4,Employee plant pay allow executive.,Between kitchen course can organization anyone government sea purpose popular tree project stop answer.,2023-03-04 05:00:05,2023-03-08 05:00:05
REV002372,ORD002372,3,,,2023-03-26 11:37:15,2023-03-29 11:37:15
REV002373,ORD002373,4,Explain quality democratic fight.,Data today budget everyone call all Democrat.,2023-03-08 05:11:38,2023-03-11 05:11:38
REV002374,ORD002374,1,Media recognize.,Ask myself phone travel western wrong front past throughout whether grow.,2024-09-24 10:30:28,2024-09-28 10:30:28
REV002375,ORD002375,5,,,2023-03-13 04:15:24,2023-03-15 04:15:24
REV002376,ORD002376,2,Training rather future.,Guess audience arrive white notice officer popular.,2024-02-27 08:27:05,2024-02-28 08:27:05
REV002377,ORD002377,1,Number wall training natural.,,2023-12-24 16:51:05,2023-12-26 16:51:05
REV002378,ORD002378,5,National response.,Enjoy sing time you may reason by threat design create summer fill recognize worry.,2023-04-27 18:29:11,2023-04-28 18:29:11
REV002379,ORD002379,3,,After hotel learn serve suffer free account claim girl action.,2023-05-21 21:45:52,2023-05-26 21:45:52
REV002380,ORD002380,5,,Defense here effort together contain black Mr contain article cost water reflect change smile.,2023-12-08 11:12:16,2023-12-11 11:12:16
REV002381,ORD002381,5,,,2023-09-10 07:59:40,2023-09-12 07:59:40
REV002382,ORD002382,4,Former believe address.,,2023-02-20 05:07:27,2023-02-22 05:07:27
REV002383,ORD002383,5,,,2024-05-22 11:09:50,2024-05-27 11:09:50
REV002384,ORD002384,5,,Number poor throughout stuff another each PM.,2024-08-04 04:49:40,2024-08-07 04:49:40
REV002385,ORD002385,2,New including education add though.,Because hotel detail carry until example question whatever.,2024-04-23 01:58:30,2024-04-28 01:58:30
REV002386,ORD002386,5,,,2024-04-13 19:44:21,2024-04-18 19:44:21
REV002387,ORD002387,5,,,2023-10-24 03:38:43,2023-10-28 03:38:43
REV002388,ORD002388,5,,Free theory none so myself follow not control commercial say side find house discuss.,2024-09-22 07:51:00,2024-09-25 07:51:00
REV002389,ORD002389,5,,Industry sound condition across reason leader government cost eight work.,2024-08-23 11:59:20,2024-08-25 11:59:20
REV002390,ORD002390,5,Reason call.,,2023-06-17 04:25:03,2023-06-18 04:25:03
REV002391,ORD002391,5,,Boy song success difficult sell accept country red collection positive part produce attack.,2024-03-03 19:15:22,2024-03-08 19:15:22
REV002392,ORD002392,5,Size mission travel reveal rather.,Behind blood born job movie forward nearly room thing notice less win cold real high.,2024-08-24 08:16:11,2024-08-28 08:16:11
REV002393,ORD002393,5,And anyone yeah fund door.,,2023-10-23 20:55:41,2023-10-25 20:55:41
REV002394,ORD002394,5,She record teach attack without.,Wall meet old tonight sound everybody which financial apply benefit method collection senior class approach necessary.,2024-05-14 04:04:03,2024-05-18 04:04:03
REV002395,ORD002395,5,,,2024-07-23 12:06:19,2024-07-24 12:06:19
REV002396,ORD002396,4,,,2023-01-07 02:34:22,2023-01-10 02:34:22
REV002397,ORD002397,5,,,2024-12-16 17:02:42,2024-12-18 17:02:42
REV002398,ORD002398,5,,Far camera unit without career watch arrive become everything would pressure room under team security at.,2024-07-23 00:44:18,2024-07-25 00:44:18
REV002399,ORD002399,5,,,2023-03-23 03:55:30,2023-03-24 03:55:30
REV002400,ORD002400,5,Officer report red pull.,Same camera plant without everybody research chance system candidate keep grow us receive billion health create.,2023-04-25 06:10:30,2023-04-28 06:10:30
REV002401,ORD002401,2,Me individual though.,,2023-11-20 00:45:36,2023-11-24 00:45:36
REV002402,ORD002402,5,,Effect culture radio station general soldier discuss stock lead green total benefit Mr.,2023-03-22 12:22:36,2023-03-27 12:22:36
REV002403,ORD002403,5,,Should raise prepare wrong bed radio spend within available.,2023-12-05 14:02:52,2023-12-07 14:02:52
REV002404,ORD002404,2,,,2023-08-17 06:41:45,2023-08-20 06:41:45
REV002405,ORD002405,5,Her part team.,Old what design want ahead easy whole must every.,2024-06-13 23:31:37,2024-06-16 23:31:37
REV002406,ORD002406,5,,Hit class nothing soon data budget main may happen newspaper happy subject success traditional leave send.,2023-09-06 10:05:49,2023-09-08 10:05:49
REV002407,ORD002407,4,Himself red.,,2023-10-04 16:11:21,2023-10-06 16:11:21
REV002408,ORD002408,4,,,2023-06-20 16:09:33,2023-06-24 16:09:33
REV002409,ORD002409,5,,Base mention hour gun field expert several effort prevent.,2023-01-06 19:48:45,2023-01-09 19:48:45
REV002410,ORD002410,4,,Whole hot cultural fill show response nothing gas few page cold couple suffer.,2023-10-21 19:06:56,2023-10-23 19:06:56
REV002411,ORD002411,4,Care think brother far.,,2024-11-08 10:27:34,2024-11-12 10:27:34
REV002412,ORD002412,5,,Eight skill program try school wait never fly pull.,2024-01-10 02:21:06,2024-01-14 02:21:06
REV002413,ORD002413,4,,,2023-08-13 05:43:03,2023-08-15 05:43:03
REV002414,ORD002414,4,Quickly sure.,Move manage worry wear pay science us.,2023-12-07 15:51:09,2023-12-12 15:51:09
REV002415,ORD002415,1,Police right traditional.,,2024-01-12 22:27:39,2024-01-14 22:27:39
REV002416,ORD002416,1,Price number.,,2023-02-18 21:16:22,2023-02-23 21:16:22
REV002417,ORD002417,4,,Enough cut fund dream care whole writer water wind cost hand arm.,2024-01-31 09:53:49,2024-02-04 09:53:49
REV002418,ORD002418,5,,,2024-10-27 01:37:08,2024-11-01 01:37:08
REV002419,ORD002419,5,Door early we we alone.,Back relationship hand protect matter agreement woman environment tell sing.,2024-09-18 09:51:28,2024-09-22 09:51:28
REV002420,ORD002420,4,Trouble nor environmental former.,Husband Republican result wrong return wall trouble friend current whose job nor yard establish.,2024-02-22 13:25:40,2024-02-26 13:25:40
REV002421,ORD002421,3,Use organization me while.,Issue town call computer experience against recently account.,2023-08-26 01:49:54,2023-08-31 01:49:54
REV002422,ORD002422,5,Understand view true fill.,,2024-08-14 23:57:39,2024-08-17 23:57:39
REV002423,ORD002423,5,,,2023-02-12 17:18:19,2023-02-14 17:18:19
REV002424,ORD002424,5,Spring continue.,,2023-05-26 19:50:13,2023-05-31 19:50:13
REV002425,ORD002425,4,Other follow vote office.,,2023-02-23 00:22:10,2023-02-26 00:22:10
REV002426,ORD002426,5,,Few land both two add thank everybody dream since open budget consider business.,2024-08-13 17:36:33,2024-08-17 17:36:33
REV002427,ORD002427,5,,Apply property enter name crime society church indeed break since though.,2024-09-15 13:42:45,2024-09-17 13:42:45
REV002428,ORD002428,3,,,2024-02-17 21:12:09,2024-02-22 21:12:09
REV002429,ORD002429,5,,,2024-03-18 20:31:33,2024-03-23 20:31:33
REV002430,ORD002430,4,,,2023-11-24 22:33:47,2023-11-27 22:33:47
REV002431,ORD002431,3,,Responsibility argue note detail show difficult which quite adult move.,2024-11-12 07:16:00,2024-11-16 07:16:00
REV002432,ORD002432,5,Many most green.,Center build happy near begin usually exactly choose guy.,2024-04-13 21:36:42,2024-04-17 21:36:42
REV002433,ORD002433,3,School computer threat.,Something employee such practice quickly any market poor clear possible staff agent more someone.,2023-01-25 01:17:52,2023-01-28 01:17:52
REV002434,ORD002434,2,,Development know laugh officer hundred food could life born.,2023-09-25 13:30:57,2023-09-30 13:30:57
REV002435,ORD002435,4,Population another.,Record spring sport usually as until happen power probably animal agent charge task condition campaign finally.,2023-02-08 02:04:33,2023-02-10 02:04:33
REV002436,ORD002436,5,,Leg suggest crime international page dinner off social shoulder design huge south.,2024-05-21 23:25:32,2024-05-26 23:25:32
REV002437,ORD002437,5,,,2023-03-11 17:25:36,2023-03-13 17:25:36
REV002438,ORD002438,5,,,2023-05-17 13:34:59,2023-05-18 13:34:59
REV002439,ORD002439,5,Manager clearly.,Cup cup performance go child simply compare.,2024-01-05 16:28:11,2024-01-07 16:28:11
REV002440,ORD002440,5,Over cost.,,2024-02-16 01:20:45,2024-02-19 01:20:45
REV002441,ORD002441,5,,,2024-12-27 19:19:39,2024-12-29 19:19:39
REV002442,ORD002442,5,Task six gas rest whom.,Still teacher raise travel chance character really spring dinner pattern throw owner.,2024-08-11 22:58:34,2024-08-13 22:58:34
REV002443,ORD002443,3,,Ability hair list really thus story site different dinner.,2024-09-27 23:36:05,2024-10-01 23:36:05
REV002444,ORD002444,5,,Beautiful glass alone however traditional necessary learn memory home marriage where share southern.,2023-12-06 14:45:50,2023-12-10 14:45:50
REV002445,ORD002445,5,,,2023-01-24 04:52:17,2023-01-29 04:52:17
REV002446,ORD002446,5,High better man.,How government suddenly statement network throw next nice while.,2024-05-06 16:05:20,2024-05-08 16:05:20
REV002447,ORD002447,5,White manage.,Itself religious energy teacher single long food send capital decide wide describe real check weight try.,2023-02-19 22:40:27,2023-02-23 22:40:27
REV002448,ORD002448,5,Admit blood parent effect child.,,2023-06-10 17:41:16,2023-06-12 17:41:16
REV002450,ORD002450,4,Wrong teach not response professor.,Team condition when if help start peace year decision prevent too drug today so long sometimes.,2024-05-04 09:45:41,2024-05-09 09:45:41
REV002451,ORD002451,5,,Talk boy area however society every still according.,2024-01-05 23:01:54,2024-01-08 23:01:54
REV002453,ORD002453,2,,Director next figure business no chance thousand author simple company produce meet.,2023-04-10 18:37:39,2023-04-13 18:37:39
REV002454,ORD002454,3,Professional director stock.,Prevent history finish everybody live gun edge authority company phone attack beat within environment.,2024-08-11 11:01:34,2024-08-15 11:01:34
REV002455,ORD002455,4,,,2024-02-23 03:13:04,2024-02-28 03:13:04
REV002456,ORD002456,5,,Not truth garden into admit value before result.,2024-10-07 08:07:09,2024-10-10 08:07:09
REV002457,ORD002457,4,,World opportunity late market source art sound specific adult collection with project author term many carry.,2024-08-27 21:58:43,2024-08-31 21:58:43
REV002458,ORD002458,5,,Change available cut during respond town per leg.,2024-12-24 11:48:55,2024-12-28 11:48:55
REV002459,ORD002459,5,,,2023-05-24 00:04:53,2023-05-27 00:04:53
REV002460,ORD002460,5,,Positive image not model democratic close make low bag own side car present push agreement.,2024-09-24 15:05:40,2024-09-25 15:05:40
REV002461,ORD002461,5,,Receive white movement little name good subject very wait rate too recognize.,2023-01-23 03:37:51,2023-01-25 03:37:51
REV002462,ORD002462,1,Data owner picture.,,2023-05-20 05:54:21,2023-05-22 05:54:21
REV002463,ORD002463,4,,Forget could west public size PM consider by animal building attorney success.,2023-07-23 17:59:06,2023-07-25 17:59:06
REV002464,ORD002464,5,Main her year none.,Son exist according anyone cell why less fill name several market fear language late.,2023-12-10 14:31:52,2023-12-14 14:31:52
REV002465,ORD002465,5,,Those become staff history girl real almost teach almost image good.,2023-06-26 02:56:29,2023-07-01 02:56:29
REV002466,ORD002466,4,Like also school.,,2024-01-27 06:47:38,2024-02-01 06:47:38
REV002467,ORD002467,3,,North pattern while kid body play practice case receive development day.,2024-12-07 19:34:03,2024-12-11 19:34:03
REV002468,ORD002468,5,,Order rest conference glass claim claim including deal feel would table pass.,2023-02-20 21:44:47,2023-02-21 21:44:47
REV002469,ORD002469,5,Per nice now friend hour.,,2024-08-17 02:53:18,2024-08-20 02:53:18
REV002470,ORD002470,5,,,2023-03-13 22:51:03,2023-03-18 22:51:03
REV002471,ORD002471,4,,Including itself fear form energy too type seat film either authority.,2024-01-15 07:17:02,2024-01-20 07:17:02
REV002472,ORD002472,5,,,2024-01-09 23:25:28,2024-01-11 23:25:28
REV002473,ORD002473,5,,Partner how up operation send drug relationship tax every late difficult.,2024-07-25 08:19:00,2024-07-27 08:19:00
REV002474,ORD002474,5,,Theory enough moment put price no certainly answer foreign information painting.,2023-12-06 00:19:37,2023-12-08 00:19:37
REV002475,ORD002475,5,,Rich despite offer stage politics think old value between citizen whose young set knowledge.,2023-01-15 01:55:23,2023-01-20 01:55:23
REV002476,ORD002476,3,,Reality boy long analysis force tonight million cover.,2024-10-02 11:25:18,2024-10-07 11:25:18
REV002477,ORD002477,5,Report include from song car.,,2024-11-23 06:44:05,2024-11-27 06:44:05
REV002478,ORD002478,5,,Also act few note summer high ask rich development.,2023-06-24 19:03:06,2023-06-29 19:03:06
REV002479,ORD002479,5,Statement center.,Blood single daughter tell four hour green religious hot former front quality.,2024-02-26 18:31:48,2024-03-01 18:31:48
REV002480,ORD002480,5,White new involve south.,Participant want end guess fear else force hold be development my he those father contain.,2023-07-17 01:58:19,2023-07-21 01:58:19
REV002481,ORD002481,5,,Citizen provide career teach crime leader consumer image pretty affect discussion late often.,2023-06-22 10:28:48,2023-06-27 10:28:48
REV002482,ORD002482,5,Scientist push price sit.,Story allow social write prepare represent today notice exactly send where check source bed production.,2024-06-10 06:58:48,2024-06-12 06:58:48
REV002483,ORD002483,5,,,2024-08-31 02:23:17,2024-09-04 02:23:17
REV002484,ORD002484,5,Just experience letter could.,,2023-07-09 04:05:38,2023-07-10 04:05:38
REV002485,ORD002485,4,,Few success around direction soldier strong water.,2023-06-22 04:42:05,2023-06-26 04:42:05
REV002486,ORD002486,1,Class next want.,Hospital Congress seem role senior serve current card yes perhaps do carry care.,2024-12-29 06:34:36,2024-12-30 06:34:36
REV002487,ORD002487,4,,,2023-04-10 17:28:34,2023-04-15 17:28:34
REV002488,ORD002488,4,,,2024-05-26 17:22:46,2024-05-31 17:22:46
REV002489,ORD002489,1,Of blue daughter act.,,2024-04-21 01:06:55,2024-04-22 01:06:55
REV002490,ORD002490,5,,Detail effect life attack realize prove into.,2024-03-09 14:43:08,2024-03-14 14:43:08
REV002491,ORD002491,4,Half staff join interview.,,2024-08-30 09:45:36,2024-08-31 09:45:36
REV002492,ORD002492,3,Participant girl sport eat.,Community politics decision back tough travel same news.,2024-09-10 10:57:22,2024-09-13 10:57:22
REV002493,ORD002493,3,,Staff color ahead establish truth society another music learn water son.,2024-05-31 17:09:03,2024-06-03 17:09:03
REV002494,ORD002494,5,Before response.,Product car appear health keep these including story produce.,2023-06-16 05:20:15,2023-06-18 05:20:15
REV002495,ORD002495,5,,Leg simply big true politics real fly employee black skill over television understand anyone growth.,2023-08-16 06:19:04,2023-08-21 06:19:04
REV002496,ORD002496,4,,,2023-01-17 23:36:50,2023-01-22 23:36:50
REV002497,ORD002497,5,,,2024-02-21 05:05:57,2024-02-23 05:05:57
REV002498,ORD002498,5,Dinner their key small light.,,2024-06-06 18:11:34,2024-06-07 18:11:34
REV002499,ORD002499,3,Fund the ask.,First always what site gas hour move Republican trip.,2023-07-21 07:40:21,2023-07-22 07:40:21
REV002500,ORD002500,5,,,2023-07-04 04:29:01,2023-07-08 04:29:01
REV002501,ORD002501,5,Water magazine physical.,Of wait some between be without budget leader message dog get read indeed truth.,2023-02-08 14:08:38,2023-02-13 14:08:38
REV002502,ORD002502,4,,,2023-03-06 05:03:16,2023-03-10 05:03:16
REV002503,ORD002503,5,,,2024-06-13 01:05:57,2024-06-14 01:05:57
REV002504,ORD002504,4,Anyone trouble wish available talk.,Fact already picture different character billion will pay reason condition five though share management.,2023-01-30 23:58:58,2023-02-02 23:58:58
REV002505,ORD002505,5,,Compare town war security economic newspaper consider again tax.,2023-04-22 19:56:07,2023-04-27 19:56:07
REV002506,ORD002506,5,Certain heart heavy.,,2024-01-06 08:44:10,2024-01-09 08:44:10
REV002507,ORD002507,5,,Rate end these him when training science ability much crime wish family.,2023-11-19 23:49:27,2023-11-21 23:49:27
REV002508,ORD002508,5,,,2024-11-26 22:50:16,2024-11-28 22:50:16
REV002509,ORD002509,4,,,2023-01-20 14:19:01,2023-01-23 14:19:01
REV002510,ORD002510,4,Theory street fight subject.,Meet oil former even again coach team pass help medical glass partner themselves country.,2024-06-13 22:32:36,2024-06-16 22:32:36
REV002511,ORD002511,2,,Market perhaps tough however play decide way our first do continue TV listen some.,2023-06-30 17:14:01,2023-07-04 17:14:01
REV002512,ORD002512,5,,,2024-07-19 13:17:14,2024-07-23 13:17:14
REV002513,ORD002513,5,,Treatment note adult ball human my center painting agree.,2024-01-21 18:45:24,2024-01-26 18:45:24
REV002514,ORD002514,4,,Of until character experience author under western shoulder despite charge fish serious.,2023-05-31 17:29:05,2023-06-01 17:29:05
REV002515,ORD002515,5,,,2024-03-07 02:02:18,2024-03-09 02:02:18
REV002516,ORD002516,5,,,2024-05-23 00:26:13,2024-05-26 00:26:13
REV002517,ORD002517,4,I job leg result child.,Common performance father shake conference issue away professional perhaps agree protect fund create.,2024-12-28 12:15:45,2024-12-29 12:15:45
REV002518,ORD002518,3,,,2023-08-14 19:35:29,2023-08-17 19:35:29
REV002519,ORD002519,4,,Development Mrs surface analysis off surface difference talk.,2023-08-19 23:13:39,2023-08-22 23:13:39
REV002520,ORD002520,2,Standard base.,Behind stock site head fast production third represent Mrs.,2024-12-29 01:13:37,2024-12-30 01:13:37
REV002521,ORD002521,5,,,2023-12-19 01:15:53,2023-12-21 01:15:53
REV002522,ORD002522,3,,,2023-11-09 11:33:02,2023-11-10 11:33:02
REV002523,ORD002523,5,,,2023-02-05 23:02:36,2023-02-08 23:02:36
REV002524,ORD002524,5,Myself movie yard fear.,,2023-05-27 14:31:16,2023-05-30 14:31:16
REV002525,ORD002525,4,Billion old.,Force news around finally figure card student a some concern up trouble marriage point lose.,2024-07-18 05:46:30,2024-07-20 05:46:30
REV002526,ORD002526,5,,Minute simply where point example thank see simple budget itself can fast.,2024-07-01 09:13:20,2024-07-03 09:13:20
REV002527,ORD002527,1,,Born cell us speak condition cover admit real animal.,2024-12-04 03:07:28,2024-12-06 03:07:28
REV002528,ORD002528,4,,,2024-08-21 15:53:14,2024-08-25 15:53:14
REV002529,ORD002529,5,,Particularly mother somebody both run visit true nothing technology.,2023-02-18 04:49:45,2023-02-20 04:49:45
REV002530,ORD002530,4,,Bed television land stay image participant with everyone.,2024-01-05 16:07:21,2024-01-07 16:07:21
REV002531,ORD002531,5,,Benefit claim recognize book near arm themselves institution again read collection able accept view security.,2023-07-13 13:56:33,2023-07-14 13:56:33
REV002532,ORD002532,3,,From name country benefit focus another special establish though tonight near ability great ready understand.,2024-01-02 07:23:05,2024-01-07 07:23:05
REV002533,ORD002533,5,Color sing should artist later.,,2024-07-26 14:28:59,2024-07-27 14:28:59
REV002534,ORD002534,5,,,2023-07-25 23:58:43,2023-07-29 23:58:43
REV002535,ORD002535,5,,Recently clearly leader job during dinner such year deal the participant history smile where Democrat.,2024-10-02 16:31:53,2024-10-03 16:31:53
REV002536,ORD002536,5,,Imagine section measure play third white tree seek should computer lawyer easy need whole.,2023-12-01 18:56:15,2023-12-02 18:56:15
REV002537,ORD002537,5,,A avoid choice media church tonight response charge.,2024-06-20 20:49:05,2024-06-24 20:49:05
REV002539,ORD002539,4,,Support room difference today leave outside task more foot visit save red image time manage.,2024-10-11 01:53:09,2024-10-14 01:53:09
REV002540,ORD002540,4,Practice institution.,Rich stay cold play various mission task spend easy avoid camera parent what bring truth reason.,2023-03-28 03:45:31,2023-04-01 03:45:31
REV002541,ORD002541,4,,Wide industry table poor must federal produce condition push wrong state character.,2023-07-05 23:32:55,2023-07-09 23:32:55
REV002542,ORD002542,5,,,2023-06-09 00:13:24,2023-06-12 00:13:24
REV002543,ORD002543,1,,Heavy receive state move shake particularly government stop catch large final medical not.,2023-12-15 13:29:29,2023-12-18 13:29:29
REV002544,ORD002544,5,,Gas difference evening itself PM shake scene though often.,2024-02-24 00:00:09,2024-02-25 00:00:09
REV002545,ORD002545,5,,Against environmental little share include opportunity young as just peace machine none network other film quite.,2024-04-01 02:17:39,2024-04-05 02:17:39
REV002546,ORD002546,3,,Next rate sure exist every well cover part mean few in.,2024-04-25 08:38:16,2024-04-30 08:38:16
REV002547,ORD002547,4,,,2024-09-30 15:02:48,2024-10-05 15:02:48
REV002548,ORD002548,5,,Eye learn want gas human ok space blood herself simply.,2023-03-04 22:34:09,2023-03-08 22:34:09
REV002549,ORD002549,5,,Agreement face act painting production method house act who brother thought all huge which although.,2023-04-09 15:23:25,2023-04-12 15:23:25
REV002550,ORD002550,5,,,2023-05-02 12:14:28,2023-05-06 12:14:28
REV002551,ORD002551,5,,Face own article style condition movement education minute show a theory of couple.,2023-09-18 10:20:47,2023-09-23 10:20:47
REV002552,ORD002552,4,Form figure.,,2023-04-19 00:04:07,2023-04-23 00:04:07
REV002553,ORD002553,5,,Necessary peace say energy take yes network indeed tend address understand language have actually a.,2024-04-02 22:50:26,2024-04-05 22:50:26
REV002554,ORD002554,4,,,2023-01-20 01:08:50,2023-01-22 01:08:50
REV002555,ORD002555,4,,Quickly result service idea or thank others.,2024-05-06 10:03:28,2024-05-07 10:03:28
REV002557,ORD002557,4,,Admit why group fall newspaper should court just must suddenly.,2023-03-02 22:10:34,2023-03-07 22:10:34
REV002558,ORD002558,5,,,2023-02-26 19:40:01,2023-03-01 19:40:01
REV002559,ORD002559,5,,It notice me look return affect brother line increase poor alone.,2023-11-01 03:53:21,2023-11-05 03:53:21
REV002560,ORD002560,5,,Piece daughter head reach answer even fast wear.,2024-03-09 23:01:52,2024-03-12 23:01:52
REV002561,ORD002561,5,,,2023-03-17 19:00:34,2023-03-20 19:00:34
REV002562,ORD002562,1,,Capital other analysis low professor western next upon stand hear feeling.,2023-06-04 10:43:09,2023-06-06 10:43:09
REV002563,ORD002563,5,Help skin.,,2023-06-14 20:25:59,2023-06-18 20:25:59
REV002564,ORD002564,4,,,2023-06-08 00:47:32,2023-06-11 00:47:32
REV002565,ORD002565,2,,Bring travel particularly job local firm international condition voice.,2023-01-09 06:20:15,2023-01-13 06:20:15
REV002566,ORD002566,4,,By account door use positive far soldier else film.,2023-03-06 21:55:54,2023-03-10 21:55:54
REV002567,ORD002567,5,,Field eye size head development join color summer stand move fine major bank.,2024-11-03 10:30:46,2024-11-06 10:30:46
REV002568,ORD002568,4,,Explain rock design coach stock tonight argue scientist hour.,2023-03-21 07:33:06,2023-03-24 07:33:06
REV002569,ORD002569,4,,Water us attention response line type policy plan leg.,2024-01-05 10:34:50,2024-01-10 10:34:50
REV002570,ORD002570,5,,,2024-07-21 11:45:08,2024-07-25 11:45:08
REV002571,ORD002571,1,,,2024-08-03 08:25:12,2024-08-08 08:25:12
REV002572,ORD002572,5,International establish politics.,,2023-08-06 16:35:19,2023-08-07 16:35:19
REV002573,ORD002573,5,,Pay new Republican fly foot Congress protect color success cause.,2023-05-04 17:25:19,2023-05-08 17:25:19
REV002574,ORD002574,5,,Big break maybe majority past large area trouble more PM guy out.,2024-05-07 05:48:58,2024-05-10 05:48:58
REV002575,ORD002575,4,Large film likely.,,2024-06-04 11:56:56,2024-06-09 11:56:56
REV002576,ORD002576,5,Police ground center just.,Rule table fast street such budget oil reduce woman least employee suggest owner already discuss.,2024-09-18 03:22:41,2024-09-20 03:22:41
REV002577,ORD002577,5,Move develop by design bar.,,2024-08-19 01:26:15,2024-08-20 01:26:15
REV002578,ORD002578,1,,,2023-08-27 20:39:35,2023-09-01 20:39:35
REV002579,ORD002579,1,Read dream.,,2023-08-06 21:52:22,2023-08-10 21:52:22
REV002580,ORD002580,5,,Truth woman interview also listen movement compare trial attention some lose little act still itself.,2023-03-09 19:24:37,2023-03-14 19:24:37
REV002581,ORD002581,3,,,2023-11-18 02:00:07,2023-11-23 02:00:07
REV002582,ORD002582,5,Range finish business reality.,Force produce unit rock lot south mention big north blue interesting long fall.,2023-06-25 09:06:34,2023-06-30 09:06:34
REV002583,ORD002583,5,,,2023-08-01 22:19:52,2023-08-05 22:19:52
REV002584,ORD002584,3,,,2024-05-17 17:54:13,2024-05-19 17:54:13
REV002585,ORD002585,5,Market same kind her.,Or however usually would difference sport carry painting either.,2023-05-15 03:47:49,2023-05-17 03:47:49
REV002586,ORD002586,3,Pick involve will game.,,2023-06-22 03:17:52,2023-06-23 03:17:52
REV002587,ORD002587,4,,Onto one ahead already answer other future direction admit town strategy raise future believe be organization.,2024-01-29 23:10:29,2024-02-02 23:10:29
REV002588,ORD002588,3,Fact explain practice hope save.,,2023-12-18 15:17:37,2023-12-21 15:17:37
REV002589,ORD002589,2,,,2024-05-17 11:55:37,2024-05-22 11:55:37
REV002590,ORD002590,4,,,2023-12-14 07:37:21,2023-12-17 07:37:21
REV002591,ORD002591,4,Simply father seem too prove.,,2024-02-04 21:50:00,2024-02-06 21:50:00
REV002592,ORD002592,3,Old just night theory.,,2023-10-19 17:47:30,2023-10-24 17:47:30
REV002593,ORD002593,2,Forget report give mind.,,2024-04-28 16:39:47,2024-05-02 16:39:47
REV002595,ORD002595,4,,Score successful anything century kid on room participant today suffer stuff star federal music police.,2024-02-10 13:11:18,2024-02-12 13:11:18
REV002596,ORD002596,5,,Together left unit seek more trouble enjoy forget between entire unit international set civil.,2023-03-27 10:52:40,2023-03-28 10:52:40
REV002597,ORD002597,5,,Word bit consider design ahead month game its movie simple official particular worry.,2023-03-25 00:49:22,2023-03-26 00:49:22
REV002598,ORD002598,3,,,2023-08-28 09:30:03,2023-09-01 09:30:03
REV002599,ORD002599,5,Bag war from activity start.,,2023-06-07 22:15:09,2023-06-12 22:15:09
REV002600,ORD002600,4,,,2024-07-08 13:31:37,2024-07-11 13:31:37
REV002601,ORD002601,5,,Prevent term such of suffer street knowledge officer have challenge technology under one determine smile become.,2024-09-05 03:07:07,2024-09-10 03:07:07
REV002602,ORD002602,3,,,2024-04-18 15:47:15,2024-04-22 15:47:15
REV002603,ORD002603,5,,Season Mrs again return which activity structure five call house second business.,2023-08-21 19:20:33,2023-08-26 19:20:33
REV002604,ORD002604,4,,Drop once action when mouth table world film position firm building rich amount arrive most.,2024-03-08 03:03:17,2024-03-09 03:03:17
REV002605,ORD002605,4,Something talk response amount foreign.,,2023-12-12 00:28:11,2023-12-17 00:28:11
REV002606,ORD002606,5,Federal research deal.,,2024-07-01 14:46:56,2024-07-04 14:46:56
REV002607,ORD002607,5,Town usually.,,2024-04-07 00:44:20,2024-04-11 00:44:20
REV002608,ORD002608,5,,Many here I trip bad real meeting outside nothing decade drop peace region phone name.,2024-02-09 06:57:26,2024-02-13 06:57:26
REV002609,ORD002609,4,Bed plan factor program.,Practice team star dream maintain control get theory.,2023-05-20 12:38:56,2023-05-24 12:38:56
REV002610,ORD002610,2,,,2024-07-14 20:54:08,2024-07-19 20:54:08
REV002611,ORD002611,5,Here early.,Amount care meet drive main lead talk name instead she her above trial far miss help.,2023-11-23 20:46:09,2023-11-28 20:46:09
REV002612,ORD002612,5,Eight stage raise.,,2023-03-04 16:04:23,2023-03-07 16:04:23
REV002613,ORD002613,3,Alone bit.,,2024-04-13 02:49:16,2024-04-14 02:49:16
REV002614,ORD002614,4,,,2024-07-03 16:36:41,2024-07-07 16:36:41
REV002615,ORD002615,5,Where follow through friend.,Important enter wish white also protect natural career woman across central.,2023-04-19 01:43:16,2023-04-20 01:43:16
REV002616,ORD002616,3,,,2024-09-18 03:20:17,2024-09-19 03:20:17
REV002617,ORD002617,1,,,2024-09-26 18:41:11,2024-09-30 18:41:11
REV002618,ORD002618,2,,Decade care tax their enjoy else establish break sense discover first deep again.,2023-08-23 21:28:35,2023-08-24 21:28:35
REV002619,ORD002619,4,,,2023-11-16 23:16:38,2023-11-18 23:16:38
REV002620,ORD002620,5,Offer and manager employee.,Phone reality about community measure shake everything party lawyer especially floor which born religious story short.,2023-05-13 05:15:30,2023-05-18 05:15:30
REV002621,ORD002621,2,,,2024-05-03 20:33:24,2024-05-07 20:33:24
REV002622,ORD002622,4,,Security law suffer but entire cultural politics interesting need nice build black himself story even.,2024-06-18 23:47:57,2024-06-22 23:47:57
REV002623,ORD002623,5,,,2023-03-02 14:12:16,2023-03-06 14:12:16
REV002624,ORD002624,3,,,2024-06-18 02:42:36,2024-06-20 02:42:36
REV002625,ORD002625,3,,,2023-03-11 03:21:47,2023-03-13 03:21:47
REV002626,ORD002626,5,,Data water opportunity service top medical day.,2023-08-06 10:08:43,2023-08-07 10:08:43
REV002628,ORD002628,5,,,2023-07-07 19:34:55,2023-07-12 19:34:55
REV002629,ORD002629,4,,Kitchen section which develop doctor identify set last stop behind response painting performance both.,2024-04-24 01:35:43,2024-04-27 01:35:43
REV002630,ORD002630,4,,,2023-04-06 05:36:04,2023-04-09 05:36:04
REV002631,ORD002631,5,,,2023-10-10 10:37:52,2023-10-12 10:37:52
REV002632,ORD002632,5,,,2024-06-10 23:42:20,2024-06-13 23:42:20
REV002633,ORD002633,1,,,2024-07-15 21:15:05,2024-07-18 21:15:05
REV002634,ORD002634,2,,,2024-07-07 03:00:29,2024-07-09 03:00:29
REV002635,ORD002635,5,,Cover stay them wide control campaign card enough cold always energy pretty.,2023-08-08 14:37:53,2023-08-09 14:37:53
REV002636,ORD002636,5,,Television discussion be alone present late care environmental evidence.,2023-03-06 11:33:13,2023-03-08 11:33:13
REV002637,ORD002637,5,Argue real.,Stuff evening north city he sit style poor arrive lot pattern better plant certain seek name.,2024-08-29 10:23:36,2024-08-30 10:23:36
REV002638,ORD002638,4,Agreement room newspaper character.,Work tend off daughter concern back many fear century face enter three population.,2023-04-08 16:10:46,2023-04-10 16:10:46
REV002639,ORD002639,5,,,2023-02-09 04:23:05,2023-02-12 04:23:05
REV002640,ORD002640,5,,Common between move perform along figure moment between high anyone.,2023-01-09 00:11:31,2023-01-14 00:11:31
REV002641,ORD002641,5,,,2023-06-29 23:30:03,2023-07-01 23:30:03
REV002642,ORD002642,3,Chance human.,,2023-08-22 14:06:02,2023-08-25 14:06:02
REV002643,ORD002643,5,,Argue upon single all friend society hospital sort return.,2024-02-21 10:27:29,2024-02-26 10:27:29
REV002644,ORD002644,4,,,2024-04-08 20:30:40,2024-04-11 20:30:40
REV002645,ORD002645,4,,,2023-07-21 00:20:46,2023-07-24 00:20:46
REV002646,ORD002646,1,Number cultural.,On act let painting air benefit during four something whole ago left past become sell.,2023-07-02 08:17:12,2023-07-03 08:17:12
REV002647,ORD002647,5,,,2024-12-23 05:54:54,2024-12-26 05:54:54
REV002648,ORD002648,5,,,2024-12-03 18:26:40,2024-12-05 18:26:40
REV002649,ORD002649,3,Pressure commercial.,Board music herself among meeting this pretty many.,2023-03-27 13:29:56,2023-04-01 13:29:56
REV002650,ORD002650,1,,,2024-09-10 19:44:29,2024-09-14 19:44:29
REV002651,ORD002651,4,,,2024-12-22 08:14:54,2024-12-25 08:14:54
REV002652,ORD002652,1,,Build sound effect thank report evidence imagine born many.,2023-04-11 10:58:11,2023-04-16 10:58:11
REV002653,ORD002653,4,,Cold space who listen according either each approach within stay service fall skill total contain.,2024-08-29 05:41:05,2024-09-01 05:41:05
REV002654,ORD002654,5,,,2024-05-07 09:09:24,2024-05-09 09:09:24
REV002655,ORD002655,5,,,2024-09-25 09:36:40,2024-09-30 09:36:40
REV002656,ORD002656,5,,Behavior however century Congress treat establish bank west trial.,2024-08-05 04:24:00,2024-08-09 04:24:00
REV002657,ORD002657,2,,On figure statement something listen Congress pay.,2024-03-04 11:51:56,2024-03-05 11:51:56
REV002658,ORD002658,5,,Purpose inside personal firm different candidate important prepare owner feel.,2023-12-23 01:54:15,2023-12-26 01:54:15
REV002659,ORD002659,5,,,2024-12-28 15:46:53,2024-12-31 15:46:53
REV002660,ORD002660,4,,,2023-11-18 14:06:55,2023-11-21 14:06:55
REV002661,ORD002661,5,,,2024-11-28 02:18:00,2024-12-02 02:18:00
REV002662,ORD002662,3,,Agency wife care way still grow music born already black offer book western Mr two.,2023-11-04 07:36:53,2023-11-09 07:36:53
REV002663,ORD002663,5,Color involve.,Year reflect run sort those effort new social traditional message instead degree here.,2023-04-02 04:11:30,2023-04-07 04:11:30
REV002664,ORD002664,5,,,2024-01-28 05:11:32,2024-02-02 05:11:32
REV002665,ORD002665,5,,Traditional matter especially lay age see just price.,2023-01-26 12:22:10,2023-01-29 12:22:10
REV002666,ORD002666,5,,,2023-07-18 05:19:33,2023-07-23 05:19:33
REV002667,ORD002667,4,With body.,,2024-01-19 14:21:09,2024-01-21 14:21:09
REV002668,ORD002668,5,,Make people note beat feeling anyone number.,2023-06-11 19:08:48,2023-06-16 19:08:48
REV002669,ORD002669,5,Value shoulder wall cut part.,,2024-07-04 03:24:37,2024-07-05 03:24:37
REV002670,ORD002670,5,,Campaign culture for discover music member establish war although citizen difference whole improve ever could research.,2024-07-11 18:11:00,2024-07-16 18:11:00
REV002671,ORD002671,4,,Collection young current risk rather sea term.,2024-03-05 12:07:02,2024-03-07 12:07:02
REV002672,ORD002672,1,,,2023-11-20 16:37:48,2023-11-22 16:37:48
REV002673,ORD002673,4,Total ability decade design.,,2023-05-25 06:42:28,2023-05-29 06:42:28
REV002674,ORD002674,5,Again nature.,,2024-04-09 18:08:42,2024-04-13 18:08:42
REV002675,ORD002675,4,,,2024-02-21 08:27:25,2024-02-22 08:27:25
REV002676,ORD002676,5,,Eat factor research idea dream born above might occur sing yourself building.,2024-10-07 14:07:37,2024-10-12 14:07:37
REV002677,ORD002677,5,,Image able often task begin nothing scientist charge dog.,2023-09-06 06:15:40,2023-09-10 06:15:40
REV002678,ORD002678,5,,Cut lead story pull war officer least respond and across somebody front myself successful.,2024-05-02 09:42:41,2024-05-03 09:42:41
REV002679,ORD002679,3,,,2023-07-04 19:04:43,2023-07-09 19:04:43
REV002680,ORD002680,3,,Wall term natural lose election each anything TV.,2023-01-07 13:44:30,2023-01-09 13:44:30
REV002681,ORD002681,5,,,2024-09-07 15:53:06,2024-09-10 15:53:06
REV002682,ORD002682,5,,,2024-12-16 22:43:35,2024-12-20 22:43:35
REV002683,ORD002683,1,,,2023-06-22 19:10:49,2023-06-27 19:10:49
REV002684,ORD002684,5,,,2024-06-21 14:23:46,2024-06-24 14:23:46
REV002685,ORD002685,5,,Middle range eat budget benefit strong well bar benefit think five product new hard else may.,2023-10-23 04:30:12,2023-10-27 04:30:12
REV002686,ORD002686,4,,,2024-01-25 16:50:56,2024-01-30 16:50:56
REV002687,ORD002687,5,,,2023-12-23 12:05:51,2023-12-26 12:05:51
REV002688,ORD002688,4,While finally win country employee.,Attention data several everyone in land heart.,2024-08-24 18:24:25,2024-08-25 18:24:25
REV002689,ORD002689,5,Parent economy old region tell.,,2023-12-20 08:19:51,2023-12-22 08:19:51
REV002690,ORD002690,5,Kid respond believe nearly.,,2024-01-07 09:03:11,2024-01-11 09:03:11
REV002691,ORD002691,4,,,2024-07-10 07:35:56,2024-07-15 07:35:56
REV002692,ORD002692,5,,Thing return special relationship much before medical turn present message others.,2024-09-10 03:46:35,2024-09-11 03:46:35
REV002693,ORD002693,5,,,2024-09-30 16:58:36,2024-10-04 16:58:36
REV002694,ORD002694,5,,,2023-04-14 16:27:35,2023-04-16 16:27:35
REV002695,ORD002695,5,,Why chance three cell most may attorney energy foot carry dinner.,2023-02-16 22:19:47,2023-02-20 22:19:47
REV002696,ORD002696,5,Pm cover find week.,,2024-11-01 20:31:18,2024-11-04 20:31:18
REV002697,ORD002697,5,General lawyer across.,,2023-02-13 01:46:06,2023-02-18 01:46:06
REV002698,ORD002698,5,City behind.,Wear necessary forward near rather voice pick skill window generation adult program throughout boy all.,2023-01-10 15:37:22,2023-01-14 15:37:22
REV002699,ORD002699,5,,,2024-09-01 18:54:29,2024-09-03 18:54:29
REV002700,ORD002700,5,,Own despite enough impact approach campaign drug century beautiful bed these traditional customer tough.,2023-03-26 11:44:21,2023-03-31 11:44:21
REV002702,ORD002702,5,,Same understand interview go by pressure enough mother hear marriage investment seem difference spring through.,2023-10-27 01:07:40,2023-10-31 01:07:40
REV002703,ORD002703,5,Fine rise wife.,,2024-07-09 09:38:02,2024-07-13 09:38:02
REV002704,ORD002704,5,,Pretty throw without industry despite plant him whom blood because door.,2023-01-30 08:20:07,2023-01-31 08:20:07
REV002705,ORD002705,2,,,2023-03-09 04:04:58,2023-03-10 04:04:58
REV002706,ORD002706,1,Material sea personal day.,,2024-02-02 19:12:03,2024-02-03 19:12:03
REV002707,ORD002707,4,,,2024-03-05 09:57:07,2024-03-09 09:57:07
REV002708,ORD002708,5,,Man chance dog next instead make important college vote series see.,2024-05-24 10:51:52,2024-05-25 10:51:52
REV002709,ORD002709,5,Step property consumer.,,2023-01-10 01:19:28,2023-01-14 01:19:28
REV002710,ORD002710,5,,Would meeting suggest region hold go recognize hundred check candidate worker what perform kind.,2023-07-09 02:15:53,2023-07-14 02:15:53
REV002711,ORD002711,4,,System kind task especially perhaps list stop production official police gun already window.,2024-07-02 20:19:06,2024-07-07 20:19:06
REV002712,ORD002712,2,South field.,,2023-11-12 05:56:35,2023-11-16 05:56:35
REV002713,ORD002713,4,,,2024-02-15 11:14:19,2024-02-18 11:14:19
REV002714,ORD002714,5,,,2024-08-29 10:41:16,2024-09-03 10:41:16
REV002715,ORD002715,1,,,2023-03-06 08:17:27,2023-03-08 08:17:27
REV002716,ORD002716,5,,Low feeling certainly dog ten speech film film information school her charge book beautiful so.,2023-09-26 09:02:36,2023-09-29 09:02:36
REV002717,ORD002717,3,,,2024-10-21 18:33:22,2024-10-25 18:33:22
REV002718,ORD002718,5,,Such painting seem clear either size admit hundred real song poor because buy.,2024-04-09 17:29:28,2024-04-13 17:29:28
REV002719,ORD002719,4,,,2023-04-30 10:25:33,2023-05-05 10:25:33
REV002720,ORD002720,5,,Manage crime nearly most less able protect do different quality smile matter tell south right month.,2024-12-16 22:48:16,2024-12-17 22:48:16
REV002721,ORD002721,5,,,2024-08-09 08:08:04,2024-08-13 08:08:04
REV002722,ORD002722,4,,,2023-06-24 23:10:33,2023-06-25 23:10:33
REV002723,ORD002723,4,,Only information age if employee similar girl better beyond analysis before.,2023-04-30 13:19:35,2023-05-01 13:19:35
REV002724,ORD002724,4,Financial prevent everything soon.,,2024-04-11 00:30:18,2024-04-12 00:30:18
REV002725,ORD002725,3,,,2023-08-21 16:40:10,2023-08-22 16:40:10
REV002726,ORD002726,5,East ahead remain.,,2024-03-06 02:49:44,2024-03-11 02:49:44
REV002727,ORD002727,5,Financial season.,Interest statement dream central require politics measure apply around clear yourself cut organization nearly or.,2023-12-04 16:17:23,2023-12-05 16:17:23
REV002728,ORD002728,5,,Treatment anyone become everybody voice decide try little bring blood ready section operation level present increase.,2024-09-27 13:28:26,2024-09-29 13:28:26
REV002729,ORD002729,4,This serious.,Set vote raise pattern seem anything medical better possible.,2023-05-21 13:08:57,2023-05-24 13:08:57
REV002730,ORD002730,5,,,2024-02-02 13:00:58,2024-02-05 13:00:58
REV002731,ORD002731,4,,Start forget half act build deal join development morning relationship against two newspaper put.,2023-10-09 00:07:57,2023-10-14 00:07:57
REV002732,ORD002732,5,,Mission about case life set resource life watch black agree real book past.,2023-06-09 23:49:56,2023-06-10 23:49:56
REV002733,ORD002733,5,,Candidate dark other serve plant his loss simple movement.,2024-08-16 23:26:41,2024-08-17 23:26:41
REV002734,ORD002734,5,,Fund dinner language information tell tonight according sometimes natural purpose respond hand goal term.,2024-12-12 17:25:46,2024-12-15 17:25:46
REV002735,ORD002735,5,All college either test.,,2024-05-27 08:19:49,2024-06-01 08:19:49
REV002736,ORD002736,4,,Sometimes career then who class station hospital also year own.,2024-08-23 02:51:41,2024-08-27 02:51:41
REV002737,ORD002737,5,,Necessary suggest employee project after song radio ground join real early sure.,2024-03-03 10:28:44,2024-03-06 10:28:44
REV002738,ORD002738,5,,Recent vote wall become area break image fear certain authority lose act.,2023-01-13 16:17:27,2023-01-16 16:17:27
REV002739,ORD002739,5,Hair without western.,,2023-06-24 05:40:22,2023-06-25 05:40:22
REV002740,ORD002740,4,,,2024-05-29 20:37:07,2024-06-01 20:37:07
REV002741,ORD002741,5,,Short throughout church summer reflect reason per tend official eye talk me detail act tree.,2023-05-28 15:35:02,2023-05-30 15:35:02
REV002742,ORD002742,5,,,2024-06-15 16:28:09,2024-06-19 16:28:09
REV002743,ORD002743,5,Over special sport first.,Another big treatment help rest shake research writer recognize identify.,2023-02-16 12:57:41,2023-02-19 12:57:41
REV002744,ORD002744,5,Discuss test pass.,,2024-08-18 22:45:18,2024-08-23 22:45:18
REV002745,ORD002745,5,,Discussion nearly behavior for star they everybody material employee year make star.,2023-09-29 13:02:10,2023-10-03 13:02:10
REV002746,ORD002746,5,,,2023-06-03 19:07:08,2023-06-06 19:07:08
REV002747,ORD002747,5,Skin talk business line necessary.,,2024-07-11 02:41:31,2024-07-14 02:41:31
REV002748,ORD002748,5,,,2024-04-15 08:08:03,2024-04-20 08:08:03
REV002749,ORD002749,4,,Season trial book national baby last manage southern care or share marriage.,2024-12-10 16:41:31,2024-12-13 16:41:31
REV002750,ORD002750,5,,,2023-03-18 19:11:37,2023-03-19 19:11:37
REV002751,ORD002751,1,,Game employee heavy voice animal provide out claim.,2023-07-23 00:02:30,2023-07-25 00:02:30
REV002752,ORD002752,5,,,2023-04-11 16:53:10,2023-04-13 16:53:10
REV002753,ORD002753,5,,,2024-07-17 17:55:30,2024-07-19 17:55:30
REV002754,ORD002754,5,,,2023-02-08 01:31:10,2023-02-11 01:31:10
REV002755,ORD002755,5,,Affect fast fall serve successful have exactly significant life already ask big leave.,2024-10-22 13:03:48,2024-10-27 13:03:48
REV002756,ORD002756,5,,,2024-10-06 03:39:44,2024-10-08 03:39:44
REV002757,ORD002757,5,,Step less gun south senior lose yet sell.,2023-03-27 20:13:45,2023-04-01 20:13:45
REV002758,ORD002758,5,,,2023-04-27 17:38:21,2023-04-29 17:38:21
REV002759,ORD002759,4,,,2024-01-25 15:22:38,2024-01-28 15:22:38
REV002760,ORD002760,5,,Professor article best fish without morning simply thousand fast authority feeling suggest relationship public.,2024-08-22 10:28:41,2024-08-24 10:28:41
REV002761,ORD002761,3,,Anyone none forward side hour month wonder throw control might feel animal indicate.,2023-01-30 14:51:05,2023-02-04 14:51:05
REV002762,ORD002762,5,Carry knowledge throughout.,,2024-04-12 10:21:01,2024-04-15 10:21:01
REV002763,ORD002763,4,,,2023-05-11 18:18:07,2023-05-14 18:18:07
REV002765,ORD002765,5,,Century watch teacher relationship wall decade nature TV live reality.,2023-10-24 04:58:57,2023-10-27 04:58:57
REV002766,ORD002766,4,,,2024-08-20 00:11:18,2024-08-22 00:11:18
REV002767,ORD002767,5,Page design more reveal.,,2023-10-19 12:39:57,2023-10-23 12:39:57
REV002768,ORD002768,4,,,2024-09-14 06:32:27,2024-09-19 06:32:27
REV002769,ORD002769,5,Parent image public air.,Military very year option do arm free have dog accept small.,2024-12-04 23:32:03,2024-12-07 23:32:03
REV002770,ORD002770,5,,,2023-03-30 19:02:49,2023-04-01 19:02:49
REV002771,ORD002771,5,Want page certain customer individual.,,2023-02-02 02:00:18,2023-02-06 02:00:18
REV002772,ORD002772,2,,Whatever force table investment either across court prevent.,2024-09-09 21:03:54,2024-09-11 21:03:54
REV002773,ORD002773,5,,In around list other leg represent general city sure only television drop.,2024-05-31 16:10:27,2024-06-03 16:10:27
REV002774,ORD002774,5,,,2023-06-14 05:19:56,2023-06-15 05:19:56
REV002776,ORD002776,5,Employee suddenly local team see.,Lay deal arrive compare want chair billion seven structure.,2024-03-05 15:37:48,2024-03-09 15:37:48
REV002777,ORD002777,5,,Prepare majority parent why blood clearly single citizen third head eye student.,2023-05-11 00:07:37,2023-05-15 00:07:37
REV002778,ORD002778,5,,,2024-01-15 20:51:03,2024-01-17 20:51:03
REV002779,ORD002779,5,,Officer discussion hear vote structure western account once southern cost together section yet.,2024-08-20 18:13:03,2024-08-24 18:13:03
REV002780,ORD002780,5,Some add you three continue.,Environmental stock art national than late third service TV south ball under knowledge.,2023-01-03 12:38:24,2023-01-04 12:38:24
REV002781,ORD002781,5,,Thousand rate walk fact cup continue strong.,2024-01-22 05:06:17,2024-01-27 05:06:17
REV002783,ORD002783,4,,,2024-02-16 17:59:38,2024-02-19 17:59:38
REV002784,ORD002784,5,,Effect evidence officer table television key none site item.,2024-11-03 02:17:37,2024-11-05 02:17:37
REV002785,ORD002785,5,,,2024-10-11 11:36:39,2024-10-14 11:36:39
REV002786,ORD002786,5,,,2023-03-23 13:07:13,2023-03-26 13:07:13
REV002787,ORD002787,5,,Trouble accept develop none scientist series foot article thing past.,2024-01-18 00:18:27,2024-01-21 00:18:27
REV002788,ORD002788,5,,,2023-12-16 10:56:00,2023-12-21 10:56:00
REV002789,ORD002789,5,,Stage nearly board page scene different left citizen serve conference technology civil occur state develop present.,2024-12-23 05:34:24,2024-12-27 05:34:24
REV002790,ORD002790,5,Window none investment.,Store responsibility laugh position station law coach popular green.,2023-10-24 20:25:14,2023-10-29 20:25:14
REV002791,ORD002791,5,,,2024-10-13 20:11:27,2024-10-15 20:11:27
REV002792,ORD002792,3,,Open enter see only age reveal media national feeling able.,2023-04-13 18:55:16,2023-04-14 18:55:16
REV002793,ORD002793,5,,,2024-09-05 16:16:05,2024-09-06 16:16:05
REV002794,ORD002794,5,,,2024-03-08 15:27:36,2024-03-11 15:27:36
REV002795,ORD002795,5,Year send suffer against.,,2024-11-05 20:14:04,2024-11-10 20:14:04
REV002796,ORD002796,4,,,2024-04-20 22:32:28,2024-04-22 22:32:28
REV002797,ORD002797,5,Nation professor.,North success commercial another control back he stay.,2024-07-24 19:30:36,2024-07-27 19:30:36
REV002798,ORD002798,5,,,2023-04-15 01:03:42,2023-04-17 01:03:42
REV002799,ORD002799,4,Think draw allow.,,2024-03-24 08:35:39,2024-03-25 08:35:39
REV002800,ORD002800,5,My trial once.,Together give court deal according cold group American special.,2024-06-25 03:20:50,2024-06-27 03:20:50
REV002801,ORD002801,5,General wind box those.,,2024-03-16 00:30:46,2024-03-17 00:30:46
REV002802,ORD002802,5,,Writer exist someone raise almost talk ok spend speak expect.,2024-03-01 08:34:21,2024-03-02 08:34:21
REV002803,ORD002803,5,,Perhaps sense early themselves far east try option car speech.,2024-06-05 09:44:26,2024-06-10 09:44:26
REV002804,ORD002804,3,,,2024-09-09 08:09:55,2024-09-11 08:09:55
REV002805,ORD002805,3,,,2023-10-20 17:52:50,2023-10-24 17:52:50
REV002806,ORD002806,4,,Get second Mrs population business story small.,2023-03-31 12:04:42,2023-04-03 12:04:42
REV002807,ORD002807,5,,Bed they arm sister seem hotel traditional particularly pass week brother.,2024-03-29 23:53:24,2024-03-31 23:53:24
REV002808,ORD002808,4,,,2024-11-20 03:35:06,2024-11-22 03:35:06
REV002809,ORD002809,4,,Whom husband away least onto everyone assume address consider simple.,2023-11-28 00:15:28,2023-11-29 00:15:28
REV002810,ORD002810,5,Political not top.,,2023-04-18 17:32:39,2023-04-23 17:32:39
REV002811,ORD002811,3,,,2024-05-04 17:22:35,2024-05-08 17:22:35
REV002812,ORD002812,4,,Performance someone one Congress land reflect between head reveal campaign interest week.,2023-03-22 14:09:26,2023-03-25 14:09:26
REV002813,ORD002813,4,,Five property meet truth edge bill town red three international large short ago number.,2023-10-03 16:33:34,2023-10-08 16:33:34
REV002814,ORD002814,5,,Process these total firm case article coach black government.,2024-05-28 21:43:40,2024-05-30 21:43:40
REV002815,ORD002815,4,,,2024-03-15 03:53:12,2024-03-20 03:53:12
REV002816,ORD002816,5,Team great fish.,,2023-11-20 00:38:03,2023-11-21 00:38:03
REV002817,ORD002817,1,Decide sign beyond.,,2023-06-23 18:06:08,2023-06-27 18:06:08
REV002818,ORD002818,5,,,2023-12-27 17:20:23,2023-12-28 17:20:23
REV002819,ORD002819,3,Federal program.,,2024-05-25 06:18:07,2024-05-28 06:18:07
REV002820,ORD002820,3,,,2023-11-29 11:08:12,2023-11-30 11:08:12
REV002821,ORD002821,3,,,2024-11-03 00:23:57,2024-11-08 00:23:57
REV002822,ORD002822,4,Military kid.,Leave cause letter wind hear scientist team check behavior nation remain effect something focus use social.,2024-06-10 19:00:20,2024-06-15 19:00:20
REV002823,ORD002823,4,,,2023-04-25 14:41:49,2023-04-30 14:41:49
REV002824,ORD002824,4,Congress until account sign low.,,2023-09-23 12:50:21,2023-09-25 12:50:21
REV002825,ORD002825,3,,,2023-09-27 23:06:01,2023-10-02 23:06:01
REV002827,ORD002827,5,Issue plant.,,2024-05-15 09:37:40,2024-05-20 09:37:40
REV002828,ORD002828,4,,Cup decade doctor color operation next great group pay arm future respond program whether ever.,2024-09-07 13:50:07,2024-09-12 13:50:07
REV002829,ORD002829,5,,Four me six same most stop must win fly join soldier career small adult meet.,2023-08-11 16:42:13,2023-08-12 16:42:13
REV002830,ORD002830,5,,Lot probably single gun under television point five health size hot new common.,2023-07-25 22:10:50,2023-07-26 22:10:50
REV002831,ORD002831,4,,,2023-01-19 10:32:45,2023-01-20 10:32:45
REV002832,ORD002832,4,,,2023-01-14 19:07:47,2023-01-16 19:07:47
REV002833,ORD002833,5,Across blood contain role.,,2023-05-11 20:22:22,2023-05-12 20:22:22
REV002834,ORD002834,5,Collection third feel common.,Country set thing position before watch society early event explain of order small.,2024-04-25 07:57:30,2024-04-30 07:57:30
REV002835,ORD002835,5,Reduce individual color really always.,Huge energy store garden stuff while guess create at structure positive affect discuss.,2023-11-21 17:59:04,2023-11-25 17:59:04
REV002836,ORD002836,3,,,2024-07-08 06:06:41,2024-07-09 06:06:41
REV002837,ORD002837,5,,Anyone set offer early several much concern civil.,2023-08-26 04:28:41,2023-08-30 04:28:41
REV002838,ORD002838,4,,Behavior wear develop system reason information again more left probably fly exactly book rate.,2024-01-27 23:51:50,2024-01-28 23:51:50
REV002839,ORD002839,5,,Store area wish that hospital despite moment vote action occur direction community even.,2023-10-15 08:43:49,2023-10-17 08:43:49
REV002840,ORD002840,5,,Know international chair development born work though skill.,2024-11-01 06:51:10,2024-11-02 06:51:10
REV002841,ORD002841,4,,Actually view pay executive behavior itself case customer.,2024-05-02 19:56:48,2024-05-03 19:56:48
REV002842,ORD002842,1,,Home everybody stage break see least less probably.,2024-01-12 13:47:46,2024-01-17 13:47:46
REV002843,ORD002843,5,,,2024-12-04 17:39:50,2024-12-09 17:39:50
REV002844,ORD002844,5,,,2024-07-03 07:36:09,2024-07-04 07:36:09
REV002846,ORD002846,5,Model live inside truth.,,2024-11-18 22:31:08,2024-11-19 22:31:08
REV002847,ORD002847,5,,Instead realize so page conference window standard.,2024-10-14 05:37:35,2024-10-16 05:37:35
REV002848,ORD002848,5,Speak list teach beyond.,Kid your structure manager past country feel consumer think expert despite film sign back many.,2024-01-22 06:43:43,2024-01-25 06:43:43
REV002849,ORD002849,5,,,2023-03-07 00:33:52,2023-03-08 00:33:52
REV002850,ORD002850,5,Environmental into friend.,May home eight now young close them significant have different.,2023-04-25 14:47:50,2023-04-29 14:47:50
REV002852,ORD002852,5,,Individual nothing exactly life cup its relationship as activity.,2024-01-14 17:25:18,2024-01-17 17:25:18
REV002853,ORD002853,5,Other dinner.,Personal fine score environmental before risk doctor sister owner structure allow sit.,2024-02-22 17:12:01,2024-02-24 17:12:01
REV002854,ORD002854,5,Move energy interview fight.,,2024-12-21 00:20:17,2024-12-25 00:20:17
REV002855,ORD002855,1,,Say family lay what mission every lead how heart my later prepare task.,2023-07-29 05:02:55,2023-07-31 05:02:55
REV002856,ORD002856,5,,Eight increase level quickly hold doctor network speak who attack process think beautiful.,2024-08-01 14:47:41,2024-08-02 14:47:41
REV002857,ORD002857,4,,,2023-10-16 02:26:54,2023-10-18 02:26:54
REV002858,ORD002858,5,,,2023-03-15 23:54:39,2023-03-19 23:54:39
REV002859,ORD002859,5,,Staff second number voice chance little receive officer body since final American.,2023-12-14 01:40:56,2023-12-15 01:40:56
REV002860,ORD002860,4,Power study his face.,,2024-11-04 08:01:50,2024-11-07 08:01:50
REV002861,ORD002861,1,,,2024-04-02 10:10:54,2024-04-04 10:10:54
REV002862,ORD002862,5,,Guy send into front already relationship know trip option early.,2023-08-07 23:19:46,2023-08-11 23:19:46
REV002863,ORD002863,5,,,2024-11-29 02:17:46,2024-11-30 02:17:46
REV002864,ORD002864,5,,,2023-10-11 05:05:13,2023-10-13 05:05:13
REV002865,ORD002865,5,,,2024-01-13 19:34:35,2024-01-14 19:34:35
REV002866,ORD002866,5,,,2024-04-19 10:19:13,2024-04-24 10:19:13
REV002867,ORD002867,3,,How popular program against identify red thought.,2023-01-20 14:49:38,2023-01-22 14:49:38
REV002868,ORD002868,4,,Nature career same inside thousand little off example ball.,2024-10-03 19:27:01,2024-10-06 19:27:01
REV002869,ORD002869,4,,,2024-06-17 06:39:51,2024-06-18 06:39:51
REV002870,ORD002870,5,Side laugh.,,2024-08-08 23:02:26,2024-08-12 23:02:26
REV002871,ORD002871,3,Issue design service put.,Hit seem of daughter quite college middle.,2023-03-13 16:51:37,2023-03-15 16:51:37
REV002872,ORD002872,4,,Than mean loss hundred score fire yes follow against provide few catch stock reason around possible.,2024-12-01 15:40:16,2024-12-05 15:40:16
REV002873,ORD002873,5,,,2024-11-04 10:35:51,2024-11-05 10:35:51
REV002874,ORD002874,4,,,2023-09-30 13:56:22,2023-10-01 13:56:22
REV002875,ORD002875,3,Institution record back ten radio.,,2024-02-20 12:43:06,2024-02-21 12:43:06
REV002876,ORD002876,5,,,2024-01-06 18:14:45,2024-01-08 18:14:45
REV002877,ORD002877,5,,Ahead hospital cost article attorney several official while to address court special ok.,2024-09-29 23:20:16,2024-10-01 23:20:16
REV002878,ORD002878,3,,,2024-10-01 04:28:09,2024-10-04 04:28:09
REV002879,ORD002879,5,,Stuff bag yet staff us make no industry follow third daughter sound less leader trial.,2023-08-30 23:36:40,2023-09-01 23:36:40
REV002880,ORD002880,5,Move state.,Particularly commercial onto citizen deal receive movie west doctor this push.,2023-03-13 06:19:49,2023-03-14 06:19:49
REV002881,ORD002881,5,,Whatever few writer own affect executive simple particular industry agree.,2024-03-31 17:00:12,2024-04-01 17:00:12
REV002882,ORD002882,5,,,2024-07-01 01:43:55,2024-07-06 01:43:55
REV002883,ORD002883,5,,,2024-02-26 14:00:09,2024-02-28 14:00:09
REV002884,ORD002884,2,,,2023-12-04 12:24:09,2023-12-06 12:24:09
REV002885,ORD002885,5,Out as future Mrs.,,2023-10-08 04:47:44,2023-10-12 04:47:44
REV002886,ORD002886,5,Ability election parent.,When even no mention simply probably early approach chair.,2024-06-08 10:45:46,2024-06-12 10:45:46
REV002887,ORD002887,2,,Letter much increase maybe until hit heavy political.,2024-03-25 12:28:49,2024-03-28 12:28:49
REV002888,ORD002888,4,Question gas population.,Tell serve TV bill practice education sign TV probably top pressure behavior ability vote simple boy.,2024-03-27 04:05:36,2024-03-30 04:05:36
REV002889,ORD002889,5,View with.,Piece amount they data message much military together which assume city change close.,2023-08-25 13:39:37,2023-08-30 13:39:37
REV002890,ORD002890,5,,,2024-06-09 22:49:31,2024-06-10 22:49:31
REV002891,ORD002891,3,,Nearly prepare side strategy successful for water produce affect challenge medical often fund.,2023-04-21 19:13:11,2023-04-22 19:13:11
REV002892,ORD002892,4,,Contain positive place become industry able view rate rest this his body son image car.,2023-06-21 11:51:45,2023-06-24 11:51:45
REV002893,ORD002893,5,Almost card admit person lead.,Yes instead pull think exactly despite sort high prepare.,2023-04-28 00:02:30,2023-04-30 00:02:30
REV002894,ORD002894,2,,,2023-01-26 23:01:00,2023-01-28 23:01:00
REV002895,ORD002895,5,,,2024-09-18 06:52:48,2024-09-23 06:52:48
REV002896,ORD002896,5,Free miss start.,Tonight ball action second specific us central class theory Democrat others one voice choose.,2023-06-28 15:14:27,2023-06-30 15:14:27
REV002897,ORD002897,4,Learn eat consumer.,Now if staff region economic heavy set a truth family heart.,2023-02-23 00:26:35,2023-02-28 00:26:35
REV002898,ORD002898,3,Such through final.,Great recognize interesting may bad mouth keep happen walk quickly wife them.,2023-05-25 09:44:39,2023-05-27 09:44:39
REV002899,ORD002899,2,,Subject together national budget them now your eat hard voice hundred.,2023-11-07 19:13:24,2023-11-10 19:13:24
REV002900,ORD002900,5,,Yourself whether discuss although idea less simple wife imagine.,2024-06-08 18:20:25,2024-06-12 18:20:25
REV002901,ORD002901,5,Available health financial staff whose.,,2023-06-23 21:33:02,2023-06-27 21:33:02
REV002902,ORD002902,5,,,2024-08-18 00:47:27,2024-08-21 00:47:27
REV002903,ORD002903,5,,,2023-07-10 00:35:50,2023-07-14 00:35:50
REV002904,ORD002904,5,,,2023-05-16 16:38:45,2023-05-21 16:38:45
REV002905,ORD002905,5,,Care anything either painting hit close improve people action.,2023-12-06 07:47:10,2023-12-10 07:47:10
REV002906,ORD002906,4,Huge whom we notice.,Computer throughout help world training way price child trip owner week nature democratic.,2023-09-30 01:54:21,2023-10-05 01:54:21
REV002907,ORD002907,5,,Same tend hundred method report late cost trouble its feeling east modern any way space.,2024-07-03 12:31:51,2024-07-04 12:31:51
REV002908,ORD002908,5,Spend believe customer month couple.,,2024-09-29 08:14:59,2024-10-04 08:14:59
REV002909,ORD002909,5,,Be yard I ahead to face anyone without recognize upon chair pay section attack society scientist.,2023-07-01 16:21:22,2023-07-04 16:21:22
REV002911,ORD002911,4,Table that room.,,2024-04-07 08:39:38,2024-04-10 08:39:38
REV002912,ORD002912,4,,,2023-05-19 08:29:42,2023-05-20 08:29:42
REV002913,ORD002913,5,Audience feel admit might offer.,,2023-07-06 08:07:53,2023-07-11 08:07:53
REV002914,ORD002914,5,,,2023-08-11 07:00:14,2023-08-16 07:00:14
REV002915,ORD002915,3,,Charge player myself car option music popular strategy himself civil skill vote.,2023-01-16 09:10:03,2023-01-18 09:10:03
REV002916,ORD002916,2,,Father activity perform remember character million do story all.,2023-06-20 15:03:27,2023-06-25 15:03:27
REV002917,ORD002917,1,,Year into wall bill wall next per by visit vote still nation win staff.,2024-04-07 13:47:10,2024-04-12 13:47:10
REV002918,ORD002918,5,,,2023-08-22 22:11:56,2023-08-23 22:11:56
REV002919,ORD002919,5,,,2023-05-21 00:19:10,2023-05-25 00:19:10
REV002920,ORD002920,5,,I capital above listen hair physical able past important view issue four.,2024-07-24 15:14:21,2024-07-28 15:14:21
REV002921,ORD002921,5,Check share trip politics.,Support according easy vote make building clear different authority create produce.,2023-11-18 17:48:19,2023-11-20 17:48:19
REV002922,ORD002922,5,,,2023-08-27 18:54:43,2023-08-28 18:54:43
REV002923,ORD002923,5,Sure best appear majority.,Politics available wrong glass difficult beat offer professional whole chair.,2023-08-12 21:23:37,2023-08-13 21:23:37
REV002924,ORD002924,2,,Street season on reveal opportunity middle cover least couple rule special system.,2023-06-27 20:21:21,2023-06-28 20:21:21
REV002925,ORD002925,5,,Every large nearly a even issue know when indeed campaign different.,2024-06-26 17:30:53,2024-06-29 17:30:53
REV002926,ORD002926,5,,,2023-06-14 15:29:25,2023-06-15 15:29:25
REV002927,ORD002927,5,,,2023-06-30 10:14:39,2023-07-03 10:14:39
REV002928,ORD002928,4,,,2024-05-08 01:47:53,2024-05-09 01:47:53
REV002929,ORD002929,4,,,2023-06-29 01:52:00,2023-07-01 01:52:00
REV002930,ORD002930,4,,,2023-03-06 13:38:50,2023-03-09 13:38:50
REV002931,ORD002931,5,Type those.,,2024-02-19 07:48:25,2024-02-22 07:48:25
REV002932,ORD002932,4,,,2023-03-01 11:21:42,2023-03-06 11:21:42
REV002933,ORD002933,3,Including baby serious author.,Picture within read table window bed reason which coach Mrs girl environmental himself will.,2023-01-25 22:23:21,2023-01-28 22:23:21
REV002934,ORD002934,5,,Painting available some meeting general name bad.,2023-02-10 02:27:39,2023-02-14 02:27:39
REV002935,ORD002935,5,Fly strong.,,2024-04-15 23:38:34,2024-04-16 23:38:34
REV002936,ORD002936,3,,Even song hotel hand own bring huge position start able expect.,2024-09-22 07:50:30,2024-09-23 07:50:30
REV002937,ORD002937,5,,Early stock actually find throughout bring everybody adult seven page small national condition sound agency decade.,2023-07-29 08:01:51,2023-07-30 08:01:51
REV002938,ORD002938,5,,Hour civil vote rule draw he star never range everything will season.,2023-05-06 08:32:59,2023-05-08 08:32:59
REV002939,ORD002939,5,Move actually hot church.,Bed top executive join outside term reveal garden individual customer usually painting.,2023-04-26 13:11:27,2023-04-28 13:11:27
REV002940,ORD002940,5,Feel sure me medical.,,2023-01-10 11:51:45,2023-01-15 11:51:45
REV002941,ORD002941,5,,Seven subject maintain measure who next yeah.,2024-11-05 12:11:23,2024-11-09 12:11:23
REV002942,ORD002942,4,,Others American quickly brother record begin stuff.,2023-04-12 18:59:55,2023-04-17 18:59:55
REV002943,ORD002943,3,,Though example develop begin race treat specific her benefit Mr network night garden song drive probably.,2024-12-22 07:14:14,2024-12-24 07:14:14
REV002944,ORD002944,5,,,2024-08-12 03:04:55,2024-08-14 03:04:55
REV002945,ORD002945,5,Order idea.,Yes sometimes public city adult difficult toward question live weight guy.,2024-08-01 08:20:17,2024-08-04 08:20:17
REV002946,ORD002946,5,,Fast risk when arm mother through significant truth time bag seek.,2023-01-29 12:11:54,2023-02-02 12:11:54
REV002947,ORD002947,3,,Hospital available pay fund during evening then magazine hold impact their.,2024-07-21 06:37:53,2024-07-25 06:37:53
REV002948,ORD002948,5,,Easy reflect office type guy wish case his science.,2023-05-23 15:37:46,2023-05-24 15:37:46
REV002949,ORD002949,5,,Administration hear spend trade accept trade might any up appear door.,2023-11-03 10:49:06,2023-11-04 10:49:06
REV002950,ORD002950,5,,,2024-09-07 18:31:16,2024-09-12 18:31:16
REV002951,ORD002951,5,,How its across analysis room thought because plan entire account nation building teacher.,2024-06-17 15:03:28,2024-06-19 15:03:28
REV002952,ORD002952,5,,,2024-10-20 20:07:04,2024-10-25 20:07:04
REV002953,ORD002953,5,,,2023-06-09 11:39:43,2023-06-10 11:39:43
REV002954,ORD002954,5,,Analysis brother close south down agreement half age energy citizen customer wall serious nothing receive happen.,2024-12-09 05:53:07,2024-12-12 05:53:07
REV002955,ORD002955,1,,Off station wide among perhaps mouth amount tell.,2023-09-11 04:06:57,2023-09-14 04:06:57
REV002956,ORD002956,2,Give spring manage far.,,2023-07-19 02:41:15,2023-07-20 02:41:15
REV002957,ORD002957,5,,Election event picture weight analysis experience news painting really understand different bed.,2024-11-08 17:36:34,2024-11-11 17:36:34
REV002958,ORD002958,5,,,2023-03-07 22:04:48,2023-03-11 22:04:48
REV002959,ORD002959,5,Administration night responsibility organization girl.,Morning exist stuff executive form woman church collection some he but pattern.,2024-04-03 08:57:46,2024-04-05 08:57:46
REV002960,ORD002960,4,,,2023-07-10 11:46:54,2023-07-14 11:46:54
REV002961,ORD002961,3,,,2024-12-03 09:35:30,2024-12-04 09:35:30
REV002962,ORD002962,1,,,2023-04-28 00:40:11,2023-04-30 00:40:11
REV002963,ORD002963,5,Fire imagine.,,2024-07-12 14:43:10,2024-07-15 14:43:10
REV002964,ORD002964,5,Doctor speech.,,2023-12-01 04:02:34,2023-12-06 04:02:34
REV002965,ORD002965,5,,Specific style finally institution language fast tell child.,2023-07-19 00:32:35,2023-07-22 00:32:35
REV002966,ORD002966,2,,,2023-11-23 16:51:16,2023-11-24 16:51:16
REV002967,ORD002967,5,Top image capital government.,,2023-07-30 04:02:21,2023-08-02 04:02:21
REV002968,ORD002968,5,Hand half.,Hear current above kid quickly play bed market.,2024-12-10 16:36:05,2024-12-14 16:36:05
REV002969,ORD002969,5,Firm approach.,,2023-01-10 15:48:17,2023-01-14 15:48:17
REV002970,ORD002970,5,Key artist can eight avoid.,,2023-12-26 21:15:56,2023-12-29 21:15:56
REV002971,ORD002971,5,,,2023-03-04 14:21:21,2023-03-07 14:21:21
REV002972,ORD002972,5,,,2024-08-04 03:54:56,2024-08-07 03:54:56
REV002973,ORD002973,5,,Opportunity film note argue heart enough seat degree quite floor.,2024-11-12 02:08:34,2024-11-13 02:08:34
REV002974,ORD002974,5,On floor least of.,,2024-11-27 14:14:41,2024-11-28 14:14:41
REV002975,ORD002975,4,Serve usually.,Mother itself season feel responsibility oil involve home but dog thing require manager physical nice.,2023-01-27 09:01:56,2023-01-30 09:01:56
REV002976,ORD002976,3,,Natural according rather any control drug second long listen room my each accept.,2023-02-14 19:10:41,2023-02-15 19:10:41
REV002977,ORD002977,5,,,2024-06-09 19:28:08,2024-06-14 19:28:08
REV002978,ORD002978,5,Nor clearly.,Growth major describe sure century relationship recognize defense radio decision your if else control night card.,2023-03-10 03:10:58,2023-03-15 03:10:58
REV002979,ORD002979,4,Several spring various.,,2023-09-19 09:39:35,2023-09-21 09:39:35
REV002980,ORD002980,5,,Heavy teacher present election keep truth perform remember difference movement full cell carry rather.,2023-03-10 17:35:05,2023-03-12 17:35:05
REV002981,ORD002981,5,Offer edge.,,2024-08-21 11:12:43,2024-08-22 11:12:43
REV002982,ORD002982,1,Assume pattern.,,2023-08-05 20:46:38,2023-08-06 20:46:38
REV002983,ORD002983,3,,,2024-09-15 11:20:12,2024-09-20 11:20:12
REV002984,ORD002984,3,Seven compare everything.,,2023-05-26 04:11:22,2023-05-27 04:11:22
REV002985,ORD002985,2,,,2024-12-01 09:30:08,2024-12-03 09:30:08
REV002986,ORD002986,5,,,2023-11-23 15:06:57,2023-11-25 15:06:57
REV002987,ORD002987,5,Defense father process.,,2024-04-07 03:45:55,2024-04-08 03:45:55
REV002988,ORD002988,5,,Opportunity change part son low star television foreign environmental garden to arm unit food nothing participant.,2023-11-28 12:01:41,2023-11-30 12:01:41
REV002989,ORD002989,5,,,2024-06-06 23:19:10,2024-06-11 23:19:10
REV002990,ORD002990,5,,Cut where buy about strategy small world degree.,2023-08-09 01:00:24,2023-08-13 01:00:24
REV002991,ORD002991,3,,Contain serve year right character campaign last level data.,2023-01-28 23:04:41,2023-02-01 23:04:41
REV002992,ORD002992,4,,Increase rise record almost huge up role agreement.,2024-04-05 13:59:51,2024-04-07 13:59:51
REV002993,ORD002993,4,About next appear her.,Friend finish perhaps someone career explain road.,2023-10-08 09:50:09,2023-10-11 09:50:09
REV002994,ORD002994,4,,Policy social father approach today establish push.,2024-05-11 04:50:54,2024-05-12 04:50:54
REV002995,ORD002995,3,,List serve media into inside he unit success involve civil successful early if.,2024-01-01 10:22:50,2024-01-02 10:22:50
REV002996,ORD002996,5,Production ground suggest special idea.,,2024-10-21 03:14:16,2024-10-23 03:14:16
REV002997,ORD002997,5,Watch rock executive.,,2024-02-26 23:21:59,2024-02-28 23:21:59
REV002998,ORD002998,5,,Environment organization population decade mission design onto show quickly security stuff remain success our.,2024-10-12 14:39:39,2024-10-15 14:39:39
REV002999,ORD002999,3,,,2024-05-03 05:11:42,2024-05-08 05:11:42
REV003000,ORD003000,4,,Election trial media alone science thousand sport add.,2024-09-07 00:24:22,2024-09-12 00:24:22
