order_id,order_item_id,product_id,seller_id,shipping_limit_date,price,freight_value
ORD000001,1,PROD00077,SELL00050,2024-04-22 11:38:02,253.12,36.13
ORD000001,2,PROD00236,SELL00065,2023-04-11 12:56:37,590.46,6.34
ORD000001,3,PROD00197,SELL00107,2024-08-07 16:17:10,166.44,56.07
ORD000002,1,PROD00027,SELL00046,2024-02-12 02:01:01,166.17,8.81
ORD000003,1,PROD00227,SELL00134,2024-07-09 06:52:05,819.06,30.62
ORD000004,1,PROD00261,SELL00041,2024-05-20 05:09:40,521.99,32.93
ORD000005,1,PROD00043,SELL00114,2024-07-01 23:27:24,624.58,21.21
ORD000005,2,PROD00058,SELL00079,2023-04-01 09:27:08,24.26,8.67
ORD000005,3,PROD00319,SELL00129,2023-06-07 08:20:31,311.98,78.34
ORD000006,1,PROD00025,SELL00128,2024-11-10 19:21:08,444.6,25.09
ORD000007,1,PROD00106,SELL00082,2024-04-16 00:15:13,637.77,51.57
ORD000008,1,PROD00001,SELL00071,2024-03-18 18:04:17,54.19,13.01
ORD000009,1,PROD00266,SELL00118,2023-05-16 01:00:31,764.62,41.25
ORD000009,2,PROD00036,SELL00086,2024-08-08 04:45:30,561.42,31.28
ORD000010,1,PROD00047,SELL00061,2023-12-28 04:35:58,765.82,16.61
ORD000011,1,PROD00378,SELL00019,2024-04-05 00:08:11,638.95,77.71
ORD000012,1,PROD00137,SELL00063,2024-05-03 21:19:01,524.18,68.82
ORD000012,2,PROD00349,SELL00042,2023-04-16 12:30:45,316.31,17.11
ORD000013,1,PROD00059,SELL00024,2023-11-27 04:32:49,845.05,73.14
ORD000014,1,PROD00195,SELL00074,2024-10-23 16:09:07,760.45,65.16
ORD000015,1,PROD00110,SELL00060,2024-04-22 12:10:10,547.36,78.02
ORD000016,1,PROD00205,SELL00083,2023-04-24 11:16:42,421.65,57.2
ORD000016,2,PROD00048,SELL00015,2024-04-23 08:40:24,824.55,27.43
ORD000017,1,PROD00276,SELL00020,2024-09-07 02:54:10,155.23,14.77
ORD000018,1,PROD00292,SELL00107,2023-07-02 10:56:11,497.69,56.98
ORD000019,1,PROD00300,SELL00054,2024-04-26 16:22:01,857.94,77.59
ORD000019,2,PROD00057,SELL00054,2024-03-20 16:47:15,223.54,74.3
ORD000020,1,PROD00271,SELL00128,2023-07-15 23:07:57,795.45,24.34
ORD000021,1,PROD00305,SELL00112,2023-11-08 22:40:10,572.25,30.7
ORD000022,1,PROD00383,SELL00004,2024-01-21 13:10:35,474.22,17.36
ORD000022,2,PROD00397,SELL00059,2024-02-20 11:11:29,436.75,30.32
ORD000022,3,PROD00382,SELL00102,2024-11-23 23:34:40,212.18,43.89
ORD000023,1,PROD00307,SELL00087,2023-02-18 08:14:33,153.67,73.68
ORD000024,1,PROD00024,SELL00030,2023-10-31 04:33:51,487.54,6.41
ORD000025,1,PROD00025,SELL00064,2023-02-21 22:48:34,529.35,36.41
ORD000026,1,PROD00296,SELL00142,2024-09-07 02:23:46,59.11,26.53
ORD000027,1,PROD00153,SELL00038,2024-03-01 04:38:24,328.59,22.1
ORD000028,1,PROD00248,SELL00017,2024-12-11 05:02:23,163.5,33.65
ORD000029,1,PROD00230,SELL00005,2023-02-03 08:02:23,246.6,16.53
ORD000030,1,PROD00302,SELL00114,2023-03-28 09:46:23,545.64,8.98
ORD000031,1,PROD00260,SELL00040,2023-04-13 12:05:27,572.13,9.4
ORD000031,2,PROD00148,SELL00037,2024-12-28 04:08:16,146.25,23.13
ORD000031,3,PROD00180,SELL00118,2023-07-06 14:25:04,680.65,18.83
ORD000032,1,PROD00133,SELL00056,2023-12-03 15:19:54,73.26,41.85
ORD000033,1,PROD00008,SELL00047,2024-10-11 02:23:41,712.34,70.91
ORD000034,1,PROD00210,SELL00024,2023-08-17 07:54:58,126.4,50.78
ORD000035,1,PROD00209,SELL00022,2023-10-07 16:19:29,555.58,78.88
ORD000035,2,PROD00135,SELL00059,2024-08-12 19:36:49,724.0,17.27
ORD000035,3,PROD00165,SELL00084,2024-10-24 11:45:41,579.07,67.55
ORD000035,4,PROD00278,SELL00037,2024-12-11 17:31:24,560.56,56.33
ORD000036,1,PROD00132,SELL00117,2023-12-28 09:04:22,720.57,11.18
ORD000036,2,PROD00159,SELL00059,2023-06-22 06:02:59,778.79,6.49
ORD000037,1,PROD00356,SELL00058,2024-04-21 08:36:09,822.81,60.63
ORD000038,1,PROD00251,SELL00134,2023-05-27 22:01:53,24.38,58.98
ORD000039,1,PROD00229,SELL00070,2024-10-13 02:01:27,523.56,57.74
ORD000040,1,PROD00002,SELL00145,2024-10-22 11:21:03,760.55,35.49
ORD000041,1,PROD00320,SELL00147,2024-12-23 11:49:43,414.67,41.67
ORD000042,1,PROD00114,SELL00132,2023-10-18 06:24:33,597.91,8.94
ORD000043,1,PROD00241,SELL00001,2024-09-05 05:13:43,125.57,51.44
ORD000043,2,PROD00220,SELL00005,2024-03-19 16:07:28,655.84,61.24
ORD000044,1,PROD00007,SELL00027,2024-08-07 08:10:43,733.11,25.07
ORD000044,2,PROD00288,SELL00108,2023-08-25 20:55:09,565.45,27.93
ORD000044,3,PROD00201,SELL00065,2023-11-24 07:43:08,369.22,6.44
ORD000044,4,PROD00255,SELL00145,2023-07-07 12:37:30,669.32,55.39
ORD000045,1,PROD00087,SELL00136,2023-12-09 16:37:37,429.9,57.04
ORD000046,1,PROD00325,SELL00094,2023-04-11 08:03:28,747.1,66.95
ORD000047,1,PROD00105,SELL00139,2023-12-15 09:02:58,841.81,22.43
ORD000048,1,PROD00266,SELL00131,2023-07-05 08:22:26,756.86,20.61
ORD000048,2,PROD00195,SELL00099,2023-07-03 05:33:12,389.44,12.61
ORD000049,1,PROD00139,SELL00147,2024-10-10 20:45:18,435.95,24.01
ORD000050,1,PROD00167,SELL00012,2023-06-11 02:00:04,183.93,66.42
ORD000051,1,PROD00173,SELL00142,2023-03-16 14:33:17,321.95,29.31
ORD000052,1,PROD00315,SELL00148,2023-04-09 01:01:54,234.96,14.91
ORD000053,1,PROD00310,SELL00049,2023-11-29 19:27:14,94.45,76.04
ORD000054,1,PROD00019,SELL00111,2023-10-01 23:05:06,62.91,49.08
ORD000054,2,PROD00104,SELL00111,2023-06-05 05:32:43,897.94,8.92
ORD000054,3,PROD00087,SELL00023,2024-11-22 10:53:30,807.39,66.34
ORD000055,1,PROD00151,SELL00082,2024-08-30 22:35:49,363.04,10.34
ORD000055,2,PROD00337,SELL00094,2023-03-31 04:47:28,153.3,65.98
ORD000055,3,PROD00060,SELL00121,2023-02-06 17:42:22,298.86,43.3
ORD000056,1,PROD00123,SELL00091,2023-09-13 12:34:13,81.7,11.83
ORD000056,2,PROD00143,SELL00098,2023-08-17 11:17:20,814.53,31.2
ORD000057,1,PROD00185,SELL00071,2023-03-12 22:26:42,239.73,62.16
ORD000057,2,PROD00206,SELL00024,2023-12-08 18:06:10,645.96,40.28
ORD000058,1,PROD00389,SELL00108,2023-05-05 14:17:03,292.94,42.21
ORD000058,2,PROD00289,SELL00105,2024-06-11 23:00:11,397.53,22.3
ORD000058,3,PROD00379,SELL00132,2024-02-24 08:57:27,589.89,78.55
ORD000059,1,PROD00215,SELL00116,2024-02-25 04:53:00,708.69,14.02
ORD000060,1,PROD00247,SELL00003,2024-07-03 23:55:31,80.87,55.22
ORD000060,2,PROD00331,SELL00027,2024-03-18 08:38:42,337.75,76.14
ORD000061,1,PROD00040,SELL00066,2024-04-14 15:52:03,23.19,63.43
ORD000062,1,PROD00165,SELL00051,2023-02-26 11:26:48,291.7,26.69
ORD000062,2,PROD00363,SELL00101,2024-05-27 13:03:09,552.3,54.46
ORD000062,3,PROD00218,SELL00084,2024-04-01 16:46:09,605.87,36.5
ORD000063,1,PROD00001,SELL00043,2024-12-10 15:22:52,285.87,56.44
ORD000063,2,PROD00229,SELL00007,2023-02-13 21:35:07,36.22,75.0
ORD000063,3,PROD00322,SELL00087,2023-10-19 15:12:15,48.58,8.31
ORD000064,1,PROD00230,SELL00067,2024-09-06 05:25:03,766.88,59.95
ORD000064,2,PROD00014,SELL00115,2024-05-27 20:17:22,444.75,43.51
ORD000065,1,PROD00205,SELL00124,2024-02-05 23:54:01,540.6,7.87
ORD000066,1,PROD00021,SELL00006,2023-04-27 14:50:29,845.37,46.61
ORD000067,1,PROD00395,SELL00095,2023-12-27 03:13:32,433.72,45.17
ORD000067,2,PROD00083,SELL00001,2024-03-06 21:41:43,481.79,56.38
ORD000067,3,PROD00328,SELL00035,2023-02-06 21:31:31,55.49,31.29
ORD000067,4,PROD00165,SELL00116,2024-07-24 19:31:34,352.9,79.49
ORD000068,1,PROD00145,SELL00108,2023-02-05 00:26:16,351.47,18.21
ORD000068,2,PROD00393,SELL00086,2024-05-14 05:42:04,439.06,16.71
ORD000069,1,PROD00125,SELL00114,2023-04-25 10:34:21,655.74,78.76
ORD000069,2,PROD00174,SELL00037,2024-04-14 07:40:27,410.97,52.42
ORD000070,1,PROD00153,SELL00044,2023-08-17 01:02:52,265.21,39.96
ORD000071,1,PROD00085,SELL00095,2024-09-10 16:08:43,211.42,62.65
ORD000071,2,PROD00133,SELL00102,2024-09-04 21:15:44,857.79,44.03
ORD000071,3,PROD00396,SELL00121,2023-04-16 23:21:28,571.5,47.73
ORD000071,4,PROD00205,SELL00051,2024-09-14 19:58:29,240.94,78.27
ORD000072,1,PROD00208,SELL00061,2024-02-01 17:30:20,423.38,10.96
ORD000073,1,PROD00349,SELL00148,2024-06-23 18:45:15,46.26,37.61
ORD000074,1,PROD00320,SELL00095,2024-07-28 12:17:33,412.75,10.13
ORD000074,2,PROD00164,SELL00126,2023-03-28 15:28:23,690.13,71.99
ORD000075,1,PROD00014,SELL00102,2024-09-14 13:18:19,396.53,31.33
ORD000076,1,PROD00244,SELL00048,2023-04-02 18:20:31,198.4,27.78
ORD000076,2,PROD00187,SELL00021,2024-03-25 07:37:40,58.2,51.94
ORD000077,1,PROD00300,SELL00023,2023-05-18 12:43:28,144.7,58.98
ORD000078,1,PROD00382,SELL00143,2023-08-08 08:44:46,865.77,37.14
ORD000079,1,PROD00371,SELL00040,2023-09-05 00:40:15,637.6,41.16
ORD000079,2,PROD00041,SELL00001,2024-05-22 20:17:14,614.15,12.46
ORD000080,1,PROD00163,SELL00020,2024-03-01 03:55:20,538.83,17.07
ORD000081,1,PROD00134,SELL00015,2023-01-13 03:46:05,499.54,55.5
ORD000082,1,PROD00239,SELL00143,2024-01-19 10:33:40,603.34,15.39
ORD000083,1,PROD00195,SELL00099,2023-12-17 10:46:09,36.04,9.34
ORD000084,1,PROD00076,SELL00136,2023-02-07 20:31:10,42.75,79.51
ORD000085,1,PROD00349,SELL00066,2024-05-22 14:37:00,502.25,20.66
ORD000086,1,PROD00166,SELL00116,2023-05-19 11:16:53,224.66,43.25
ORD000086,2,PROD00140,SELL00019,2023-01-14 07:21:42,349.09,34.38
ORD000087,1,PROD00070,SELL00015,2023-08-14 02:09:50,698.17,23.65
ORD000087,2,PROD00188,SELL00137,2023-10-26 08:08:01,39.33,48.52
ORD000088,1,PROD00298,SELL00112,2023-08-20 00:38:47,559.35,51.38
ORD000089,1,PROD00215,SELL00016,2024-03-24 20:41:07,876.69,25.85
ORD000090,1,PROD00206,SELL00034,2023-10-05 15:02:53,584.78,28.56
ORD000091,1,PROD00279,SELL00104,2024-12-10 07:05:13,150.05,51.44
ORD000091,2,PROD00123,SELL00007,2024-01-22 05:42:27,332.92,44.14
ORD000092,1,PROD00313,SELL00008,2024-10-09 14:43:01,152.35,63.35
ORD000093,1,PROD00207,SELL00044,2023-05-13 08:10:19,161.85,23.74
ORD000094,1,PROD00010,SELL00149,2024-04-24 16:26:33,268.97,32.92
ORD000094,2,PROD00384,SELL00109,2023-04-15 06:42:56,770.01,78.17
ORD000094,3,PROD00006,SELL00009,2024-06-15 20:31:46,333.09,54.45
ORD000095,1,PROD00261,SELL00030,2024-06-12 22:54:08,746.07,12.67
ORD000095,2,PROD00069,SELL00148,2023-01-13 12:15:46,161.91,69.65
ORD000096,1,PROD00033,SELL00038,2024-07-09 04:10:41,371.25,8.26
ORD000097,1,PROD00058,SELL00028,2024-06-23 20:08:45,207.5,14.53
ORD000097,2,PROD00077,SELL00069,2024-10-12 22:21:45,275.11,25.66
ORD000098,1,PROD00033,SELL00068,2024-03-02 03:01:05,507.83,64.97
ORD000099,1,PROD00318,SELL00135,2024-07-18 10:15:42,434.17,50.86
ORD000100,1,PROD00349,SELL00050,2023-09-23 20:13:07,152.43,15.86
ORD000101,1,PROD00131,SELL00100,2023-07-15 02:34:00,489.97,67.73
ORD000102,1,PROD00077,SELL00148,2023-11-04 13:21:42,423.42,39.65
ORD000103,1,PROD00192,SELL00092,2023-04-23 19:24:23,849.57,67.82
ORD000104,1,PROD00051,SELL00055,2024-10-08 21:22:40,149.96,55.93
ORD000105,1,PROD00268,SELL00005,2024-09-10 09:02:56,829.28,64.1
ORD000105,2,PROD00229,SELL00142,2024-01-28 03:06:16,607.54,35.66
ORD000106,1,PROD00261,SELL00014,2023-04-05 18:15:14,416.97,63.69
ORD000107,1,PROD00052,SELL00012,2024-08-17 22:24:52,673.76,67.31
ORD000108,1,PROD00291,SELL00133,2024-11-04 21:49:04,294.07,76.1
ORD000109,1,PROD00062,SELL00004,2024-07-27 20:06:19,283.84,41.47
ORD000110,1,PROD00238,SELL00085,2023-02-16 08:01:34,202.11,9.75
ORD000110,2,PROD00155,SELL00072,2023-07-22 02:32:23,246.72,26.07
ORD000111,1,PROD00362,SELL00141,2024-07-29 23:03:52,113.11,69.34
ORD000112,1,PROD00288,SELL00120,2023-03-29 08:25:37,23.59,78.75
ORD000113,1,PROD00215,SELL00049,2024-08-24 00:04:51,578.02,38.37
ORD000114,1,PROD00089,SELL00094,2024-02-29 00:02:58,413.64,42.67
ORD000115,1,PROD00290,SELL00016,2024-01-31 16:30:06,258.28,8.58
ORD000116,1,PROD00023,SELL00049,2024-06-23 07:44:36,599.62,42.75
ORD000117,1,PROD00174,SELL00058,2023-12-29 14:11:22,190.17,24.7
ORD000118,1,PROD00039,SELL00126,2023-06-06 16:39:54,434.31,75.98
ORD000119,1,PROD00058,SELL00047,2023-02-25 16:33:56,879.39,49.97
ORD000120,1,PROD00172,SELL00124,2024-04-05 09:40:02,39.18,21.11
ORD000120,2,PROD00102,SELL00057,2024-09-20 19:07:27,243.57,52.05
ORD000121,1,PROD00033,SELL00013,2024-09-15 03:52:44,549.78,22.23
ORD000122,1,PROD00275,SELL00127,2024-09-21 10:31:10,362.97,77.73
ORD000122,2,PROD00087,SELL00058,2024-02-19 10:56:21,93.73,66.19
ORD000123,1,PROD00392,SELL00061,2023-06-21 15:31:58,752.61,6.27
ORD000124,1,PROD00053,SELL00050,2023-03-08 23:30:59,414.06,22.53
ORD000124,2,PROD00120,SELL00102,2024-02-11 08:47:25,507.52,31.08
ORD000125,1,PROD00029,SELL00134,2024-06-30 21:56:18,755.32,11.09
ORD000126,1,PROD00347,SELL00071,2023-04-07 06:02:04,309.07,35.53
ORD000127,1,PROD00233,SELL00110,2023-10-23 00:46:34,365.61,34.14
ORD000128,1,PROD00317,SELL00123,2024-02-14 16:53:21,405.12,76.29
ORD000129,1,PROD00063,SELL00085,2024-10-12 23:09:41,790.98,33.39
ORD000130,1,PROD00282,SELL00049,2023-09-16 18:48:53,474.16,25.37
ORD000131,1,PROD00047,SELL00002,2024-02-20 03:52:42,25.72,53.72
ORD000132,1,PROD00280,SELL00065,2024-04-24 00:08:34,62.4,71.9
ORD000133,1,PROD00040,SELL00115,2023-08-16 23:48:20,408.4,76.23
ORD000133,2,PROD00131,SELL00098,2023-11-14 21:40:55,440.22,48.06
ORD000134,1,PROD00355,SELL00054,2023-02-07 16:10:15,193.76,79.27
ORD000135,1,PROD00176,SELL00123,2024-03-28 03:52:54,112.92,71.37
ORD000136,1,PROD00292,SELL00121,2023-02-07 10:07:22,686.62,67.41
ORD000137,1,PROD00270,SELL00073,2023-10-21 10:41:39,165.65,11.96
ORD000137,2,PROD00349,SELL00109,2024-01-01 12:10:02,91.23,77.88
ORD000138,1,PROD00363,SELL00150,2023-08-26 08:29:38,389.24,25.95
ORD000138,2,PROD00265,SELL00077,2024-11-10 20:33:29,604.04,43.92
ORD000139,1,PROD00385,SELL00101,2024-01-19 05:53:22,886.66,74.42
ORD000139,2,PROD00198,SELL00141,2024-05-06 00:57:55,217.5,78.92
ORD000140,1,PROD00377,SELL00108,2023-01-02 02:01:01,658.3,32.01
ORD000140,2,PROD00365,SELL00033,2024-08-22 21:14:54,290.34,57.1
ORD000141,1,PROD00323,SELL00047,2023-08-08 14:03:02,569.46,78.5
ORD000142,1,PROD00172,SELL00035,2024-10-25 16:36:56,862.16,51.01
ORD000142,2,PROD00350,SELL00146,2023-08-10 20:40:39,223.29,79.58
ORD000143,1,PROD00202,SELL00119,2023-06-08 09:56:28,690.56,57.09
ORD000143,2,PROD00329,SELL00030,2023-06-05 07:08:20,463.31,58.82
ORD000143,3,PROD00337,SELL00067,2023-12-24 19:09:10,716.61,65.88
ORD000144,1,PROD00358,SELL00012,2024-09-28 05:35:10,306.67,54.59
ORD000145,1,PROD00099,SELL00067,2024-04-09 03:22:02,598.08,34.1
ORD000145,2,PROD00218,SELL00058,2023-09-05 09:57:25,245.79,10.87
ORD000145,3,PROD00119,SELL00042,2024-05-08 22:10:17,525.21,64.33
ORD000146,1,PROD00318,SELL00067,2024-01-10 13:14:48,844.44,37.28
ORD000147,1,PROD00379,SELL00043,2023-11-24 16:50:21,104.62,70.45
ORD000148,1,PROD00181,SELL00006,2024-02-02 04:57:38,119.82,58.78
ORD000148,2,PROD00176,SELL00018,2024-08-24 20:17:25,315.02,34.49
ORD000149,1,PROD00255,SELL00008,2023-09-27 14:18:50,842.0,32.82
ORD000149,2,PROD00189,SELL00060,2024-08-29 19:28:58,282.5,20.65
ORD000150,1,PROD00116,SELL00010,2023-10-31 22:52:44,411.36,12.62
ORD000150,2,PROD00335,SELL00060,2023-01-06 08:24:08,586.61,32.05
ORD000151,1,PROD00067,SELL00019,2024-05-01 03:36:23,225.04,54.61
ORD000152,1,PROD00002,SELL00035,2024-08-20 05:29:40,887.22,34.81
ORD000152,2,PROD00251,SELL00138,2024-10-26 01:59:37,335.47,14.46
ORD000153,1,PROD00122,SELL00038,2023-02-24 00:15:29,564.71,18.02
ORD000154,1,PROD00339,SELL00137,2023-04-24 02:00:59,85.98,76.88
ORD000155,1,PROD00109,SELL00094,2023-03-14 21:18:52,304.13,10.53
ORD000156,1,PROD00355,SELL00116,2024-09-30 22:49:15,512.24,64.08
ORD000157,1,PROD00132,SELL00129,2023-08-25 00:02:38,138.29,11.58
ORD000158,1,PROD00138,SELL00050,2024-11-01 07:02:05,669.78,43.4
ORD000159,1,PROD00099,SELL00005,2024-08-09 22:44:13,283.12,77.86
ORD000160,1,PROD00104,SELL00138,2024-12-26 20:24:49,617.15,76.26
ORD000161,1,PROD00239,SELL00046,2023-08-12 02:40:43,438.09,19.75
ORD000161,2,PROD00149,SELL00063,2024-06-25 04:32:46,69.3,54.9
ORD000161,3,PROD00121,SELL00068,2024-04-22 22:52:05,452.0,71.67
ORD000162,1,PROD00203,SELL00082,2024-01-07 11:32:31,892.79,69.21
ORD000163,1,PROD00101,SELL00118,2023-03-15 19:18:28,77.13,15.39
ORD000163,2,PROD00205,SELL00142,2023-01-22 14:57:06,499.05,70.91
ORD000164,1,PROD00155,SELL00037,2024-02-12 10:27:53,87.23,59.54
ORD000165,1,PROD00311,SELL00045,2024-10-04 08:07:54,355.2,52.86
ORD000166,1,PROD00079,SELL00099,2023-04-30 22:51:25,152.65,36.01
ORD000166,2,PROD00105,SELL00144,2024-06-02 06:53:28,401.18,22.91
ORD000167,1,PROD00326,SELL00100,2024-02-28 16:50:13,568.72,49.33
ORD000168,1,PROD00164,SELL00042,2023-08-19 21:01:21,28.23,23.29
ORD000169,1,PROD00398,SELL00085,2024-11-05 06:32:31,646.02,60.06
ORD000169,2,PROD00237,SELL00027,2024-06-30 05:25:53,880.1,15.49
ORD000170,1,PROD00057,SELL00147,2024-04-10 03:42:09,577.03,35.17
ORD000170,2,PROD00391,SELL00109,2023-09-04 16:47:16,169.7,71.6
ORD000170,3,PROD00179,SELL00090,2024-10-01 20:40:05,531.11,50.38
ORD000171,1,PROD00256,SELL00035,2023-11-17 06:44:09,776.17,75.22
ORD000172,1,PROD00045,SELL00052,2023-11-05 18:56:28,381.81,24.29
ORD000172,2,PROD00169,SELL00132,2024-10-06 15:37:36,261.4,77.11
ORD000172,3,PROD00297,SELL00143,2024-03-21 18:28:12,693.57,59.72
ORD000173,1,PROD00194,SELL00002,2023-11-13 08:06:11,875.22,13.71
ORD000174,1,PROD00012,SELL00014,2024-12-25 18:55:23,392.09,6.82
ORD000175,1,PROD00112,SELL00037,2023-12-08 11:33:04,512.31,40.92
ORD000176,1,PROD00118,SELL00095,2024-12-11 02:01:52,540.54,54.49
ORD000176,2,PROD00026,SELL00138,2024-12-16 06:04:35,697.27,73.24
ORD000177,1,PROD00171,SELL00090,2023-02-23 06:15:09,484.62,74.68
ORD000177,2,PROD00319,SELL00053,2024-12-05 05:31:55,831.23,48.28
ORD000178,1,PROD00261,SELL00134,2023-08-30 17:02:16,660.82,76.59
ORD000179,1,PROD00134,SELL00149,2024-02-11 14:23:28,380.02,71.47
ORD000180,1,PROD00304,SELL00114,2024-06-04 10:48:42,206.48,19.27
ORD000180,2,PROD00373,SELL00124,2023-06-29 22:39:50,79.13,64.72
ORD000181,1,PROD00107,SELL00012,2024-05-16 17:03:15,597.24,49.21
ORD000182,1,PROD00328,SELL00062,2024-08-07 07:07:13,653.51,77.76
ORD000182,2,PROD00038,SELL00045,2024-05-15 21:04:33,547.46,31.93
ORD000183,1,PROD00116,SELL00117,2024-10-20 05:19:02,321.44,47.32
ORD000184,1,PROD00110,SELL00067,2023-03-17 02:20:39,414.52,56.16
ORD000185,1,PROD00320,SELL00129,2024-04-11 00:25:53,206.67,34.36
ORD000186,1,PROD00261,SELL00127,2023-12-30 14:18:24,482.02,16.13
ORD000187,1,PROD00384,SELL00050,2023-04-16 05:50:12,424.77,37.33
ORD000187,2,PROD00054,SELL00090,2023-06-14 07:28:27,337.82,46.67
ORD000187,3,PROD00383,SELL00097,2024-07-10 01:33:51,199.07,64.74
ORD000187,4,PROD00138,SELL00141,2023-02-02 18:30:06,334.92,76.72
ORD000188,1,PROD00030,SELL00001,2023-09-16 23:12:37,526.56,17.46
ORD000188,2,PROD00260,SELL00101,2023-08-17 06:14:10,509.38,43.35
ORD000189,1,PROD00275,SELL00084,2024-06-18 19:06:21,49.79,40.38
ORD000189,2,PROD00029,SELL00004,2024-03-27 08:21:24,194.41,17.88
ORD000190,1,PROD00362,SELL00071,2023-10-25 19:50:03,883.71,62.19
ORD000190,2,PROD00071,SELL00116,2024-04-28 04:52:08,323.81,18.79
ORD000191,1,PROD00121,SELL00108,2024-07-17 10:44:16,561.21,68.37
ORD000192,1,PROD00235,SELL00023,2023-03-13 15:54:19,430.91,67.22
ORD000193,1,PROD00355,SELL00105,2024-03-16 07:37:18,156.75,50.98
ORD000193,2,PROD00153,SELL00091,2023-06-10 22:44:41,571.87,29.47
ORD000194,1,PROD00074,SELL00011,2024-12-01 00:42:33,304.61,29.9
ORD000194,2,PROD00102,SELL00013,2023-03-24 01:10:41,31.21,32.26
ORD000195,1,PROD00026,SELL00090,2023-09-20 04:41:34,562.32,56.65
ORD000196,1,PROD00009,SELL00145,2023-02-18 00:28:06,791.25,20.6
ORD000197,1,PROD00368,SELL00138,2023-05-13 08:45:39,24.5,38.88
ORD000198,1,PROD00353,SELL00058,2023-08-25 00:06:09,150.88,54.06
ORD000199,1,PROD00041,SELL00148,2023-05-26 23:17:32,183.5,25.38
ORD000199,2,PROD00274,SELL00086,2023-12-05 07:27:11,258.07,79.68
ORD000200,1,PROD00122,SELL00114,2023-05-25 20:23:53,882.84,62.56
ORD000201,1,PROD00295,SELL00052,2024-12-27 14:25:56,551.44,70.34
ORD000202,1,PROD00119,SELL00070,2024-03-12 22:17:24,388.49,72.49
ORD000203,1,PROD00009,SELL00125,2023-11-09 00:20:12,508.96,59.52
ORD000204,1,PROD00228,SELL00132,2023-10-13 09:12:04,774.44,24.07
ORD000205,1,PROD00039,SELL00001,2024-02-05 09:36:30,31.69,12.47
ORD000206,1,PROD00166,SELL00067,2023-10-22 10:33:50,18.79,56.43
ORD000207,1,PROD00131,SELL00099,2023-12-04 23:52:48,308.19,7.06
ORD000207,2,PROD00247,SELL00025,2023-05-27 21:07:15,99.06,35.54
ORD000208,1,PROD00309,SELL00123,2023-01-04 21:20:53,749.67,17.75
ORD000208,2,PROD00115,SELL00091,2024-01-03 00:13:15,129.69,12.19
ORD000208,3,PROD00271,SELL00117,2024-09-16 14:51:10,296.3,6.36
ORD000209,1,PROD00303,SELL00018,2023-07-19 04:26:52,880.73,36.18
ORD000209,2,PROD00012,SELL00123,2023-12-06 13:33:41,306.96,17.18
ORD000210,1,PROD00197,SELL00105,2024-11-07 20:07:20,231.42,17.2
ORD000211,1,PROD00139,SELL00079,2023-07-17 16:36:12,302.07,67.81
ORD000211,2,PROD00264,SELL00029,2023-08-29 12:44:14,588.41,52.7
ORD000211,3,PROD00309,SELL00027,2024-12-17 11:08:36,830.29,60.51
ORD000212,1,PROD00098,SELL00081,2024-11-23 07:13:34,373.06,75.38
ORD000213,1,PROD00164,SELL00035,2023-04-29 12:00:02,56.35,12.99
ORD000214,1,PROD00364,SELL00083,2024-12-03 15:51:09,738.11,28.95
ORD000214,2,PROD00163,SELL00030,2024-12-22 19:46:51,753.82,39.73
ORD000215,1,PROD00218,SELL00034,2023-03-26 16:12:25,171.79,8.03
ORD000216,1,PROD00010,SELL00144,2023-01-21 09:16:27,534.99,77.7
ORD000217,1,PROD00166,SELL00015,2024-06-03 00:15:16,332.49,72.68
ORD000217,2,PROD00158,SELL00033,2023-05-01 19:47:26,640.43,49.48
ORD000217,3,PROD00197,SELL00063,2023-11-13 04:46:42,397.11,64.95
ORD000218,1,PROD00193,SELL00059,2024-12-20 11:57:34,892.61,21.51
ORD000219,1,PROD00304,SELL00032,2024-01-09 21:42:32,694.83,54.56
ORD000219,2,PROD00136,SELL00105,2023-12-28 20:31:03,793.16,8.39
ORD000219,3,PROD00023,SELL00024,2024-05-22 21:49:48,374.99,29.09
ORD000219,4,PROD00270,SELL00011,2023-04-20 06:51:29,552.43,68.94
ORD000220,1,PROD00314,SELL00053,2023-08-17 00:40:01,890.65,64.81
ORD000220,2,PROD00363,SELL00127,2024-04-23 14:59:19,642.15,61.89
ORD000221,1,PROD00352,SELL00085,2024-11-30 03:47:21,406.3,23.76
ORD000221,2,PROD00054,SELL00143,2024-07-16 20:45:09,92.67,34.18
ORD000221,3,PROD00059,SELL00049,2024-06-27 20:46:08,881.33,68.67
ORD000221,4,PROD00096,SELL00068,2023-04-22 12:41:35,426.31,76.14
ORD000222,1,PROD00336,SELL00113,2023-07-30 07:20:00,868.37,18.62
ORD000222,2,PROD00012,SELL00112,2024-01-20 02:12:47,350.34,44.13
ORD000223,1,PROD00039,SELL00074,2024-03-19 02:33:40,469.91,25.42
ORD000224,1,PROD00189,SELL00086,2024-06-12 21:21:41,464.21,48.33
ORD000225,1,PROD00080,SELL00066,2024-05-22 10:13:20,216.14,56.51
ORD000225,2,PROD00389,SELL00134,2023-04-30 08:58:18,360.52,12.94
ORD000226,1,PROD00279,SELL00057,2024-05-05 21:01:09,521.44,61.63
ORD000226,2,PROD00131,SELL00132,2023-05-10 16:59:10,797.21,68.42
ORD000227,1,PROD00101,SELL00063,2024-02-08 01:46:15,817.13,29.63
ORD000228,1,PROD00396,SELL00031,2024-06-17 17:41:08,772.83,21.52
ORD000228,2,PROD00375,SELL00113,2024-11-23 12:50:37,677.13,71.14
ORD000228,3,PROD00182,SELL00004,2024-01-10 23:24:01,796.03,15.92
ORD000229,1,PROD00032,SELL00066,2024-02-11 18:39:38,511.33,51.11
ORD000229,2,PROD00050,SELL00099,2023-09-22 08:33:02,591.99,45.96
ORD000229,3,PROD00204,SELL00010,2024-12-14 08:50:12,872.7,40.06
ORD000229,4,PROD00363,SELL00060,2024-08-05 00:18:41,60.27,73.2
ORD000230,1,PROD00177,SELL00091,2023-10-19 22:24:31,431.18,42.23
ORD000230,2,PROD00262,SELL00068,2024-10-31 10:49:13,530.42,50.88
ORD000231,1,PROD00391,SELL00108,2024-10-19 09:11:55,291.68,56.3
ORD000231,2,PROD00228,SELL00036,2023-04-23 01:34:24,784.55,28.23
ORD000232,1,PROD00382,SELL00125,2024-03-12 04:55:52,529.65,67.13
ORD000233,1,PROD00159,SELL00046,2024-10-31 08:27:22,697.5,30.75
ORD000234,1,PROD00348,SELL00077,2024-08-04 03:58:23,414.95,31.6
ORD000235,1,PROD00306,SELL00013,2023-09-23 09:05:00,42.43,65.02
ORD000235,2,PROD00073,SELL00114,2024-06-11 07:37:13,316.68,53.92
ORD000236,1,PROD00019,SELL00138,2024-10-14 20:40:08,471.42,76.61
ORD000236,2,PROD00097,SELL00117,2024-09-12 20:50:12,670.58,39.65
ORD000236,3,PROD00058,SELL00132,2023-11-18 16:24:00,870.02,32.29
ORD000237,1,PROD00271,SELL00042,2023-12-04 15:10:09,212.33,55.39
ORD000238,1,PROD00031,SELL00073,2024-05-03 19:09:36,720.67,10.4
ORD000238,2,PROD00236,SELL00017,2023-11-10 01:25:04,288.85,66.79
ORD000239,1,PROD00234,SELL00098,2024-03-29 23:44:39,860.39,20.79
ORD000240,1,PROD00193,SELL00116,2024-04-21 14:07:26,728.64,68.01
ORD000240,2,PROD00391,SELL00041,2024-10-14 07:02:16,98.12,74.09
ORD000241,1,PROD00390,SELL00133,2024-05-18 18:29:26,37.6,51.98
ORD000242,1,PROD00119,SELL00067,2023-07-15 07:11:09,358.3,16.75
ORD000243,1,PROD00208,SELL00147,2023-08-30 06:53:04,458.43,26.19
ORD000243,2,PROD00315,SELL00037,2023-12-15 04:43:45,376.79,49.09
ORD000244,1,PROD00217,SELL00108,2023-07-11 08:09:47,309.73,62.44
ORD000244,2,PROD00368,SELL00045,2023-05-22 14:17:37,91.99,79.98
ORD000244,3,PROD00293,SELL00006,2023-09-01 11:24:59,293.83,16.9
ORD000244,4,PROD00369,SELL00024,2023-05-02 10:22:01,629.5,58.32
ORD000245,1,PROD00074,SELL00114,2023-02-24 06:51:30,152.95,49.57
ORD000245,2,PROD00299,SELL00126,2023-10-02 17:33:06,138.59,14.6
ORD000246,1,PROD00006,SELL00011,2023-12-04 01:12:55,273.44,64.42
ORD000247,1,PROD00274,SELL00062,2023-12-19 16:26:16,643.67,28.55
ORD000248,1,PROD00016,SELL00103,2023-02-07 01:29:27,52.08,78.65
ORD000248,2,PROD00250,SELL00124,2023-03-17 07:05:01,378.8,40.27
ORD000248,3,PROD00020,SELL00050,2024-01-05 20:31:12,385.02,28.19
ORD000248,4,PROD00225,SELL00126,2024-02-06 04:02:49,257.57,40.26
ORD000249,1,PROD00136,SELL00004,2024-11-09 21:44:18,110.38,47.28
ORD000249,2,PROD00303,SELL00031,2024-05-04 00:31:10,97.52,52.62
ORD000250,1,PROD00336,SELL00087,2024-02-19 03:45:48,302.56,37.82
ORD000250,2,PROD00111,SELL00051,2023-06-03 19:41:52,816.92,17.66
ORD000251,1,PROD00390,SELL00105,2024-01-09 14:03:40,595.75,52.42
ORD000251,2,PROD00206,SELL00023,2024-12-12 12:50:29,277.0,36.44
ORD000252,1,PROD00053,SELL00006,2024-01-14 11:47:26,18.87,24.25
ORD000253,1,PROD00120,SELL00114,2023-05-10 14:51:02,316.0,29.97
ORD000253,2,PROD00245,SELL00061,2023-01-07 18:11:39,202.84,29.96
ORD000254,1,PROD00070,SELL00043,2024-11-19 11:20:43,694.82,50.43
ORD000255,1,PROD00059,SELL00038,2024-05-14 14:55:31,206.5,53.46
ORD000255,2,PROD00062,SELL00142,2024-09-07 02:14:49,774.18,19.38
ORD000255,3,PROD00006,SELL00128,2023-02-06 01:03:51,247.62,66.76
ORD000256,1,PROD00068,SELL00029,2024-02-14 20:35:29,629.44,66.86
ORD000257,1,PROD00084,SELL00111,2023-05-26 15:26:26,599.71,66.47
ORD000258,1,PROD00006,SELL00117,2024-12-03 06:41:25,513.08,18.78
ORD000258,2,PROD00186,SELL00096,2024-01-19 12:16:32,147.46,47.32
ORD000258,3,PROD00316,SELL00007,2024-04-13 22:02:43,613.73,35.03
ORD000259,1,PROD00360,SELL00001,2023-01-25 02:26:39,584.33,73.7
ORD000260,1,PROD00366,SELL00126,2023-02-27 07:32:38,615.22,17.95
ORD000260,2,PROD00017,SELL00034,2023-11-13 22:16:03,531.86,20.66
ORD000260,3,PROD00185,SELL00009,2024-05-02 05:57:22,44.35,37.73
ORD000260,4,PROD00022,SELL00096,2023-03-17 20:04:11,822.44,33.68
ORD000261,1,PROD00197,SELL00114,2023-08-25 21:24:52,621.99,61.62
ORD000261,2,PROD00097,SELL00013,2023-03-16 21:42:34,665.2,69.14
ORD000262,1,PROD00059,SELL00015,2024-09-16 05:20:29,829.08,63.74
ORD000263,1,PROD00170,SELL00031,2024-05-06 03:05:46,767.34,21.82
ORD000264,1,PROD00048,SELL00138,2023-02-26 20:21:38,828.89,8.16
ORD000265,1,PROD00194,SELL00098,2024-04-19 16:10:57,143.61,22.49
ORD000266,1,PROD00247,SELL00056,2023-11-20 10:24:56,175.92,63.46
ORD000266,2,PROD00336,SELL00051,2024-07-08 19:29:42,564.09,29.31
ORD000267,1,PROD00293,SELL00143,2023-05-29 02:15:44,713.52,71.8
ORD000267,2,PROD00307,SELL00039,2024-12-10 18:52:47,369.2,16.3
ORD000267,3,PROD00096,SELL00021,2023-01-27 02:52:54,750.08,61.05
ORD000268,1,PROD00065,SELL00116,2024-07-20 01:55:48,163.16,78.2
ORD000268,2,PROD00331,SELL00021,2024-12-21 15:15:30,812.86,24.4
ORD000268,3,PROD00248,SELL00100,2023-05-21 09:51:27,338.62,48.47
ORD000268,4,PROD00043,SELL00029,2024-08-04 15:10:51,449.6,5.99
ORD000269,1,PROD00358,SELL00031,2023-09-29 16:01:06,742.4,53.5
ORD000269,2,PROD00163,SELL00116,2023-12-17 06:26:24,152.73,52.07
ORD000270,1,PROD00104,SELL00088,2024-12-12 09:07:27,207.5,46.26
ORD000271,1,PROD00329,SELL00103,2023-01-15 16:04:30,499.5,45.23
ORD000272,1,PROD00084,SELL00111,2024-03-02 11:34:51,631.74,50.45
ORD000273,1,PROD00104,SELL00082,2024-03-20 03:08:46,420.46,70.06
ORD000274,1,PROD00106,SELL00114,2024-04-09 05:34:34,559.12,42.51
ORD000275,1,PROD00050,SELL00126,2024-09-05 04:57:49,152.23,44.18
ORD000276,1,PROD00136,SELL00056,2024-12-04 02:35:32,890.18,72.02
ORD000277,1,PROD00005,SELL00015,2024-03-24 00:58:38,683.96,24.29
ORD000277,2,PROD00168,SELL00144,2024-05-19 02:42:49,16.16,19.69
ORD000278,1,PROD00095,SELL00091,2024-02-01 14:29:02,848.23,7.5
ORD000278,2,PROD00316,SELL00025,2023-07-26 02:42:14,495.33,5.79
ORD000279,1,PROD00228,SELL00020,2023-11-09 17:10:59,867.87,35.11
ORD000279,2,PROD00147,SELL00084,2024-01-12 23:09:18,872.93,48.29
ORD000280,1,PROD00257,SELL00114,2023-05-07 06:20:32,427.6,44.28
ORD000281,1,PROD00322,SELL00081,2024-12-02 13:08:32,897.09,15.02
ORD000281,2,PROD00004,SELL00018,2024-12-03 09:49:56,225.83,32.98
ORD000282,1,PROD00133,SELL00024,2024-08-13 21:59:18,368.03,6.35
ORD000283,1,PROD00363,SELL00036,2024-07-23 00:43:04,560.87,56.07
ORD000284,1,PROD00197,SELL00065,2024-04-27 00:02:33,17.45,57.68
ORD000285,1,PROD00025,SELL00119,2024-05-12 03:44:30,704.81,56.39
ORD000285,2,PROD00345,SELL00102,2024-04-23 23:37:27,339.81,7.96
ORD000286,1,PROD00206,SELL00035,2023-10-20 02:07:10,854.91,40.35
ORD000287,1,PROD00056,SELL00095,2024-08-15 13:34:48,214.07,78.13
ORD000288,1,PROD00225,SELL00061,2023-06-05 23:35:49,543.44,38.98
ORD000288,2,PROD00003,SELL00027,2024-11-16 01:57:19,822.13,35.92
ORD000289,1,PROD00397,SELL00071,2024-08-07 00:01:06,74.63,7.62
ORD000290,1,PROD00334,SELL00035,2024-05-23 20:13:00,430.05,66.14
ORD000291,1,PROD00058,SELL00128,2024-01-17 01:45:00,39.85,18.25
ORD000291,2,PROD00101,SELL00089,2024-08-01 17:14:29,146.51,54.88
ORD000292,1,PROD00297,SELL00071,2024-12-21 22:29:32,689.9,52.0
ORD000293,1,PROD00184,SELL00003,2023-06-26 22:34:38,87.49,79.23
ORD000294,1,PROD00191,SELL00048,2024-09-09 17:14:05,431.54,72.84
ORD000294,2,PROD00322,SELL00122,2024-12-10 23:48:34,253.09,39.55
ORD000294,3,PROD00050,SELL00039,2024-10-17 08:22:35,602.3,75.28
ORD000295,1,PROD00222,SELL00013,2024-04-07 11:15:31,388.7,49.63
ORD000295,2,PROD00354,SELL00059,2023-12-21 05:30:37,240.15,62.01
ORD000295,3,PROD00058,SELL00052,2024-09-22 09:23:25,354.47,55.87
ORD000296,1,PROD00050,SELL00104,2024-02-19 10:20:52,161.7,26.1
ORD000296,2,PROD00139,SELL00019,2023-08-05 16:02:57,115.01,63.39
ORD000297,1,PROD00375,SELL00094,2024-01-11 03:22:58,847.92,64.02
ORD000298,1,PROD00219,SELL00077,2024-09-19 08:21:56,895.9,22.88
ORD000298,2,PROD00005,SELL00055,2024-02-09 20:52:40,783.53,64.21
ORD000298,3,PROD00271,SELL00067,2024-04-03 13:48:38,697.73,56.5
ORD000299,1,PROD00237,SELL00149,2023-01-05 19:18:13,673.03,72.54
ORD000300,1,PROD00029,SELL00047,2024-04-13 10:57:56,454.32,11.63
ORD000301,1,PROD00164,SELL00048,2023-11-02 22:24:18,56.09,32.24
ORD000302,1,PROD00115,SELL00049,2023-10-07 21:25:00,471.85,10.91
ORD000302,2,PROD00282,SELL00018,2023-08-05 12:17:04,556.86,43.66
ORD000303,1,PROD00290,SELL00027,2024-11-21 12:56:34,166.26,60.09
ORD000304,1,PROD00344,SELL00069,2024-09-24 21:01:41,250.0,7.01
ORD000305,1,PROD00129,SELL00080,2023-09-07 11:33:14,200.05,24.38
ORD000306,1,PROD00277,SELL00045,2023-04-10 04:14:37,405.61,49.34
ORD000307,1,PROD00301,SELL00127,2024-06-14 13:32:31,867.08,73.33
ORD000308,1,PROD00292,SELL00118,2023-09-14 14:56:26,777.52,77.16
ORD000308,2,PROD00167,SELL00128,2024-09-16 20:10:01,614.52,72.28
ORD000309,1,PROD00039,SELL00114,2023-06-19 02:46:50,658.3,49.73
ORD000309,2,PROD00223,SELL00043,2024-02-26 04:17:18,229.85,67.01
ORD000310,1,PROD00111,SELL00016,2024-04-09 07:13:45,200.54,66.41
ORD000311,1,PROD00391,SELL00147,2023-01-09 01:27:07,628.46,68.86
ORD000311,2,PROD00243,SELL00015,2024-03-04 09:38:14,798.0,16.08
ORD000312,1,PROD00254,SELL00056,2024-11-09 04:53:17,560.34,76.12
ORD000313,1,PROD00118,SELL00065,2023-06-17 20:54:53,768.63,27.24
ORD000314,1,PROD00077,SELL00083,2024-07-15 03:42:46,797.67,41.32
ORD000315,1,PROD00173,SELL00092,2023-10-16 17:07:46,139.7,9.82
ORD000315,2,PROD00095,SELL00055,2024-07-06 10:11:45,874.99,24.15
ORD000316,1,PROD00135,SELL00112,2024-08-20 09:01:33,357.14,27.1
ORD000317,1,PROD00314,SELL00057,2024-07-14 09:10:39,863.19,41.13
ORD000317,2,PROD00166,SELL00111,2023-07-04 02:56:04,618.74,79.0
ORD000317,3,PROD00302,SELL00135,2023-07-07 18:10:09,247.09,10.89
ORD000318,1,PROD00280,SELL00028,2023-05-28 22:37:40,56.97,25.36
ORD000319,1,PROD00187,SELL00008,2024-03-14 22:33:41,175.12,38.45
ORD000319,2,PROD00158,SELL00133,2024-09-25 16:33:57,828.74,43.89
ORD000320,1,PROD00223,SELL00142,2024-04-26 12:02:18,494.46,39.58
ORD000321,1,PROD00271,SELL00119,2024-04-07 10:44:14,306.51,24.35
ORD000322,1,PROD00392,SELL00056,2024-09-17 04:57:31,223.51,5.32
ORD000322,2,PROD00152,SELL00096,2024-12-09 07:45:22,654.01,48.59
ORD000322,3,PROD00229,SELL00082,2023-01-04 11:57:10,383.11,71.79
ORD000322,4,PROD00032,SELL00081,2024-12-13 16:31:04,866.87,37.62
ORD000323,1,PROD00061,SELL00133,2024-08-18 07:36:07,892.08,79.09
ORD000324,1,PROD00099,SELL00036,2023-01-28 04:02:13,807.79,43.69
ORD000325,1,PROD00280,SELL00029,2023-10-21 10:43:34,261.74,78.31
ORD000326,1,PROD00400,SELL00034,2024-11-16 12:43:26,229.53,58.91
ORD000327,1,PROD00359,SELL00021,2024-01-04 14:54:45,830.19,10.24
ORD000328,1,PROD00250,SELL00063,2024-12-19 08:44:16,370.83,57.89
ORD000329,1,PROD00255,SELL00096,2024-04-21 01:01:39,69.96,75.64
ORD000329,2,PROD00288,SELL00032,2023-09-16 18:52:35,596.65,30.15
ORD000329,3,PROD00120,SELL00140,2023-08-26 03:43:07,41.78,28.71
ORD000330,1,PROD00026,SELL00038,2024-10-12 10:54:17,131.22,14.79
ORD000331,1,PROD00016,SELL00002,2024-11-22 06:25:02,61.78,67.77
ORD000332,1,PROD00272,SELL00003,2024-05-18 02:27:15,823.53,58.66
ORD000332,2,PROD00125,SELL00063,2023-06-15 10:20:59,490.15,52.68
ORD000333,1,PROD00043,SELL00043,2023-07-12 02:16:48,786.9,31.41
ORD000334,1,PROD00242,SELL00103,2023-08-03 19:47:31,108.05,51.92
ORD000334,2,PROD00309,SELL00092,2023-07-10 20:18:05,633.2,41.87
ORD000335,1,PROD00298,SELL00131,2024-02-09 15:09:11,492.53,64.85
ORD000335,2,PROD00075,SELL00103,2023-11-02 12:37:24,83.65,57.27
ORD000335,3,PROD00016,SELL00132,2024-06-09 14:36:44,565.99,43.3
ORD000336,1,PROD00001,SELL00076,2023-10-31 02:54:33,327.97,29.46
ORD000337,1,PROD00148,SELL00133,2024-07-18 19:00:52,40.42,52.14
ORD000338,1,PROD00117,SELL00149,2024-11-09 19:03:11,138.47,75.36
ORD000339,1,PROD00130,SELL00148,2023-11-20 22:20:06,352.38,48.8
ORD000339,2,PROD00005,SELL00024,2024-09-12 19:09:00,256.17,49.2
ORD000340,1,PROD00140,SELL00067,2023-06-10 19:23:30,170.41,42.61
ORD000340,2,PROD00397,SELL00143,2023-02-06 11:57:15,891.28,38.68
ORD000341,1,PROD00395,SELL00098,2024-11-21 06:06:02,229.65,55.24
ORD000342,1,PROD00187,SELL00101,2024-04-16 03:19:09,493.25,70.03
ORD000342,2,PROD00029,SELL00056,2023-06-21 07:37:53,716.51,61.6
ORD000343,1,PROD00087,SELL00018,2024-03-18 13:53:41,827.4,20.6
ORD000343,2,PROD00079,SELL00039,2023-05-10 16:06:41,477.81,78.51
ORD000344,1,PROD00047,SELL00086,2023-05-20 15:33:50,677.84,45.89
ORD000344,2,PROD00329,SELL00029,2023-12-13 06:46:39,851.1,57.68
ORD000344,3,PROD00195,SELL00139,2024-01-23 01:03:28,432.01,44.69
ORD000345,1,PROD00017,SELL00049,2024-05-09 16:20:29,147.35,42.94
ORD000345,2,PROD00044,SELL00132,2024-03-24 02:54:44,511.52,67.34
ORD000346,1,PROD00235,SELL00129,2024-07-03 08:17:06,21.42,18.65
ORD000346,2,PROD00257,SELL00098,2024-10-10 12:37:56,744.13,24.95
ORD000346,3,PROD00140,SELL00051,2024-10-13 13:24:31,734.74,61.58
ORD000346,4,PROD00209,SELL00035,2024-03-11 06:18:58,440.1,30.66
ORD000347,1,PROD00184,SELL00109,2024-04-08 18:11:37,590.58,69.41
ORD000348,1,PROD00002,SELL00112,2023-12-05 07:45:13,693.89,9.2
ORD000348,2,PROD00228,SELL00031,2024-08-21 17:06:19,315.6,31.73
ORD000349,1,PROD00170,SELL00096,2023-08-14 23:09:25,848.24,63.2
ORD000350,1,PROD00390,SELL00113,2024-04-03 00:49:28,127.01,46.31
ORD000350,2,PROD00080,SELL00148,2023-09-18 01:31:13,291.27,17.24
ORD000351,1,PROD00370,SELL00057,2023-12-12 10:34:17,874.3,29.83
ORD000351,2,PROD00119,SELL00054,2024-12-18 08:07:00,818.79,44.09
ORD000352,1,PROD00140,SELL00042,2024-04-14 23:38:17,719.25,71.93
ORD000352,2,PROD00106,SELL00140,2024-03-01 17:21:18,49.23,12.82
ORD000352,3,PROD00088,SELL00053,2023-03-12 13:05:44,874.39,45.31
ORD000352,4,PROD00203,SELL00087,2023-10-20 14:33:13,713.01,36.6
ORD000353,1,PROD00374,SELL00030,2023-12-18 13:50:22,422.31,44.57
ORD000353,2,PROD00296,SELL00076,2023-10-13 18:44:48,553.72,27.28
ORD000353,3,PROD00266,SELL00021,2024-11-18 15:42:02,609.01,72.33
ORD000354,1,PROD00068,SELL00117,2023-07-02 22:42:16,217.01,19.06
ORD000355,1,PROD00361,SELL00030,2024-07-11 21:55:43,868.89,17.23
ORD000355,2,PROD00173,SELL00120,2024-12-07 15:56:10,307.31,45.1
ORD000356,1,PROD00006,SELL00120,2023-06-15 08:42:26,598.42,36.74
ORD000357,1,PROD00255,SELL00082,2024-08-30 10:09:35,246.67,28.46
ORD000357,2,PROD00219,SELL00141,2023-02-02 17:46:28,863.62,36.63
ORD000358,1,PROD00251,SELL00056,2023-07-31 02:09:13,578.02,49.6
ORD000359,1,PROD00047,SELL00125,2023-09-08 20:58:07,850.49,8.54
ORD000360,1,PROD00101,SELL00113,2024-05-31 18:09:38,629.02,23.1
ORD000361,1,PROD00375,SELL00071,2023-08-18 09:01:13,686.9,15.78
ORD000362,1,PROD00266,SELL00096,2024-07-15 02:45:21,501.51,9.0
ORD000363,1,PROD00183,SELL00059,2024-01-10 07:57:13,611.19,76.0
ORD000364,1,PROD00252,SELL00054,2023-11-30 14:41:53,262.98,65.61
ORD000365,1,PROD00132,SELL00148,2024-05-17 06:01:58,129.43,54.2
ORD000366,1,PROD00134,SELL00147,2024-01-26 13:19:08,422.81,79.85
ORD000367,1,PROD00059,SELL00006,2024-12-14 21:10:00,599.14,32.61
ORD000367,2,PROD00068,SELL00141,2024-05-21 12:24:06,605.99,27.19
ORD000368,1,PROD00320,SELL00087,2024-01-12 00:55:31,556.27,32.81
ORD000369,1,PROD00271,SELL00020,2024-12-05 22:54:29,301.93,53.64
ORD000369,2,PROD00228,SELL00056,2024-10-08 03:01:16,357.25,47.24
ORD000369,3,PROD00087,SELL00111,2024-01-09 10:25:16,407.15,27.53
ORD000370,1,PROD00338,SELL00046,2023-06-14 11:23:38,509.85,51.82
ORD000370,2,PROD00095,SELL00131,2024-01-11 05:13:17,130.92,68.99
ORD000370,3,PROD00121,SELL00038,2024-04-09 19:16:54,730.97,9.63
ORD000371,1,PROD00217,SELL00027,2023-03-18 14:21:29,458.05,63.11
ORD000371,2,PROD00141,SELL00058,2023-03-10 22:13:07,590.35,12.22
ORD000372,1,PROD00074,SELL00009,2024-01-19 17:53:32,178.7,27.45
ORD000372,2,PROD00325,SELL00074,2023-06-02 02:11:09,276.43,27.19
ORD000373,1,PROD00226,SELL00079,2023-05-19 17:14:33,50.72,65.51
ORD000373,2,PROD00355,SELL00061,2023-09-26 16:51:56,573.15,62.38
ORD000374,1,PROD00025,SELL00084,2023-05-25 10:55:45,468.91,63.1
ORD000375,1,PROD00015,SELL00056,2024-11-30 08:48:35,181.87,59.66
ORD000375,2,PROD00372,SELL00025,2023-06-22 10:21:31,167.49,75.29
ORD000375,3,PROD00110,SELL00004,2024-12-20 06:17:38,792.08,26.43
ORD000375,4,PROD00186,SELL00053,2024-03-22 08:30:12,530.73,79.9
ORD000376,1,PROD00127,SELL00081,2024-08-12 09:07:15,754.41,63.95
ORD000377,1,PROD00161,SELL00111,2024-07-18 01:24:43,720.54,11.64
ORD000378,1,PROD00041,SELL00029,2024-05-04 20:48:50,749.95,17.36
ORD000379,1,PROD00078,SELL00004,2023-10-17 17:25:11,517.84,58.06
ORD000380,1,PROD00347,SELL00083,2024-11-02 08:37:00,238.8,15.22
ORD000380,2,PROD00089,SELL00103,2024-02-21 00:17:49,815.25,29.37
ORD000381,1,PROD00276,SELL00134,2023-04-27 07:25:31,811.54,11.52
ORD000382,1,PROD00023,SELL00076,2023-08-27 09:32:19,670.8,59.74
ORD000382,2,PROD00037,SELL00098,2024-04-29 02:29:59,723.92,58.25
ORD000383,1,PROD00333,SELL00042,2024-03-18 06:24:15,546.73,56.42
ORD000384,1,PROD00143,SELL00064,2023-07-10 17:58:13,393.35,36.2
ORD000384,2,PROD00359,SELL00006,2023-04-29 04:14:29,226.71,66.45
ORD000384,3,PROD00117,SELL00112,2024-09-26 03:08:33,148.4,63.0
ORD000385,1,PROD00041,SELL00061,2023-08-18 01:26:08,641.36,42.69
ORD000385,2,PROD00305,SELL00088,2023-11-09 20:24:23,96.66,49.4
ORD000385,3,PROD00296,SELL00063,2024-09-08 01:50:50,45.42,51.36
ORD000386,1,PROD00231,SELL00020,2024-08-15 13:49:47,585.58,58.36
ORD000387,1,PROD00255,SELL00028,2023-07-12 04:15:37,282.29,32.03
ORD000387,2,PROD00003,SELL00071,2024-08-12 21:29:04,744.68,13.08
ORD000388,1,PROD00212,SELL00020,2023-07-16 11:41:05,151.36,55.3
ORD000389,1,PROD00048,SELL00086,2023-07-31 03:25:33,512.01,66.25
ORD000390,1,PROD00081,SELL00099,2024-10-03 14:30:57,149.17,62.03
ORD000391,1,PROD00358,SELL00036,2024-12-29 02:31:10,892.66,78.03
ORD000392,1,PROD00088,SELL00139,2023-08-11 19:56:48,90.29,69.37
ORD000392,2,PROD00350,SELL00042,2023-04-28 18:25:45,813.19,11.92
ORD000392,3,PROD00219,SELL00141,2023-02-06 11:41:21,716.97,40.94
ORD000393,1,PROD00083,SELL00105,2023-07-30 05:47:05,41.7,22.94
ORD000393,2,PROD00336,SELL00109,2023-09-12 09:55:08,35.29,71.55
ORD000394,1,PROD00203,SELL00036,2023-01-29 17:57:10,248.19,32.59
ORD000394,2,PROD00248,SELL00149,2024-05-01 14:13:48,82.8,72.08
ORD000394,3,PROD00214,SELL00144,2024-05-22 16:31:18,320.27,66.98
ORD000394,4,PROD00129,SELL00123,2024-01-02 23:46:32,321.88,57.75
ORD000395,1,PROD00136,SELL00058,2023-08-02 04:17:03,215.09,66.91
ORD000396,1,PROD00390,SELL00062,2024-10-19 18:20:37,754.19,54.66
ORD000397,1,PROD00052,SELL00016,2024-11-18 01:59:51,97.15,77.93
ORD000397,2,PROD00034,SELL00092,2024-03-26 01:07:40,294.18,71.66
ORD000398,1,PROD00308,SELL00060,2024-01-24 07:29:31,687.33,48.0
ORD000398,2,PROD00309,SELL00125,2024-04-17 00:49:36,68.48,34.92
ORD000398,3,PROD00360,SELL00017,2023-10-15 14:39:28,27.09,49.54
ORD000398,4,PROD00371,SELL00094,2024-02-11 14:27:43,823.89,69.7
ORD000399,1,PROD00092,SELL00039,2023-09-11 07:56:39,232.32,58.68
ORD000399,2,PROD00007,SELL00005,2024-05-19 03:56:08,625.67,9.44
ORD000400,1,PROD00092,SELL00004,2023-01-28 21:07:01,296.67,66.41
ORD000400,2,PROD00069,SELL00115,2023-10-08 23:52:58,453.5,73.48
ORD000401,1,PROD00111,SELL00118,2023-08-10 10:51:31,387.46,23.72
ORD000402,1,PROD00305,SELL00075,2023-12-12 19:27:40,42.1,61.45
ORD000403,1,PROD00329,SELL00073,2024-07-08 19:09:21,274.44,71.13
ORD000403,2,PROD00347,SELL00098,2024-10-28 06:13:46,503.57,51.73
ORD000404,1,PROD00335,SELL00073,2024-08-14 17:56:43,311.52,59.92
ORD000405,1,PROD00329,SELL00146,2024-07-08 05:08:50,479.27,71.7
ORD000406,1,PROD00119,SELL00070,2023-10-08 12:57:50,502.11,30.32
ORD000406,2,PROD00326,SELL00075,2023-08-05 22:34:51,294.98,70.27
ORD000407,1,PROD00313,SELL00100,2023-01-25 07:49:10,806.34,76.61
ORD000407,2,PROD00077,SELL00059,2023-06-19 08:33:49,828.61,43.95
ORD000408,1,PROD00112,SELL00045,2024-07-14 17:48:19,495.25,73.17
ORD000409,1,PROD00205,SELL00123,2023-07-17 05:17:33,792.06,68.09
ORD000410,1,PROD00141,SELL00121,2024-12-12 08:34:12,485.72,7.44
ORD000410,2,PROD00364,SELL00137,2024-06-15 11:19:49,378.91,37.92
ORD000410,3,PROD00172,SELL00129,2023-10-08 18:49:58,380.77,72.39
ORD000410,4,PROD00030,SELL00053,2024-12-29 09:40:32,396.19,40.97
ORD000411,1,PROD00232,SELL00065,2023-05-14 01:24:18,219.34,62.5
ORD000412,1,PROD00286,SELL00138,2023-06-22 20:56:17,108.5,29.97
ORD000413,1,PROD00154,SELL00139,2024-01-02 18:41:30,368.68,14.14
ORD000414,1,PROD00160,SELL00077,2023-10-03 09:12:49,468.89,13.32
ORD000415,1,PROD00222,SELL00137,2023-04-26 11:20:42,342.34,18.37
ORD000415,2,PROD00108,SELL00079,2023-03-12 02:38:47,644.54,57.73
ORD000416,1,PROD00237,SELL00029,2024-01-31 01:07:49,352.37,12.65
ORD000417,1,PROD00294,SELL00098,2024-06-12 22:07:15,791.54,10.71
ORD000417,2,PROD00342,SELL00094,2023-01-23 12:07:06,162.25,61.14
ORD000417,3,PROD00383,SELL00074,2023-10-04 13:48:07,317.4,58.2
ORD000418,1,PROD00388,SELL00096,2024-02-12 18:13:57,820.14,18.16
ORD000418,2,PROD00122,SELL00149,2023-09-19 08:25:39,873.25,33.48
ORD000418,3,PROD00187,SELL00054,2023-10-01 00:59:38,457.35,11.71
ORD000418,4,PROD00077,SELL00107,2024-11-23 09:55:42,190.59,70.8
ORD000419,1,PROD00244,SELL00060,2024-08-03 12:53:42,293.56,79.39
ORD000419,2,PROD00371,SELL00104,2023-01-30 00:19:22,611.99,64.09
ORD000420,1,PROD00214,SELL00043,2024-09-07 15:03:39,21.15,11.47
ORD000421,1,PROD00322,SELL00108,2023-06-03 08:01:47,136.84,42.24
ORD000421,2,PROD00282,SELL00118,2024-08-24 17:10:10,872.28,33.23
ORD000422,1,PROD00132,SELL00034,2024-10-29 16:12:09,622.99,56.78
ORD000422,2,PROD00012,SELL00083,2024-02-04 19:18:37,673.21,65.22
ORD000422,3,PROD00237,SELL00138,2023-02-26 21:09:03,220.1,32.57
ORD000423,1,PROD00139,SELL00046,2024-08-22 07:03:05,616.07,38.82
ORD000424,1,PROD00110,SELL00091,2023-03-29 14:47:46,706.09,50.34
ORD000425,1,PROD00128,SELL00109,2023-04-27 02:32:06,817.59,7.49
ORD000425,2,PROD00022,SELL00015,2023-09-23 00:42:04,182.24,65.26
ORD000426,1,PROD00400,SELL00111,2024-07-29 09:54:12,737.38,52.13
ORD000427,1,PROD00158,SELL00063,2024-04-19 01:14:06,674.77,40.54
ORD000428,1,PROD00128,SELL00004,2024-08-07 12:02:28,386.68,65.79
ORD000429,1,PROD00396,SELL00027,2023-05-08 11:06:01,525.12,70.72
ORD000429,2,PROD00333,SELL00105,2023-12-30 09:17:14,733.0,49.54
ORD000430,1,PROD00097,SELL00004,2023-12-04 10:41:33,677.73,37.08
ORD000431,1,PROD00020,SELL00078,2024-12-14 17:19:47,89.82,60.64
ORD000432,1,PROD00077,SELL00089,2024-03-21 04:44:55,632.87,31.53
ORD000432,2,PROD00073,SELL00005,2023-01-08 00:26:10,435.07,17.64
ORD000433,1,PROD00123,SELL00092,2023-03-10 23:36:21,870.66,60.69
ORD000434,1,PROD00144,SELL00038,2024-08-16 10:21:38,196.15,27.95
ORD000434,2,PROD00356,SELL00147,2023-07-08 08:31:41,631.95,28.92
ORD000434,3,PROD00005,SELL00059,2024-02-24 07:44:59,292.04,13.82
ORD000434,4,PROD00354,SELL00027,2024-03-08 10:08:23,502.46,66.75
ORD000435,1,PROD00347,SELL00146,2023-04-04 01:40:53,470.23,41.48
ORD000435,2,PROD00022,SELL00011,2024-04-21 20:15:00,61.92,38.37
ORD000435,3,PROD00376,SELL00087,2024-11-30 22:40:52,869.87,12.76
ORD000436,1,PROD00002,SELL00019,2023-03-18 08:42:59,595.66,38.64
ORD000437,1,PROD00011,SELL00147,2024-08-02 10:59:09,254.47,79.93
ORD000438,1,PROD00390,SELL00087,2023-10-23 06:19:31,94.53,74.08
ORD000439,1,PROD00063,SELL00070,2023-09-09 11:24:35,803.56,68.59
ORD000439,2,PROD00058,SELL00066,2024-07-08 07:21:15,646.57,63.04
ORD000440,1,PROD00140,SELL00030,2024-04-28 13:04:41,442.8,55.59
ORD000440,2,PROD00072,SELL00141,2024-08-10 20:11:58,775.61,54.38
ORD000441,1,PROD00062,SELL00135,2024-02-29 11:51:31,199.19,73.87
ORD000442,1,PROD00313,SELL00095,2024-04-28 03:29:24,578.93,76.29
ORD000443,1,PROD00392,SELL00047,2023-03-08 19:06:11,317.36,47.03
ORD000443,2,PROD00150,SELL00144,2023-02-08 18:59:45,780.79,77.01
ORD000444,1,PROD00386,SELL00140,2023-01-03 17:45:16,260.67,74.93
ORD000444,2,PROD00254,SELL00098,2024-03-02 04:20:31,659.03,14.06
ORD000445,1,PROD00034,SELL00030,2024-01-26 23:39:09,840.73,24.33
ORD000446,1,PROD00036,SELL00039,2024-05-31 08:46:43,106.22,48.69
ORD000447,1,PROD00069,SELL00109,2023-11-07 06:16:44,525.26,32.24
ORD000448,1,PROD00003,SELL00053,2023-08-06 18:47:36,282.25,73.87
ORD000448,2,PROD00400,SELL00056,2023-12-11 06:43:32,826.76,69.35
ORD000449,1,PROD00308,SELL00074,2023-10-27 20:22:23,899.99,55.18
ORD000450,1,PROD00046,SELL00034,2023-01-05 02:03:26,874.59,42.17
ORD000450,2,PROD00351,SELL00085,2023-05-04 23:01:46,429.85,47.04
ORD000451,1,PROD00311,SELL00028,2023-04-08 05:42:35,229.39,30.08
ORD000452,1,PROD00199,SELL00060,2023-02-01 20:02:48,590.07,62.82
ORD000453,1,PROD00230,SELL00074,2024-08-08 21:19:09,683.13,35.46
ORD000453,2,PROD00149,SELL00147,2024-02-20 14:59:53,68.46,35.68
ORD000453,3,PROD00065,SELL00104,2024-03-16 13:07:42,659.29,16.13
ORD000453,4,PROD00307,SELL00019,2024-07-16 07:49:41,820.85,68.27
ORD000454,1,PROD00058,SELL00139,2023-03-06 14:55:22,587.23,32.08
ORD000454,2,PROD00397,SELL00145,2024-11-15 19:16:56,287.08,61.85
ORD000455,1,PROD00398,SELL00127,2023-01-15 06:52:41,110.95,58.8
ORD000456,1,PROD00352,SELL00145,2024-08-30 00:46:15,674.35,5.72
ORD000456,2,PROD00061,SELL00130,2024-05-14 18:56:21,410.61,65.81
ORD000457,1,PROD00044,SELL00082,2024-03-02 15:49:29,482.04,43.41
ORD000457,2,PROD00315,SELL00044,2023-08-19 05:58:44,680.04,75.44
ORD000458,1,PROD00330,SELL00135,2024-12-24 01:16:43,723.49,64.59
ORD000459,1,PROD00011,SELL00143,2023-10-07 18:22:19,802.03,43.61
ORD000460,1,PROD00277,SELL00034,2024-03-21 17:54:09,151.78,57.14
ORD000461,1,PROD00025,SELL00086,2024-12-01 06:24:28,493.63,69.89
ORD000461,2,PROD00371,SELL00070,2024-05-01 10:25:38,559.89,31.07
ORD000462,1,PROD00138,SELL00147,2023-11-21 16:04:46,253.08,30.52
ORD000462,2,PROD00250,SELL00069,2024-01-05 10:03:19,132.91,40.32
ORD000463,1,PROD00324,SELL00114,2023-04-16 16:15:56,544.3,17.01
ORD000464,1,PROD00214,SELL00103,2023-12-25 00:07:37,255.23,40.75
ORD000464,2,PROD00321,SELL00105,2023-07-18 11:11:22,775.31,65.48
ORD000464,3,PROD00311,SELL00094,2023-06-02 02:13:16,310.45,14.93
ORD000464,4,PROD00001,SELL00135,2024-02-11 22:15:44,179.52,78.12
ORD000465,1,PROD00040,SELL00081,2024-02-03 09:18:33,214.8,21.25
ORD000465,2,PROD00223,SELL00089,2024-01-16 16:08:24,320.6,76.48
ORD000465,3,PROD00196,SELL00075,2023-02-03 16:48:02,212.07,5.76
ORD000465,4,PROD00262,SELL00096,2023-02-10 13:52:31,681.83,66.5
ORD000466,1,PROD00099,SELL00016,2023-05-31 23:34:02,91.59,43.62
ORD000467,1,PROD00306,SELL00108,2024-01-12 04:26:53,426.51,60.85
ORD000468,1,PROD00289,SELL00089,2024-10-10 20:55:34,641.66,20.01
ORD000469,1,PROD00197,SELL00075,2024-01-02 07:38:37,36.88,59.01
ORD000470,1,PROD00285,SELL00056,2023-08-02 07:04:04,832.87,35.61
ORD000471,1,PROD00329,SELL00017,2023-09-22 04:42:56,399.51,21.28
ORD000472,1,PROD00235,SELL00102,2023-06-13 18:55:09,850.15,57.29
ORD000473,1,PROD00221,SELL00050,2023-08-13 18:06:21,138.73,63.99
ORD000474,1,PROD00264,SELL00054,2023-08-01 03:42:50,179.82,61.32
ORD000474,2,PROD00329,SELL00138,2024-04-27 01:56:13,46.28,65.74
ORD000475,1,PROD00354,SELL00083,2024-11-01 07:33:32,628.24,28.41
ORD000476,1,PROD00342,SELL00090,2024-04-01 00:24:20,808.06,20.33
ORD000477,1,PROD00159,SELL00047,2023-07-21 04:30:25,184.11,71.52
ORD000478,1,PROD00062,SELL00144,2023-08-04 19:25:10,490.6,65.8
ORD000478,2,PROD00138,SELL00017,2023-03-26 04:39:21,263.62,34.9
ORD000479,1,PROD00291,SELL00092,2023-01-13 09:48:28,445.88,46.06
ORD000480,1,PROD00375,SELL00034,2024-12-28 23:21:51,404.3,49.43
ORD000481,1,PROD00397,SELL00128,2023-04-27 17:23:09,681.18,56.53
ORD000481,2,PROD00064,SELL00138,2024-01-30 19:40:25,855.29,47.85
ORD000482,1,PROD00258,SELL00125,2023-10-30 13:27:14,879.86,52.09
ORD000483,1,PROD00319,SELL00014,2024-12-08 05:14:44,330.54,27.68
ORD000483,2,PROD00031,SELL00057,2024-12-14 19:38:17,99.84,41.71
ORD000484,1,PROD00213,SELL00062,2024-03-21 10:32:07,425.26,55.15
ORD000484,2,PROD00162,SELL00079,2023-05-29 22:54:35,41.65,20.47
ORD000485,1,PROD00166,SELL00116,2024-09-08 15:36:27,190.42,77.73
ORD000485,2,PROD00385,SELL00033,2023-07-29 09:34:41,477.32,32.2
ORD000486,1,PROD00326,SELL00110,2023-08-07 23:08:37,132.52,79.4
ORD000486,2,PROD00279,SELL00080,2024-09-09 16:37:55,725.47,7.85
ORD000487,1,PROD00078,SELL00111,2024-11-24 18:51:19,552.36,73.53
ORD000487,2,PROD00031,SELL00114,2023-03-24 13:33:17,778.32,55.83
ORD000488,1,PROD00035,SELL00092,2024-01-19 21:10:38,161.01,49.54
ORD000489,1,PROD00006,SELL00008,2024-01-07 02:56:17,387.24,30.91
ORD000489,2,PROD00079,SELL00048,2023-05-11 12:04:26,617.63,59.56
ORD000490,1,PROD00069,SELL00138,2024-10-26 19:04:42,400.78,70.77
ORD000491,1,PROD00161,SELL00029,2024-10-23 16:39:57,608.92,7.76
ORD000492,1,PROD00265,SELL00094,2023-04-06 10:50:38,278.43,36.32
ORD000493,1,PROD00348,SELL00089,2023-09-10 05:10:54,525.65,44.89
ORD000493,2,PROD00319,SELL00096,2024-09-22 03:14:28,510.17,31.88
ORD000494,1,PROD00309,SELL00120,2023-07-09 11:18:07,15.86,44.58
ORD000494,2,PROD00115,SELL00085,2023-06-22 05:33:35,144.77,40.23
ORD000494,3,PROD00082,SELL00146,2024-02-15 08:48:41,106.3,31.44
ORD000495,1,PROD00316,SELL00096,2024-11-23 15:05:46,405.96,20.44
ORD000495,2,PROD00353,SELL00090,2024-09-21 12:15:47,216.65,50.28
ORD000495,3,PROD00078,SELL00023,2023-07-25 20:15:19,826.5,26.68
ORD000496,1,PROD00310,SELL00100,2024-02-29 13:11:26,298.54,60.81
ORD000497,1,PROD00336,SELL00150,2023-03-18 17:06:34,601.33,32.6
ORD000498,1,PROD00326,SELL00071,2023-06-03 03:18:52,449.18,7.35
ORD000499,1,PROD00071,SELL00070,2024-04-23 07:25:41,144.63,65.5
ORD000500,1,PROD00387,SELL00089,2023-06-21 12:46:36,347.8,56.22
ORD000501,1,PROD00373,SELL00070,2024-12-22 06:46:04,596.28,39.59
ORD000501,2,PROD00320,SELL00074,2023-10-19 18:23:10,165.46,59.73
ORD000502,1,PROD00058,SELL00011,2023-03-08 15:30:47,514.39,49.88
ORD000503,1,PROD00281,SELL00115,2023-05-07 01:12:55,19.5,12.2
ORD000503,2,PROD00029,SELL00044,2024-06-15 15:41:04,548.84,27.68
ORD000504,1,PROD00028,SELL00062,2024-03-28 07:34:06,873.61,6.72
ORD000505,1,PROD00273,SELL00119,2023-11-08 16:17:05,675.11,36.0
ORD000505,2,PROD00024,SELL00104,2024-08-07 22:51:46,699.59,46.82
ORD000505,3,PROD00126,SELL00098,2024-06-10 13:00:45,626.4,54.84
ORD000505,4,PROD00143,SELL00092,2023-10-14 03:19:35,558.42,52.26
ORD000506,1,PROD00318,SELL00072,2024-09-23 00:50:42,396.21,9.37
ORD000507,1,PROD00147,SELL00128,2023-10-27 23:55:05,453.65,73.88
ORD000508,1,PROD00388,SELL00056,2023-01-15 10:23:49,580.07,46.94
ORD000508,2,PROD00350,SELL00141,2023-09-10 09:53:58,324.81,41.81
ORD000509,1,PROD00081,SELL00073,2023-09-19 17:58:37,865.81,67.65
ORD000510,1,PROD00268,SELL00137,2024-07-06 16:02:14,624.47,77.64
ORD000510,2,PROD00089,SELL00031,2024-12-29 11:51:14,694.78,71.16
ORD000511,1,PROD00262,SELL00005,2023-12-06 14:09:45,849.9,7.25
ORD000512,1,PROD00336,SELL00119,2023-07-15 16:06:39,827.78,11.59
ORD000513,1,PROD00302,SELL00066,2024-03-29 03:17:51,806.13,60.51
ORD000514,1,PROD00336,SELL00075,2023-08-31 16:12:14,831.29,45.48
ORD000515,1,PROD00396,SELL00145,2024-09-12 14:40:58,736.53,31.61
ORD000516,1,PROD00073,SELL00098,2024-02-09 05:44:35,562.79,42.75
ORD000517,1,PROD00079,SELL00091,2024-06-07 20:46:36,66.12,22.98
ORD000517,2,PROD00234,SELL00002,2024-02-04 10:12:35,585.76,67.15
ORD000518,1,PROD00184,SELL00109,2023-09-29 08:05:36,553.31,52.98
ORD000519,1,PROD00210,SELL00021,2024-06-25 14:46:15,789.26,31.87
ORD000520,1,PROD00057,SELL00057,2023-04-15 12:56:58,171.47,13.41
ORD000521,1,PROD00234,SELL00111,2023-03-07 00:11:09,742.95,42.83
ORD000522,1,PROD00161,SELL00038,2023-11-14 15:16:38,54.83,29.76
ORD000523,1,PROD00084,SELL00088,2023-11-03 21:23:12,352.86,5.05
ORD000523,2,PROD00382,SELL00111,2024-02-17 09:27:00,725.11,20.9
ORD000524,1,PROD00049,SELL00137,2024-08-19 04:27:39,421.71,60.1
ORD000525,1,PROD00361,SELL00108,2023-07-10 06:27:34,794.99,36.95
ORD000525,2,PROD00110,SELL00003,2023-09-01 20:55:07,117.48,30.35
ORD000526,1,PROD00127,SELL00035,2023-12-26 20:04:13,373.48,28.48
ORD000526,2,PROD00189,SELL00137,2024-12-29 02:33:12,712.96,58.26
ORD000527,1,PROD00066,SELL00004,2023-11-06 04:27:52,814.1,8.33
ORD000527,2,PROD00168,SELL00126,2023-08-09 07:53:20,292.76,50.16
ORD000528,1,PROD00277,SELL00144,2024-11-08 14:36:12,762.91,36.2
ORD000529,1,PROD00391,SELL00045,2023-11-20 00:00:42,736.21,43.67
ORD000530,1,PROD00207,SELL00039,2024-05-08 07:01:39,37.93,48.96
ORD000530,2,PROD00264,SELL00092,2023-02-01 02:29:48,713.99,5.87
ORD000531,1,PROD00244,SELL00060,2024-04-21 03:26:49,275.46,31.54
ORD000532,1,PROD00132,SELL00097,2023-02-26 14:00:32,96.99,33.11
ORD000532,2,PROD00002,SELL00015,2023-04-03 21:45:46,676.69,54.06
ORD000532,3,PROD00263,SELL00058,2024-08-15 04:13:15,276.26,47.62
ORD000532,4,PROD00073,SELL00017,2024-01-18 01:19:02,182.88,35.09
ORD000533,1,PROD00270,SELL00042,2024-11-18 21:35:40,312.4,48.17
ORD000533,2,PROD00155,SELL00108,2024-02-26 19:22:43,212.01,74.65
ORD000533,3,PROD00232,SELL00116,2024-11-07 17:55:47,402.65,42.62
ORD000534,1,PROD00294,SELL00023,2023-11-15 22:13:15,21.89,5.86
ORD000535,1,PROD00075,SELL00144,2023-06-16 20:20:03,543.74,20.3
ORD000535,2,PROD00387,SELL00062,2024-01-10 00:37:43,817.85,76.57
ORD000535,3,PROD00307,SELL00005,2023-04-14 21:51:04,449.0,73.38
ORD000536,1,PROD00129,SELL00081,2023-08-01 05:06:55,151.02,49.32
ORD000537,1,PROD00223,SELL00034,2023-06-17 04:54:24,187.32,48.24
ORD000538,1,PROD00164,SELL00015,2023-09-29 01:30:19,786.31,69.47
ORD000539,1,PROD00380,SELL00073,2024-05-04 02:39:33,850.15,67.01
ORD000539,2,PROD00342,SELL00049,2024-01-07 19:00:39,843.04,40.34
ORD000540,1,PROD00164,SELL00096,2023-09-19 19:41:37,356.04,58.73
ORD000541,1,PROD00168,SELL00101,2023-07-05 15:05:31,368.49,10.12
ORD000542,1,PROD00103,SELL00006,2024-10-27 08:21:27,670.48,59.06
ORD000542,2,PROD00092,SELL00002,2024-08-29 13:29:35,826.41,79.6
ORD000543,1,PROD00120,SELL00025,2023-04-06 06:07:02,394.95,41.78
ORD000543,2,PROD00242,SELL00031,2023-02-19 23:25:08,112.5,46.58
ORD000543,3,PROD00304,SELL00028,2023-05-05 04:47:50,71.17,11.14
ORD000544,1,PROD00116,SELL00015,2024-11-26 22:22:34,643.75,63.49
ORD000544,2,PROD00385,SELL00081,2023-07-20 02:09:30,761.72,74.46
ORD000544,3,PROD00164,SELL00031,2024-06-04 18:02:02,176.17,31.79
ORD000545,1,PROD00053,SELL00060,2023-06-04 08:03:08,825.02,9.47
ORD000546,1,PROD00169,SELL00139,2024-09-06 15:40:23,266.77,54.71
ORD000547,1,PROD00254,SELL00025,2023-04-18 00:44:02,623.46,57.58
ORD000548,1,PROD00147,SELL00123,2024-08-07 14:43:46,637.95,52.49
ORD000548,2,PROD00075,SELL00098,2023-10-23 13:04:55,776.26,8.63
ORD000548,3,PROD00051,SELL00085,2023-03-08 05:07:58,42.29,17.25
ORD000549,1,PROD00112,SELL00096,2023-01-07 18:53:28,760.66,64.45
ORD000549,2,PROD00231,SELL00048,2023-04-16 20:16:20,123.37,63.95
ORD000550,1,PROD00390,SELL00141,2024-02-21 01:32:50,239.06,61.04
ORD000550,2,PROD00160,SELL00096,2024-12-09 22:15:09,790.65,57.61
ORD000551,1,PROD00151,SELL00109,2024-07-19 08:35:44,105.45,7.86
ORD000552,1,PROD00315,SELL00091,2024-08-02 12:49:49,514.07,24.77
ORD000553,1,PROD00066,SELL00115,2023-12-07 18:15:32,372.49,49.3
ORD000554,1,PROD00114,SELL00033,2024-04-12 09:32:57,747.51,56.92
ORD000555,1,PROD00198,SELL00101,2024-12-01 22:30:33,397.5,46.81
ORD000556,1,PROD00324,SELL00100,2024-10-31 01:28:44,824.38,31.13
ORD000556,2,PROD00054,SELL00031,2023-10-08 02:50:46,446.09,15.62
ORD000557,1,PROD00073,SELL00047,2023-10-25 22:35:03,603.66,54.34
ORD000558,1,PROD00379,SELL00024,2024-03-29 15:41:42,837.97,79.76
ORD000559,1,PROD00153,SELL00124,2024-10-04 19:25:47,765.46,55.59
ORD000560,1,PROD00395,SELL00080,2023-03-29 21:51:57,374.52,34.29
ORD000561,1,PROD00292,SELL00128,2023-10-20 18:02:09,187.8,12.18
ORD000561,2,PROD00032,SELL00042,2024-02-15 04:29:42,138.0,78.53
ORD000562,1,PROD00356,SELL00084,2024-06-15 11:39:25,274.74,58.41
ORD000563,1,PROD00049,SELL00052,2024-12-03 14:06:19,27.68,77.46
ORD000564,1,PROD00345,SELL00094,2023-03-28 04:24:14,728.87,76.8
ORD000565,1,PROD00156,SELL00064,2024-07-07 14:31:40,357.45,62.65
ORD000565,2,PROD00229,SELL00144,2023-11-12 21:43:39,400.32,62.6
ORD000566,1,PROD00179,SELL00004,2024-07-15 21:38:41,254.01,75.59
ORD000567,1,PROD00202,SELL00144,2024-05-09 23:40:57,898.16,55.63
ORD000567,2,PROD00223,SELL00078,2024-01-23 05:43:50,55.69,34.69
ORD000567,3,PROD00390,SELL00129,2024-12-01 10:45:12,757.68,60.95
ORD000568,1,PROD00363,SELL00106,2024-05-24 04:48:39,70.67,32.29
ORD000569,1,PROD00220,SELL00130,2023-06-01 09:57:30,649.37,16.06
ORD000570,1,PROD00136,SELL00087,2024-02-04 01:13:56,194.72,16.35
ORD000571,1,PROD00020,SELL00083,2024-09-26 11:14:48,299.11,67.77
ORD000572,1,PROD00065,SELL00067,2023-04-21 13:10:43,792.53,38.95
ORD000572,2,PROD00216,SELL00109,2023-06-03 00:18:01,860.87,9.24
ORD000573,1,PROD00246,SELL00035,2023-12-05 07:15:11,818.75,72.28
ORD000573,2,PROD00337,SELL00026,2023-05-02 18:45:06,694.27,19.13
ORD000574,1,PROD00370,SELL00109,2024-09-19 22:42:26,827.91,6.25
ORD000575,1,PROD00110,SELL00094,2023-05-10 04:29:57,602.54,23.17
ORD000576,1,PROD00332,SELL00011,2024-08-15 09:51:43,90.4,16.02
ORD000577,1,PROD00390,SELL00094,2023-04-22 10:05:28,801.86,21.97
ORD000577,2,PROD00030,SELL00040,2023-03-18 10:13:56,819.26,53.05
ORD000577,3,PROD00319,SELL00073,2024-07-05 17:40:32,777.98,65.56
ORD000578,1,PROD00056,SELL00044,2023-07-21 23:07:33,249.74,73.02
ORD000579,1,PROD00220,SELL00128,2024-07-11 05:30:08,753.51,49.38
ORD000580,1,PROD00317,SELL00111,2023-04-09 04:10:41,283.81,61.72
ORD000580,2,PROD00391,SELL00069,2023-08-22 03:22:34,392.97,44.82
ORD000581,1,PROD00305,SELL00002,2024-11-28 18:49:30,566.1,47.44
ORD000582,1,PROD00237,SELL00058,2023-02-13 20:38:19,111.51,6.16
ORD000583,1,PROD00229,SELL00080,2024-02-23 12:31:03,777.44,17.2
ORD000584,1,PROD00378,SELL00114,2024-03-21 07:54:08,474.6,51.24
ORD000584,2,PROD00347,SELL00109,2024-04-29 16:26:39,616.17,32.12
ORD000584,3,PROD00315,SELL00004,2023-12-22 04:38:31,875.58,63.22
ORD000584,4,PROD00141,SELL00117,2023-11-04 18:17:13,384.06,62.54
ORD000585,1,PROD00332,SELL00113,2024-05-20 22:48:32,486.87,19.66
ORD000586,1,PROD00329,SELL00083,2023-05-12 23:16:46,290.07,61.09
ORD000587,1,PROD00218,SELL00048,2024-04-22 19:09:54,304.34,10.07
ORD000588,1,PROD00120,SELL00057,2023-12-06 01:40:37,685.15,46.52
ORD000588,2,PROD00021,SELL00031,2024-01-10 08:23:19,886.64,23.88
ORD000589,1,PROD00181,SELL00004,2024-04-28 05:46:59,481.63,43.31
ORD000590,1,PROD00243,SELL00139,2024-03-21 13:49:26,246.87,34.75
ORD000591,1,PROD00055,SELL00105,2024-07-07 19:52:42,642.1,44.92
ORD000591,2,PROD00394,SELL00076,2024-12-24 18:13:28,873.33,27.44
ORD000591,3,PROD00045,SELL00143,2023-05-13 02:01:29,410.37,59.22
ORD000592,1,PROD00002,SELL00137,2023-08-09 14:12:01,292.36,10.42
ORD000592,2,PROD00370,SELL00150,2023-04-16 13:31:22,506.57,50.31
ORD000593,1,PROD00087,SELL00088,2023-04-08 23:54:30,642.77,34.71
ORD000593,2,PROD00188,SELL00053,2023-10-30 02:59:34,594.53,41.06
ORD000594,1,PROD00202,SELL00012,2024-10-12 04:26:02,859.91,21.49
ORD000595,1,PROD00077,SELL00089,2023-10-21 12:56:32,358.11,25.8
ORD000596,1,PROD00302,SELL00029,2023-11-10 12:50:06,712.78,49.81
ORD000597,1,PROD00247,SELL00041,2023-08-07 02:31:00,291.02,74.87
ORD000597,2,PROD00038,SELL00018,2024-05-05 03:31:12,541.72,50.92
ORD000598,1,PROD00101,SELL00027,2023-08-21 08:50:55,619.92,32.18
ORD000598,2,PROD00194,SELL00003,2024-04-06 05:59:38,800.14,63.91
ORD000599,1,PROD00337,SELL00059,2023-04-05 00:54:56,760.17,40.06
ORD000599,2,PROD00230,SELL00145,2024-10-10 11:00:55,678.75,60.97
ORD000600,1,PROD00399,SELL00020,2024-01-09 19:45:37,281.85,49.97
ORD000601,1,PROD00197,SELL00026,2024-10-03 02:30:20,735.14,58.77
ORD000601,2,PROD00314,SELL00069,2023-04-05 17:20:11,664.29,44.26
ORD000602,1,PROD00256,SELL00035,2023-05-14 04:12:32,62.51,58.29
ORD000603,1,PROD00125,SELL00056,2023-09-19 07:54:48,537.83,42.44
ORD000604,1,PROD00085,SELL00033,2023-05-11 17:52:42,880.2,21.47
ORD000605,1,PROD00330,SELL00095,2023-08-04 07:48:20,531.28,8.38
ORD000605,2,PROD00243,SELL00139,2023-08-23 21:55:16,119.01,17.55
ORD000605,3,PROD00260,SELL00126,2024-03-25 00:30:06,299.52,46.76
ORD000606,1,PROD00189,SELL00016,2023-11-16 19:07:40,197.96,13.82
ORD000607,1,PROD00090,SELL00055,2024-04-15 17:10:13,365.76,39.75
ORD000608,1,PROD00387,SELL00032,2023-01-19 08:03:10,454.29,5.48
ORD000608,2,PROD00315,SELL00120,2023-12-28 14:38:39,371.38,35.83
ORD000609,1,PROD00379,SELL00057,2023-05-23 05:54:00,609.91,38.7
ORD000610,1,PROD00105,SELL00148,2023-07-05 23:29:03,501.42,16.6
ORD000610,2,PROD00015,SELL00114,2023-08-06 18:19:47,491.81,14.07
ORD000610,3,PROD00127,SELL00082,2023-06-18 17:30:14,382.57,76.88
ORD000611,1,PROD00383,SELL00127,2024-03-12 09:31:05,246.51,38.03
ORD000612,1,PROD00078,SELL00013,2023-01-12 10:53:58,205.71,20.45
ORD000612,2,PROD00161,SELL00150,2024-08-23 15:41:17,653.9,32.01
ORD000613,1,PROD00375,SELL00009,2024-02-16 14:35:45,601.1,7.75
ORD000614,1,PROD00396,SELL00061,2024-07-10 12:49:38,366.43,71.56
ORD000614,2,PROD00157,SELL00098,2023-07-27 09:11:19,889.86,12.09
ORD000615,1,PROD00098,SELL00036,2024-06-17 10:05:22,249.19,79.89
ORD000615,2,PROD00225,SELL00057,2023-04-04 04:05:41,526.78,79.97
ORD000616,1,PROD00189,SELL00058,2024-03-19 12:47:49,597.17,78.61
ORD000616,2,PROD00170,SELL00111,2023-07-05 04:18:32,101.8,77.52
ORD000616,3,PROD00086,SELL00009,2023-08-29 17:01:40,40.74,34.16
ORD000616,4,PROD00383,SELL00121,2024-12-25 00:41:27,508.24,11.63
ORD000617,1,PROD00213,SELL00145,2024-01-21 09:11:25,643.63,75.35
ORD000618,1,PROD00193,SELL00002,2024-02-25 12:18:28,483.19,11.24
ORD000618,2,PROD00051,SELL00055,2024-07-19 22:46:15,527.76,74.43
ORD000619,1,PROD00235,SELL00038,2023-03-17 22:40:13,521.85,24.35
ORD000619,2,PROD00312,SELL00079,2023-07-22 03:48:04,233.37,48.04
ORD000620,1,PROD00279,SELL00064,2024-12-06 14:20:26,770.06,19.51
ORD000621,1,PROD00247,SELL00006,2024-04-17 15:34:15,454.44,41.66
ORD000622,1,PROD00143,SELL00083,2023-08-03 13:08:21,436.47,32.46
ORD000623,1,PROD00357,SELL00090,2023-11-13 03:15:04,391.25,20.65
ORD000623,2,PROD00254,SELL00091,2023-03-16 21:17:34,444.69,79.88
ORD000624,1,PROD00041,SELL00096,2023-01-25 19:56:31,700.37,79.69
ORD000625,1,PROD00318,SELL00079,2024-05-18 04:44:35,722.51,18.44
ORD000625,2,PROD00003,SELL00037,2023-01-14 17:50:26,184.91,50.59
ORD000626,1,PROD00200,SELL00125,2023-02-03 03:25:17,116.76,69.94
ORD000626,2,PROD00116,SELL00127,2023-04-19 12:10:18,81.37,21.8
ORD000627,1,PROD00246,SELL00064,2023-07-07 07:14:18,870.81,28.09
ORD000628,1,PROD00231,SELL00114,2023-03-18 09:31:21,237.24,51.39
ORD000629,1,PROD00143,SELL00137,2024-06-21 14:20:13,549.28,11.53
ORD000629,2,PROD00170,SELL00066,2023-09-14 16:45:28,101.07,75.03
ORD000629,3,PROD00369,SELL00132,2024-10-05 23:58:53,638.07,6.39
ORD000629,4,PROD00234,SELL00149,2023-12-17 17:31:12,548.47,76.68
ORD000630,1,PROD00391,SELL00109,2024-04-10 22:19:19,600.41,7.01
ORD000631,1,PROD00158,SELL00111,2024-02-01 16:27:36,352.09,54.97
ORD000631,2,PROD00078,SELL00140,2024-11-22 14:21:35,175.63,7.74
ORD000631,3,PROD00264,SELL00069,2023-07-18 16:40:40,119.58,65.07
ORD000632,1,PROD00103,SELL00107,2023-02-28 13:14:48,285.41,55.6
ORD000633,1,PROD00043,SELL00009,2023-06-12 09:43:10,357.45,47.44
ORD000634,1,PROD00180,SELL00036,2024-11-11 23:30:20,564.1,40.17
ORD000634,2,PROD00042,SELL00010,2024-03-30 22:30:10,337.17,73.63
ORD000634,3,PROD00265,SELL00046,2024-05-15 16:59:58,187.99,62.62
ORD000635,1,PROD00212,SELL00034,2024-11-25 22:31:18,117.33,30.17
ORD000636,1,PROD00399,SELL00024,2023-07-30 22:46:05,869.08,55.69
ORD000637,1,PROD00395,SELL00034,2023-01-05 21:20:39,661.19,68.75
ORD000637,2,PROD00009,SELL00117,2024-06-04 20:05:28,390.25,30.52
ORD000638,1,PROD00228,SELL00132,2024-03-06 02:17:16,782.72,56.5
ORD000638,2,PROD00035,SELL00068,2023-12-18 22:01:32,45.92,61.71
ORD000639,1,PROD00204,SELL00105,2024-05-05 21:31:24,848.46,42.57
ORD000640,1,PROD00339,SELL00071,2023-07-19 14:57:14,203.1,57.26
ORD000641,1,PROD00141,SELL00060,2024-01-27 07:18:34,797.08,8.83
ORD000642,1,PROD00085,SELL00087,2024-03-10 12:46:00,365.12,41.96
ORD000643,1,PROD00186,SELL00053,2023-12-09 18:52:07,730.5,64.89
ORD000644,1,PROD00358,SELL00028,2023-09-23 21:14:23,671.15,33.88
ORD000645,1,PROD00070,SELL00135,2023-12-24 12:52:24,875.62,60.84
ORD000645,2,PROD00076,SELL00047,2023-09-02 10:00:54,760.13,65.69
ORD000646,1,PROD00206,SELL00140,2024-10-25 01:18:48,817.81,69.77
ORD000646,2,PROD00380,SELL00093,2023-01-25 13:16:21,649.46,14.73
ORD000646,3,PROD00133,SELL00066,2024-09-06 23:34:23,228.58,42.14
ORD000647,1,PROD00115,SELL00056,2024-06-20 22:15:03,656.6,55.94
ORD000648,1,PROD00133,SELL00026,2023-09-22 12:06:56,792.47,53.13
ORD000649,1,PROD00077,SELL00129,2023-12-24 10:10:55,224.77,65.35
ORD000649,2,PROD00199,SELL00012,2024-05-08 19:06:49,505.26,75.64
ORD000649,3,PROD00061,SELL00134,2023-08-10 07:14:06,21.45,22.22
ORD000650,1,PROD00231,SELL00078,2023-07-13 06:47:28,344.11,35.22
ORD000650,2,PROD00275,SELL00145,2024-02-21 21:52:32,653.63,14.06
ORD000651,1,PROD00335,SELL00092,2024-12-14 10:04:27,878.78,44.36
ORD000652,1,PROD00013,SELL00123,2023-08-03 02:00:56,40.82,21.61
ORD000652,2,PROD00074,SELL00104,2023-03-31 12:48:24,871.32,70.66
ORD000653,1,PROD00158,SELL00090,2024-12-24 09:22:39,793.72,21.38
ORD000654,1,PROD00275,SELL00057,2023-05-25 14:50:26,293.09,8.44
ORD000654,2,PROD00330,SELL00130,2024-06-29 16:27:18,334.45,22.28
ORD000655,1,PROD00056,SELL00125,2023-10-26 14:21:56,397.21,20.16
ORD000655,2,PROD00120,SELL00121,2023-09-30 14:20:54,428.54,53.58
ORD000656,1,PROD00099,SELL00071,2023-05-20 17:41:00,674.83,23.57
ORD000656,2,PROD00329,SELL00007,2024-09-26 17:16:38,188.96,63.78
ORD000656,3,PROD00168,SELL00087,2023-05-31 01:57:16,249.04,30.18
ORD000657,1,PROD00129,SELL00081,2023-03-13 01:56:35,685.75,26.28
ORD000657,2,PROD00190,SELL00018,2024-10-05 17:48:44,791.26,6.59
ORD000658,1,PROD00355,SELL00103,2024-11-29 21:42:41,442.4,45.0
ORD000659,1,PROD00265,SELL00124,2023-09-26 21:33:01,361.69,78.26
ORD000660,1,PROD00306,SELL00118,2023-07-27 18:52:23,436.06,52.54
ORD000660,2,PROD00378,SELL00069,2023-01-23 15:33:02,188.74,22.7
ORD000660,3,PROD00126,SELL00120,2023-11-26 16:16:53,92.17,23.87
ORD000661,1,PROD00019,SELL00001,2024-04-29 19:13:39,343.52,57.94
ORD000661,2,PROD00398,SELL00150,2023-01-24 12:31:20,537.19,69.13
ORD000661,3,PROD00398,SELL00111,2024-12-03 06:40:41,606.78,62.64
ORD000662,1,PROD00247,SELL00145,2024-02-18 19:13:07,179.37,40.05
ORD000663,1,PROD00257,SELL00089,2024-05-07 03:06:06,397.95,40.28
ORD000664,1,PROD00100,SELL00013,2023-05-03 05:49:21,824.16,45.63
ORD000664,2,PROD00151,SELL00104,2024-02-13 03:27:12,545.75,22.94
ORD000665,1,PROD00178,SELL00081,2024-05-18 16:48:38,519.44,14.55
ORD000665,2,PROD00400,SELL00047,2024-08-25 18:57:57,239.39,49.87
ORD000665,3,PROD00381,SELL00046,2023-04-15 07:32:25,869.37,77.0
ORD000666,1,PROD00373,SELL00059,2024-05-27 16:14:04,234.89,35.84
ORD000666,2,PROD00387,SELL00099,2024-06-01 00:25:34,22.95,73.75
ORD000666,3,PROD00099,SELL00143,2023-02-15 22:51:49,448.01,9.96
ORD000667,1,PROD00342,SELL00099,2023-05-02 01:05:27,372.95,53.09
ORD000667,2,PROD00085,SELL00139,2024-05-22 01:18:14,739.52,25.05
ORD000668,1,PROD00151,SELL00040,2024-11-28 23:30:05,482.02,62.1
ORD000668,2,PROD00199,SELL00110,2023-10-03 18:39:06,281.73,44.82
ORD000668,3,PROD00257,SELL00134,2023-08-22 09:15:32,872.55,65.41
ORD000668,4,PROD00121,SELL00058,2024-04-18 07:45:27,473.03,62.66
ORD000669,1,PROD00244,SELL00036,2024-12-07 00:15:48,781.47,54.5
ORD000670,1,PROD00071,SELL00007,2024-05-05 06:43:29,791.71,51.51
ORD000670,2,PROD00006,SELL00048,2023-07-13 04:17:05,469.95,51.08
ORD000670,3,PROD00390,SELL00045,2024-06-02 08:54:54,782.18,46.56
ORD000671,1,PROD00302,SELL00043,2023-09-20 08:56:44,710.5,65.27
ORD000671,2,PROD00068,SELL00004,2024-05-19 18:54:20,669.33,11.2
ORD000672,1,PROD00034,SELL00092,2023-09-25 09:43:36,567.39,67.15
ORD000673,1,PROD00035,SELL00117,2023-11-20 21:23:41,502.48,54.42
ORD000673,2,PROD00396,SELL00097,2023-07-10 22:46:40,205.82,19.99
ORD000673,3,PROD00144,SELL00057,2024-01-16 15:51:49,44.8,51.97
ORD000674,1,PROD00192,SELL00094,2024-03-09 22:32:54,646.22,30.67
ORD000675,1,PROD00171,SELL00054,2023-06-12 07:31:35,62.87,60.74
ORD000675,2,PROD00330,SELL00066,2023-05-14 22:06:07,752.56,53.67
ORD000676,1,PROD00363,SELL00039,2023-07-20 07:58:17,597.68,35.17
ORD000676,2,PROD00315,SELL00082,2023-06-19 08:57:08,33.88,50.03
ORD000676,3,PROD00244,SELL00126,2023-12-28 09:38:19,332.02,77.32
ORD000677,1,PROD00106,SELL00061,2024-09-03 23:23:55,880.95,7.2
ORD000677,2,PROD00277,SELL00057,2023-10-09 02:11:20,539.95,65.24
ORD000677,3,PROD00190,SELL00091,2023-08-02 05:56:50,726.81,56.2
ORD000677,4,PROD00056,SELL00039,2024-10-05 22:10:56,37.79,15.95
ORD000678,1,PROD00381,SELL00010,2023-12-01 00:09:33,97.67,78.23
ORD000679,1,PROD00115,SELL00055,2024-06-28 05:05:54,128.3,10.88
ORD000680,1,PROD00024,SELL00047,2024-01-29 18:49:47,685.89,56.97
ORD000680,2,PROD00025,SELL00069,2023-11-05 19:14:11,126.79,73.14
ORD000681,1,PROD00322,SELL00112,2023-09-01 02:02:08,706.86,7.44
ORD000681,2,PROD00139,SELL00143,2024-06-27 10:28:53,819.95,30.99
ORD000681,3,PROD00126,SELL00090,2024-06-12 13:04:03,642.3,21.31
ORD000682,1,PROD00181,SELL00126,2023-07-29 21:22:07,744.73,50.0
ORD000683,1,PROD00143,SELL00052,2023-12-04 23:13:55,847.94,16.28
ORD000683,2,PROD00267,SELL00004,2023-04-18 13:38:38,616.72,22.75
ORD000684,1,PROD00337,SELL00040,2024-11-25 06:50:14,489.17,41.45
ORD000684,2,PROD00399,SELL00109,2024-03-23 09:59:37,691.75,70.28
ORD000684,3,PROD00167,SELL00029,2023-04-11 18:21:58,768.98,49.02
ORD000685,1,PROD00068,SELL00062,2024-04-23 15:14:53,785.68,32.38
ORD000686,1,PROD00023,SELL00119,2023-03-23 12:15:11,708.35,54.6
ORD000686,2,PROD00277,SELL00005,2023-09-07 01:57:10,816.16,49.38
ORD000687,1,PROD00118,SELL00001,2024-09-27 11:57:16,124.68,36.74
ORD000687,2,PROD00227,SELL00009,2024-05-28 16:30:38,762.79,24.64
ORD000687,3,PROD00064,SELL00081,2023-12-13 00:32:32,358.1,55.64
ORD000688,1,PROD00276,SELL00096,2023-10-16 21:18:23,689.55,43.44
ORD000688,2,PROD00065,SELL00035,2023-11-30 01:06:31,669.41,71.36
ORD000689,1,PROD00108,SELL00035,2024-02-21 10:34:33,135.56,24.15
ORD000690,1,PROD00371,SELL00118,2024-02-27 21:41:14,826.94,7.01
ORD000691,1,PROD00057,SELL00132,2024-12-15 07:39:28,321.8,31.42
ORD000691,2,PROD00199,SELL00101,2024-06-07 02:49:57,340.92,29.95
ORD000691,3,PROD00171,SELL00033,2024-12-29 04:52:57,775.04,43.08
ORD000692,1,PROD00185,SELL00026,2023-11-04 16:16:32,410.27,63.2
ORD000692,2,PROD00123,SELL00006,2024-05-23 17:57:19,694.36,38.9
ORD000693,1,PROD00243,SELL00033,2023-10-18 04:16:37,523.37,18.49
ORD000694,1,PROD00387,SELL00099,2023-10-23 21:21:52,470.17,16.13
ORD000695,1,PROD00105,SELL00148,2024-09-22 01:24:11,234.76,49.71
ORD000695,2,PROD00372,SELL00089,2023-10-19 12:02:56,30.07,9.66
ORD000696,1,PROD00313,SELL00129,2023-11-14 20:43:24,545.86,26.32
ORD000696,2,PROD00369,SELL00021,2023-09-29 03:50:31,623.87,36.2
ORD000696,3,PROD00365,SELL00018,2024-11-25 20:31:17,401.19,14.94
ORD000697,1,PROD00168,SELL00026,2023-05-01 05:36:30,388.27,68.41
ORD000698,1,PROD00263,SELL00001,2023-01-31 06:08:39,533.72,30.76
ORD000699,1,PROD00116,SELL00063,2023-01-22 13:40:31,396.37,24.76
ORD000699,2,PROD00362,SELL00018,2023-06-06 17:52:12,281.5,63.67
ORD000700,1,PROD00153,SELL00085,2023-03-06 10:18:16,442.17,32.03
ORD000701,1,PROD00150,SELL00118,2023-07-26 10:03:35,854.37,57.01
ORD000701,2,PROD00080,SELL00005,2024-10-14 01:47:58,106.35,72.98
ORD000702,1,PROD00199,SELL00112,2024-07-23 08:45:43,265.38,32.34
ORD000703,1,PROD00072,SELL00024,2023-12-11 13:14:08,327.58,51.69
ORD000703,2,PROD00221,SELL00001,2023-05-06 15:26:09,832.41,65.11
ORD000704,1,PROD00304,SELL00020,2023-07-28 13:34:51,861.34,54.77
ORD000704,2,PROD00352,SELL00097,2024-05-10 15:05:44,717.98,74.58
ORD000704,3,PROD00020,SELL00033,2024-09-19 12:57:57,382.06,9.05
ORD000704,4,PROD00268,SELL00117,2024-08-17 03:20:13,686.39,27.61
ORD000705,1,PROD00396,SELL00146,2023-10-28 07:18:55,384.38,58.82
ORD000706,1,PROD00027,SELL00094,2024-11-27 17:10:06,93.58,73.3
ORD000707,1,PROD00034,SELL00006,2024-08-15 16:37:52,692.87,12.01
ORD000708,1,PROD00280,SELL00075,2023-02-17 22:25:48,212.41,46.7
ORD000709,1,PROD00139,SELL00121,2024-11-27 15:18:00,229.67,10.14
ORD000709,2,PROD00140,SELL00028,2024-06-14 18:25:46,46.9,48.18
ORD000710,1,PROD00170,SELL00112,2023-04-01 01:12:59,586.91,6.83
ORD000711,1,PROD00142,SELL00099,2024-09-03 02:51:00,714.2,46.39
ORD000712,1,PROD00091,SELL00100,2023-02-14 05:53:22,341.94,20.35
ORD000713,1,PROD00215,SELL00027,2023-07-14 08:38:31,57.91,50.83
ORD000714,1,PROD00163,SELL00095,2024-05-26 21:23:16,847.28,37.51
ORD000714,2,PROD00115,SELL00088,2024-11-12 08:35:59,52.67,73.22
ORD000715,1,PROD00299,SELL00052,2024-11-01 02:17:09,578.11,43.91
ORD000716,1,PROD00027,SELL00040,2023-10-18 16:22:35,559.22,44.62
ORD000717,1,PROD00152,SELL00001,2024-04-08 15:44:19,681.13,35.92
ORD000718,1,PROD00196,SELL00078,2023-05-19 00:17:15,676.74,25.47
ORD000719,1,PROD00310,SELL00100,2023-07-10 10:42:08,279.6,57.45
ORD000720,1,PROD00304,SELL00147,2024-05-07 10:07:30,692.84,37.62
ORD000721,1,PROD00108,SELL00001,2023-01-31 09:22:51,737.31,28.02
ORD000722,1,PROD00090,SELL00098,2023-06-20 18:01:08,509.54,62.49
ORD000723,1,PROD00196,SELL00045,2024-08-31 23:42:34,399.17,22.97
ORD000724,1,PROD00393,SELL00042,2024-04-30 16:09:07,97.24,56.98
ORD000725,1,PROD00106,SELL00132,2023-06-22 11:19:36,282.58,50.7
ORD000725,2,PROD00392,SELL00036,2023-04-01 11:08:22,358.53,38.44
ORD000726,1,PROD00144,SELL00049,2023-08-11 20:43:04,242.66,66.16
ORD000726,2,PROD00356,SELL00002,2023-04-05 11:54:25,560.69,30.12
ORD000726,3,PROD00150,SELL00112,2023-11-15 23:47:47,307.3,37.79
ORD000727,1,PROD00154,SELL00083,2023-06-06 22:48:50,559.32,5.77
ORD000728,1,PROD00332,SELL00009,2024-07-22 20:35:01,717.62,61.93
ORD000729,1,PROD00007,SELL00060,2024-02-02 14:13:00,252.42,76.64
ORD000729,2,PROD00106,SELL00077,2024-06-15 02:19:32,385.2,79.7
ORD000730,1,PROD00125,SELL00097,2023-07-06 05:03:52,122.74,78.98
ORD000730,2,PROD00294,SELL00104,2023-09-06 23:39:47,525.24,64.3
ORD000730,3,PROD00331,SELL00072,2023-05-20 09:41:43,572.68,71.08
ORD000730,4,PROD00307,SELL00098,2023-07-10 01:54:35,354.58,41.8
ORD000731,1,PROD00135,SELL00016,2024-07-25 09:49:28,198.89,41.45
ORD000732,1,PROD00136,SELL00058,2023-07-28 18:44:20,357.32,58.42
ORD000733,1,PROD00231,SELL00111,2024-06-17 11:53:51,829.13,58.01
ORD000734,1,PROD00036,SELL00137,2023-12-04 11:56:13,231.48,74.62
ORD000735,1,PROD00198,SELL00026,2023-11-30 16:21:37,622.54,73.5
ORD000736,1,PROD00035,SELL00029,2024-01-16 16:45:42,591.78,54.96
ORD000736,2,PROD00101,SELL00046,2023-01-03 01:58:12,459.64,47.12
ORD000737,1,PROD00040,SELL00080,2023-05-15 14:24:11,313.53,68.73
ORD000737,2,PROD00282,SELL00035,2024-03-10 09:30:27,578.92,40.92
ORD000737,3,PROD00356,SELL00137,2023-09-28 07:49:18,580.65,75.55
ORD000738,1,PROD00228,SELL00090,2023-02-07 13:23:07,825.21,17.42
ORD000738,2,PROD00067,SELL00073,2024-03-20 12:55:47,378.81,24.15
ORD000738,3,PROD00152,SELL00084,2023-09-17 06:27:54,185.7,23.85
ORD000738,4,PROD00299,SELL00089,2023-03-31 18:34:20,52.45,26.89
ORD000739,1,PROD00185,SELL00072,2024-01-13 04:59:54,236.3,58.65
ORD000740,1,PROD00248,SELL00020,2023-04-05 20:48:47,303.33,52.37
ORD000741,1,PROD00094,SELL00081,2023-01-23 12:23:27,322.63,75.8
ORD000741,2,PROD00063,SELL00058,2023-08-30 08:08:53,376.83,52.05
ORD000741,3,PROD00202,SELL00046,2023-11-24 01:48:29,295.19,68.92
ORD000741,4,PROD00321,SELL00101,2023-07-12 06:45:30,495.93,51.94
ORD000742,1,PROD00078,SELL00023,2024-05-02 15:24:44,642.97,42.55
ORD000742,2,PROD00054,SELL00056,2023-07-10 17:50:21,378.52,79.63
ORD000743,1,PROD00314,SELL00044,2023-10-13 04:41:29,627.28,8.57
ORD000743,2,PROD00223,SELL00089,2023-01-02 14:38:38,198.38,46.1
ORD000744,1,PROD00167,SELL00022,2024-09-22 02:49:07,883.81,65.03
ORD000745,1,PROD00063,SELL00103,2023-06-04 04:37:14,449.59,7.86
ORD000745,2,PROD00109,SELL00076,2023-12-24 16:42:58,548.78,44.66
ORD000746,1,PROD00244,SELL00011,2023-10-30 21:07:51,594.07,67.51
ORD000746,2,PROD00078,SELL00029,2024-09-24 21:47:39,751.22,35.48
ORD000746,3,PROD00303,SELL00104,2024-04-29 00:41:23,33.52,68.54
ORD000747,1,PROD00110,SELL00059,2023-04-08 04:06:59,325.94,51.53
ORD000747,2,PROD00071,SELL00037,2024-05-30 07:03:13,724.57,21.17
ORD000748,1,PROD00174,SELL00012,2024-05-10 17:26:41,848.83,5.47
ORD000749,1,PROD00081,SELL00079,2023-08-15 01:27:42,671.68,32.47
ORD000749,2,PROD00236,SELL00014,2023-06-06 05:05:41,393.87,5.81
ORD000750,1,PROD00320,SELL00059,2023-12-14 07:19:27,501.54,39.18
ORD000751,1,PROD00200,SELL00032,2023-09-02 05:38:35,112.55,79.88
ORD000751,2,PROD00388,SELL00108,2024-09-16 04:35:49,53.7,23.44
ORD000752,1,PROD00307,SELL00015,2024-02-28 15:28:23,235.29,11.52
ORD000753,1,PROD00211,SELL00149,2023-08-15 07:19:37,367.36,8.24
ORD000754,1,PROD00050,SELL00041,2023-12-14 18:34:31,815.33,77.6
ORD000755,1,PROD00351,SELL00082,2023-11-30 12:04:44,690.11,23.79
ORD000756,1,PROD00369,SELL00071,2023-02-25 08:48:33,387.57,75.51
ORD000757,1,PROD00154,SELL00026,2023-05-28 16:33:17,804.11,61.05
ORD000758,1,PROD00369,SELL00103,2023-12-31 15:53:49,114.77,5.58
ORD000758,2,PROD00130,SELL00011,2024-08-15 00:05:59,501.63,8.13
ORD000759,1,PROD00001,SELL00057,2023-07-02 03:01:49,861.89,62.95
ORD000760,1,PROD00397,SELL00093,2024-12-05 21:48:09,95.81,33.73
ORD000760,2,PROD00084,SELL00063,2023-09-04 13:17:18,194.31,18.52
ORD000761,1,PROD00399,SELL00142,2024-12-13 08:25:23,181.05,65.26
ORD000761,2,PROD00312,SELL00007,2023-10-07 19:17:12,29.78,69.88
ORD000762,1,PROD00226,SELL00133,2023-03-25 15:14:27,530.74,28.98
ORD000763,1,PROD00112,SELL00077,2024-08-18 10:48:22,738.66,72.23
ORD000764,1,PROD00161,SELL00023,2023-08-21 01:10:03,776.71,57.97
ORD000765,1,PROD00014,SELL00048,2024-02-27 19:14:08,171.32,56.26
ORD000766,1,PROD00169,SELL00001,2023-04-24 20:52:54,570.85,56.31
ORD000766,2,PROD00352,SELL00124,2023-11-08 02:30:20,36.73,59.06
ORD000767,1,PROD00110,SELL00081,2024-12-28 11:05:48,592.41,9.86
ORD000767,2,PROD00091,SELL00032,2023-11-20 03:35:14,496.77,7.46
ORD000767,3,PROD00255,SELL00091,2023-10-19 14:14:55,59.16,21.6
ORD000768,1,PROD00161,SELL00138,2024-03-02 07:23:38,655.21,21.82
ORD000768,2,PROD00243,SELL00031,2024-05-08 13:24:34,691.1,5.49
ORD000769,1,PROD00221,SELL00020,2023-02-24 00:06:19,186.25,57.54
ORD000769,2,PROD00345,SELL00099,2023-10-16 04:21:05,526.21,45.52
ORD000770,1,PROD00371,SELL00061,2024-04-04 01:12:06,891.91,22.5
ORD000771,1,PROD00111,SELL00022,2023-01-11 09:48:51,144.85,63.97
ORD000771,2,PROD00390,SELL00076,2023-07-08 12:24:56,405.14,13.35
ORD000772,1,PROD00013,SELL00105,2024-11-27 08:09:16,788.33,17.72
ORD000772,2,PROD00168,SELL00141,2024-10-04 20:35:07,778.41,74.03
ORD000773,1,PROD00039,SELL00032,2024-07-06 13:37:15,96.89,53.15
ORD000773,2,PROD00274,SELL00059,2024-01-23 22:01:55,351.9,13.13
ORD000774,1,PROD00289,SELL00034,2024-05-20 08:37:11,47.58,50.32
ORD000775,1,PROD00250,SELL00113,2024-12-19 02:31:08,700.19,22.92
ORD000775,2,PROD00183,SELL00066,2024-01-07 21:28:08,883.21,56.42
ORD000775,3,PROD00277,SELL00004,2024-07-15 06:53:19,89.31,33.38
ORD000775,4,PROD00173,SELL00034,2024-05-14 21:26:22,233.9,53.78
ORD000776,1,PROD00124,SELL00035,2024-05-26 01:01:00,802.09,26.56
ORD000777,1,PROD00174,SELL00105,2023-11-04 01:34:17,646.35,24.33
ORD000778,1,PROD00081,SELL00049,2023-10-31 12:55:23,638.22,65.11
ORD000779,1,PROD00351,SELL00127,2023-07-27 13:25:14,881.52,30.05
ORD000779,2,PROD00369,SELL00037,2024-01-27 13:25:22,428.37,54.8
ORD000780,1,PROD00252,SELL00100,2023-01-13 17:04:29,245.95,18.49
ORD000781,1,PROD00293,SELL00023,2024-10-30 06:38:12,588.51,36.9
ORD000782,1,PROD00041,SELL00119,2024-02-25 00:56:56,529.16,66.41
ORD000783,1,PROD00253,SELL00058,2024-11-04 13:56:43,880.7,67.26
ORD000783,2,PROD00111,SELL00084,2023-03-08 04:24:56,712.06,66.43
ORD000784,1,PROD00095,SELL00019,2023-05-01 00:57:38,468.59,69.88
ORD000785,1,PROD00127,SELL00066,2024-03-22 00:07:03,799.24,64.1
ORD000785,2,PROD00376,SELL00079,2023-10-13 20:49:03,535.06,10.1
ORD000785,3,PROD00381,SELL00099,2024-10-31 17:00:56,18.09,46.68
ORD000785,4,PROD00285,SELL00044,2023-05-20 18:11:22,58.33,70.43
ORD000786,1,PROD00389,SELL00072,2023-12-19 19:04:26,605.09,44.55
ORD000786,2,PROD00245,SELL00138,2024-05-22 01:48:41,423.72,66.75
ORD000787,1,PROD00198,SELL00138,2024-12-15 14:02:34,608.86,39.81
ORD000788,1,PROD00046,SELL00001,2024-07-30 12:13:40,794.63,12.54
ORD000789,1,PROD00115,SELL00046,2024-02-15 11:08:16,595.59,60.14
ORD000790,1,PROD00188,SELL00103,2024-10-12 11:34:32,868.26,38.72
ORD000791,1,PROD00146,SELL00006,2024-07-30 04:04:49,335.39,57.15
ORD000791,2,PROD00359,SELL00067,2023-06-02 01:20:39,891.58,66.31
ORD000791,3,PROD00029,SELL00113,2023-05-04 07:27:04,328.38,66.2
ORD000791,4,PROD00049,SELL00096,2024-08-05 16:43:55,341.03,23.01
ORD000792,1,PROD00345,SELL00046,2024-09-16 06:21:39,661.59,63.68
ORD000792,2,PROD00112,SELL00035,2024-01-01 03:51:12,326.26,8.65
ORD000793,1,PROD00317,SELL00034,2024-06-21 15:08:54,676.1,70.95
ORD000794,1,PROD00270,SELL00017,2024-07-18 04:45:33,182.39,45.6
ORD000794,2,PROD00058,SELL00048,2024-05-23 09:32:39,661.78,41.75
ORD000795,1,PROD00229,SELL00008,2024-04-06 22:06:28,850.33,26.16
ORD000796,1,PROD00060,SELL00008,2024-09-29 12:07:39,779.04,51.07
ORD000797,1,PROD00214,SELL00099,2024-01-17 14:04:36,286.6,45.28
ORD000797,2,PROD00198,SELL00150,2023-05-08 06:27:37,549.9,49.27
ORD000798,1,PROD00400,SELL00105,2024-09-18 07:17:13,699.12,68.18
ORD000799,1,PROD00143,SELL00072,2024-10-17 21:02:30,351.27,24.06
ORD000800,1,PROD00093,SELL00105,2024-08-14 03:14:31,352.65,41.82
ORD000801,1,PROD00252,SELL00088,2023-08-04 13:27:19,866.52,48.14
ORD000802,1,PROD00127,SELL00016,2023-09-09 20:12:39,48.25,52.03
ORD000803,1,PROD00032,SELL00056,2024-02-07 19:18:36,206.82,29.07
ORD000804,1,PROD00374,SELL00104,2024-05-03 13:36:49,721.09,59.28
ORD000805,1,PROD00249,SELL00003,2024-03-09 06:15:00,306.54,29.86
ORD000806,1,PROD00222,SELL00095,2024-07-16 17:52:31,544.43,25.76
ORD000807,1,PROD00171,SELL00142,2024-07-25 05:44:22,461.2,13.53
ORD000808,1,PROD00027,SELL00036,2023-10-25 13:24:45,771.23,49.19
ORD000809,1,PROD00147,SELL00002,2023-05-11 05:00:15,219.22,78.02
ORD000810,1,PROD00028,SELL00093,2024-06-06 15:42:37,88.19,53.36
ORD000811,1,PROD00167,SELL00001,2024-08-04 23:42:10,840.44,64.49
ORD000812,1,PROD00122,SELL00007,2024-01-18 23:27:12,653.28,68.3
ORD000813,1,PROD00267,SELL00075,2024-12-10 18:01:13,294.9,77.41
ORD000813,2,PROD00160,SELL00140,2024-07-30 02:52:18,656.42,63.57
ORD000814,1,PROD00347,SELL00086,2024-11-16 10:58:07,195.4,73.6
ORD000815,1,PROD00389,SELL00073,2023-09-11 18:18:36,582.05,20.48
ORD000816,1,PROD00276,SELL00077,2024-05-21 12:48:20,82.69,56.75
ORD000816,2,PROD00179,SELL00061,2024-04-15 05:44:59,43.02,49.07
ORD000816,3,PROD00291,SELL00046,2023-02-05 06:50:54,59.39,25.38
ORD000817,1,PROD00089,SELL00120,2024-10-21 12:49:41,636.12,32.99
ORD000818,1,PROD00199,SELL00112,2023-07-21 07:15:44,180.01,50.89
ORD000818,2,PROD00058,SELL00148,2024-01-22 16:46:13,525.31,35.52
ORD000818,3,PROD00396,SELL00048,2024-07-03 11:29:03,879.19,65.49
ORD000818,4,PROD00386,SELL00015,2023-10-06 08:17:42,302.19,34.98
ORD000819,1,PROD00331,SELL00009,2023-09-30 03:51:53,527.6,73.69
ORD000819,2,PROD00158,SELL00059,2023-01-17 10:55:00,68.49,58.76
ORD000820,1,PROD00322,SELL00065,2024-04-30 09:28:56,445.8,61.15
ORD000821,1,PROD00358,SELL00075,2023-06-03 04:10:38,323.69,68.11
ORD000821,2,PROD00387,SELL00045,2024-06-21 02:35:06,829.93,5.1
ORD000822,1,PROD00294,SELL00104,2024-09-17 22:39:45,791.4,51.12
ORD000823,1,PROD00117,SELL00127,2024-10-04 21:20:37,204.5,16.67
ORD000823,2,PROD00079,SELL00038,2023-11-25 07:39:03,232.2,38.62
ORD000824,1,PROD00334,SELL00071,2023-03-21 03:40:04,719.97,71.58
ORD000825,1,PROD00095,SELL00052,2023-07-13 10:54:24,649.23,7.82
ORD000826,1,PROD00361,SELL00031,2024-02-26 10:25:24,365.13,53.23
ORD000827,1,PROD00397,SELL00088,2023-07-11 10:59:29,792.73,17.1
ORD000827,2,PROD00285,SELL00050,2023-11-28 10:20:02,751.47,30.07
ORD000828,1,PROD00035,SELL00004,2023-05-07 08:23:34,158.96,73.4
ORD000829,1,PROD00044,SELL00001,2024-12-27 06:10:32,236.83,34.2
ORD000830,1,PROD00226,SELL00057,2024-05-16 03:02:06,236.21,26.34
ORD000831,1,PROD00346,SELL00145,2023-10-10 14:00:52,232.82,27.13
ORD000831,2,PROD00054,SELL00130,2024-10-01 12:23:52,353.98,9.65
ORD000832,1,PROD00298,SELL00084,2024-11-08 01:50:37,244.38,56.39
ORD000832,2,PROD00387,SELL00100,2023-09-13 20:46:40,384.15,64.71
ORD000833,1,PROD00204,SELL00028,2024-08-14 13:00:54,886.98,8.86
ORD000834,1,PROD00073,SELL00146,2023-09-23 23:01:30,183.05,15.01
ORD000835,1,PROD00355,SELL00082,2023-06-24 06:01:26,90.59,18.3
ORD000835,2,PROD00082,SELL00117,2023-12-13 14:32:24,272.59,13.0
ORD000836,1,PROD00133,SELL00129,2023-12-12 15:52:43,470.42,72.91
ORD000837,1,PROD00283,SELL00059,2023-12-10 09:49:24,749.55,44.66
ORD000838,1,PROD00100,SELL00120,2024-02-06 13:05:40,208.22,19.78
ORD000839,1,PROD00090,SELL00022,2024-09-03 02:27:06,25.91,43.84
ORD000839,2,PROD00035,SELL00015,2023-11-24 20:05:41,305.93,37.33
ORD000840,1,PROD00216,SELL00066,2024-01-18 17:14:15,587.42,12.42
ORD000841,1,PROD00377,SELL00054,2023-07-01 11:04:08,515.75,57.79
ORD000842,1,PROD00313,SELL00018,2023-04-29 23:24:55,165.61,66.08
ORD000843,1,PROD00256,SELL00114,2024-08-19 22:07:19,590.61,17.0
ORD000843,2,PROD00059,SELL00063,2023-04-23 10:20:56,254.25,13.47
ORD000844,1,PROD00280,SELL00073,2024-01-06 14:26:45,89.42,66.17
ORD000845,1,PROD00319,SELL00023,2023-10-19 06:07:53,529.26,48.54
ORD000845,2,PROD00212,SELL00083,2023-05-04 05:54:31,379.79,16.54
ORD000845,3,PROD00381,SELL00025,2024-04-06 10:59:39,741.4,7.29
ORD000846,1,PROD00292,SELL00134,2024-06-02 23:32:31,149.65,51.45
ORD000846,2,PROD00129,SELL00121,2024-09-25 18:19:14,282.91,28.04
ORD000846,3,PROD00341,SELL00146,2024-02-17 13:15:08,469.44,44.04
ORD000847,1,PROD00129,SELL00029,2023-05-31 16:52:12,496.23,56.83
ORD000847,2,PROD00218,SELL00023,2023-05-08 09:00:13,180.16,64.95
ORD000848,1,PROD00180,SELL00070,2024-09-13 03:42:20,419.5,55.1
ORD000848,2,PROD00396,SELL00131,2023-10-07 23:16:29,823.13,28.41
ORD000849,1,PROD00203,SELL00079,2023-07-15 05:26:39,896.59,77.5
ORD000850,1,PROD00365,SELL00134,2023-04-08 03:34:54,510.38,6.91
ORD000850,2,PROD00177,SELL00007,2023-05-21 07:55:38,183.76,43.8
ORD000851,1,PROD00211,SELL00081,2023-06-24 08:35:09,371.34,70.84
ORD000852,1,PROD00278,SELL00142,2023-01-13 04:33:54,495.68,75.06
ORD000853,1,PROD00349,SELL00143,2023-09-15 14:21:52,657.98,60.11
ORD000854,1,PROD00224,SELL00001,2024-10-06 08:50:10,362.86,67.52
ORD000855,1,PROD00144,SELL00063,2023-11-17 08:59:21,154.92,79.62
ORD000855,2,PROD00386,SELL00030,2023-09-17 05:47:10,844.5,77.56
ORD000855,3,PROD00268,SELL00008,2023-02-10 16:19:04,228.94,36.79
ORD000855,4,PROD00031,SELL00096,2023-05-18 22:32:23,434.57,7.22
ORD000856,1,PROD00036,SELL00091,2024-11-07 21:28:58,190.14,79.46
ORD000856,2,PROD00262,SELL00118,2024-12-24 15:31:56,679.9,42.01
ORD000856,3,PROD00300,SELL00028,2023-11-06 01:53:10,641.87,73.25
ORD000857,1,PROD00212,SELL00097,2024-05-26 17:43:25,635.21,72.18
ORD000857,2,PROD00149,SELL00037,2024-04-04 23:40:34,778.98,10.63
ORD000857,3,PROD00222,SELL00085,2024-12-05 01:53:04,314.17,64.51
ORD000857,4,PROD00301,SELL00029,2024-12-16 01:18:11,33.11,67.44
ORD000858,1,PROD00058,SELL00104,2024-12-05 21:47:06,342.78,10.48
ORD000858,2,PROD00330,SELL00075,2023-05-29 10:19:39,647.5,41.98
ORD000858,3,PROD00252,SELL00049,2023-05-21 12:32:55,721.48,65.32
ORD000859,1,PROD00132,SELL00103,2023-03-08 15:54:21,397.55,26.7
ORD000860,1,PROD00379,SELL00015,2024-11-18 07:33:00,604.79,44.89
ORD000860,2,PROD00114,SELL00141,2024-03-20 08:31:02,540.27,41.4
ORD000861,1,PROD00012,SELL00006,2024-07-22 23:56:28,297.37,18.9
ORD000862,1,PROD00132,SELL00101,2024-06-07 20:59:30,502.93,64.63
ORD000863,1,PROD00002,SELL00044,2024-11-17 22:48:44,352.47,19.38
ORD000864,1,PROD00343,SELL00076,2024-03-12 18:47:09,753.27,46.2
ORD000865,1,PROD00040,SELL00063,2023-02-10 09:58:59,797.91,60.32
ORD000866,1,PROD00253,SELL00128,2024-04-12 23:40:54,790.62,31.42
ORD000867,1,PROD00242,SELL00043,2024-08-15 08:33:56,476.14,50.16
ORD000868,1,PROD00271,SELL00143,2024-08-15 21:35:48,86.37,36.98
ORD000869,1,PROD00263,SELL00043,2023-09-13 11:22:34,86.57,19.34
ORD000870,1,PROD00200,SELL00115,2024-04-25 23:51:50,652.12,30.96
ORD000870,2,PROD00235,SELL00148,2023-01-07 20:20:15,17.92,40.96
ORD000871,1,PROD00302,SELL00084,2023-10-17 23:58:46,700.28,27.31
ORD000872,1,PROD00299,SELL00030,2023-07-22 12:36:56,556.58,73.47
ORD000873,1,PROD00256,SELL00124,2024-02-29 04:33:36,461.54,57.83
ORD000874,1,PROD00220,SELL00132,2023-11-30 21:04:24,225.35,75.08
ORD000874,2,PROD00177,SELL00103,2023-09-21 20:06:50,332.19,50.82
ORD000875,1,PROD00190,SELL00099,2023-06-16 13:29:59,332.71,61.12
ORD000876,1,PROD00028,SELL00145,2023-07-13 01:15:31,312.93,19.71
ORD000877,1,PROD00376,SELL00135,2023-04-09 21:11:02,556.92,31.33
ORD000877,2,PROD00038,SELL00045,2023-12-29 03:59:43,380.92,54.46
ORD000878,1,PROD00375,SELL00089,2023-01-27 21:43:24,638.04,73.75
ORD000878,2,PROD00191,SELL00068,2023-04-20 08:23:18,378.49,28.15
ORD000878,3,PROD00211,SELL00124,2024-03-15 08:21:05,879.93,65.5
ORD000879,1,PROD00241,SELL00097,2023-12-10 01:06:29,329.6,50.41
ORD000880,1,PROD00264,SELL00125,2023-05-26 05:07:17,449.74,42.25
ORD000881,1,PROD00064,SELL00063,2024-05-13 18:17:21,133.86,69.96
ORD000882,1,PROD00156,SELL00115,2023-02-10 07:14:06,427.52,77.04
ORD000882,2,PROD00020,SELL00117,2023-06-26 07:52:54,796.91,66.95
ORD000883,1,PROD00216,SELL00131,2023-03-24 16:04:08,497.32,15.49
ORD000883,2,PROD00051,SELL00041,2024-06-22 22:38:58,70.87,64.43
ORD000884,1,PROD00029,SELL00018,2023-11-11 16:08:00,519.63,22.25
ORD000884,2,PROD00129,SELL00023,2023-11-24 05:03:42,671.43,68.87
ORD000885,1,PROD00007,SELL00143,2024-03-27 11:32:52,121.2,72.74
ORD000885,2,PROD00114,SELL00070,2024-05-24 07:55:02,853.97,36.73
ORD000885,3,PROD00165,SELL00018,2023-07-30 08:41:14,77.24,27.94
ORD000885,4,PROD00292,SELL00001,2023-01-17 19:28:48,891.62,12.89
ORD000886,1,PROD00078,SELL00103,2024-03-18 12:10:21,158.35,23.06
ORD000887,1,PROD00366,SELL00088,2023-01-27 00:58:26,529.6,24.46
ORD000887,2,PROD00055,SELL00134,2023-04-08 18:32:52,222.87,74.58
ORD000888,1,PROD00235,SELL00062,2024-07-14 13:33:08,230.46,36.31
ORD000888,2,PROD00319,SELL00054,2023-02-15 04:41:46,648.01,55.81
ORD000889,1,PROD00057,SELL00096,2023-09-16 00:51:51,150.46,10.69
ORD000890,1,PROD00229,SELL00068,2023-09-26 15:23:18,411.25,15.1
ORD000891,1,PROD00027,SELL00028,2024-04-01 23:21:26,576.45,40.29
ORD000892,1,PROD00129,SELL00066,2023-10-16 20:40:32,184.53,61.96
ORD000892,2,PROD00004,SELL00147,2023-01-12 07:37:55,551.83,40.87
ORD000893,1,PROD00057,SELL00028,2024-10-21 11:20:14,866.94,26.01
ORD000893,2,PROD00370,SELL00063,2023-07-29 11:10:11,602.9,24.19
ORD000894,1,PROD00203,SELL00096,2023-03-09 01:38:16,107.46,35.85
ORD000895,1,PROD00139,SELL00108,2023-03-09 00:26:11,275.39,34.63
ORD000895,2,PROD00234,SELL00056,2023-05-05 08:32:04,571.67,13.29
ORD000896,1,PROD00204,SELL00096,2024-08-07 11:02:55,310.55,60.89
ORD000897,1,PROD00108,SELL00083,2023-05-31 04:39:24,652.87,61.99
ORD000898,1,PROD00111,SELL00035,2024-12-10 16:54:10,543.16,31.8
ORD000898,2,PROD00140,SELL00010,2024-01-22 02:47:40,130.47,11.38
ORD000899,1,PROD00181,SELL00103,2024-07-26 21:11:31,723.65,49.99
ORD000899,2,PROD00128,SELL00024,2024-04-09 17:52:50,505.57,58.65
ORD000900,1,PROD00373,SELL00046,2023-03-07 07:55:39,665.96,73.84
ORD000901,1,PROD00238,SELL00124,2023-08-07 22:04:51,426.28,10.73
ORD000902,1,PROD00220,SELL00044,2024-09-21 16:37:10,486.73,48.03
ORD000903,1,PROD00037,SELL00038,2024-06-02 17:21:02,722.89,8.13
ORD000903,2,PROD00030,SELL00097,2023-04-30 21:22:09,213.97,25.62
ORD000904,1,PROD00295,SELL00043,2024-06-06 03:04:34,317.3,42.6
ORD000905,1,PROD00239,SELL00095,2023-08-17 10:12:52,714.47,67.12
ORD000905,2,PROD00356,SELL00131,2024-12-03 01:06:53,115.42,46.66
ORD000906,1,PROD00037,SELL00111,2023-11-16 01:27:29,877.42,54.3
ORD000907,1,PROD00283,SELL00128,2024-05-11 11:36:51,575.81,13.02
ORD000908,1,PROD00285,SELL00022,2023-04-19 19:38:11,563.54,73.04
ORD000909,1,PROD00197,SELL00143,2023-05-24 01:12:01,226.01,34.35
ORD000909,2,PROD00210,SELL00088,2023-11-10 21:52:47,335.1,25.92
ORD000910,1,PROD00020,SELL00039,2023-03-25 20:31:04,223.45,18.7
ORD000911,1,PROD00291,SELL00022,2024-06-12 11:25:58,42.52,35.79
ORD000912,1,PROD00154,SELL00143,2023-02-25 17:02:55,808.32,5.63
ORD000912,2,PROD00376,SELL00026,2023-12-30 07:10:49,867.73,10.6
ORD000913,1,PROD00088,SELL00124,2024-12-04 12:36:38,596.21,18.94
ORD000914,1,PROD00109,SELL00082,2023-08-13 11:38:11,589.26,58.92
ORD000915,1,PROD00271,SELL00139,2024-04-05 18:47:32,844.22,68.71
ORD000916,1,PROD00174,SELL00142,2024-12-16 18:19:33,614.61,39.2
ORD000916,2,PROD00050,SELL00144,2024-08-24 05:59:53,788.96,45.35
ORD000917,1,PROD00024,SELL00114,2023-04-19 01:08:20,809.28,15.16
ORD000917,2,PROD00267,SELL00074,2023-05-24 00:19:59,670.14,39.16
ORD000918,1,PROD00022,SELL00047,2023-11-14 18:00:13,34.17,61.71
ORD000918,2,PROD00193,SELL00010,2023-05-08 06:19:38,687.44,10.1
ORD000918,3,PROD00192,SELL00018,2024-03-30 13:21:51,276.11,12.92
ORD000919,1,PROD00137,SELL00037,2023-10-14 03:27:02,490.61,6.17
ORD000919,2,PROD00242,SELL00052,2024-12-11 11:18:34,849.21,6.72
ORD000920,1,PROD00301,SELL00094,2024-03-04 09:21:40,376.84,11.14
ORD000921,1,PROD00154,SELL00096,2023-10-27 10:56:42,146.81,37.51
ORD000921,2,PROD00093,SELL00025,2023-03-02 09:25:16,744.0,77.09
ORD000921,3,PROD00009,SELL00121,2023-03-26 04:11:10,513.21,36.08
ORD000921,4,PROD00270,SELL00040,2024-05-29 16:51:50,727.61,78.47
ORD000922,1,PROD00087,SELL00075,2023-12-01 16:51:58,27.2,23.16
ORD000923,1,PROD00254,SELL00033,2023-08-18 01:03:40,628.25,54.47
ORD000923,2,PROD00152,SELL00030,2024-01-21 15:24:22,425.27,15.1
ORD000924,1,PROD00273,SELL00107,2024-05-09 23:55:49,516.17,51.02
ORD000924,2,PROD00328,SELL00005,2024-11-26 02:10:43,804.55,50.05
ORD000925,1,PROD00345,SELL00141,2023-08-22 18:41:35,580.59,9.28
ORD000925,2,PROD00386,SELL00076,2024-03-28 22:43:51,884.61,65.21
ORD000926,1,PROD00092,SELL00058,2024-08-10 05:11:48,670.51,75.01
ORD000927,1,PROD00079,SELL00046,2024-04-23 00:48:47,759.71,17.06
ORD000928,1,PROD00389,SELL00081,2024-11-27 06:58:39,481.75,12.9
ORD000929,1,PROD00281,SELL00002,2023-10-23 08:55:20,467.82,62.59
ORD000930,1,PROD00115,SELL00029,2024-01-01 13:47:50,89.11,24.82
ORD000931,1,PROD00154,SELL00026,2023-06-20 16:53:00,100.75,64.04
ORD000931,2,PROD00217,SELL00077,2024-05-01 02:04:13,339.98,11.05
ORD000932,1,PROD00240,SELL00046,2024-04-16 09:51:35,255.04,72.76
ORD000933,1,PROD00063,SELL00008,2024-01-26 17:04:32,760.95,31.56
ORD000934,1,PROD00257,SELL00078,2024-12-06 12:02:12,875.67,64.55
ORD000935,1,PROD00309,SELL00094,2024-10-26 05:38:14,137.19,11.86
ORD000936,1,PROD00086,SELL00071,2023-04-22 23:11:31,79.64,30.24
ORD000937,1,PROD00145,SELL00081,2023-01-28 23:18:16,538.81,74.01
ORD000938,1,PROD00003,SELL00063,2023-09-11 14:38:12,350.58,41.66
ORD000939,1,PROD00227,SELL00070,2024-01-05 04:40:55,195.45,63.8
ORD000939,2,PROD00370,SELL00030,2023-11-13 09:38:25,171.23,78.33
ORD000940,1,PROD00101,SELL00026,2024-03-24 23:48:39,780.18,63.81
ORD000941,1,PROD00020,SELL00075,2023-07-24 20:24:30,231.24,61.56
ORD000941,2,PROD00338,SELL00065,2024-03-10 04:21:58,249.98,15.21
ORD000941,3,PROD00114,SELL00047,2024-12-02 11:23:02,124.47,35.7
ORD000941,4,PROD00212,SELL00028,2024-09-17 11:19:34,606.25,51.59
ORD000942,1,PROD00337,SELL00038,2023-03-29 19:26:24,140.38,64.41
ORD000943,1,PROD00395,SELL00107,2024-03-25 11:31:54,746.92,28.59
ORD000944,1,PROD00303,SELL00127,2024-10-18 22:45:02,151.49,44.75
ORD000945,1,PROD00095,SELL00116,2024-09-18 21:08:11,487.46,25.23
ORD000946,1,PROD00219,SELL00040,2023-07-07 06:58:20,596.36,77.56
ORD000946,2,PROD00193,SELL00125,2024-01-15 21:35:46,133.21,31.05
ORD000947,1,PROD00388,SELL00054,2023-07-31 22:53:09,322.81,9.2
ORD000948,1,PROD00247,SELL00035,2023-01-31 12:14:08,585.68,43.1
ORD000949,1,PROD00224,SELL00075,2024-05-24 18:30:47,728.19,28.71
ORD000950,1,PROD00324,SELL00053,2024-04-06 07:42:43,622.22,71.88
ORD000951,1,PROD00332,SELL00112,2023-05-15 13:02:20,712.7,66.68
ORD000952,1,PROD00352,SELL00051,2024-05-15 17:33:52,637.81,40.5
ORD000953,1,PROD00017,SELL00015,2024-02-04 09:37:54,704.07,25.51
ORD000954,1,PROD00096,SELL00105,2023-10-17 01:55:29,232.07,27.96
ORD000954,2,PROD00009,SELL00045,2024-08-04 19:22:19,58.2,5.65
ORD000955,1,PROD00350,SELL00112,2024-07-13 15:48:56,832.68,34.26
ORD000955,2,PROD00155,SELL00017,2024-04-13 13:15:30,126.43,60.63
ORD000955,3,PROD00042,SELL00054,2024-05-23 16:50:38,728.51,65.17
ORD000956,1,PROD00352,SELL00085,2024-07-29 12:48:09,709.86,66.17
ORD000957,1,PROD00316,SELL00131,2024-01-24 00:45:12,780.83,53.99
ORD000957,2,PROD00243,SELL00032,2023-01-23 09:15:13,530.79,15.48
ORD000957,3,PROD00127,SELL00136,2024-01-05 09:13:18,36.56,16.79
ORD000958,1,PROD00031,SELL00081,2024-03-21 01:35:04,328.49,19.86
ORD000958,2,PROD00220,SELL00018,2024-08-10 22:22:23,96.93,37.56
ORD000959,1,PROD00289,SELL00133,2024-10-09 09:12:24,735.62,15.6
ORD000959,2,PROD00044,SELL00104,2023-05-27 14:27:33,429.83,38.03
ORD000959,3,PROD00102,SELL00068,2023-04-17 17:21:51,857.7,32.04
ORD000960,1,PROD00194,SELL00093,2023-02-28 07:55:22,125.07,34.57
ORD000961,1,PROD00226,SELL00136,2024-11-27 21:16:50,66.96,66.89
ORD000962,1,PROD00093,SELL00090,2024-06-27 09:25:02,611.48,49.81
ORD000963,1,PROD00072,SELL00110,2024-08-09 13:00:56,844.98,39.49
ORD000963,2,PROD00263,SELL00107,2024-03-13 03:18:22,152.44,74.35
ORD000963,3,PROD00270,SELL00019,2023-09-28 20:44:59,710.93,42.45
ORD000964,1,PROD00373,SELL00006,2023-11-10 22:00:32,247.37,74.48
ORD000965,1,PROD00106,SELL00112,2023-12-29 16:37:03,807.83,58.34
ORD000965,2,PROD00051,SELL00111,2023-06-27 16:20:02,663.75,70.69
ORD000966,1,PROD00299,SELL00005,2023-10-22 23:59:03,657.2,41.98
ORD000966,2,PROD00245,SELL00146,2023-04-20 19:15:48,723.9,37.96
ORD000967,1,PROD00281,SELL00081,2023-10-14 00:51:42,767.26,74.88
ORD000968,1,PROD00291,SELL00024,2024-11-12 04:42:33,545.74,20.65
ORD000969,1,PROD00082,SELL00068,2023-10-05 01:06:24,105.59,35.65
ORD000970,1,PROD00220,SELL00128,2024-02-03 12:14:46,259.94,8.03
ORD000970,2,PROD00245,SELL00102,2023-06-17 20:06:48,602.45,12.45
ORD000971,1,PROD00158,SELL00145,2023-01-17 12:45:03,461.61,76.78
ORD000972,1,PROD00111,SELL00042,2023-05-15 19:21:56,135.23,70.21
ORD000973,1,PROD00348,SELL00051,2024-10-27 10:37:46,158.31,40.76
ORD000973,2,PROD00351,SELL00011,2024-01-01 06:10:43,616.07,30.39
ORD000974,1,PROD00182,SELL00060,2023-05-19 16:06:20,839.87,78.3
ORD000974,2,PROD00340,SELL00096,2024-05-17 17:31:53,705.16,72.49
ORD000975,1,PROD00014,SELL00058,2023-11-22 09:38:53,176.57,51.87
ORD000975,2,PROD00087,SELL00095,2024-10-16 16:37:54,207.07,61.4
ORD000976,1,PROD00012,SELL00061,2024-06-16 07:51:44,711.97,58.66
ORD000977,1,PROD00353,SELL00018,2023-03-23 12:33:02,696.22,48.39
ORD000977,2,PROD00054,SELL00120,2024-01-24 00:03:05,120.93,5.89
ORD000978,1,PROD00075,SELL00044,2023-07-18 22:51:57,684.58,10.08
ORD000979,1,PROD00203,SELL00032,2024-01-30 20:43:32,859.08,57.27
ORD000979,2,PROD00348,SELL00034,2023-12-18 07:53:07,604.84,33.7
ORD000980,1,PROD00168,SELL00099,2024-05-02 09:03:07,75.43,72.7
ORD000980,2,PROD00202,SELL00148,2023-07-05 00:09:23,113.59,6.98
ORD000980,3,PROD00192,SELL00074,2023-03-09 20:14:50,510.88,46.96
ORD000981,1,PROD00118,SELL00095,2024-01-06 01:53:01,41.83,65.74
ORD000982,1,PROD00105,SELL00081,2024-04-05 08:17:29,200.49,22.47
ORD000983,1,PROD00093,SELL00114,2023-07-17 10:01:05,130.21,40.73
ORD000984,1,PROD00008,SELL00079,2023-02-22 05:49:19,671.74,43.79
ORD000984,2,PROD00305,SELL00126,2024-01-18 22:05:00,620.66,39.04
ORD000984,3,PROD00338,SELL00038,2023-01-28 19:07:56,580.43,72.13
ORD000985,1,PROD00195,SELL00029,2024-09-14 02:08:26,496.54,6.39
ORD000986,1,PROD00380,SELL00046,2024-10-05 17:23:18,167.95,47.06
ORD000987,1,PROD00273,SELL00061,2024-06-18 21:16:31,153.61,61.49
ORD000988,1,PROD00038,SELL00101,2023-09-09 21:42:26,878.3,31.04
ORD000988,2,PROD00145,SELL00078,2024-08-06 15:03:21,896.43,57.48
ORD000989,1,PROD00131,SELL00145,2023-12-02 22:35:53,131.29,20.73
ORD000989,2,PROD00169,SELL00113,2024-06-12 16:54:50,817.64,72.03
ORD000990,1,PROD00346,SELL00125,2024-09-27 01:04:33,116.76,32.06
ORD000990,2,PROD00110,SELL00038,2024-07-18 19:08:34,189.97,19.75
ORD000990,3,PROD00391,SELL00052,2023-01-04 22:01:39,491.51,64.58
ORD000991,1,PROD00331,SELL00022,2023-06-23 10:10:57,74.33,30.22
ORD000992,1,PROD00060,SELL00039,2024-03-30 18:41:10,210.62,6.8
ORD000993,1,PROD00300,SELL00097,2024-06-12 17:38:36,389.53,53.72
ORD000993,2,PROD00057,SELL00017,2023-12-13 00:10:40,302.22,56.21
ORD000994,1,PROD00113,SELL00067,2023-12-10 01:34:08,523.91,12.27
ORD000995,1,PROD00080,SELL00062,2023-09-12 14:13:46,748.53,37.83
ORD000996,1,PROD00168,SELL00149,2024-04-01 06:28:48,272.77,34.5
ORD000997,1,PROD00320,SELL00120,2023-05-08 10:29:13,860.56,12.83
ORD000998,1,PROD00144,SELL00132,2023-08-20 23:42:47,133.89,28.13
ORD000998,2,PROD00004,SELL00012,2023-11-28 01:40:27,504.8,62.41
ORD000999,1,PROD00257,SELL00011,2023-05-30 03:51:39,624.57,73.0
ORD000999,2,PROD00223,SELL00104,2024-11-09 07:02:26,445.99,33.95
ORD001000,1,PROD00250,SELL00009,2024-08-10 10:25:56,550.23,20.09
ORD001000,2,PROD00030,SELL00116,2024-01-22 16:21:08,109.36,63.81
ORD001000,3,PROD00034,SELL00021,2024-07-23 20:22:46,241.92,7.51
ORD001001,1,PROD00254,SELL00145,2024-12-14 13:06:13,630.05,47.27
ORD001001,2,PROD00386,SELL00077,2024-09-27 02:44:39,486.62,38.49
ORD001002,1,PROD00203,SELL00032,2024-03-23 16:39:55,91.15,34.65
ORD001002,2,PROD00276,SELL00061,2023-10-24 03:20:12,582.38,78.38
ORD001002,3,PROD00221,SELL00021,2024-10-30 21:04:59,461.04,51.86
ORD001002,4,PROD00071,SELL00032,2023-11-21 07:53:13,413.26,50.84
ORD001003,1,PROD00249,SELL00012,2023-10-13 20:56:05,61.36,77.53
ORD001004,1,PROD00308,SELL00019,2023-09-30 12:58:30,761.51,37.34
ORD001005,1,PROD00135,SELL00025,2023-09-22 08:59:14,543.91,79.88
ORD001005,2,PROD00365,SELL00005,2023-01-15 09:50:42,888.11,37.89
ORD001006,1,PROD00012,SELL00094,2024-08-26 07:18:53,274.06,41.19
ORD001007,1,PROD00152,SELL00144,2024-04-02 13:35:25,75.42,43.17
ORD001008,1,PROD00331,SELL00058,2024-12-14 21:27:45,528.22,78.93
ORD001009,1,PROD00191,SELL00090,2023-08-14 05:47:25,59.4,77.81
ORD001010,1,PROD00246,SELL00106,2024-05-23 04:17:21,199.38,30.67
ORD001011,1,PROD00230,SELL00074,2023-07-09 02:38:05,359.61,41.28
ORD001012,1,PROD00366,SELL00121,2023-12-16 16:40:09,235.51,7.01
ORD001013,1,PROD00270,SELL00128,2024-08-24 04:11:31,778.33,31.17
ORD001013,2,PROD00159,SELL00068,2023-11-09 06:36:46,340.16,15.64
ORD001014,1,PROD00214,SELL00067,2024-08-17 19:38:53,358.7,6.48
ORD001015,1,PROD00252,SELL00090,2023-12-08 17:52:50,770.86,70.66
ORD001015,2,PROD00120,SELL00136,2024-10-31 22:03:16,732.91,20.96
ORD001016,1,PROD00244,SELL00086,2023-10-03 02:39:51,859.05,7.31
ORD001017,1,PROD00172,SELL00030,2024-02-20 12:19:11,878.35,66.64
ORD001017,2,PROD00140,SELL00108,2024-06-11 11:45:59,594.0,14.38
ORD001018,1,PROD00361,SELL00033,2024-11-26 21:55:13,843.55,25.02
ORD001019,1,PROD00236,SELL00051,2024-03-27 01:00:19,407.77,59.01
ORD001019,2,PROD00055,SELL00003,2024-03-12 01:36:04,666.68,65.1
ORD001019,3,PROD00005,SELL00112,2024-01-22 03:36:57,37.03,25.43
ORD001019,4,PROD00336,SELL00124,2023-09-11 16:12:25,750.94,64.04
ORD001020,1,PROD00148,SELL00094,2024-08-28 02:53:19,60.03,25.83
ORD001021,1,PROD00023,SELL00033,2023-10-18 07:10:17,599.52,79.39
ORD001021,2,PROD00155,SELL00120,2024-11-07 23:11:23,357.95,37.83
ORD001022,1,PROD00160,SELL00051,2024-12-20 16:41:27,814.35,22.88
ORD001022,2,PROD00190,SELL00038,2024-01-02 17:24:13,401.45,70.62
ORD001023,1,PROD00289,SELL00089,2023-11-29 09:16:58,722.99,67.43
ORD001023,2,PROD00348,SELL00113,2024-03-23 15:37:20,875.43,67.5
ORD001024,1,PROD00352,SELL00068,2024-05-26 11:11:58,147.08,62.02
ORD001025,1,PROD00294,SELL00017,2023-08-28 22:51:22,165.75,42.94
ORD001026,1,PROD00171,SELL00013,2024-05-30 18:13:30,111.31,60.05
ORD001027,1,PROD00089,SELL00067,2024-12-03 20:49:27,385.16,58.16
ORD001028,1,PROD00161,SELL00031,2024-12-31 07:57:58,575.2,15.23
ORD001029,1,PROD00186,SELL00109,2023-06-13 04:27:58,532.93,65.08
ORD001030,1,PROD00191,SELL00094,2024-12-16 04:28:31,710.15,6.07
ORD001031,1,PROD00369,SELL00002,2023-01-07 10:32:21,873.31,54.64
ORD001032,1,PROD00001,SELL00091,2023-12-26 15:17:18,854.05,24.39
ORD001032,2,PROD00065,SELL00073,2023-03-14 13:13:48,416.24,64.63
ORD001033,1,PROD00208,SELL00129,2024-04-20 23:39:44,605.08,13.28
ORD001033,2,PROD00202,SELL00024,2023-10-31 11:29:32,630.72,34.29
ORD001034,1,PROD00005,SELL00046,2023-03-28 03:35:40,536.35,22.3
ORD001035,1,PROD00026,SELL00069,2024-03-26 23:46:17,739.63,28.26
ORD001036,1,PROD00057,SELL00115,2024-04-05 14:32:43,829.75,66.44
ORD001037,1,PROD00354,SELL00114,2024-01-30 14:35:42,737.53,58.97
ORD001037,2,PROD00094,SELL00062,2024-02-08 01:42:23,777.28,41.05
ORD001037,3,PROD00193,SELL00011,2024-05-27 12:27:09,512.49,14.43
ORD001038,1,PROD00229,SELL00044,2023-12-04 11:40:28,138.62,37.68
ORD001038,2,PROD00278,SELL00144,2024-01-08 02:15:29,835.02,10.3
ORD001039,1,PROD00250,SELL00042,2024-06-25 04:53:30,566.54,43.96
ORD001040,1,PROD00386,SELL00137,2024-04-24 13:07:43,458.63,79.71
ORD001041,1,PROD00245,SELL00143,2024-03-17 02:48:13,259.15,17.5
ORD001042,1,PROD00212,SELL00113,2024-02-29 22:06:43,505.3,56.93
ORD001042,2,PROD00355,SELL00058,2024-04-23 08:27:09,165.6,67.02
ORD001043,1,PROD00339,SELL00092,2023-02-05 02:14:47,397.14,56.42
ORD001043,2,PROD00388,SELL00054,2023-11-09 15:06:19,351.21,40.92
ORD001044,1,PROD00149,SELL00043,2023-09-09 05:54:23,397.14,48.81
ORD001044,2,PROD00008,SELL00084,2023-09-11 02:01:28,723.09,11.58
ORD001044,3,PROD00134,SELL00113,2023-07-14 20:37:54,186.67,45.8
ORD001045,1,PROD00247,SELL00066,2023-03-22 03:57:00,226.57,66.56
ORD001045,2,PROD00211,SELL00095,2024-06-04 09:34:11,830.78,65.07
ORD001046,1,PROD00156,SELL00091,2024-06-28 11:46:26,369.43,23.87
ORD001046,2,PROD00371,SELL00064,2024-01-16 04:51:28,318.68,42.36
ORD001047,1,PROD00270,SELL00140,2023-04-17 12:30:36,329.6,47.71
ORD001047,2,PROD00086,SELL00142,2024-09-15 16:39:20,81.22,19.46
ORD001048,1,PROD00243,SELL00102,2024-06-19 07:41:12,321.6,58.06
ORD001048,2,PROD00299,SELL00049,2024-08-08 19:53:12,295.88,75.31
ORD001048,3,PROD00332,SELL00012,2024-12-30 03:14:24,191.75,42.63
ORD001049,1,PROD00396,SELL00067,2024-03-10 22:29:13,305.44,77.67
ORD001049,2,PROD00068,SELL00078,2024-11-03 07:24:11,397.34,70.76
ORD001050,1,PROD00093,SELL00009,2023-12-30 19:33:31,495.21,65.42
ORD001050,2,PROD00300,SELL00041,2024-04-20 23:47:12,402.07,23.78
ORD001051,1,PROD00037,SELL00029,2024-02-01 01:40:17,139.67,75.84
ORD001052,1,PROD00197,SELL00062,2023-04-24 15:44:04,546.01,61.25
ORD001052,2,PROD00074,SELL00126,2024-09-09 11:09:36,129.08,69.55
ORD001053,1,PROD00186,SELL00118,2024-08-29 07:08:00,387.5,76.17
ORD001053,2,PROD00165,SELL00094,2024-07-03 10:20:18,363.1,71.4
ORD001054,1,PROD00136,SELL00113,2023-04-30 17:40:02,479.81,32.14
ORD001055,1,PROD00117,SELL00095,2024-08-01 22:04:16,419.95,37.56
ORD001055,2,PROD00371,SELL00052,2023-01-05 04:46:25,799.5,8.65
ORD001055,3,PROD00184,SELL00083,2024-05-21 02:48:22,594.66,74.79
ORD001055,4,PROD00185,SELL00149,2024-09-27 11:23:20,551.95,9.36
ORD001056,1,PROD00396,SELL00128,2023-01-10 06:50:24,670.97,69.79
ORD001056,2,PROD00037,SELL00069,2023-06-12 03:40:19,492.92,54.53
ORD001056,3,PROD00306,SELL00066,2024-01-10 23:11:25,824.87,14.32
ORD001057,1,PROD00166,SELL00035,2023-12-27 13:56:00,51.7,25.55
ORD001058,1,PROD00145,SELL00128,2023-10-05 15:11:06,284.7,78.97
ORD001059,1,PROD00272,SELL00057,2023-12-11 15:28:28,148.2,12.04
ORD001059,2,PROD00051,SELL00014,2023-08-30 21:54:16,376.11,52.41
ORD001060,1,PROD00113,SELL00124,2023-06-09 10:29:02,615.13,7.74
ORD001061,1,PROD00131,SELL00064,2023-09-04 19:36:17,131.36,14.62
ORD001062,1,PROD00261,SELL00047,2024-10-20 18:00:17,259.72,22.63
ORD001063,1,PROD00256,SELL00086,2024-06-23 10:20:00,850.79,49.65
ORD001064,1,PROD00268,SELL00002,2023-05-25 10:18:24,257.18,16.97
ORD001065,1,PROD00397,SELL00136,2023-02-20 17:45:44,182.82,76.1
ORD001066,1,PROD00089,SELL00130,2024-09-06 07:43:54,27.82,76.61
ORD001067,1,PROD00228,SELL00049,2023-02-25 21:16:19,233.38,18.81
ORD001067,2,PROD00273,SELL00023,2024-09-14 16:57:11,581.09,71.15
ORD001068,1,PROD00254,SELL00096,2023-07-27 03:07:57,249.52,5.29
ORD001069,1,PROD00284,SELL00129,2023-04-09 20:17:21,563.47,40.1
ORD001070,1,PROD00240,SELL00128,2023-09-05 04:42:16,614.75,57.7
ORD001071,1,PROD00006,SELL00092,2023-08-14 17:49:22,447.73,52.22
ORD001071,2,PROD00047,SELL00146,2024-03-27 14:29:05,401.01,30.74
ORD001072,1,PROD00164,SELL00003,2023-08-19 12:17:23,127.64,31.77
ORD001073,1,PROD00270,SELL00031,2024-04-24 03:32:36,508.31,13.01
ORD001074,1,PROD00308,SELL00069,2023-12-14 08:59:43,359.83,37.1
ORD001075,1,PROD00246,SELL00080,2023-05-11 22:06:29,721.79,48.28
ORD001076,1,PROD00344,SELL00073,2023-05-23 02:30:40,424.46,8.83
ORD001077,1,PROD00160,SELL00095,2023-09-18 08:06:14,841.36,12.37
ORD001078,1,PROD00002,SELL00005,2024-04-28 22:31:38,518.91,37.75
ORD001078,2,PROD00082,SELL00070,2024-09-19 23:26:54,771.39,45.47
ORD001079,1,PROD00263,SELL00023,2024-04-02 17:13:37,461.26,71.87
ORD001079,2,PROD00105,SELL00097,2024-08-01 02:32:38,182.22,57.86
ORD001079,3,PROD00058,SELL00035,2024-09-10 01:34:48,750.74,50.23
ORD001080,1,PROD00299,SELL00081,2023-04-23 05:23:23,828.28,56.65
ORD001081,1,PROD00314,SELL00049,2024-12-14 13:12:10,321.77,23.18
ORD001081,2,PROD00330,SELL00037,2023-03-31 10:28:45,293.83,55.1
ORD001081,3,PROD00071,SELL00119,2023-04-02 15:20:36,724.81,11.32
ORD001081,4,PROD00280,SELL00141,2023-07-01 01:13:23,847.27,19.02
ORD001082,1,PROD00335,SELL00022,2024-11-20 11:50:24,639.99,69.23
ORD001082,2,PROD00090,SELL00104,2023-10-10 09:09:15,544.27,8.44
ORD001083,1,PROD00071,SELL00056,2023-10-01 10:33:44,237.3,21.17
ORD001084,1,PROD00324,SELL00129,2024-07-30 15:14:00,743.99,61.16
ORD001085,1,PROD00220,SELL00083,2024-12-25 00:16:17,238.8,16.72
ORD001086,1,PROD00160,SELL00052,2024-03-28 14:29:23,425.1,16.27
ORD001086,2,PROD00225,SELL00025,2023-06-10 16:48:51,650.26,22.92
ORD001087,1,PROD00241,SELL00149,2024-04-01 19:51:22,764.75,43.05
ORD001088,1,PROD00184,SELL00130,2023-08-12 06:51:28,441.93,9.23
ORD001089,1,PROD00158,SELL00145,2023-02-14 21:24:30,344.34,7.96
ORD001090,1,PROD00343,SELL00013,2024-10-11 05:06:57,68.1,36.72
ORD001091,1,PROD00083,SELL00061,2024-05-02 16:14:10,661.83,36.81
ORD001092,1,PROD00267,SELL00113,2024-02-28 04:23:26,266.06,32.73
ORD001092,2,PROD00125,SELL00140,2023-11-13 16:50:23,439.3,46.46
ORD001092,3,PROD00182,SELL00029,2023-10-08 15:20:01,593.99,23.1
ORD001093,1,PROD00032,SELL00139,2024-01-23 12:52:41,209.89,58.38
ORD001093,2,PROD00189,SELL00091,2024-11-17 15:02:27,588.93,77.91
ORD001094,1,PROD00337,SELL00050,2023-03-08 12:10:02,482.6,75.37
ORD001094,2,PROD00398,SELL00018,2023-07-25 12:07:13,277.57,35.81
ORD001094,3,PROD00243,SELL00004,2023-07-28 11:25:01,122.16,28.45
ORD001095,1,PROD00050,SELL00046,2024-06-11 13:20:31,684.32,66.32
ORD001095,2,PROD00106,SELL00071,2024-05-26 14:24:49,110.78,59.68
ORD001095,3,PROD00302,SELL00033,2024-12-21 20:37:08,518.46,34.0
ORD001095,4,PROD00217,SELL00042,2023-12-02 14:59:40,334.42,48.49
ORD001096,1,PROD00256,SELL00061,2023-08-23 07:58:15,710.29,53.04
ORD001097,1,PROD00191,SELL00018,2024-02-09 09:54:17,293.58,18.68
ORD001098,1,PROD00277,SELL00103,2024-07-31 05:48:59,579.12,11.62
ORD001099,1,PROD00317,SELL00017,2023-09-29 12:19:29,800.26,29.46
ORD001100,1,PROD00168,SELL00079,2023-07-22 16:29:56,827.26,52.54
ORD001101,1,PROD00301,SELL00059,2023-02-16 09:56:24,218.42,34.74
ORD001101,2,PROD00035,SELL00134,2024-03-15 11:10:24,77.03,15.79
ORD001102,1,PROD00380,SELL00024,2023-02-17 19:50:50,178.62,68.47
ORD001103,1,PROD00328,SELL00128,2024-08-27 20:22:23,714.22,16.64
ORD001104,1,PROD00123,SELL00044,2024-01-06 23:14:32,29.28,63.44
ORD001105,1,PROD00259,SELL00092,2023-07-14 22:04:04,290.59,78.42
ORD001105,2,PROD00133,SELL00120,2024-01-14 01:11:57,150.25,50.55
ORD001106,1,PROD00328,SELL00150,2023-11-09 20:40:18,890.48,55.03
ORD001107,1,PROD00179,SELL00026,2024-04-16 15:44:50,132.78,24.52
ORD001108,1,PROD00165,SELL00076,2023-07-22 21:58:16,605.84,65.75
ORD001108,2,PROD00031,SELL00082,2024-07-05 07:44:02,63.18,45.93
ORD001109,1,PROD00206,SELL00128,2024-02-17 16:40:18,595.8,61.36
ORD001109,2,PROD00171,SELL00043,2024-03-24 18:24:53,623.03,6.8
ORD001110,1,PROD00137,SELL00045,2024-02-06 13:44:11,283.55,37.32
ORD001111,1,PROD00036,SELL00086,2024-12-01 00:10:38,623.73,21.65
ORD001111,2,PROD00330,SELL00023,2023-11-13 07:39:32,616.81,47.38
ORD001112,1,PROD00256,SELL00027,2023-12-31 00:35:49,462.42,70.91
ORD001113,1,PROD00394,SELL00096,2024-10-10 15:33:10,311.82,18.56
ORD001114,1,PROD00128,SELL00147,2024-01-25 20:35:29,436.9,18.83
ORD001115,1,PROD00384,SELL00038,2023-05-27 11:55:12,144.51,65.54
ORD001115,2,PROD00087,SELL00026,2024-05-14 08:55:18,411.41,66.1
ORD001116,1,PROD00276,SELL00113,2024-02-27 19:40:17,284.19,67.09
ORD001116,2,PROD00326,SELL00062,2023-06-19 17:14:32,740.73,50.43
ORD001117,1,PROD00347,SELL00011,2023-07-01 07:00:23,658.98,25.29
ORD001117,2,PROD00014,SELL00141,2023-09-17 23:13:48,706.15,56.0
ORD001117,3,PROD00251,SELL00028,2024-03-16 15:09:10,237.49,70.84
ORD001117,4,PROD00295,SELL00057,2023-04-13 10:51:33,367.02,8.45
ORD001118,1,PROD00013,SELL00142,2023-02-19 13:46:41,673.13,11.52
ORD001119,1,PROD00220,SELL00104,2024-07-16 14:03:28,365.33,42.66
ORD001119,2,PROD00298,SELL00041,2024-12-13 18:59:50,685.61,60.97
ORD001119,3,PROD00390,SELL00041,2024-09-22 06:10:04,860.82,75.7
ORD001120,1,PROD00105,SELL00087,2023-09-18 00:41:31,236.76,72.06
ORD001121,1,PROD00052,SELL00018,2024-10-27 22:40:18,616.96,64.72
ORD001121,2,PROD00272,SELL00058,2024-03-13 22:37:52,333.8,44.01
ORD001122,1,PROD00135,SELL00040,2024-11-14 10:54:41,384.12,11.5
ORD001122,2,PROD00212,SELL00089,2024-07-07 08:17:45,256.67,68.76
ORD001123,1,PROD00270,SELL00139,2023-09-11 19:49:22,223.27,12.61
ORD001123,2,PROD00044,SELL00038,2023-07-15 09:45:08,39.48,34.63
ORD001124,1,PROD00216,SELL00026,2024-10-22 07:24:31,533.27,65.34
ORD001125,1,PROD00112,SELL00065,2023-09-11 22:59:50,452.04,77.71
ORD001126,1,PROD00225,SELL00084,2024-11-20 05:44:36,502.67,5.18
ORD001126,2,PROD00180,SELL00102,2023-03-20 14:02:15,156.55,64.98
ORD001126,3,PROD00394,SELL00103,2024-01-11 06:34:02,205.33,42.59
ORD001126,4,PROD00274,SELL00099,2023-09-04 21:06:53,42.51,52.04
ORD001127,1,PROD00039,SELL00022,2023-07-19 08:49:27,149.43,10.49
ORD001128,1,PROD00321,SELL00025,2023-08-11 02:25:25,364.56,61.99
ORD001128,2,PROD00398,SELL00079,2024-07-20 06:27:36,272.61,5.37
ORD001129,1,PROD00370,SELL00071,2023-05-06 19:59:53,444.26,18.77
ORD001130,1,PROD00197,SELL00092,2023-04-26 06:39:37,392.41,19.05
ORD001131,1,PROD00159,SELL00114,2023-09-08 03:33:23,549.89,72.32
ORD001131,2,PROD00308,SELL00018,2024-10-12 11:39:29,601.83,39.24
ORD001132,1,PROD00120,SELL00112,2023-01-08 00:12:27,524.14,56.69
ORD001133,1,PROD00070,SELL00120,2023-03-23 16:51:15,595.7,52.91
ORD001133,2,PROD00033,SELL00097,2023-08-06 06:20:28,347.95,30.71
ORD001134,1,PROD00295,SELL00103,2023-09-21 07:57:47,767.19,44.72
ORD001134,2,PROD00347,SELL00036,2024-05-07 04:08:27,708.98,43.27
ORD001134,3,PROD00260,SELL00114,2023-10-19 17:56:33,344.86,10.45
ORD001135,1,PROD00144,SELL00063,2024-10-03 02:07:58,562.64,13.52
ORD001136,1,PROD00349,SELL00106,2023-05-17 17:34:19,625.61,38.91
ORD001136,2,PROD00368,SELL00006,2023-02-03 09:15:59,139.46,77.55
ORD001136,3,PROD00104,SELL00123,2024-11-03 18:55:14,62.11,51.74
ORD001137,1,PROD00347,SELL00068,2023-07-26 10:18:17,784.57,74.98
ORD001138,1,PROD00309,SELL00136,2023-07-29 06:06:24,517.59,13.55
ORD001138,2,PROD00136,SELL00045,2023-01-13 00:54:37,115.23,54.95
ORD001139,1,PROD00359,SELL00101,2023-07-02 09:39:33,546.27,58.26
ORD001140,1,PROD00119,SELL00150,2023-12-25 06:48:17,498.55,15.41
ORD001140,2,PROD00205,SELL00097,2024-01-05 05:22:20,644.59,33.83
ORD001141,1,PROD00299,SELL00109,2023-08-14 04:04:01,52.99,17.3
ORD001141,2,PROD00248,SELL00117,2023-12-21 10:33:48,102.37,40.05
ORD001142,1,PROD00364,SELL00149,2023-06-21 14:03:50,859.79,60.88
ORD001143,1,PROD00163,SELL00105,2023-03-27 14:35:45,38.52,61.2
ORD001144,1,PROD00233,SELL00098,2024-04-24 19:33:07,113.07,65.24
ORD001145,1,PROD00073,SELL00108,2023-07-03 11:38:44,135.09,49.84
ORD001146,1,PROD00274,SELL00147,2023-09-20 06:09:48,182.09,34.77
ORD001147,1,PROD00122,SELL00082,2023-06-25 01:29:07,221.97,6.18
ORD001148,1,PROD00265,SELL00046,2023-12-13 07:35:56,279.5,41.25
ORD001148,2,PROD00334,SELL00020,2024-11-20 00:26:03,582.03,6.74
ORD001149,1,PROD00099,SELL00041,2023-10-15 02:42:13,189.69,50.63
ORD001150,1,PROD00139,SELL00081,2023-11-24 00:05:44,318.31,38.55
ORD001151,1,PROD00023,SELL00069,2023-10-26 15:01:54,459.09,17.29
ORD001152,1,PROD00061,SELL00126,2024-05-23 18:21:27,410.22,22.45
ORD001152,2,PROD00370,SELL00103,2024-05-18 01:48:09,236.7,38.91
ORD001152,3,PROD00319,SELL00016,2023-08-21 00:51:45,664.45,46.93
ORD001153,1,PROD00322,SELL00009,2023-02-11 12:22:10,362.54,54.49
ORD001153,2,PROD00048,SELL00120,2023-12-02 00:16:59,841.38,22.42
ORD001154,1,PROD00072,SELL00087,2024-04-10 23:20:48,813.95,38.14
ORD001155,1,PROD00246,SELL00104,2023-05-21 19:58:12,406.78,74.74
ORD001156,1,PROD00114,SELL00083,2024-07-14 08:36:06,37.83,68.51
ORD001157,1,PROD00292,SELL00078,2023-06-11 02:18:05,334.49,11.75
ORD001158,1,PROD00004,SELL00076,2023-07-20 13:57:26,241.22,37.04
ORD001158,2,PROD00346,SELL00100,2024-09-24 21:43:09,487.73,10.47
ORD001159,1,PROD00249,SELL00037,2024-02-15 11:27:41,41.08,27.71
ORD001160,1,PROD00082,SELL00080,2023-10-07 17:16:49,611.85,52.85
ORD001161,1,PROD00086,SELL00096,2024-11-15 14:18:15,651.33,39.57
ORD001161,2,PROD00370,SELL00071,2024-03-26 20:38:03,255.29,31.37
ORD001162,1,PROD00294,SELL00061,2023-07-19 22:57:54,466.54,35.42
ORD001163,1,PROD00128,SELL00127,2023-09-18 02:02:21,159.72,76.65
ORD001163,2,PROD00084,SELL00103,2023-01-26 11:12:37,411.33,54.52
ORD001164,1,PROD00302,SELL00019,2023-09-10 19:44:54,495.58,11.02
ORD001164,2,PROD00156,SELL00045,2024-08-14 02:16:24,884.66,44.09
ORD001165,1,PROD00125,SELL00111,2023-10-08 12:12:24,103.32,61.48
ORD001165,2,PROD00106,SELL00145,2024-12-12 14:38:26,633.35,42.49
ORD001165,3,PROD00070,SELL00066,2023-03-14 21:16:47,426.28,36.21
ORD001166,1,PROD00277,SELL00096,2023-01-30 03:30:39,129.38,47.34
ORD001166,2,PROD00122,SELL00022,2023-04-07 16:22:42,443.29,47.62
ORD001166,3,PROD00034,SELL00036,2024-05-09 16:59:31,388.62,29.83
ORD001167,1,PROD00330,SELL00124,2024-11-12 07:29:13,50.51,71.32
ORD001167,2,PROD00083,SELL00053,2023-12-25 08:22:26,506.28,23.87
ORD001168,1,PROD00120,SELL00079,2024-04-16 23:55:29,461.75,17.16
ORD001169,1,PROD00050,SELL00138,2023-03-02 22:28:26,777.9,59.64
ORD001170,1,PROD00043,SELL00012,2023-07-06 19:22:25,577.96,53.32
ORD001170,2,PROD00254,SELL00105,2024-04-30 08:34:56,251.98,47.3
ORD001170,3,PROD00033,SELL00031,2023-06-28 16:41:46,334.27,42.65
ORD001171,1,PROD00001,SELL00015,2023-07-14 07:49:35,563.17,70.73
ORD001171,2,PROD00280,SELL00150,2024-04-28 22:49:44,571.33,30.46
ORD001171,3,PROD00164,SELL00073,2023-09-19 01:05:33,29.07,57.5
ORD001171,4,PROD00025,SELL00003,2024-08-12 18:18:53,806.44,50.93
ORD001172,1,PROD00249,SELL00147,2024-06-25 11:13:34,389.96,58.54
ORD001173,1,PROD00264,SELL00109,2023-05-19 16:33:46,268.27,26.45
ORD001173,2,PROD00329,SELL00001,2023-11-23 14:18:18,234.89,46.79
ORD001174,1,PROD00323,SELL00061,2024-09-09 02:49:10,321.92,58.26
ORD001174,2,PROD00323,SELL00108,2024-11-08 16:31:43,504.47,46.46
ORD001175,1,PROD00260,SELL00025,2023-09-12 12:08:31,713.3,16.66
ORD001176,1,PROD00219,SELL00035,2023-11-16 00:06:29,781.87,67.28
ORD001176,2,PROD00103,SELL00143,2023-02-27 03:47:58,846.08,52.31
ORD001176,3,PROD00109,SELL00008,2023-10-04 02:09:06,378.75,19.58
ORD001176,4,PROD00206,SELL00003,2023-05-17 03:20:41,118.27,56.84
ORD001177,1,PROD00219,SELL00095,2024-12-06 12:30:06,625.4,24.16
ORD001178,1,PROD00294,SELL00132,2023-06-25 19:13:49,788.19,20.88
ORD001179,1,PROD00062,SELL00114,2024-01-09 16:43:30,176.02,21.29
ORD001180,1,PROD00001,SELL00027,2023-05-01 23:45:12,259.21,32.29
ORD001181,1,PROD00053,SELL00053,2023-05-31 03:03:36,195.0,70.34
ORD001181,2,PROD00392,SELL00128,2023-09-29 20:57:59,83.58,40.04
ORD001181,3,PROD00030,SELL00018,2023-12-07 17:24:19,249.5,79.37
ORD001182,1,PROD00293,SELL00072,2024-10-08 20:10:41,162.53,65.97
ORD001182,2,PROD00265,SELL00044,2024-10-02 10:55:55,485.36,27.45
ORD001183,1,PROD00151,SELL00132,2023-03-18 05:52:37,462.52,72.44
ORD001184,1,PROD00226,SELL00012,2023-10-07 17:52:51,123.87,73.24
ORD001184,2,PROD00031,SELL00005,2023-09-15 14:06:16,582.89,18.02
ORD001185,1,PROD00037,SELL00146,2024-03-28 06:19:04,534.17,70.88
ORD001186,1,PROD00147,SELL00031,2024-10-29 22:38:16,659.67,29.24
ORD001187,1,PROD00024,SELL00115,2024-10-22 20:45:00,795.7,33.1
ORD001187,2,PROD00322,SELL00094,2023-01-03 02:13:35,733.6,32.01
ORD001188,1,PROD00394,SELL00027,2024-10-28 02:44:28,731.43,24.58
ORD001189,1,PROD00067,SELL00035,2024-08-05 06:27:35,209.91,25.85
ORD001189,2,PROD00312,SELL00086,2023-02-19 12:21:52,826.9,72.33
ORD001190,1,PROD00125,SELL00042,2023-09-24 11:48:24,734.3,46.83
ORD001190,2,PROD00014,SELL00097,2023-01-27 18:19:11,670.03,79.82
ORD001190,3,PROD00136,SELL00135,2023-11-04 08:41:15,96.23,23.82
ORD001190,4,PROD00096,SELL00032,2024-11-27 13:58:42,672.37,45.13
ORD001191,1,PROD00294,SELL00101,2024-10-12 02:35:07,288.06,60.86
ORD001191,2,PROD00054,SELL00120,2023-01-14 15:30:07,830.01,52.39
ORD001191,3,PROD00149,SELL00022,2024-02-03 04:09:32,387.34,60.76
ORD001192,1,PROD00029,SELL00140,2024-10-03 15:02:41,349.19,69.87
ORD001192,2,PROD00020,SELL00108,2023-11-13 22:06:18,229.48,38.44
ORD001193,1,PROD00326,SELL00062,2023-03-07 18:53:29,733.66,64.92
ORD001194,1,PROD00124,SELL00066,2023-02-07 14:02:42,543.98,57.5
ORD001194,2,PROD00159,SELL00084,2023-09-30 15:56:19,314.28,36.86
ORD001194,3,PROD00363,SELL00128,2023-04-15 03:54:47,88.92,48.6
ORD001195,1,PROD00344,SELL00030,2023-07-15 02:57:48,296.8,15.41
ORD001195,2,PROD00251,SELL00038,2023-09-18 01:55:07,382.55,5.12
ORD001195,3,PROD00143,SELL00124,2023-06-19 20:18:47,180.71,78.71
ORD001196,1,PROD00300,SELL00039,2024-06-07 08:15:31,564.57,36.17
ORD001196,2,PROD00171,SELL00010,2023-06-26 02:11:14,580.4,13.46
ORD001196,3,PROD00349,SELL00063,2023-09-28 22:28:04,505.45,71.64
ORD001197,1,PROD00200,SELL00097,2024-04-18 22:31:05,139.79,7.75
ORD001198,1,PROD00124,SELL00015,2024-10-13 16:28:50,351.94,50.34
ORD001199,1,PROD00248,SELL00025,2023-03-05 23:34:07,246.22,7.43
ORD001200,1,PROD00186,SELL00101,2023-05-20 09:22:16,90.03,67.86
ORD001201,1,PROD00276,SELL00149,2024-05-15 06:10:27,582.85,21.71
ORD001202,1,PROD00185,SELL00076,2023-03-11 12:53:14,761.89,73.8
ORD001203,1,PROD00157,SELL00114,2023-11-26 21:48:28,165.15,57.85
ORD001204,1,PROD00201,SELL00015,2023-11-28 17:07:54,545.67,39.27
ORD001204,2,PROD00114,SELL00059,2024-05-16 22:09:57,632.31,21.0
ORD001205,1,PROD00215,SELL00150,2023-11-18 18:09:53,539.83,7.15
ORD001206,1,PROD00174,SELL00063,2024-10-18 19:27:56,430.27,66.56
ORD001207,1,PROD00106,SELL00031,2023-01-17 17:04:38,199.94,38.27
ORD001207,2,PROD00232,SELL00094,2023-02-11 13:26:01,291.02,51.93
ORD001208,1,PROD00163,SELL00127,2024-07-02 03:45:49,550.64,59.73
ORD001209,1,PROD00012,SELL00102,2023-08-24 20:44:44,698.11,66.3
ORD001210,1,PROD00201,SELL00135,2024-03-20 00:55:31,224.2,77.98
ORD001211,1,PROD00115,SELL00031,2024-10-09 14:55:15,484.7,62.56
ORD001211,2,PROD00030,SELL00120,2024-03-11 00:32:56,562.79,77.29
ORD001211,3,PROD00318,SELL00011,2024-01-01 11:11:12,771.32,36.44
ORD001212,1,PROD00014,SELL00009,2024-05-12 11:53:35,817.87,34.46
ORD001212,2,PROD00246,SELL00043,2023-03-31 02:04:23,763.06,64.79
ORD001213,1,PROD00282,SELL00078,2024-11-10 04:58:47,272.5,34.21
ORD001214,1,PROD00167,SELL00114,2023-04-17 19:09:55,757.04,26.43
ORD001215,1,PROD00059,SELL00106,2023-12-20 21:12:19,709.77,69.1
ORD001216,1,PROD00267,SELL00140,2024-09-13 23:03:15,459.01,78.7
ORD001217,1,PROD00351,SELL00005,2023-06-11 10:03:50,373.67,23.03
ORD001218,1,PROD00277,SELL00142,2024-08-27 12:02:45,431.51,38.99
ORD001218,2,PROD00201,SELL00136,2024-03-03 13:11:56,48.69,38.54
ORD001219,1,PROD00161,SELL00041,2024-05-12 09:10:31,300.63,72.2
ORD001219,2,PROD00031,SELL00060,2023-12-28 05:37:58,510.72,61.21
ORD001220,1,PROD00267,SELL00042,2024-07-18 10:34:28,165.86,75.74
ORD001221,1,PROD00009,SELL00023,2023-02-22 02:59:46,716.9,68.43
ORD001222,1,PROD00380,SELL00035,2023-06-11 17:29:13,727.81,62.96
ORD001222,2,PROD00333,SELL00099,2023-06-29 22:36:57,536.25,52.59
ORD001223,1,PROD00121,SELL00142,2024-03-14 11:55:59,621.8,68.56
ORD001224,1,PROD00079,SELL00087,2024-05-23 09:16:36,199.99,51.81
ORD001224,2,PROD00056,SELL00116,2024-07-31 22:26:53,615.6,48.86
ORD001224,3,PROD00238,SELL00068,2023-08-18 18:49:25,61.67,9.52
ORD001225,1,PROD00364,SELL00058,2024-07-27 09:32:50,48.67,5.07
ORD001226,1,PROD00103,SELL00015,2023-05-12 10:17:56,318.1,58.59
ORD001226,2,PROD00321,SELL00024,2023-11-24 17:06:15,142.0,47.32
ORD001227,1,PROD00257,SELL00136,2023-12-15 02:31:08,210.92,57.1
ORD001227,2,PROD00073,SELL00014,2024-09-14 17:33:06,640.84,20.13
ORD001227,3,PROD00254,SELL00006,2023-06-14 22:23:32,346.98,23.57
ORD001228,1,PROD00198,SELL00137,2024-03-20 06:06:04,77.24,14.81
ORD001229,1,PROD00145,SELL00069,2023-01-23 14:29:09,67.7,31.56
ORD001230,1,PROD00310,SELL00009,2023-03-20 02:30:37,195.98,71.39
ORD001230,2,PROD00023,SELL00039,2024-05-22 06:52:33,481.58,42.36
ORD001231,1,PROD00371,SELL00037,2023-12-24 21:57:46,476.33,53.8
ORD001232,1,PROD00001,SELL00136,2024-06-03 01:29:42,181.91,21.39
ORD001232,2,PROD00252,SELL00036,2024-09-19 02:24:05,268.87,58.39
ORD001232,3,PROD00082,SELL00050,2024-01-29 01:45:26,440.65,65.33
ORD001233,1,PROD00224,SELL00030,2024-11-24 08:25:30,194.06,67.12
ORD001233,2,PROD00189,SELL00132,2023-10-26 10:14:39,69.12,66.14
ORD001233,3,PROD00052,SELL00002,2023-09-13 15:16:42,91.85,53.76
ORD001233,4,PROD00280,SELL00085,2023-02-25 06:34:49,592.63,69.88
ORD001234,1,PROD00081,SELL00092,2023-03-31 08:06:05,572.96,73.85
ORD001234,2,PROD00103,SELL00138,2023-02-19 05:45:54,432.03,46.5
ORD001235,1,PROD00030,SELL00040,2024-03-01 17:40:38,74.13,48.53
ORD001235,2,PROD00214,SELL00038,2024-02-28 18:09:21,656.51,59.24
ORD001236,1,PROD00288,SELL00064,2024-03-02 12:27:15,708.06,39.12
ORD001236,2,PROD00035,SELL00142,2023-11-15 13:00:03,692.24,39.21
ORD001236,3,PROD00167,SELL00112,2023-03-01 07:34:26,323.51,29.81
ORD001237,1,PROD00371,SELL00064,2023-12-05 09:06:23,867.02,13.31
ORD001238,1,PROD00336,SELL00046,2023-04-21 01:50:22,697.79,59.14
ORD001239,1,PROD00114,SELL00013,2024-01-16 07:28:45,567.47,48.06
ORD001240,1,PROD00239,SELL00030,2023-05-19 06:59:44,58.64,51.37
ORD001241,1,PROD00288,SELL00106,2023-03-26 07:29:31,181.9,75.96
ORD001241,2,PROD00283,SELL00001,2023-03-13 11:20:06,338.22,60.89
ORD001242,1,PROD00079,SELL00084,2023-01-30 16:54:44,475.22,30.23
ORD001242,2,PROD00173,SELL00140,2023-01-18 15:44:04,35.21,33.24
ORD001242,3,PROD00132,SELL00058,2023-01-15 14:02:09,137.67,64.67
ORD001242,4,PROD00246,SELL00038,2023-11-24 23:01:09,404.41,58.8
ORD001243,1,PROD00243,SELL00112,2024-06-03 17:23:08,675.52,27.27
ORD001243,2,PROD00015,SELL00147,2024-03-06 10:24:00,401.73,13.05
ORD001243,3,PROD00226,SELL00006,2023-09-19 04:56:40,512.8,23.35
ORD001243,4,PROD00157,SELL00038,2024-08-15 16:30:55,416.05,70.91
ORD001244,1,PROD00232,SELL00086,2024-03-23 20:38:09,169.22,26.14
ORD001245,1,PROD00063,SELL00098,2023-06-21 01:13:21,438.02,17.67
ORD001246,1,PROD00012,SELL00062,2024-01-05 18:28:05,670.37,63.12
ORD001247,1,PROD00130,SELL00088,2023-06-14 13:37:32,416.75,62.63
ORD001247,2,PROD00197,SELL00049,2024-06-27 20:21:53,498.39,45.28
ORD001248,1,PROD00043,SELL00097,2024-08-26 10:55:42,89.9,55.24
ORD001248,2,PROD00076,SELL00042,2023-03-26 13:59:03,749.68,31.87
ORD001249,1,PROD00278,SELL00144,2024-12-24 21:15:43,310.42,48.68
ORD001249,2,PROD00154,SELL00008,2024-02-08 23:54:49,259.52,67.72
ORD001250,1,PROD00252,SELL00004,2023-11-26 05:15:24,898.62,37.44
ORD001250,2,PROD00028,SELL00099,2023-01-31 09:23:13,225.86,48.81
ORD001250,3,PROD00117,SELL00025,2023-11-07 05:41:14,79.21,32.78
ORD001250,4,PROD00214,SELL00004,2024-06-22 13:40:41,880.79,70.91
ORD001251,1,PROD00240,SELL00064,2023-01-10 02:31:00,338.45,24.17
ORD001252,1,PROD00023,SELL00137,2024-12-04 12:37:16,430.88,41.61
ORD001253,1,PROD00346,SELL00125,2024-01-20 16:26:09,125.57,56.36
ORD001253,2,PROD00364,SELL00111,2024-09-22 08:19:11,845.91,61.15
ORD001254,1,PROD00057,SELL00136,2023-12-18 01:37:07,141.78,53.13
ORD001255,1,PROD00133,SELL00050,2023-02-28 11:16:18,818.21,57.33
ORD001255,2,PROD00144,SELL00145,2024-12-29 01:10:53,604.44,39.61
ORD001256,1,PROD00158,SELL00150,2024-03-09 01:33:42,453.33,25.24
ORD001256,2,PROD00193,SELL00132,2023-04-11 08:04:00,610.53,12.94
ORD001257,1,PROD00001,SELL00056,2024-09-24 04:38:32,26.13,41.55
ORD001257,2,PROD00091,SELL00080,2024-01-30 09:45:52,724.67,60.93
ORD001258,1,PROD00207,SELL00133,2023-12-20 10:30:24,301.4,18.31
ORD001259,1,PROD00128,SELL00077,2024-11-13 07:19:34,650.04,58.37
ORD001259,2,PROD00133,SELL00078,2024-02-14 17:50:10,784.25,62.02
ORD001260,1,PROD00022,SELL00131,2023-12-30 01:54:05,459.38,74.03
ORD001260,2,PROD00068,SELL00080,2024-06-17 18:29:56,389.27,71.34
ORD001261,1,PROD00373,SELL00073,2024-12-10 11:50:11,332.34,40.11
ORD001262,1,PROD00265,SELL00119,2024-03-07 15:05:40,383.05,36.23
ORD001263,1,PROD00257,SELL00130,2023-02-14 20:35:43,530.31,27.61
ORD001264,1,PROD00372,SELL00126,2023-09-14 14:49:49,841.79,22.92
ORD001265,1,PROD00251,SELL00132,2023-11-18 04:20:52,317.35,71.2
ORD001265,2,PROD00181,SELL00072,2023-03-15 07:58:35,630.61,13.74
ORD001266,1,PROD00152,SELL00037,2023-07-11 04:47:42,310.79,78.81
ORD001267,1,PROD00103,SELL00148,2023-06-02 13:35:15,343.73,10.6
ORD001268,1,PROD00121,SELL00081,2023-03-25 05:17:27,372.62,49.51
ORD001269,1,PROD00316,SELL00108,2023-11-16 20:19:03,395.25,47.56
ORD001269,2,PROD00233,SELL00056,2024-02-02 21:06:26,757.96,57.48
ORD001270,1,PROD00142,SELL00002,2024-06-03 22:50:44,284.19,41.13
ORD001271,1,PROD00052,SELL00106,2024-08-08 15:28:06,376.39,19.86
ORD001271,2,PROD00167,SELL00050,2023-06-15 18:00:36,837.8,9.38
ORD001272,1,PROD00372,SELL00127,2024-08-07 06:40:12,244.99,20.36
ORD001272,2,PROD00260,SELL00032,2024-07-30 02:51:39,174.68,31.07
ORD001273,1,PROD00206,SELL00015,2023-05-04 04:53:02,132.84,5.32
ORD001274,1,PROD00227,SELL00003,2023-01-11 04:01:36,373.75,73.75
ORD001275,1,PROD00281,SELL00051,2024-09-12 03:17:38,195.36,13.09
ORD001276,1,PROD00090,SELL00033,2024-04-22 23:43:24,459.63,36.89
ORD001277,1,PROD00187,SELL00129,2023-08-20 14:08:16,478.89,55.05
ORD001278,1,PROD00006,SELL00140,2023-01-13 15:02:42,712.48,18.03
ORD001279,1,PROD00380,SELL00090,2023-12-28 17:51:08,384.2,20.46
ORD001280,1,PROD00015,SELL00082,2023-06-20 22:08:09,361.56,59.86
ORD001281,1,PROD00286,SELL00117,2023-11-02 00:18:20,723.34,5.14
ORD001282,1,PROD00118,SELL00139,2023-06-13 17:04:03,643.29,21.28
ORD001282,2,PROD00329,SELL00148,2023-05-11 11:14:00,194.87,21.35
ORD001283,1,PROD00257,SELL00115,2024-12-12 13:52:10,169.09,38.34
ORD001283,2,PROD00060,SELL00049,2023-05-11 08:20:50,198.21,64.54
ORD001284,1,PROD00277,SELL00072,2024-07-24 18:44:42,757.56,11.06
ORD001284,2,PROD00062,SELL00036,2023-09-06 19:39:44,626.09,16.34
ORD001285,1,PROD00077,SELL00037,2024-11-19 21:12:54,761.12,69.27
ORD001286,1,PROD00097,SELL00053,2023-05-23 02:26:35,604.58,35.98
ORD001287,1,PROD00077,SELL00080,2024-11-11 02:19:58,191.89,53.71
ORD001288,1,PROD00249,SELL00145,2024-05-29 02:51:42,98.09,74.76
ORD001288,2,PROD00305,SELL00062,2023-01-31 07:36:46,427.97,64.64
ORD001289,1,PROD00376,SELL00073,2024-02-06 23:41:58,390.15,34.49
ORD001289,2,PROD00262,SELL00066,2024-05-06 06:22:42,652.24,51.25
ORD001290,1,PROD00079,SELL00096,2023-12-01 21:10:20,590.29,16.88
ORD001291,1,PROD00375,SELL00016,2024-12-01 17:53:20,312.61,19.44
ORD001292,1,PROD00096,SELL00084,2024-09-07 10:07:28,649.66,55.09
ORD001292,2,PROD00100,SELL00094,2023-08-19 17:51:39,889.28,7.31
ORD001293,1,PROD00178,SELL00001,2024-11-13 03:55:10,320.36,56.64
ORD001294,1,PROD00079,SELL00089,2023-12-18 04:35:33,152.44,23.82
ORD001294,2,PROD00223,SELL00094,2024-12-06 12:00:56,763.2,38.62
ORD001295,1,PROD00065,SELL00128,2023-12-17 01:43:37,749.96,48.65
ORD001296,1,PROD00120,SELL00025,2023-02-25 13:26:25,748.07,59.87
ORD001296,2,PROD00258,SELL00045,2023-03-05 16:36:19,371.49,39.11
ORD001297,1,PROD00178,SELL00014,2024-02-12 12:00:22,126.33,69.36
ORD001297,2,PROD00138,SELL00112,2024-09-29 10:38:07,149.31,68.69
ORD001298,1,PROD00220,SELL00061,2023-06-13 21:49:23,549.21,42.54
ORD001298,2,PROD00370,SELL00069,2024-05-29 06:09:43,861.24,22.85
ORD001299,1,PROD00001,SELL00147,2023-05-04 10:04:06,817.64,10.54
ORD001299,2,PROD00330,SELL00005,2024-02-28 09:45:59,534.58,38.13
ORD001299,3,PROD00389,SELL00118,2023-03-28 14:51:44,523.29,23.46
ORD001300,1,PROD00390,SELL00003,2023-05-21 18:30:03,404.81,67.94
ORD001300,2,PROD00198,SELL00029,2023-05-18 14:04:49,813.47,17.49
ORD001300,3,PROD00241,SELL00055,2023-12-02 23:54:15,111.04,47.56
ORD001301,1,PROD00377,SELL00016,2023-01-25 04:46:15,837.13,54.98
ORD001302,1,PROD00101,SELL00049,2023-10-31 06:54:25,512.28,24.77
ORD001303,1,PROD00253,SELL00125,2023-11-24 16:40:33,674.04,24.2
ORD001303,2,PROD00254,SELL00054,2024-02-24 14:23:04,440.03,65.66
ORD001304,1,PROD00148,SELL00109,2024-07-02 15:54:29,795.05,73.89
ORD001305,1,PROD00275,SELL00145,2023-02-04 21:12:45,315.84,63.27
ORD001306,1,PROD00252,SELL00077,2024-02-14 16:09:03,632.23,49.58
ORD001306,2,PROD00125,SELL00063,2023-08-02 20:32:46,471.28,15.62
ORD001306,3,PROD00359,SELL00139,2024-01-09 21:31:23,631.81,77.97
ORD001307,1,PROD00324,SELL00052,2023-04-30 21:05:13,354.51,6.14
ORD001307,2,PROD00039,SELL00059,2024-10-14 16:44:10,705.47,11.52
ORD001308,1,PROD00354,SELL00148,2023-12-02 08:21:52,353.83,47.14
ORD001309,1,PROD00354,SELL00065,2023-02-12 15:57:34,639.34,41.95
ORD001310,1,PROD00355,SELL00100,2023-08-17 23:04:44,607.01,7.18
ORD001311,1,PROD00134,SELL00012,2023-03-10 05:45:01,502.26,46.18
ORD001311,2,PROD00194,SELL00103,2024-09-24 15:32:37,25.09,73.47
ORD001312,1,PROD00013,SELL00022,2024-03-29 05:58:01,436.91,78.39
ORD001313,1,PROD00145,SELL00125,2023-10-30 09:06:36,191.42,38.28
ORD001313,2,PROD00324,SELL00087,2024-01-20 13:09:55,460.41,79.02
ORD001313,3,PROD00046,SELL00073,2024-10-17 03:39:51,387.17,5.07
ORD001314,1,PROD00118,SELL00120,2024-11-06 11:52:06,631.42,31.06
ORD001315,1,PROD00188,SELL00084,2023-07-18 21:26:35,269.0,69.65
ORD001316,1,PROD00225,SELL00007,2024-02-05 16:24:19,438.31,28.82
ORD001317,1,PROD00082,SELL00032,2024-09-03 00:12:18,230.93,34.44
ORD001318,1,PROD00123,SELL00096,2024-03-11 20:00:57,672.29,30.63
ORD001319,1,PROD00280,SELL00003,2024-11-07 01:49:23,453.21,77.52
ORD001319,2,PROD00225,SELL00113,2024-05-29 15:36:37,683.22,43.81
ORD001320,1,PROD00062,SELL00027,2023-08-06 03:26:28,66.45,17.06
ORD001321,1,PROD00299,SELL00095,2024-03-05 04:39:08,536.97,18.21
ORD001322,1,PROD00163,SELL00067,2023-02-19 01:11:21,886.23,63.3
ORD001323,1,PROD00305,SELL00131,2023-04-03 10:41:59,471.38,27.94
ORD001324,1,PROD00291,SELL00069,2024-04-23 00:28:23,751.3,50.63
ORD001325,1,PROD00057,SELL00081,2023-02-26 01:16:17,77.25,48.49
ORD001326,1,PROD00181,SELL00059,2023-09-21 14:17:24,474.36,75.36
ORD001327,1,PROD00393,SELL00052,2023-11-13 18:03:50,686.07,22.38
ORD001328,1,PROD00133,SELL00124,2023-08-26 20:53:20,762.43,61.49
ORD001329,1,PROD00354,SELL00068,2023-04-18 07:40:12,43.7,50.33
ORD001329,2,PROD00214,SELL00141,2024-08-12 13:45:40,109.97,44.83
ORD001330,1,PROD00021,SELL00010,2023-07-25 00:28:59,478.45,15.76
ORD001331,1,PROD00321,SELL00091,2024-10-14 09:12:56,126.38,54.52
ORD001332,1,PROD00193,SELL00019,2023-03-11 03:46:14,643.11,31.88
ORD001332,2,PROD00018,SELL00140,2024-11-02 01:31:25,91.63,72.72
ORD001333,1,PROD00336,SELL00129,2023-01-15 21:02:16,327.73,27.52
ORD001334,1,PROD00032,SELL00092,2023-07-05 11:24:52,600.72,26.2
ORD001335,1,PROD00015,SELL00013,2024-08-26 01:19:24,564.98,60.37
ORD001336,1,PROD00249,SELL00046,2023-09-10 20:18:34,217.02,62.87
ORD001336,2,PROD00046,SELL00077,2024-03-04 17:02:55,494.88,38.57
ORD001337,1,PROD00076,SELL00072,2024-02-01 06:01:08,395.73,79.53
ORD001338,1,PROD00039,SELL00102,2023-03-14 07:21:18,478.38,75.34
ORD001338,2,PROD00151,SELL00032,2023-01-18 23:34:50,706.27,67.36
ORD001339,1,PROD00150,SELL00053,2024-07-17 07:55:56,556.53,78.03
ORD001340,1,PROD00020,SELL00095,2024-10-30 07:04:43,268.79,55.18
ORD001341,1,PROD00262,SELL00054,2023-09-02 05:51:53,103.43,19.74
ORD001342,1,PROD00129,SELL00041,2024-09-30 16:18:03,518.1,20.34
ORD001342,2,PROD00362,SELL00059,2024-01-27 08:49:26,639.49,18.53
ORD001343,1,PROD00264,SELL00095,2023-12-23 11:14:50,791.55,40.39
ORD001344,1,PROD00239,SELL00148,2023-08-17 03:50:20,502.57,13.79
ORD001345,1,PROD00302,SELL00104,2023-12-16 15:56:12,430.87,36.12
ORD001346,1,PROD00101,SELL00057,2023-03-15 21:35:14,374.3,38.92
ORD001346,2,PROD00198,SELL00115,2024-11-11 20:20:27,135.89,57.83
ORD001347,1,PROD00313,SELL00086,2023-08-22 02:09:03,134.27,7.5
ORD001348,1,PROD00017,SELL00031,2024-03-30 11:38:09,484.64,78.69
ORD001348,2,PROD00251,SELL00085,2024-01-02 18:19:52,726.39,25.24
ORD001348,3,PROD00049,SELL00149,2023-09-01 00:28:15,567.46,73.11
ORD001349,1,PROD00145,SELL00077,2024-06-26 17:33:19,26.47,37.84
ORD001350,1,PROD00040,SELL00058,2024-09-03 17:11:25,786.64,17.73
ORD001351,1,PROD00189,SELL00057,2024-04-21 02:20:07,169.85,29.27
ORD001351,2,PROD00164,SELL00110,2024-08-13 15:04:50,182.57,35.37
ORD001352,1,PROD00274,SELL00125,2024-12-12 11:15:24,244.01,32.26
ORD001353,1,PROD00168,SELL00053,2023-12-30 16:08:37,415.56,62.41
ORD001354,1,PROD00140,SELL00144,2024-06-14 19:21:49,875.72,27.29
ORD001354,2,PROD00055,SELL00001,2023-05-23 15:15:53,144.4,69.21
ORD001355,1,PROD00294,SELL00007,2023-02-19 04:05:45,854.1,48.01
ORD001355,2,PROD00343,SELL00020,2023-04-17 03:45:03,737.49,32.4
ORD001356,1,PROD00353,SELL00069,2023-09-13 08:27:17,293.49,37.46
ORD001356,2,PROD00102,SELL00136,2023-11-24 16:44:46,495.95,30.82
ORD001357,1,PROD00248,SELL00102,2023-02-07 23:37:46,666.39,42.08
ORD001358,1,PROD00222,SELL00047,2024-06-28 00:20:11,600.0,61.32
ORD001359,1,PROD00399,SELL00135,2023-08-03 02:27:55,496.97,42.8
ORD001359,2,PROD00043,SELL00091,2024-03-20 11:46:56,775.64,21.75
ORD001359,3,PROD00103,SELL00113,2024-05-11 11:39:08,636.75,18.31
ORD001359,4,PROD00297,SELL00089,2023-09-12 22:46:39,465.59,37.12
ORD001360,1,PROD00250,SELL00115,2023-07-27 08:46:34,674.81,30.81
ORD001361,1,PROD00018,SELL00093,2023-09-08 10:56:47,703.02,48.36
ORD001361,2,PROD00182,SELL00129,2023-05-22 10:09:15,566.95,71.43
ORD001361,3,PROD00351,SELL00051,2023-12-14 02:48:29,695.84,38.91
ORD001362,1,PROD00226,SELL00049,2024-04-26 19:18:49,794.36,30.29
ORD001363,1,PROD00214,SELL00094,2024-07-02 19:48:12,579.6,35.18
ORD001363,2,PROD00370,SELL00040,2023-06-20 09:48:23,21.69,52.99
ORD001363,3,PROD00082,SELL00107,2023-05-29 16:53:35,895.9,60.42
ORD001364,1,PROD00359,SELL00120,2024-11-18 14:11:16,112.44,44.4
ORD001365,1,PROD00347,SELL00076,2024-10-09 13:45:23,648.0,56.6
ORD001365,2,PROD00235,SELL00061,2023-09-14 17:31:38,528.3,39.7
ORD001366,1,PROD00010,SELL00042,2023-08-09 23:01:55,727.81,76.45
ORD001367,1,PROD00295,SELL00129,2024-10-29 10:09:43,200.07,46.74
ORD001368,1,PROD00118,SELL00116,2024-12-12 06:45:03,685.32,61.41
ORD001369,1,PROD00303,SELL00128,2023-07-13 04:28:22,99.94,79.32
ORD001370,1,PROD00238,SELL00005,2023-10-15 03:17:12,152.19,59.29
ORD001370,2,PROD00344,SELL00052,2023-06-29 08:06:58,698.13,58.45
ORD001371,1,PROD00278,SELL00007,2024-02-06 06:45:04,682.0,5.07
ORD001372,1,PROD00380,SELL00069,2023-04-08 18:16:11,621.4,23.8
ORD001373,1,PROD00182,SELL00126,2024-07-06 22:18:56,317.43,25.87
ORD001374,1,PROD00010,SELL00119,2023-09-02 03:06:51,491.81,44.74
ORD001375,1,PROD00268,SELL00147,2023-12-22 14:38:55,18.19,71.79
ORD001376,1,PROD00238,SELL00120,2024-06-01 05:29:07,194.68,73.61
ORD001377,1,PROD00275,SELL00074,2024-09-19 00:19:49,183.84,55.08
ORD001378,1,PROD00262,SELL00069,2024-07-13 13:50:47,410.4,66.0
ORD001379,1,PROD00347,SELL00049,2024-05-30 21:16:14,103.73,67.12
ORD001380,1,PROD00060,SELL00055,2023-06-01 13:21:02,594.01,11.93
ORD001380,2,PROD00095,SELL00013,2024-07-06 14:50:48,67.82,36.34
ORD001381,1,PROD00150,SELL00034,2024-10-02 07:39:27,292.65,26.91
ORD001381,2,PROD00081,SELL00113,2024-12-02 19:04:22,278.78,34.0
ORD001381,3,PROD00154,SELL00118,2023-06-29 07:40:43,744.24,75.74
ORD001382,1,PROD00209,SELL00046,2024-03-25 06:26:51,165.45,32.11
ORD001383,1,PROD00311,SELL00145,2024-02-09 16:59:48,715.41,52.99
ORD001384,1,PROD00123,SELL00149,2023-03-21 14:26:26,602.98,34.47
ORD001384,2,PROD00193,SELL00015,2024-07-21 10:41:11,194.09,6.23
ORD001384,3,PROD00156,SELL00059,2023-06-11 14:20:59,357.89,12.73
ORD001385,1,PROD00180,SELL00105,2023-08-30 07:33:15,149.74,62.71
ORD001385,2,PROD00380,SELL00133,2024-09-15 01:47:15,635.38,35.39
ORD001385,3,PROD00029,SELL00028,2024-11-14 18:11:24,471.28,65.75
ORD001385,4,PROD00200,SELL00102,2023-04-03 15:46:08,263.94,11.06
ORD001386,1,PROD00215,SELL00124,2024-12-25 08:06:12,226.99,68.99
ORD001386,2,PROD00058,SELL00150,2023-08-23 03:27:34,774.73,55.99
ORD001387,1,PROD00294,SELL00068,2024-02-26 08:33:04,856.41,12.34
ORD001388,1,PROD00114,SELL00128,2023-05-28 19:05:02,396.91,78.85
ORD001388,2,PROD00281,SELL00117,2023-11-10 02:38:05,257.6,67.78
ORD001389,1,PROD00057,SELL00019,2024-04-09 22:24:11,17.35,52.67
ORD001390,1,PROD00289,SELL00094,2023-06-16 20:55:58,770.38,33.38
ORD001390,2,PROD00320,SELL00076,2023-04-17 23:04:40,326.52,62.29
ORD001390,3,PROD00301,SELL00005,2024-03-13 02:54:19,16.62,28.41
ORD001391,1,PROD00200,SELL00037,2023-02-14 02:11:21,662.04,63.06
ORD001392,1,PROD00187,SELL00114,2024-03-04 21:31:21,359.68,5.46
ORD001393,1,PROD00187,SELL00016,2024-11-06 12:12:54,106.95,24.64
ORD001394,1,PROD00085,SELL00138,2024-01-24 04:52:56,748.94,51.82
ORD001395,1,PROD00097,SELL00078,2024-03-02 14:09:28,260.55,77.33
ORD001395,2,PROD00376,SELL00134,2023-10-22 11:37:50,569.44,45.93
ORD001395,3,PROD00091,SELL00107,2023-08-15 05:22:13,888.27,70.52
ORD001396,1,PROD00282,SELL00142,2023-07-01 09:58:08,396.06,9.2
ORD001396,2,PROD00147,SELL00076,2024-06-21 20:50:04,150.3,20.86
ORD001396,3,PROD00018,SELL00035,2023-09-18 00:30:33,187.61,24.96
ORD001397,1,PROD00234,SELL00127,2023-01-16 16:53:44,723.22,53.17
ORD001398,1,PROD00185,SELL00047,2023-06-22 08:52:46,560.64,33.11
ORD001398,2,PROD00029,SELL00129,2023-12-21 23:15:14,600.18,6.92
ORD001399,1,PROD00298,SELL00148,2024-03-31 03:25:58,41.93,36.92
ORD001399,2,PROD00327,SELL00150,2023-08-16 23:55:21,238.53,30.49
ORD001399,3,PROD00036,SELL00037,2023-03-24 09:16:27,191.29,14.15
ORD001400,1,PROD00013,SELL00119,2023-03-09 06:12:54,687.92,31.76
ORD001401,1,PROD00260,SELL00121,2023-06-19 10:39:25,722.68,46.43
ORD001402,1,PROD00212,SELL00025,2023-07-04 18:28:58,527.41,16.75
ORD001402,2,PROD00077,SELL00048,2023-03-15 12:58:52,863.01,72.54
ORD001403,1,PROD00194,SELL00084,2024-11-27 12:53:47,175.18,43.18
ORD001403,2,PROD00148,SELL00063,2024-02-06 19:56:07,137.74,68.36
ORD001404,1,PROD00050,SELL00026,2024-09-13 15:39:35,875.39,16.84
ORD001405,1,PROD00319,SELL00108,2023-02-28 17:22:31,868.9,68.83
ORD001406,1,PROD00237,SELL00106,2024-09-06 02:18:24,888.36,15.19
ORD001406,2,PROD00015,SELL00013,2023-09-02 01:58:21,220.04,50.06
ORD001407,1,PROD00294,SELL00056,2024-01-10 01:40:06,868.33,61.28
ORD001408,1,PROD00337,SELL00001,2024-02-11 05:31:57,164.02,23.8
ORD001408,2,PROD00311,SELL00119,2023-08-24 18:24:59,712.67,22.98
ORD001409,1,PROD00315,SELL00010,2024-11-26 08:26:44,276.68,61.9
ORD001409,2,PROD00028,SELL00133,2023-09-21 07:39:48,441.42,34.47
ORD001409,3,PROD00334,SELL00126,2023-06-08 20:28:01,542.57,49.39
ORD001409,4,PROD00301,SELL00100,2023-01-20 06:57:24,685.4,60.3
ORD001410,1,PROD00291,SELL00060,2023-09-18 03:29:46,38.28,35.82
ORD001411,1,PROD00231,SELL00065,2023-05-12 21:30:35,379.15,23.43
ORD001412,1,PROD00351,SELL00008,2023-12-07 02:05:00,471.08,65.91
ORD001412,2,PROD00234,SELL00148,2024-11-18 18:36:38,682.24,25.43
ORD001413,1,PROD00291,SELL00132,2023-01-29 11:28:01,599.8,30.09
ORD001413,2,PROD00252,SELL00027,2023-08-05 16:59:21,119.36,14.39
ORD001413,3,PROD00210,SELL00073,2024-09-21 01:53:33,447.08,12.86
ORD001414,1,PROD00323,SELL00045,2024-12-08 08:25:43,270.71,40.29
ORD001415,1,PROD00265,SELL00108,2024-05-11 09:09:14,627.26,40.37
ORD001416,1,PROD00262,SELL00080,2023-09-20 12:58:53,23.75,20.03
ORD001416,2,PROD00160,SELL00119,2024-05-31 10:05:12,364.12,55.97
ORD001416,3,PROD00224,SELL00092,2023-12-04 17:43:21,825.09,44.75
ORD001417,1,PROD00265,SELL00066,2024-09-05 13:46:32,438.79,63.55
ORD001417,2,PROD00148,SELL00067,2024-03-29 04:55:07,373.3,75.92
ORD001418,1,PROD00343,SELL00058,2023-10-27 17:06:39,349.92,9.35
ORD001419,1,PROD00152,SELL00130,2024-07-10 00:03:26,145.96,46.87
ORD001420,1,PROD00029,SELL00109,2024-10-16 05:36:05,472.33,20.8
ORD001421,1,PROD00252,SELL00125,2024-11-25 21:19:19,773.97,64.29
ORD001422,1,PROD00366,SELL00119,2023-09-10 13:17:23,19.2,21.2
ORD001422,2,PROD00251,SELL00080,2024-02-10 22:07:32,118.52,6.37
ORD001423,1,PROD00382,SELL00147,2024-01-18 04:49:13,305.82,78.07
ORD001423,2,PROD00188,SELL00121,2024-07-28 10:32:47,625.6,37.29
ORD001424,1,PROD00034,SELL00140,2023-04-12 15:33:34,842.76,21.28
ORD001424,2,PROD00175,SELL00149,2023-03-13 16:44:44,188.72,40.24
ORD001424,3,PROD00075,SELL00097,2024-10-25 20:09:05,293.86,24.62
ORD001425,1,PROD00117,SELL00122,2023-10-02 05:42:23,314.4,41.56
ORD001426,1,PROD00187,SELL00125,2024-09-19 08:01:03,793.08,43.64
ORD001426,2,PROD00380,SELL00133,2024-01-02 08:45:00,25.11,76.72
ORD001427,1,PROD00262,SELL00141,2024-02-11 01:31:14,135.05,57.36
ORD001428,1,PROD00182,SELL00109,2023-07-05 21:50:54,490.51,30.93
ORD001429,1,PROD00337,SELL00052,2023-10-25 01:05:57,755.46,70.97
ORD001429,2,PROD00009,SELL00112,2024-09-08 17:47:52,97.3,24.05
ORD001430,1,PROD00397,SELL00032,2023-10-06 17:49:12,284.55,78.37
ORD001430,2,PROD00081,SELL00031,2024-04-05 16:51:54,193.51,70.21
ORD001431,1,PROD00285,SELL00126,2023-02-10 20:58:07,688.35,76.46
ORD001432,1,PROD00039,SELL00088,2023-11-14 13:16:28,421.06,10.09
ORD001432,2,PROD00135,SELL00001,2023-12-11 20:56:01,743.25,34.2
ORD001432,3,PROD00093,SELL00009,2024-09-16 14:00:55,439.16,38.8
ORD001432,4,PROD00222,SELL00046,2024-11-10 07:18:09,98.27,74.71
ORD001433,1,PROD00194,SELL00096,2023-07-30 14:37:00,236.97,30.73
ORD001433,2,PROD00381,SELL00084,2024-08-17 03:30:57,494.17,68.67
ORD001434,1,PROD00010,SELL00058,2023-10-28 03:59:13,474.22,60.94
ORD001434,2,PROD00173,SELL00150,2023-11-18 15:37:51,639.6,42.27
ORD001434,3,PROD00323,SELL00095,2023-08-08 01:09:14,568.04,25.84
ORD001435,1,PROD00033,SELL00064,2023-04-17 18:18:30,646.37,17.12
ORD001436,1,PROD00330,SELL00061,2023-03-11 15:26:59,463.03,54.63
ORD001436,2,PROD00227,SELL00089,2023-04-14 14:05:51,858.31,48.21
ORD001437,1,PROD00225,SELL00013,2023-09-11 11:13:16,424.4,22.37
ORD001438,1,PROD00340,SELL00098,2023-12-06 16:00:26,120.06,24.78
ORD001438,2,PROD00381,SELL00079,2024-03-05 16:21:24,897.1,73.79
ORD001439,1,PROD00054,SELL00105,2023-12-02 17:22:09,112.68,15.9
ORD001439,2,PROD00112,SELL00111,2023-03-10 20:08:32,629.4,46.19
ORD001439,3,PROD00038,SELL00021,2024-08-23 04:17:03,872.39,68.08
ORD001440,1,PROD00358,SELL00017,2024-10-18 19:26:36,449.13,47.17
ORD001441,1,PROD00215,SELL00024,2024-08-14 21:12:29,821.94,17.35
ORD001442,1,PROD00216,SELL00017,2024-06-26 10:38:19,793.08,6.94
ORD001443,1,PROD00341,SELL00101,2024-07-27 12:11:14,630.68,55.8
ORD001444,1,PROD00380,SELL00046,2023-03-05 10:07:31,186.07,58.49
ORD001444,2,PROD00076,SELL00046,2023-07-28 04:30:50,204.84,72.44
ORD001444,3,PROD00149,SELL00128,2024-02-18 17:59:12,483.71,32.63
ORD001445,1,PROD00161,SELL00014,2024-09-29 09:18:02,742.1,37.64
ORD001446,1,PROD00264,SELL00045,2023-10-05 11:07:12,643.34,68.55
ORD001447,1,PROD00048,SELL00017,2023-02-07 16:11:09,67.31,60.07
ORD001448,1,PROD00017,SELL00055,2023-05-06 01:51:13,54.95,22.88
ORD001449,1,PROD00019,SELL00007,2024-03-31 22:06:35,291.43,63.16
ORD001449,2,PROD00028,SELL00142,2024-06-20 05:52:25,445.35,48.82
ORD001450,1,PROD00106,SELL00094,2023-12-05 11:07:23,512.21,54.63
ORD001451,1,PROD00065,SELL00010,2023-09-22 21:26:00,832.68,60.7
ORD001452,1,PROD00004,SELL00116,2023-06-02 13:38:50,524.52,60.56
ORD001452,2,PROD00107,SELL00129,2024-09-02 17:29:32,116.69,68.95
ORD001453,1,PROD00354,SELL00021,2023-11-26 10:02:37,734.02,35.59
ORD001453,2,PROD00325,SELL00095,2024-06-04 16:48:02,409.14,75.47
ORD001454,1,PROD00257,SELL00063,2023-09-07 17:38:00,636.49,75.5
ORD001454,2,PROD00330,SELL00029,2024-12-18 11:44:45,820.16,73.27
ORD001455,1,PROD00135,SELL00024,2023-12-30 23:34:36,534.47,57.19
ORD001456,1,PROD00238,SELL00090,2024-05-22 16:43:59,63.8,37.26
ORD001456,2,PROD00229,SELL00022,2024-02-15 00:04:25,121.53,29.29
ORD001457,1,PROD00359,SELL00036,2023-08-18 00:43:44,109.53,26.71
ORD001457,2,PROD00286,SELL00070,2023-06-11 12:45:00,242.61,77.23
ORD001458,1,PROD00068,SELL00001,2023-05-04 07:19:02,717.04,8.51
ORD001459,1,PROD00123,SELL00062,2024-05-21 16:55:28,376.97,34.76
ORD001459,2,PROD00227,SELL00124,2023-01-01 15:56:25,326.63,41.02
ORD001459,3,PROD00376,SELL00148,2024-04-03 20:57:32,112.79,16.68
ORD001460,1,PROD00170,SELL00111,2024-03-25 15:39:17,665.46,40.15
ORD001460,2,PROD00152,SELL00099,2023-01-10 14:56:36,203.5,76.81
ORD001460,3,PROD00268,SELL00136,2023-07-02 16:41:39,787.91,62.08
ORD001460,4,PROD00159,SELL00021,2023-01-25 10:42:29,154.2,59.05
ORD001461,1,PROD00177,SELL00136,2024-02-21 16:48:56,499.77,12.55
ORD001462,1,PROD00289,SELL00078,2024-03-24 01:15:41,840.64,17.6
ORD001463,1,PROD00347,SELL00054,2023-03-15 14:25:39,322.75,23.49
ORD001464,1,PROD00012,SELL00033,2023-11-23 18:34:42,892.31,48.09
ORD001464,2,PROD00294,SELL00081,2024-05-09 04:35:29,288.45,36.58
ORD001465,1,PROD00266,SELL00136,2024-04-23 18:39:17,62.95,26.21
ORD001466,1,PROD00104,SELL00037,2024-03-22 22:35:11,593.23,56.15
ORD001467,1,PROD00182,SELL00149,2024-12-28 12:46:35,628.93,13.06
ORD001468,1,PROD00219,SELL00042,2023-03-08 08:38:57,734.63,34.47
ORD001469,1,PROD00263,SELL00102,2024-04-27 08:14:39,635.89,70.31
ORD001470,1,PROD00184,SELL00097,2024-11-19 02:01:04,134.53,64.47
ORD001471,1,PROD00348,SELL00013,2024-03-21 14:46:48,645.31,33.79
ORD001471,2,PROD00230,SELL00092,2023-01-05 11:48:29,873.57,26.49
ORD001472,1,PROD00303,SELL00026,2024-10-04 23:44:09,576.91,25.83
ORD001473,1,PROD00222,SELL00146,2023-10-12 08:03:20,778.25,78.34
ORD001474,1,PROD00267,SELL00116,2024-05-27 15:48:49,635.63,75.88
ORD001475,1,PROD00217,SELL00061,2024-01-10 20:10:16,427.73,54.91
ORD001475,2,PROD00026,SELL00127,2024-06-15 01:09:57,802.18,22.98
ORD001475,3,PROD00326,SELL00138,2023-07-11 04:12:50,858.91,38.98
ORD001476,1,PROD00369,SELL00129,2024-07-25 23:47:37,701.55,38.27
ORD001477,1,PROD00293,SELL00049,2024-01-17 04:51:22,277.5,29.92
ORD001478,1,PROD00016,SELL00114,2023-01-12 12:39:44,294.04,7.26
ORD001479,1,PROD00004,SELL00068,2023-06-10 22:40:44,883.87,5.63
ORD001479,2,PROD00188,SELL00114,2024-02-13 19:21:18,852.45,7.71
ORD001480,1,PROD00248,SELL00054,2023-05-10 06:57:08,721.09,26.7
ORD001481,1,PROD00136,SELL00042,2024-12-16 19:53:06,611.16,48.69
ORD001482,1,PROD00089,SELL00022,2023-11-22 20:26:12,595.38,74.96
ORD001483,1,PROD00143,SELL00136,2023-11-18 15:41:17,148.17,34.94
ORD001484,1,PROD00165,SELL00054,2024-11-12 12:35:29,353.84,19.03
ORD001485,1,PROD00194,SELL00040,2024-08-24 16:15:54,92.34,65.03
ORD001486,1,PROD00012,SELL00146,2023-07-25 17:16:49,336.46,69.95
ORD001486,2,PROD00198,SELL00129,2023-12-09 07:55:57,791.58,23.78
ORD001487,1,PROD00254,SELL00007,2023-07-22 09:43:31,881.64,39.08
ORD001488,1,PROD00153,SELL00061,2024-06-26 23:32:00,237.29,70.11
ORD001488,2,PROD00171,SELL00042,2024-05-19 15:24:17,32.61,9.96
ORD001489,1,PROD00221,SELL00080,2024-03-02 03:14:48,114.12,75.34
ORD001489,2,PROD00067,SELL00031,2023-03-20 11:38:42,366.09,56.24
ORD001490,1,PROD00140,SELL00123,2023-12-10 09:02:20,634.42,73.7
ORD001491,1,PROD00268,SELL00042,2023-09-25 16:22:16,139.91,68.51
ORD001492,1,PROD00289,SELL00070,2023-01-03 03:54:12,613.71,12.11
ORD001493,1,PROD00159,SELL00119,2024-03-29 02:37:56,626.52,17.59
ORD001494,1,PROD00088,SELL00058,2024-07-22 21:53:06,488.69,8.27
ORD001494,2,PROD00373,SELL00127,2023-09-10 16:17:26,793.55,54.37
ORD001495,1,PROD00284,SELL00148,2024-10-25 04:20:48,854.34,46.54
ORD001495,2,PROD00094,SELL00088,2024-06-11 04:00:13,731.41,72.07
ORD001496,1,PROD00303,SELL00060,2023-01-15 18:58:34,834.47,23.73
ORD001497,1,PROD00052,SELL00138,2024-08-29 22:08:15,301.41,45.64
ORD001497,2,PROD00072,SELL00068,2024-11-01 18:29:27,787.27,29.73
ORD001497,3,PROD00134,SELL00109,2023-01-17 07:00:43,51.99,14.06
ORD001498,1,PROD00123,SELL00095,2023-02-04 20:07:45,645.47,6.89
ORD001499,1,PROD00274,SELL00033,2023-02-19 12:20:46,114.39,59.13
ORD001499,2,PROD00339,SELL00113,2023-08-15 12:25:31,348.34,76.17
ORD001500,1,PROD00213,SELL00078,2024-03-18 21:31:44,473.62,66.77
ORD001500,2,PROD00372,SELL00129,2023-04-19 08:35:21,537.41,52.61
ORD001500,3,PROD00097,SELL00104,2024-12-19 15:06:14,899.69,12.29
ORD001500,4,PROD00093,SELL00134,2023-05-21 23:10:10,518.03,36.35
ORD001501,1,PROD00393,SELL00123,2024-03-16 16:18:42,822.64,71.01
ORD001502,1,PROD00125,SELL00095,2023-04-28 05:25:33,701.57,15.81
ORD001502,2,PROD00311,SELL00041,2023-12-22 20:36:24,639.5,59.31
ORD001503,1,PROD00264,SELL00046,2023-02-22 16:38:24,183.28,63.3
ORD001504,1,PROD00251,SELL00054,2024-07-27 09:35:32,251.72,43.19
ORD001504,2,PROD00090,SELL00032,2023-11-25 21:48:08,532.54,56.77
ORD001505,1,PROD00269,SELL00141,2024-08-15 05:24:41,167.36,5.34
ORD001506,1,PROD00058,SELL00027,2023-09-23 15:45:19,213.32,59.3
ORD001507,1,PROD00051,SELL00092,2023-05-03 15:16:33,872.23,31.55
ORD001508,1,PROD00229,SELL00044,2024-06-08 23:00:00,449.51,69.55
ORD001509,1,PROD00131,SELL00054,2024-09-30 12:34:27,35.09,78.5
ORD001510,1,PROD00020,SELL00067,2024-08-06 14:25:16,283.34,74.53
ORD001510,2,PROD00232,SELL00135,2023-10-05 12:48:19,272.27,12.53
ORD001511,1,PROD00204,SELL00011,2024-12-24 20:31:04,356.27,70.67
ORD001512,1,PROD00103,SELL00127,2023-05-11 08:13:56,183.18,71.58
ORD001512,2,PROD00133,SELL00121,2023-10-05 20:07:08,35.33,79.71
ORD001512,3,PROD00149,SELL00101,2023-04-07 06:47:05,826.95,33.92
ORD001513,1,PROD00001,SELL00085,2024-08-05 13:15:19,804.95,55.21
ORD001514,1,PROD00392,SELL00042,2023-09-15 11:40:21,840.21,32.23
ORD001514,2,PROD00081,SELL00114,2023-01-14 11:45:24,496.52,13.89
ORD001515,1,PROD00239,SELL00087,2023-02-07 18:51:45,192.07,23.41
ORD001515,2,PROD00123,SELL00116,2023-10-13 05:07:29,209.03,25.35
ORD001515,3,PROD00258,SELL00014,2024-06-27 12:50:51,612.67,40.54
ORD001516,1,PROD00253,SELL00146,2023-06-26 00:33:09,836.17,14.37
ORD001517,1,PROD00342,SELL00036,2023-07-20 06:28:21,354.02,33.57
ORD001518,1,PROD00240,SELL00086,2023-05-26 16:41:34,825.1,36.11
ORD001519,1,PROD00367,SELL00061,2024-07-05 08:35:27,159.46,23.0
ORD001520,1,PROD00385,SELL00086,2023-09-18 04:28:11,169.01,30.53
ORD001521,1,PROD00002,SELL00135,2023-12-19 12:21:01,557.52,50.55
ORD001522,1,PROD00334,SELL00119,2023-02-03 05:51:42,431.22,47.08
ORD001522,2,PROD00237,SELL00138,2023-05-18 18:42:40,816.0,63.76
ORD001523,1,PROD00357,SELL00113,2024-11-25 00:58:24,776.89,42.29
ORD001524,1,PROD00075,SELL00127,2023-01-19 04:51:40,514.17,32.21
ORD001525,1,PROD00081,SELL00047,2023-10-01 16:33:35,599.58,47.85
ORD001525,2,PROD00058,SELL00144,2023-08-07 10:06:22,212.54,32.36
ORD001526,1,PROD00096,SELL00012,2024-12-14 08:58:56,793.99,53.19
ORD001527,1,PROD00319,SELL00039,2023-09-02 04:30:13,42.13,21.27
ORD001527,2,PROD00203,SELL00079,2024-11-09 15:32:41,746.88,37.34
ORD001528,1,PROD00284,SELL00036,2024-03-10 15:21:56,773.22,52.79
ORD001528,2,PROD00349,SELL00027,2023-09-21 17:08:14,581.16,76.98
ORD001528,3,PROD00011,SELL00124,2023-02-22 03:33:11,441.63,52.61
ORD001528,4,PROD00138,SELL00039,2023-10-30 00:03:21,85.33,70.44
ORD001529,1,PROD00253,SELL00107,2024-04-24 20:18:33,465.73,23.52
ORD001530,1,PROD00015,SELL00094,2024-07-13 16:16:24,30.79,11.37
ORD001531,1,PROD00051,SELL00011,2023-12-21 23:27:36,435.97,51.57
ORD001532,1,PROD00269,SELL00121,2023-10-17 05:11:13,781.84,61.02
ORD001533,1,PROD00270,SELL00130,2024-09-22 04:43:16,202.39,21.95
ORD001534,1,PROD00037,SELL00073,2024-05-19 17:21:47,128.41,71.38
ORD001535,1,PROD00219,SELL00062,2024-01-06 16:14:05,175.59,39.21
ORD001536,1,PROD00358,SELL00055,2024-11-05 18:58:30,57.39,79.63
ORD001536,2,PROD00090,SELL00121,2023-04-06 03:38:01,480.1,30.82
ORD001537,1,PROD00330,SELL00004,2023-02-05 08:16:29,264.55,28.18
ORD001537,2,PROD00255,SELL00128,2023-08-24 21:12:21,644.21,19.22
ORD001537,3,PROD00318,SELL00098,2024-07-01 17:48:38,746.99,58.36
ORD001538,1,PROD00137,SELL00110,2023-01-17 10:23:22,462.37,27.33
ORD001539,1,PROD00066,SELL00046,2024-08-24 20:24:18,811.69,51.94
ORD001540,1,PROD00398,SELL00049,2023-11-15 16:16:38,602.1,64.37
ORD001541,1,PROD00288,SELL00069,2024-12-19 08:53:59,64.54,33.75
ORD001541,2,PROD00149,SELL00118,2023-12-15 08:47:13,618.99,18.32
ORD001542,1,PROD00400,SELL00016,2023-11-21 11:18:16,580.49,16.27
ORD001543,1,PROD00047,SELL00116,2024-12-21 23:29:54,769.17,58.45
ORD001544,1,PROD00065,SELL00104,2024-03-31 23:28:41,855.98,35.86
ORD001545,1,PROD00261,SELL00097,2024-08-06 18:48:55,603.09,10.12
ORD001546,1,PROD00349,SELL00056,2023-03-22 08:11:08,205.5,36.07
ORD001546,2,PROD00300,SELL00098,2023-10-25 23:12:00,784.71,29.42
ORD001547,1,PROD00387,SELL00126,2023-03-08 04:10:42,709.89,15.13
ORD001548,1,PROD00047,SELL00134,2023-08-24 23:01:50,311.75,37.87
ORD001548,2,PROD00039,SELL00127,2023-03-31 22:31:43,308.99,52.28
ORD001549,1,PROD00349,SELL00020,2024-03-08 05:00:40,204.18,41.56
ORD001550,1,PROD00387,SELL00101,2024-08-20 13:48:05,189.08,73.65
ORD001551,1,PROD00189,SELL00072,2024-07-30 22:39:23,327.48,62.43
ORD001551,2,PROD00078,SELL00131,2024-08-06 03:07:38,791.91,55.92
ORD001551,3,PROD00006,SELL00061,2024-10-08 05:35:45,641.58,46.55
ORD001552,1,PROD00277,SELL00104,2024-07-17 23:28:35,717.95,6.52
ORD001552,2,PROD00104,SELL00059,2023-04-10 09:18:11,124.14,64.17
ORD001553,1,PROD00281,SELL00073,2024-09-02 02:06:03,738.04,55.09
ORD001554,1,PROD00303,SELL00014,2023-11-28 21:20:30,297.97,29.14
ORD001555,1,PROD00395,SELL00010,2023-02-13 20:34:23,239.22,48.7
ORD001556,1,PROD00005,SELL00105,2024-11-17 00:30:37,409.09,52.43
ORD001556,2,PROD00146,SELL00089,2024-12-31 09:39:16,602.46,5.59
ORD001557,1,PROD00080,SELL00090,2023-07-07 09:56:09,327.44,57.1
ORD001557,2,PROD00250,SELL00122,2024-11-20 23:20:31,153.61,18.09
ORD001558,1,PROD00219,SELL00069,2024-02-08 15:25:14,878.72,56.92
ORD001559,1,PROD00364,SELL00124,2024-06-12 07:13:21,598.42,51.44
ORD001560,1,PROD00376,SELL00081,2024-04-12 04:31:31,855.62,30.9
ORD001560,2,PROD00205,SELL00020,2023-12-06 02:19:41,533.9,16.65
ORD001560,3,PROD00092,SELL00140,2023-09-20 07:29:17,174.34,21.29
ORD001561,1,PROD00273,SELL00031,2024-03-18 16:52:05,222.99,22.4
ORD001561,2,PROD00369,SELL00045,2024-05-10 18:07:15,345.23,38.56
ORD001562,1,PROD00004,SELL00096,2023-05-14 14:07:36,236.86,59.16
ORD001563,1,PROD00276,SELL00146,2024-05-08 11:44:53,695.6,44.9
ORD001563,2,PROD00238,SELL00110,2023-01-10 10:54:23,57.56,54.92
ORD001564,1,PROD00365,SELL00052,2023-09-20 00:02:12,537.41,49.94
ORD001564,2,PROD00105,SELL00029,2024-10-06 22:51:20,431.23,40.8
ORD001565,1,PROD00117,SELL00105,2024-02-27 03:06:25,466.35,76.67
ORD001566,1,PROD00060,SELL00063,2024-05-07 09:37:09,892.29,49.72
ORD001566,2,PROD00055,SELL00038,2024-12-25 15:00:41,896.86,34.48
ORD001566,3,PROD00037,SELL00009,2024-11-15 09:56:16,549.76,42.32
ORD001567,1,PROD00121,SELL00083,2023-04-03 16:43:42,717.38,72.34
ORD001568,1,PROD00115,SELL00074,2023-08-24 13:24:27,843.12,26.74
ORD001569,1,PROD00296,SELL00001,2023-02-21 07:56:16,457.9,65.73
ORD001570,1,PROD00019,SELL00125,2024-08-09 13:32:01,685.09,34.01
ORD001571,1,PROD00021,SELL00101,2024-04-01 13:49:35,796.97,29.44
ORD001571,2,PROD00302,SELL00062,2023-01-11 17:16:40,448.31,29.01
ORD001572,1,PROD00281,SELL00013,2024-11-08 18:10:33,686.95,60.96
ORD001572,2,PROD00366,SELL00037,2024-10-30 21:40:38,170.63,56.64
ORD001572,3,PROD00043,SELL00079,2024-01-31 09:45:31,278.32,39.59
ORD001572,4,PROD00367,SELL00035,2024-11-25 02:37:14,853.35,36.14
ORD001573,1,PROD00247,SELL00085,2024-12-15 23:15:56,350.31,24.52
ORD001574,1,PROD00268,SELL00034,2023-08-31 03:54:26,196.08,35.37
ORD001574,2,PROD00108,SELL00025,2024-03-27 12:09:04,697.28,34.61
ORD001575,1,PROD00268,SELL00144,2023-02-09 21:13:43,278.83,21.72
ORD001576,1,PROD00188,SELL00105,2024-02-07 14:35:46,572.15,67.76
ORD001577,1,PROD00371,SELL00117,2023-07-25 14:12:07,29.61,53.9
ORD001578,1,PROD00371,SELL00142,2023-02-25 13:03:35,834.14,64.44
ORD001579,1,PROD00115,SELL00036,2024-06-06 16:49:57,359.12,9.24
ORD001579,2,PROD00338,SELL00052,2024-12-30 23:35:31,785.06,77.38
ORD001580,1,PROD00365,SELL00106,2023-04-21 03:17:29,280.91,73.21
ORD001581,1,PROD00329,SELL00047,2023-07-20 17:20:45,593.82,62.39
ORD001582,1,PROD00141,SELL00036,2024-09-10 15:07:55,894.34,52.32
ORD001582,2,PROD00169,SELL00143,2024-10-05 05:56:29,337.93,17.01
ORD001583,1,PROD00158,SELL00016,2024-07-11 14:17:34,542.19,48.56
ORD001583,2,PROD00076,SELL00019,2023-03-04 12:11:01,404.99,40.16
ORD001584,1,PROD00064,SELL00054,2023-02-07 17:15:54,472.39,48.86
ORD001585,1,PROD00264,SELL00018,2024-09-11 13:59:15,176.2,49.09
ORD001586,1,PROD00068,SELL00078,2023-10-27 19:59:30,547.17,12.21
ORD001586,2,PROD00294,SELL00107,2024-05-04 00:20:40,177.03,66.66
ORD001587,1,PROD00233,SELL00122,2024-12-13 03:49:05,127.65,23.55
ORD001588,1,PROD00061,SELL00028,2023-07-19 17:08:50,128.89,43.2
ORD001589,1,PROD00384,SELL00139,2023-09-13 15:49:18,387.31,16.75
ORD001589,2,PROD00298,SELL00112,2023-10-22 02:45:27,685.69,68.32
ORD001590,1,PROD00253,SELL00046,2024-09-14 02:27:14,441.6,56.99
ORD001591,1,PROD00348,SELL00049,2024-01-19 02:17:53,167.91,51.91
ORD001592,1,PROD00010,SELL00055,2023-03-29 17:13:06,327.58,36.03
ORD001592,2,PROD00205,SELL00147,2024-01-09 12:13:59,400.62,79.08
ORD001593,1,PROD00159,SELL00126,2024-01-13 13:09:46,153.51,21.51
ORD001594,1,PROD00240,SELL00072,2024-05-17 00:56:25,626.36,29.24
ORD001594,2,PROD00256,SELL00049,2023-07-19 00:12:32,784.62,72.37
ORD001594,3,PROD00350,SELL00034,2023-06-01 19:54:48,708.69,16.35
ORD001595,1,PROD00034,SELL00114,2023-08-17 08:34:32,646.45,50.63
ORD001595,2,PROD00202,SELL00083,2024-03-25 19:11:35,330.78,15.78
ORD001596,1,PROD00122,SELL00118,2023-07-18 12:46:13,106.93,59.46
ORD001596,2,PROD00345,SELL00004,2024-02-24 10:56:03,725.5,49.9
ORD001597,1,PROD00222,SELL00118,2023-11-14 18:09:43,153.63,44.47
ORD001598,1,PROD00191,SELL00145,2023-02-04 16:33:38,260.13,32.0
ORD001599,1,PROD00384,SELL00107,2023-01-11 04:28:29,808.73,23.4
ORD001599,2,PROD00395,SELL00111,2024-12-01 01:47:39,898.86,76.19
ORD001600,1,PROD00373,SELL00107,2023-11-20 14:40:37,58.47,45.49
ORD001601,1,PROD00091,SELL00137,2023-01-27 12:19:17,739.66,75.65
ORD001601,2,PROD00082,SELL00081,2023-11-24 19:17:19,495.5,53.79
ORD001602,1,PROD00036,SELL00008,2024-07-23 15:18:31,16.33,72.84
ORD001603,1,PROD00068,SELL00148,2023-09-17 18:11:16,450.26,77.46
ORD001604,1,PROD00103,SELL00040,2024-07-15 15:32:17,535.62,38.49
ORD001605,1,PROD00301,SELL00034,2023-10-30 14:09:02,749.62,63.94
ORD001606,1,PROD00282,SELL00015,2023-11-04 16:10:23,229.38,21.44
ORD001606,2,PROD00309,SELL00132,2024-02-23 08:19:58,406.78,60.78
ORD001607,1,PROD00335,SELL00018,2023-06-01 05:41:15,439.37,72.06
ORD001608,1,PROD00272,SELL00090,2023-06-24 18:16:37,839.25,37.28
ORD001608,2,PROD00387,SELL00038,2023-12-20 00:01:07,116.28,74.37
ORD001609,1,PROD00014,SELL00117,2024-10-16 18:09:30,444.16,20.51
ORD001610,1,PROD00386,SELL00071,2023-06-18 04:11:53,888.44,8.77
ORD001611,1,PROD00027,SELL00100,2023-01-04 09:11:35,22.68,73.12
ORD001611,2,PROD00184,SELL00065,2023-01-28 22:43:50,433.82,61.37
ORD001612,1,PROD00021,SELL00091,2023-06-17 21:40:10,819.59,47.28
ORD001613,1,PROD00337,SELL00148,2024-04-06 08:36:04,329.53,49.06
ORD001614,1,PROD00279,SELL00005,2024-06-29 11:32:40,377.58,6.21
ORD001614,2,PROD00031,SELL00049,2023-04-06 15:59:11,528.83,50.49
ORD001614,3,PROD00141,SELL00096,2023-08-26 14:09:29,679.97,41.35
ORD001614,4,PROD00098,SELL00065,2024-03-27 23:30:12,400.72,20.37
ORD001615,1,PROD00364,SELL00010,2023-11-03 18:25:17,324.82,38.78
ORD001616,1,PROD00088,SELL00112,2024-11-01 13:11:15,619.47,30.98
ORD001616,2,PROD00143,SELL00145,2024-10-08 22:17:05,415.62,23.36
ORD001617,1,PROD00351,SELL00024,2024-09-07 14:12:37,863.88,24.8
ORD001618,1,PROD00201,SELL00049,2023-11-24 06:35:35,400.1,68.32
ORD001619,1,PROD00046,SELL00116,2023-10-12 08:37:44,237.11,40.75
ORD001620,1,PROD00219,SELL00042,2024-06-03 09:58:55,154.66,15.62
ORD001621,1,PROD00291,SELL00001,2023-03-16 22:36:15,408.27,33.76
ORD001622,1,PROD00338,SELL00007,2024-06-15 17:04:42,500.23,47.21
ORD001623,1,PROD00334,SELL00145,2024-07-04 08:02:39,451.11,70.29
ORD001624,1,PROD00018,SELL00145,2024-10-16 01:02:11,180.85,49.6
ORD001625,1,PROD00199,SELL00123,2023-10-21 12:46:04,301.46,5.92
ORD001625,2,PROD00233,SELL00147,2024-01-24 11:43:36,669.4,37.86
ORD001625,3,PROD00398,SELL00140,2023-11-27 20:39:13,502.22,26.33
ORD001626,1,PROD00391,SELL00060,2023-07-09 10:34:29,213.34,27.72
ORD001627,1,PROD00343,SELL00014,2024-04-25 03:45:19,775.86,60.45
ORD001628,1,PROD00309,SELL00126,2023-02-26 14:47:50,181.77,22.57
ORD001628,2,PROD00071,SELL00026,2023-07-19 13:24:50,312.57,20.16
ORD001628,3,PROD00383,SELL00080,2024-08-22 19:43:21,557.09,40.42
ORD001628,4,PROD00366,SELL00135,2023-06-10 18:20:30,32.82,34.7
ORD001629,1,PROD00211,SELL00006,2023-01-01 19:07:38,637.97,49.58
ORD001630,1,PROD00017,SELL00093,2024-10-10 17:08:14,447.58,52.19
ORD001631,1,PROD00141,SELL00093,2024-12-19 17:20:02,775.71,15.97
ORD001632,1,PROD00087,SELL00133,2023-09-11 01:43:33,426.59,75.46
ORD001632,2,PROD00106,SELL00031,2023-08-13 21:09:18,535.37,40.16
ORD001632,3,PROD00137,SELL00118,2023-09-11 15:55:23,582.49,43.66
ORD001632,4,PROD00306,SELL00009,2024-08-05 18:11:12,763.31,35.89
ORD001633,1,PROD00016,SELL00028,2023-11-30 12:11:46,896.25,42.74
ORD001633,2,PROD00197,SELL00026,2023-02-26 23:23:45,878.83,64.32
ORD001634,1,PROD00120,SELL00096,2024-03-30 05:06:55,896.42,54.63
ORD001635,1,PROD00387,SELL00107,2023-01-28 02:58:27,154.01,50.73
ORD001635,2,PROD00034,SELL00027,2023-08-25 06:37:30,30.24,38.11
ORD001636,1,PROD00271,SELL00004,2024-04-04 18:48:57,145.6,31.68
ORD001636,2,PROD00035,SELL00041,2023-09-01 00:34:17,155.13,26.72
ORD001637,1,PROD00135,SELL00009,2023-12-26 15:29:12,284.3,10.88
ORD001638,1,PROD00176,SELL00135,2023-07-28 21:15:53,74.9,38.16
ORD001639,1,PROD00222,SELL00019,2024-03-28 05:59:33,697.02,59.38
ORD001640,1,PROD00311,SELL00122,2024-08-27 20:08:11,579.2,46.52
ORD001641,1,PROD00306,SELL00146,2024-05-27 11:04:26,45.35,42.95
ORD001642,1,PROD00134,SELL00078,2023-07-25 20:02:50,306.46,28.66
ORD001643,1,PROD00326,SELL00089,2023-12-13 22:31:19,337.64,60.62
ORD001643,2,PROD00100,SELL00032,2024-06-18 07:53:52,569.59,15.65
ORD001644,1,PROD00300,SELL00096,2024-04-09 00:52:30,851.82,7.49
ORD001644,2,PROD00098,SELL00086,2023-02-16 14:52:55,324.04,64.81
ORD001644,3,PROD00190,SELL00034,2023-03-08 04:40:41,551.32,38.63
ORD001645,1,PROD00222,SELL00025,2024-07-20 16:22:49,296.05,46.06
ORD001646,1,PROD00159,SELL00143,2024-06-17 12:08:45,747.73,18.74
ORD001646,2,PROD00307,SELL00058,2024-07-24 05:39:53,213.59,47.69
ORD001647,1,PROD00183,SELL00072,2023-06-24 11:17:35,880.99,59.38
ORD001648,1,PROD00126,SELL00111,2023-01-03 15:30:50,433.72,40.96
ORD001649,1,PROD00286,SELL00100,2024-06-25 13:32:36,516.23,67.17
ORD001649,2,PROD00182,SELL00005,2024-07-26 09:29:44,484.66,7.5
ORD001650,1,PROD00261,SELL00042,2024-03-11 18:46:58,459.15,78.33
ORD001650,2,PROD00351,SELL00026,2023-06-15 07:14:36,837.05,36.75
ORD001651,1,PROD00174,SELL00089,2023-02-17 14:31:49,391.63,55.0
ORD001652,1,PROD00233,SELL00029,2024-07-31 12:57:05,343.68,75.05
ORD001653,1,PROD00059,SELL00086,2023-12-01 10:34:50,230.51,73.55
ORD001654,1,PROD00152,SELL00098,2024-10-16 16:05:23,17.66,75.76
ORD001655,1,PROD00050,SELL00047,2023-01-13 10:41:31,598.16,31.53
ORD001656,1,PROD00350,SELL00051,2024-06-29 23:42:06,305.47,66.88
ORD001657,1,PROD00139,SELL00076,2024-10-05 19:40:54,459.44,9.85
ORD001657,2,PROD00206,SELL00038,2024-06-25 16:17:41,822.07,65.44
ORD001658,1,PROD00121,SELL00092,2024-01-04 17:12:28,318.21,42.79
ORD001659,1,PROD00316,SELL00025,2023-10-23 04:09:20,56.12,6.6
ORD001659,2,PROD00219,SELL00133,2024-01-14 02:09:28,29.53,26.47
ORD001660,1,PROD00300,SELL00108,2023-11-07 21:06:42,665.6,75.22
ORD001660,2,PROD00364,SELL00059,2023-01-15 19:02:30,231.56,35.46
ORD001661,1,PROD00069,SELL00100,2023-04-28 03:07:50,393.89,56.04
ORD001661,2,PROD00231,SELL00026,2024-01-27 15:54:02,318.8,32.5
ORD001662,1,PROD00137,SELL00084,2023-10-10 16:02:10,588.39,6.25
ORD001663,1,PROD00233,SELL00150,2023-11-16 12:13:22,330.32,8.16
ORD001663,2,PROD00268,SELL00099,2024-10-18 20:09:38,503.52,7.54
ORD001664,1,PROD00079,SELL00074,2024-02-20 20:46:40,130.16,40.82
ORD001665,1,PROD00065,SELL00108,2023-11-14 22:05:58,47.87,53.81
ORD001665,2,PROD00150,SELL00119,2023-12-07 15:54:50,713.83,51.79
ORD001666,1,PROD00217,SELL00123,2024-10-27 18:25:49,669.11,68.92
ORD001666,2,PROD00205,SELL00001,2023-08-19 23:51:46,851.71,74.02
ORD001667,1,PROD00269,SELL00118,2024-05-13 05:06:03,512.74,35.26
ORD001668,1,PROD00307,SELL00104,2024-06-06 03:32:30,284.4,29.39
ORD001668,2,PROD00225,SELL00096,2023-08-15 08:34:55,443.79,44.3
ORD001668,3,PROD00238,SELL00064,2023-10-31 23:24:16,324.29,63.68
ORD001669,1,PROD00104,SELL00071,2024-09-19 22:57:43,245.66,53.52
ORD001669,2,PROD00315,SELL00112,2024-12-20 09:01:17,749.37,35.52
ORD001670,1,PROD00257,SELL00114,2023-02-05 09:27:39,46.17,8.05
ORD001670,2,PROD00335,SELL00024,2024-12-28 19:58:48,330.91,49.38
ORD001671,1,PROD00150,SELL00146,2024-07-17 19:47:48,635.81,70.47
ORD001672,1,PROD00236,SELL00148,2023-11-20 03:48:15,384.15,52.4
ORD001672,2,PROD00167,SELL00120,2024-01-21 03:59:11,281.91,56.56
ORD001673,1,PROD00231,SELL00127,2024-04-03 07:40:24,60.07,48.47
ORD001673,2,PROD00199,SELL00063,2024-08-27 18:14:38,80.06,66.85
ORD001674,1,PROD00097,SELL00136,2024-06-30 20:25:24,800.47,77.72
ORD001674,2,PROD00265,SELL00066,2023-08-24 22:49:03,105.84,72.0
ORD001674,3,PROD00213,SELL00123,2023-04-22 06:34:35,497.83,33.48
ORD001674,4,PROD00082,SELL00075,2023-04-14 13:52:21,501.32,32.36
ORD001675,1,PROD00362,SELL00035,2023-06-07 13:27:36,246.08,35.66
ORD001676,1,PROD00127,SELL00121,2023-08-13 15:21:13,113.86,69.96
ORD001677,1,PROD00393,SELL00130,2024-04-08 14:22:09,405.62,49.51
ORD001678,1,PROD00368,SELL00132,2024-08-21 12:54:45,782.23,64.0
ORD001679,1,PROD00030,SELL00143,2023-11-13 17:46:40,715.73,52.92
ORD001679,2,PROD00161,SELL00123,2023-03-03 22:58:09,262.89,7.78
ORD001679,3,PROD00120,SELL00004,2024-04-07 04:21:33,514.2,42.92
ORD001680,1,PROD00210,SELL00052,2023-12-11 18:03:36,219.91,21.54
ORD001681,1,PROD00235,SELL00039,2023-06-26 13:55:55,390.51,72.04
ORD001682,1,PROD00371,SELL00098,2023-09-16 16:18:13,746.88,24.88
ORD001682,2,PROD00231,SELL00028,2023-02-07 09:38:42,92.49,36.3
ORD001682,3,PROD00386,SELL00027,2023-07-09 15:39:39,247.31,12.86
ORD001683,1,PROD00347,SELL00034,2024-05-27 23:02:31,872.16,56.16
ORD001684,1,PROD00239,SELL00077,2024-09-02 10:24:21,814.09,36.06
ORD001685,1,PROD00221,SELL00132,2024-11-20 20:52:31,341.66,11.47
ORD001685,2,PROD00227,SELL00137,2023-08-13 16:51:14,721.37,13.59
ORD001686,1,PROD00343,SELL00089,2024-03-14 04:54:59,240.05,42.95
ORD001687,1,PROD00334,SELL00014,2023-07-16 16:10:27,182.58,46.07
ORD001688,1,PROD00270,SELL00087,2023-06-18 11:22:34,362.08,29.39
ORD001689,1,PROD00066,SELL00118,2023-01-03 17:41:20,737.83,55.26
ORD001689,2,PROD00136,SELL00013,2023-11-15 15:53:40,263.97,55.69
ORD001689,3,PROD00231,SELL00048,2023-10-04 00:07:25,246.45,62.22
ORD001690,1,PROD00017,SELL00038,2023-12-27 06:57:51,400.27,14.3
ORD001690,2,PROD00316,SELL00087,2023-12-16 14:01:53,264.94,29.42
ORD001691,1,PROD00395,SELL00078,2024-03-16 05:33:00,189.75,66.29
ORD001692,1,PROD00285,SELL00127,2023-05-06 13:06:37,198.92,24.19
ORD001692,2,PROD00227,SELL00016,2024-08-12 12:48:01,320.04,68.18
ORD001693,1,PROD00264,SELL00065,2024-01-06 05:08:48,132.28,77.58
ORD001694,1,PROD00151,SELL00070,2024-07-08 18:19:30,315.25,32.58
ORD001694,2,PROD00079,SELL00021,2023-10-08 23:33:53,580.17,43.29
ORD001694,3,PROD00082,SELL00022,2024-12-14 00:28:55,790.98,74.2
ORD001695,1,PROD00155,SELL00027,2023-07-12 07:28:58,431.67,16.35
ORD001696,1,PROD00156,SELL00032,2024-09-25 07:42:53,627.66,18.82
ORD001697,1,PROD00015,SELL00002,2023-09-12 05:30:50,843.62,60.0
ORD001698,1,PROD00109,SELL00053,2023-06-08 14:54:24,155.15,23.56
ORD001699,1,PROD00009,SELL00010,2024-03-25 10:36:37,410.73,59.08
ORD001700,1,PROD00311,SELL00063,2024-06-04 04:30:03,558.75,73.36
ORD001701,1,PROD00011,SELL00097,2024-07-04 16:15:03,762.4,62.17
ORD001702,1,PROD00289,SELL00036,2024-12-03 05:29:58,420.16,27.07
ORD001702,2,PROD00385,SELL00108,2024-09-13 22:13:49,878.43,26.71
ORD001703,1,PROD00256,SELL00057,2023-12-21 23:11:59,79.54,36.28
ORD001704,1,PROD00365,SELL00074,2024-02-17 14:53:11,153.93,69.97
ORD001704,2,PROD00056,SELL00113,2024-09-10 00:09:59,461.6,58.2
ORD001704,3,PROD00310,SELL00041,2024-02-19 23:38:03,820.19,29.78
ORD001705,1,PROD00110,SELL00065,2023-07-11 01:09:21,403.64,42.6
ORD001706,1,PROD00388,SELL00137,2024-12-29 07:30:52,366.2,72.65
ORD001707,1,PROD00092,SELL00003,2023-12-16 08:51:33,443.04,49.77
ORD001707,2,PROD00399,SELL00020,2024-07-21 19:26:33,282.63,73.64
ORD001707,3,PROD00234,SELL00056,2024-10-31 11:36:38,211.12,19.98
ORD001708,1,PROD00259,SELL00053,2023-04-09 18:38:40,603.3,71.53
ORD001708,2,PROD00281,SELL00038,2023-10-14 19:40:51,28.92,34.85
ORD001709,1,PROD00283,SELL00024,2024-07-04 02:07:24,154.4,36.75
ORD001709,2,PROD00362,SELL00084,2023-08-16 18:13:52,783.81,70.35
ORD001710,1,PROD00202,SELL00055,2024-10-21 13:18:09,628.41,73.58
ORD001711,1,PROD00288,SELL00092,2024-11-15 08:46:24,78.69,31.52
ORD001711,2,PROD00287,SELL00142,2023-04-07 13:05:17,513.58,45.81
ORD001711,3,PROD00339,SELL00124,2023-03-30 11:33:38,443.95,24.51
ORD001711,4,PROD00108,SELL00058,2024-11-20 13:44:50,528.12,11.33
ORD001712,1,PROD00178,SELL00122,2023-07-07 08:34:51,25.9,36.52
ORD001712,2,PROD00300,SELL00080,2023-10-24 14:27:38,648.42,31.49
ORD001713,1,PROD00294,SELL00085,2024-10-30 06:21:23,139.92,73.46
ORD001714,1,PROD00156,SELL00130,2024-07-19 23:16:07,290.18,76.39
ORD001714,2,PROD00390,SELL00034,2023-12-11 03:48:51,550.54,15.85
ORD001715,1,PROD00187,SELL00063,2024-03-12 23:20:46,501.98,57.22
ORD001715,2,PROD00064,SELL00086,2023-09-08 12:16:57,102.88,64.41
ORD001716,1,PROD00138,SELL00025,2024-06-26 10:31:31,382.99,9.88
ORD001717,1,PROD00006,SELL00108,2024-09-20 21:11:15,300.92,41.01
ORD001718,1,PROD00216,SELL00064,2024-12-27 22:23:46,591.68,34.6
ORD001719,1,PROD00350,SELL00115,2024-09-18 17:23:21,71.9,47.32
ORD001719,2,PROD00135,SELL00058,2024-03-08 19:19:55,583.67,18.8
ORD001719,3,PROD00184,SELL00055,2023-02-20 19:25:13,365.16,74.96
ORD001720,1,PROD00170,SELL00064,2024-07-24 05:58:10,503.83,62.21
ORD001721,1,PROD00220,SELL00105,2024-04-27 07:08:05,52.15,76.54
ORD001722,1,PROD00246,SELL00008,2023-10-15 07:11:50,622.02,39.0
ORD001723,1,PROD00111,SELL00027,2023-06-08 00:57:09,187.58,5.75
ORD001724,1,PROD00366,SELL00080,2024-11-11 14:14:29,317.04,64.29
ORD001724,2,PROD00188,SELL00115,2024-05-08 00:15:53,171.72,64.71
ORD001724,3,PROD00271,SELL00111,2023-10-19 17:55:44,574.75,78.87
ORD001725,1,PROD00261,SELL00105,2024-04-04 22:42:29,745.41,71.96
ORD001726,1,PROD00030,SELL00124,2023-06-25 02:17:52,487.82,44.72
ORD001727,1,PROD00052,SELL00003,2023-12-05 06:20:21,423.73,44.97
ORD001728,1,PROD00250,SELL00114,2023-05-19 20:55:52,709.43,20.54
ORD001729,1,PROD00217,SELL00122,2023-12-02 09:19:04,615.92,77.31
ORD001730,1,PROD00114,SELL00094,2024-11-23 09:03:33,277.59,55.31
ORD001731,1,PROD00100,SELL00110,2024-05-16 13:23:31,856.39,71.97
ORD001732,1,PROD00228,SELL00123,2024-02-16 11:20:00,582.18,42.94
ORD001733,1,PROD00228,SELL00075,2023-02-28 17:18:51,252.41,45.96
ORD001734,1,PROD00327,SELL00045,2023-10-04 15:36:04,750.57,48.05
ORD001734,2,PROD00051,SELL00134,2024-09-05 19:03:02,206.77,35.83
ORD001735,1,PROD00242,SELL00024,2024-10-15 23:39:00,760.41,31.96
ORD001736,1,PROD00129,SELL00031,2023-12-11 19:48:43,30.11,67.37
ORD001737,1,PROD00160,SELL00137,2024-05-26 16:55:18,451.16,7.9
ORD001738,1,PROD00244,SELL00144,2023-07-12 04:12:27,561.11,9.07
ORD001738,2,PROD00223,SELL00087,2024-10-07 02:49:57,407.76,15.86
ORD001738,3,PROD00392,SELL00104,2024-08-24 18:12:58,717.34,62.44
ORD001738,4,PROD00033,SELL00121,2023-08-31 04:00:16,17.09,19.47
ORD001739,1,PROD00321,SELL00081,2024-03-06 09:38:07,346.66,36.55
ORD001739,2,PROD00065,SELL00119,2023-11-16 14:46:16,31.27,8.66
ORD001740,1,PROD00016,SELL00118,2023-08-02 11:54:04,799.69,55.79
ORD001741,1,PROD00248,SELL00130,2023-06-28 13:57:09,766.55,37.61
ORD001742,1,PROD00120,SELL00015,2024-02-02 10:03:38,516.84,10.79
ORD001743,1,PROD00247,SELL00113,2023-08-21 08:24:51,356.9,67.84
ORD001744,1,PROD00067,SELL00111,2024-07-16 05:41:08,98.62,8.94
ORD001745,1,PROD00128,SELL00119,2024-12-08 16:20:35,21.9,40.65
ORD001746,1,PROD00263,SELL00057,2024-04-21 09:06:14,717.65,27.13
ORD001747,1,PROD00064,SELL00098,2024-10-14 20:50:59,689.73,50.28
ORD001748,1,PROD00305,SELL00100,2024-12-27 00:25:22,505.36,49.85
ORD001749,1,PROD00107,SELL00105,2024-02-27 16:03:19,749.59,66.04
ORD001750,1,PROD00074,SELL00142,2024-03-03 08:13:20,220.98,31.86
ORD001750,2,PROD00046,SELL00056,2024-04-28 15:44:09,337.85,32.68
ORD001751,1,PROD00027,SELL00044,2024-10-29 01:01:27,176.18,13.21
ORD001752,1,PROD00224,SELL00080,2024-06-23 13:42:11,179.36,74.63
ORD001753,1,PROD00300,SELL00032,2023-12-01 15:24:59,101.57,34.76
ORD001754,1,PROD00207,SELL00027,2023-07-17 13:20:15,275.94,17.57
ORD001755,1,PROD00049,SELL00005,2024-11-11 10:57:34,404.67,26.57
ORD001755,2,PROD00097,SELL00083,2023-03-29 18:08:43,528.28,32.54
ORD001755,3,PROD00141,SELL00030,2024-12-31 18:03:30,313.36,16.34
ORD001756,1,PROD00257,SELL00004,2024-05-20 12:39:56,567.28,51.36
ORD001756,2,PROD00106,SELL00004,2023-11-20 19:11:04,159.44,78.88
ORD001756,3,PROD00241,SELL00001,2024-10-01 19:04:55,426.16,73.45
ORD001757,1,PROD00355,SELL00053,2024-07-21 09:04:32,647.07,35.08
ORD001758,1,PROD00028,SELL00041,2023-04-27 03:24:30,874.16,28.79
ORD001759,1,PROD00027,SELL00034,2023-06-10 10:39:32,158.8,24.73
ORD001760,1,PROD00207,SELL00008,2023-11-09 15:09:47,458.16,79.55
ORD001760,2,PROD00350,SELL00062,2024-11-19 07:25:24,404.05,10.58
ORD001761,1,PROD00296,SELL00128,2023-09-28 03:21:52,831.93,40.25
ORD001762,1,PROD00354,SELL00116,2024-02-16 21:44:24,831.02,56.18
ORD001763,1,PROD00266,SELL00109,2023-02-24 19:45:39,815.66,28.81
ORD001764,1,PROD00374,SELL00119,2023-09-18 00:16:15,670.14,5.37
ORD001765,1,PROD00308,SELL00092,2024-05-19 14:41:03,589.83,64.63
ORD001765,2,PROD00376,SELL00087,2023-01-30 14:05:18,796.4,11.7
ORD001765,3,PROD00104,SELL00086,2023-02-07 04:07:37,107.28,53.77
ORD001766,1,PROD00227,SELL00012,2023-08-15 03:17:38,126.26,20.99
ORD001767,1,PROD00185,SELL00049,2023-03-31 16:34:07,477.28,67.12
ORD001767,2,PROD00163,SELL00018,2023-11-22 17:07:00,158.66,75.31
ORD001768,1,PROD00197,SELL00129,2023-09-23 00:26:41,331.53,67.89
ORD001769,1,PROD00103,SELL00026,2024-10-27 11:32:55,519.22,54.93
ORD001770,1,PROD00232,SELL00030,2023-02-28 15:56:08,129.94,34.91
ORD001771,1,PROD00306,SELL00083,2023-03-18 04:28:38,863.95,68.89
ORD001772,1,PROD00231,SELL00007,2024-12-06 06:16:53,262.94,25.34
ORD001773,1,PROD00142,SELL00007,2023-03-13 04:26:44,599.8,79.0
ORD001774,1,PROD00004,SELL00049,2023-10-26 23:59:20,898.73,28.78
ORD001775,1,PROD00070,SELL00075,2024-06-24 05:18:37,401.3,25.61
ORD001776,1,PROD00104,SELL00023,2024-03-11 10:41:55,857.81,9.68
ORD001777,1,PROD00237,SELL00045,2024-06-07 09:31:43,79.86,10.94
ORD001778,1,PROD00200,SELL00016,2024-09-03 12:39:34,213.52,65.5
ORD001779,1,PROD00142,SELL00120,2023-09-01 10:09:39,636.0,51.0
ORD001780,1,PROD00142,SELL00021,2023-03-08 18:01:52,388.97,28.9
ORD001780,2,PROD00087,SELL00048,2023-07-12 08:30:21,268.66,24.28
ORD001780,3,PROD00056,SELL00064,2023-10-04 21:08:05,102.22,37.49
ORD001781,1,PROD00247,SELL00031,2023-11-28 23:30:16,23.45,7.53
ORD001781,2,PROD00289,SELL00091,2024-12-08 07:45:43,742.05,12.76
ORD001782,1,PROD00233,SELL00071,2023-08-18 23:22:09,899.48,53.99
ORD001783,1,PROD00101,SELL00011,2023-09-05 23:02:14,582.08,60.71
ORD001783,2,PROD00059,SELL00024,2024-05-23 19:46:54,108.09,56.27
ORD001784,1,PROD00385,SELL00110,2024-07-02 15:35:29,620.29,52.92
ORD001785,1,PROD00055,SELL00075,2024-01-20 01:56:54,620.78,29.09
ORD001786,1,PROD00399,SELL00040,2023-01-15 09:59:11,723.64,44.52
ORD001787,1,PROD00201,SELL00022,2023-10-12 23:15:19,611.21,52.55
ORD001788,1,PROD00116,SELL00026,2023-09-01 09:44:17,286.2,42.37
ORD001789,1,PROD00060,SELL00126,2024-10-30 22:09:44,343.44,54.08
ORD001789,2,PROD00014,SELL00106,2024-09-09 17:23:48,429.89,37.4
ORD001790,1,PROD00309,SELL00083,2024-01-04 05:41:18,603.4,42.65
ORD001791,1,PROD00201,SELL00050,2024-11-12 17:36:37,336.09,23.11
ORD001791,2,PROD00156,SELL00093,2023-09-18 00:08:57,720.36,28.98
ORD001792,1,PROD00124,SELL00049,2023-04-29 18:52:19,204.63,6.39
ORD001792,2,PROD00376,SELL00107,2024-08-09 16:17:59,304.81,34.84
ORD001793,1,PROD00139,SELL00142,2023-06-23 20:33:31,30.8,51.51
ORD001794,1,PROD00132,SELL00117,2023-12-29 01:11:01,655.97,54.29
ORD001795,1,PROD00149,SELL00048,2024-05-29 02:27:16,442.54,47.79
ORD001796,1,PROD00122,SELL00087,2024-02-12 18:23:54,410.52,16.5
ORD001797,1,PROD00092,SELL00003,2024-09-12 22:02:57,852.5,60.58
ORD001798,1,PROD00313,SELL00095,2024-10-12 03:27:12,167.14,10.77
ORD001798,2,PROD00005,SELL00148,2023-10-03 01:16:58,94.99,30.97
ORD001799,1,PROD00202,SELL00128,2024-10-13 13:52:48,653.14,74.17
ORD001799,2,PROD00165,SELL00110,2024-10-23 22:15:39,172.09,41.6
ORD001800,1,PROD00187,SELL00077,2024-11-02 01:57:48,879.71,79.77
ORD001801,1,PROD00386,SELL00095,2023-05-06 05:27:52,722.17,11.68
ORD001802,1,PROD00211,SELL00085,2024-08-19 12:05:46,742.19,39.53
ORD001802,2,PROD00344,SELL00137,2023-06-02 05:49:56,548.37,70.86
ORD001802,3,PROD00239,SELL00004,2023-07-09 11:59:25,200.56,76.67
ORD001802,4,PROD00199,SELL00070,2023-12-21 00:05:02,360.3,42.38
ORD001803,1,PROD00002,SELL00121,2023-12-19 15:36:59,641.97,21.06
ORD001803,2,PROD00005,SELL00093,2024-04-16 04:13:41,124.11,18.11
ORD001804,1,PROD00159,SELL00124,2023-06-28 18:05:17,246.17,19.21
ORD001804,2,PROD00118,SELL00090,2023-05-28 07:20:17,592.65,42.09
ORD001804,3,PROD00252,SELL00065,2024-12-17 17:50:35,294.26,41.89
ORD001804,4,PROD00155,SELL00086,2023-04-14 11:16:09,778.68,18.49
ORD001805,1,PROD00155,SELL00052,2023-02-05 15:59:38,25.5,23.95
ORD001805,2,PROD00323,SELL00117,2023-09-25 04:04:31,540.62,72.23
ORD001806,1,PROD00320,SELL00009,2024-12-26 22:26:38,464.74,9.91
ORD001807,1,PROD00318,SELL00127,2024-11-09 11:59:20,318.01,78.32
ORD001808,1,PROD00192,SELL00138,2023-12-04 08:14:11,135.31,76.94
ORD001808,2,PROD00134,SELL00065,2023-01-03 20:55:24,857.81,72.79
ORD001808,3,PROD00337,SELL00091,2024-12-01 19:55:48,337.26,56.68
ORD001808,4,PROD00069,SELL00139,2024-12-24 22:05:44,450.15,50.58
ORD001809,1,PROD00328,SELL00091,2024-05-15 07:40:37,276.41,63.78
ORD001810,1,PROD00279,SELL00146,2024-06-17 22:49:20,323.19,16.17
ORD001811,1,PROD00156,SELL00023,2023-03-15 04:38:52,865.39,63.87
ORD001812,1,PROD00389,SELL00096,2023-04-15 23:10:45,90.28,29.05
ORD001813,1,PROD00211,SELL00054,2023-01-31 17:18:34,595.21,8.8
ORD001814,1,PROD00087,SELL00102,2023-02-15 06:29:06,345.07,62.37
ORD001815,1,PROD00324,SELL00109,2024-06-21 10:29:54,373.43,48.26
ORD001815,2,PROD00296,SELL00076,2023-06-24 07:41:13,644.65,70.76
ORD001815,3,PROD00265,SELL00018,2023-07-05 08:18:23,138.4,59.7
ORD001816,1,PROD00324,SELL00088,2023-09-13 19:04:05,817.12,46.83
ORD001816,2,PROD00038,SELL00023,2024-04-30 02:09:23,681.06,71.49
ORD001816,3,PROD00068,SELL00090,2024-08-12 11:04:59,847.9,61.77
ORD001817,1,PROD00221,SELL00142,2024-05-06 00:26:04,750.41,12.86
ORD001818,1,PROD00036,SELL00113,2024-03-26 18:54:09,877.83,47.14
ORD001818,2,PROD00346,SELL00003,2023-05-07 08:11:56,196.52,51.35
ORD001818,3,PROD00265,SELL00146,2024-07-21 06:45:53,855.63,13.37
ORD001818,4,PROD00080,SELL00073,2024-06-12 00:14:15,139.39,53.71
ORD001819,1,PROD00172,SELL00129,2023-03-11 13:33:28,731.59,20.69
ORD001819,2,PROD00267,SELL00110,2024-04-04 19:47:11,109.44,22.39
ORD001820,1,PROD00303,SELL00057,2023-09-10 19:40:19,647.22,45.83
ORD001821,1,PROD00400,SELL00086,2024-10-27 15:56:06,408.17,25.87
ORD001822,1,PROD00164,SELL00119,2023-04-09 08:07:52,726.5,45.78
ORD001822,2,PROD00258,SELL00018,2024-11-18 09:06:35,716.78,38.4
ORD001822,3,PROD00270,SELL00089,2023-11-10 13:20:04,523.75,34.68
ORD001823,1,PROD00134,SELL00031,2023-01-16 00:33:53,42.59,69.22
ORD001824,1,PROD00250,SELL00037,2024-10-27 18:29:05,220.88,31.71
ORD001825,1,PROD00342,SELL00114,2024-07-19 03:40:53,770.84,73.79
ORD001826,1,PROD00206,SELL00040,2024-07-22 06:31:27,704.46,7.06
ORD001826,2,PROD00311,SELL00079,2024-06-13 11:43:26,514.72,60.95
ORD001827,1,PROD00052,SELL00108,2024-07-01 10:12:23,838.47,59.69
ORD001828,1,PROD00159,SELL00105,2023-06-19 12:24:04,538.53,46.5
ORD001829,1,PROD00220,SELL00008,2023-03-13 13:30:40,666.64,21.44
ORD001830,1,PROD00243,SELL00111,2023-08-29 07:52:39,275.89,29.08
ORD001831,1,PROD00313,SELL00098,2024-02-25 15:08:58,409.93,6.21
ORD001831,2,PROD00180,SELL00048,2024-10-22 14:37:17,617.74,42.01
ORD001832,1,PROD00140,SELL00101,2024-08-09 02:30:55,816.3,11.8
ORD001833,1,PROD00278,SELL00039,2024-08-27 12:06:06,631.81,79.92
ORD001833,2,PROD00169,SELL00065,2024-09-01 08:54:59,313.21,21.52
ORD001834,1,PROD00127,SELL00020,2023-09-19 02:04:40,657.86,68.08
ORD001835,1,PROD00282,SELL00149,2024-04-22 00:18:23,451.21,10.79
ORD001836,1,PROD00055,SELL00105,2024-10-29 07:41:23,205.19,47.92
ORD001836,2,PROD00373,SELL00075,2024-07-05 21:08:34,39.32,12.31
ORD001837,1,PROD00250,SELL00015,2024-01-15 18:50:11,60.0,6.09
ORD001838,1,PROD00176,SELL00108,2024-02-05 06:38:42,436.98,65.48
ORD001839,1,PROD00176,SELL00082,2023-05-11 10:52:12,412.16,56.96
ORD001839,2,PROD00198,SELL00143,2024-05-04 08:52:39,396.97,25.25
ORD001840,1,PROD00239,SELL00041,2023-03-04 15:27:33,792.98,74.07
ORD001841,1,PROD00098,SELL00023,2024-09-12 00:52:35,753.51,48.17
ORD001841,2,PROD00107,SELL00058,2024-01-29 16:03:43,311.73,71.83
ORD001841,3,PROD00163,SELL00050,2023-01-25 16:23:41,567.48,13.97
ORD001842,1,PROD00228,SELL00070,2023-02-05 22:37:27,817.27,61.1
ORD001842,2,PROD00083,SELL00063,2024-11-08 22:02:23,320.84,46.15
ORD001842,3,PROD00254,SELL00072,2024-12-13 11:40:50,35.08,22.56
ORD001842,4,PROD00180,SELL00008,2023-04-12 20:41:37,24.89,78.39
ORD001843,1,PROD00038,SELL00099,2024-02-29 19:38:47,724.97,77.54
ORD001843,2,PROD00004,SELL00149,2023-09-27 10:06:35,775.83,75.32
ORD001844,1,PROD00069,SELL00119,2024-12-14 19:36:39,304.08,57.8
ORD001845,1,PROD00183,SELL00060,2023-10-29 06:45:07,744.57,38.54
ORD001845,2,PROD00220,SELL00126,2023-02-26 23:09:01,44.75,28.59
ORD001846,1,PROD00077,SELL00082,2024-01-14 11:51:47,90.15,72.02
ORD001847,1,PROD00277,SELL00138,2024-07-31 06:20:44,720.84,26.05
ORD001848,1,PROD00296,SELL00059,2023-11-20 21:53:49,660.47,53.45
ORD001849,1,PROD00098,SELL00086,2023-01-25 02:36:18,616.4,7.66
ORD001849,2,PROD00270,SELL00083,2024-10-04 02:51:21,213.31,24.31
ORD001850,1,PROD00251,SELL00055,2024-07-05 01:53:57,44.44,60.33
ORD001851,1,PROD00352,SELL00150,2023-09-18 09:53:41,438.7,47.82
ORD001852,1,PROD00329,SELL00058,2023-01-06 01:47:05,333.03,43.94
ORD001852,2,PROD00249,SELL00010,2023-02-08 00:49:08,26.99,71.71
ORD001852,3,PROD00337,SELL00043,2024-01-03 09:10:19,274.21,35.93
ORD001852,4,PROD00306,SELL00011,2023-08-05 10:45:56,566.59,33.88
ORD001853,1,PROD00032,SELL00133,2023-06-24 13:09:13,488.91,38.05
ORD001853,2,PROD00249,SELL00037,2024-07-18 21:09:07,374.56,26.15
ORD001854,1,PROD00200,SELL00026,2023-05-18 11:30:52,775.81,34.72
ORD001854,2,PROD00161,SELL00019,2023-07-17 19:18:33,407.48,9.54
ORD001855,1,PROD00214,SELL00035,2023-03-23 03:14:48,431.4,29.86
ORD001856,1,PROD00236,SELL00103,2023-04-20 13:58:59,114.21,55.07
ORD001856,2,PROD00300,SELL00083,2024-01-17 02:10:48,327.32,56.09
ORD001856,3,PROD00007,SELL00092,2024-08-02 12:00:40,507.83,13.81
ORD001856,4,PROD00083,SELL00024,2023-04-22 12:18:48,547.47,28.12
ORD001857,1,PROD00016,SELL00030,2023-03-14 18:06:16,403.69,67.86
ORD001857,2,PROD00217,SELL00084,2024-12-01 09:59:42,242.2,52.4
ORD001857,3,PROD00263,SELL00055,2024-11-08 14:06:01,440.71,65.3
ORD001858,1,PROD00108,SELL00148,2023-04-14 22:47:10,739.42,67.49
ORD001858,2,PROD00274,SELL00135,2023-08-23 05:41:27,50.28,77.18
ORD001858,3,PROD00068,SELL00039,2024-04-14 14:38:11,635.02,14.12
ORD001859,1,PROD00360,SELL00010,2024-01-20 03:37:40,158.51,28.05
ORD001860,1,PROD00107,SELL00039,2024-01-24 21:36:59,239.77,26.94
ORD001861,1,PROD00308,SELL00108,2024-06-01 22:05:52,338.44,76.13
ORD001862,1,PROD00220,SELL00077,2023-03-28 19:44:32,174.31,56.24
ORD001862,2,PROD00092,SELL00058,2023-03-10 03:12:16,216.72,43.14
ORD001862,3,PROD00313,SELL00069,2024-03-30 23:02:11,772.72,64.64
ORD001863,1,PROD00140,SELL00019,2023-10-13 17:57:13,848.43,56.21
ORD001864,1,PROD00179,SELL00029,2024-08-15 16:39:33,542.19,58.27
ORD001864,2,PROD00272,SELL00085,2024-08-11 03:21:40,677.13,29.35
ORD001864,3,PROD00240,SELL00123,2023-11-03 19:18:23,650.06,24.96
ORD001865,1,PROD00265,SELL00119,2023-01-06 20:54:52,524.1,27.93
ORD001865,2,PROD00353,SELL00102,2024-07-11 09:17:12,599.59,33.84
ORD001865,3,PROD00209,SELL00102,2024-08-16 05:37:52,808.88,22.6
ORD001866,1,PROD00384,SELL00128,2024-05-30 17:59:53,270.94,60.61
ORD001866,2,PROD00317,SELL00127,2024-05-03 08:52:49,510.73,53.3
ORD001867,1,PROD00370,SELL00015,2024-05-03 15:13:16,604.48,55.52
ORD001868,1,PROD00037,SELL00133,2023-07-30 16:29:04,770.53,40.25
ORD001868,2,PROD00076,SELL00123,2023-10-08 05:23:20,485.05,29.12
ORD001869,1,PROD00069,SELL00061,2024-04-10 04:27:51,513.17,69.13
ORD001870,1,PROD00036,SELL00136,2023-11-10 16:04:33,764.31,47.87
ORD001871,1,PROD00302,SELL00083,2024-02-14 02:05:19,420.09,36.88
ORD001872,1,PROD00105,SELL00053,2023-07-14 13:16:52,87.23,14.04
ORD001872,2,PROD00066,SELL00040,2023-05-10 12:28:13,159.86,67.9
ORD001873,1,PROD00366,SELL00088,2024-04-04 15:50:46,589.05,20.79
ORD001874,1,PROD00243,SELL00105,2023-01-16 19:19:52,454.15,74.63
ORD001874,2,PROD00225,SELL00015,2024-04-03 11:35:54,717.29,36.53
ORD001874,3,PROD00305,SELL00137,2024-01-19 23:45:37,524.02,6.96
ORD001875,1,PROD00150,SELL00076,2024-08-28 23:44:34,710.82,64.74
ORD001876,1,PROD00288,SELL00062,2024-11-08 11:01:56,882.56,41.37
ORD001876,2,PROD00144,SELL00039,2024-05-03 17:31:27,772.31,63.88
ORD001877,1,PROD00168,SELL00115,2023-12-30 16:23:39,895.01,25.38
ORD001877,2,PROD00361,SELL00035,2023-02-26 04:54:24,763.6,40.11
ORD001877,3,PROD00087,SELL00040,2023-01-19 03:06:53,872.8,79.7
ORD001878,1,PROD00089,SELL00110,2023-10-16 01:18:09,867.0,24.2
ORD001879,1,PROD00327,SELL00142,2024-07-05 11:40:35,709.05,56.9
ORD001879,2,PROD00295,SELL00072,2024-01-15 14:10:45,420.59,29.28
ORD001880,1,PROD00255,SELL00066,2023-10-01 20:00:33,206.58,24.38
ORD001880,2,PROD00205,SELL00038,2023-12-11 23:49:46,253.14,30.25
ORD001880,3,PROD00195,SELL00032,2024-11-20 14:55:39,433.96,75.67
ORD001880,4,PROD00019,SELL00044,2024-12-07 09:53:04,201.31,67.11
ORD001881,1,PROD00258,SELL00102,2023-12-08 00:57:38,17.85,72.85
ORD001881,2,PROD00337,SELL00037,2023-08-09 00:21:32,899.72,72.39
ORD001881,3,PROD00258,SELL00030,2024-04-26 04:45:36,621.96,17.04
ORD001881,4,PROD00358,SELL00018,2023-05-27 17:17:13,482.26,58.01
ORD001882,1,PROD00212,SELL00077,2024-07-23 18:07:51,304.38,43.06
ORD001883,1,PROD00004,SELL00101,2023-10-07 05:44:15,649.89,48.58
ORD001884,1,PROD00079,SELL00128,2024-02-17 00:49:55,585.93,36.98
ORD001884,2,PROD00374,SELL00078,2024-09-16 19:40:19,222.76,74.38
ORD001885,1,PROD00159,SELL00141,2024-03-21 11:08:58,578.06,63.34
ORD001886,1,PROD00023,SELL00140,2024-09-06 10:23:37,167.64,72.84
ORD001887,1,PROD00056,SELL00123,2024-05-08 21:57:37,333.92,9.25
ORD001888,1,PROD00067,SELL00014,2023-08-18 17:24:38,724.74,37.43
ORD001888,2,PROD00159,SELL00033,2024-11-28 19:07:58,453.72,63.57
ORD001889,1,PROD00210,SELL00047,2023-10-22 20:32:37,261.2,12.96
ORD001890,1,PROD00001,SELL00028,2024-11-27 15:35:41,533.98,34.22
ORD001890,2,PROD00058,SELL00067,2024-12-04 17:08:20,530.02,6.63
ORD001890,3,PROD00062,SELL00122,2023-06-30 12:32:03,725.49,30.73
ORD001890,4,PROD00361,SELL00139,2023-03-17 12:41:42,46.93,34.11
ORD001891,1,PROD00101,SELL00132,2024-10-01 18:33:17,436.64,9.65
ORD001892,1,PROD00374,SELL00063,2023-01-22 19:04:26,62.32,55.24
ORD001893,1,PROD00112,SELL00061,2023-11-12 21:05:58,205.95,68.75
ORD001894,1,PROD00374,SELL00129,2023-11-03 08:26:09,199.52,62.81
ORD001895,1,PROD00141,SELL00022,2023-06-29 10:08:50,888.69,48.07
ORD001896,1,PROD00309,SELL00145,2024-12-14 13:48:40,101.44,5.28
ORD001896,2,PROD00389,SELL00016,2024-09-17 22:19:29,610.38,52.9
ORD001897,1,PROD00274,SELL00067,2023-11-04 15:18:39,585.7,18.09
ORD001898,1,PROD00170,SELL00041,2023-04-20 19:44:53,49.89,10.11
ORD001898,2,PROD00061,SELL00001,2024-09-05 03:26:17,152.79,39.66
ORD001898,3,PROD00318,SELL00015,2024-08-27 12:42:08,247.9,73.61
ORD001899,1,PROD00178,SELL00099,2023-07-13 08:23:30,87.67,15.88
ORD001900,1,PROD00214,SELL00141,2024-01-12 21:56:42,816.75,78.6
ORD001901,1,PROD00267,SELL00147,2024-10-23 21:06:17,885.72,56.0
ORD001901,2,PROD00290,SELL00016,2023-10-25 06:52:37,239.62,21.26
ORD001901,3,PROD00394,SELL00131,2024-05-08 13:00:25,508.5,20.59
ORD001901,4,PROD00321,SELL00094,2023-10-21 05:47:22,794.27,55.7
ORD001902,1,PROD00121,SELL00125,2024-05-05 08:47:10,280.42,23.18
ORD001903,1,PROD00003,SELL00083,2023-02-24 08:52:14,501.66,63.35
ORD001904,1,PROD00182,SELL00124,2024-04-04 17:17:25,883.3,18.45
ORD001905,1,PROD00377,SELL00147,2024-04-09 20:57:06,620.15,10.95
ORD001905,2,PROD00266,SELL00034,2023-06-12 13:01:31,195.85,10.6
ORD001906,1,PROD00008,SELL00082,2023-06-11 15:27:22,759.67,31.44
ORD001907,1,PROD00167,SELL00043,2024-11-01 23:04:18,551.6,25.84
ORD001908,1,PROD00231,SELL00148,2024-12-08 16:57:40,700.01,43.33
ORD001909,1,PROD00088,SELL00057,2024-12-25 17:44:46,859.44,58.9
ORD001910,1,PROD00220,SELL00123,2024-11-12 19:10:09,227.92,43.27
ORD001911,1,PROD00328,SELL00109,2023-06-25 19:10:18,252.53,49.59
ORD001912,1,PROD00393,SELL00129,2024-05-06 09:21:40,406.56,42.98
ORD001912,2,PROD00046,SELL00111,2024-09-23 03:02:19,455.61,45.38
ORD001912,3,PROD00022,SELL00038,2024-01-24 06:01:18,61.03,6.35
ORD001912,4,PROD00199,SELL00045,2024-01-26 11:24:50,543.18,69.97
ORD001913,1,PROD00082,SELL00118,2023-11-21 17:41:51,678.17,12.52
ORD001914,1,PROD00178,SELL00020,2023-01-19 10:24:02,604.16,8.76
ORD001915,1,PROD00251,SELL00025,2024-04-16 03:43:26,83.58,72.19
ORD001916,1,PROD00059,SELL00096,2023-10-14 09:04:43,134.17,63.17
ORD001917,1,PROD00124,SELL00120,2023-07-04 15:22:36,234.92,9.22
ORD001917,2,PROD00265,SELL00021,2023-04-13 10:35:55,337.51,44.68
ORD001918,1,PROD00203,SELL00124,2023-01-31 02:52:27,211.49,31.82
ORD001918,2,PROD00006,SELL00112,2023-03-06 02:53:34,530.46,32.75
ORD001919,1,PROD00356,SELL00127,2023-11-06 13:26:55,115.72,29.25
ORD001920,1,PROD00344,SELL00115,2023-04-04 07:58:11,761.36,76.58
ORD001921,1,PROD00322,SELL00062,2023-03-09 16:47:26,629.55,59.29
ORD001922,1,PROD00238,SELL00100,2024-04-06 13:05:15,183.64,72.89
ORD001923,1,PROD00203,SELL00094,2023-08-27 00:14:52,39.58,42.48
ORD001924,1,PROD00385,SELL00116,2024-03-31 07:45:32,106.73,74.99
ORD001925,1,PROD00394,SELL00145,2024-10-10 23:59:31,223.9,49.67
ORD001926,1,PROD00162,SELL00112,2023-04-11 10:32:15,759.69,70.61
ORD001927,1,PROD00195,SELL00096,2024-07-18 22:26:56,381.15,10.76
ORD001928,1,PROD00181,SELL00044,2024-11-24 09:30:19,828.62,16.95
ORD001928,2,PROD00142,SELL00030,2023-03-21 07:35:56,28.76,5.01
ORD001928,3,PROD00141,SELL00130,2024-12-10 21:36:39,478.93,30.1
ORD001929,1,PROD00084,SELL00100,2024-10-27 11:23:57,371.53,17.83
ORD001930,1,PROD00326,SELL00044,2023-12-16 19:45:04,878.63,25.31
ORD001930,2,PROD00084,SELL00118,2024-04-27 03:02:19,653.85,67.59
ORD001930,3,PROD00224,SELL00143,2023-02-01 01:11:05,71.77,46.78
ORD001931,1,PROD00168,SELL00042,2023-11-20 08:49:34,314.98,11.22
ORD001931,2,PROD00067,SELL00038,2024-08-08 11:56:28,831.61,58.08
ORD001931,3,PROD00352,SELL00075,2024-10-04 14:47:53,555.95,73.35
ORD001931,4,PROD00388,SELL00139,2024-05-08 14:47:25,66.43,77.31
ORD001932,1,PROD00220,SELL00065,2023-10-08 18:00:01,183.63,71.65
ORD001932,2,PROD00003,SELL00010,2024-03-03 01:48:32,897.07,50.52
ORD001933,1,PROD00380,SELL00120,2023-12-07 13:41:26,242.15,42.68
ORD001933,2,PROD00345,SELL00075,2023-01-09 09:57:10,147.46,40.41
ORD001934,1,PROD00042,SELL00032,2023-02-28 14:04:57,289.01,69.87
ORD001935,1,PROD00065,SELL00123,2024-05-27 15:06:38,248.15,60.96
ORD001936,1,PROD00190,SELL00015,2023-12-12 09:23:17,705.62,62.01
ORD001936,2,PROD00299,SELL00006,2023-06-13 18:09:18,793.63,60.4
ORD001937,1,PROD00002,SELL00057,2024-07-29 20:19:08,111.79,13.69
ORD001937,2,PROD00064,SELL00079,2023-02-26 13:26:17,747.19,12.29
ORD001938,1,PROD00062,SELL00120,2024-05-26 12:01:35,33.64,10.67
ORD001938,2,PROD00179,SELL00106,2024-07-24 06:12:15,328.4,41.76
ORD001938,3,PROD00379,SELL00030,2024-01-26 11:52:22,370.32,60.35
ORD001938,4,PROD00076,SELL00116,2023-10-24 03:19:41,800.51,24.7
ORD001939,1,PROD00293,SELL00026,2023-05-21 22:43:26,816.93,25.92
ORD001939,2,PROD00279,SELL00018,2023-05-29 14:43:26,876.04,24.54
ORD001939,3,PROD00101,SELL00016,2024-06-26 19:37:03,451.91,52.19
ORD001940,1,PROD00089,SELL00122,2023-12-03 04:30:34,321.7,8.27
ORD001941,1,PROD00017,SELL00013,2023-07-01 14:57:12,607.14,54.34
ORD001942,1,PROD00338,SELL00013,2024-03-30 01:33:56,791.82,76.05
ORD001943,1,PROD00278,SELL00113,2024-07-30 18:22:59,240.49,35.82
ORD001944,1,PROD00252,SELL00093,2023-01-06 16:12:44,147.63,72.99
ORD001945,1,PROD00034,SELL00101,2024-10-31 00:23:10,598.63,10.89
ORD001945,2,PROD00045,SELL00144,2023-09-29 08:00:31,54.02,45.12
ORD001945,3,PROD00259,SELL00140,2023-06-07 08:12:53,391.95,48.26
ORD001945,4,PROD00302,SELL00028,2024-04-23 14:15:06,542.43,53.79
ORD001946,1,PROD00168,SELL00072,2023-09-15 04:25:25,107.72,8.55
ORD001947,1,PROD00198,SELL00090,2023-01-30 17:59:50,708.33,29.18
ORD001947,2,PROD00006,SELL00104,2024-04-13 12:39:55,397.69,11.02
ORD001947,3,PROD00172,SELL00125,2024-07-03 00:13:02,685.63,13.32
ORD001948,1,PROD00096,SELL00123,2023-09-14 06:31:04,412.17,40.49
ORD001949,1,PROD00019,SELL00148,2024-03-23 03:44:14,876.92,32.19
ORD001950,1,PROD00232,SELL00107,2023-02-16 15:46:55,393.69,41.24
ORD001951,1,PROD00067,SELL00131,2023-06-13 06:26:23,131.14,11.93
ORD001952,1,PROD00020,SELL00009,2023-05-01 09:25:40,220.81,48.96
ORD001953,1,PROD00083,SELL00108,2023-06-04 04:01:55,856.35,49.39
ORD001954,1,PROD00053,SELL00148,2024-01-08 22:39:07,415.44,18.25
ORD001955,1,PROD00070,SELL00072,2024-04-19 10:12:31,211.51,36.71
ORD001956,1,PROD00042,SELL00090,2024-08-13 03:43:23,63.13,44.29
ORD001956,2,PROD00250,SELL00063,2023-12-20 21:35:26,165.96,62.78
ORD001957,1,PROD00276,SELL00054,2024-04-21 22:51:59,251.83,26.49
ORD001958,1,PROD00367,SELL00024,2024-06-30 19:38:33,361.11,60.09
ORD001958,2,PROD00124,SELL00077,2023-06-19 12:27:38,40.89,18.23
ORD001958,3,PROD00302,SELL00041,2023-03-04 19:22:25,683.48,64.82
ORD001959,1,PROD00017,SELL00058,2024-07-26 19:39:01,99.99,6.09
ORD001960,1,PROD00344,SELL00015,2023-02-09 02:32:37,331.54,66.79
ORD001961,1,PROD00379,SELL00127,2023-02-18 23:48:11,789.37,17.63
ORD001961,2,PROD00049,SELL00112,2023-03-05 08:14:45,367.42,23.07
ORD001962,1,PROD00044,SELL00005,2024-09-29 03:50:42,835.46,51.43
ORD001962,2,PROD00304,SELL00108,2024-01-23 02:47:57,296.47,34.36
ORD001962,3,PROD00284,SELL00092,2024-08-09 14:46:38,400.5,36.0
ORD001963,1,PROD00207,SELL00048,2024-02-11 07:01:18,871.92,45.63
ORD001963,2,PROD00037,SELL00132,2023-05-16 13:05:52,356.4,79.02
ORD001963,3,PROD00023,SELL00119,2024-06-09 17:46:26,230.47,69.63
ORD001964,1,PROD00212,SELL00122,2023-06-01 06:28:23,142.7,9.55
ORD001965,1,PROD00122,SELL00008,2024-07-16 00:42:51,259.18,8.45
ORD001966,1,PROD00260,SELL00101,2024-07-26 16:51:37,252.39,50.94
ORD001967,1,PROD00250,SELL00097,2024-07-26 18:07:56,742.79,72.95
ORD001967,2,PROD00094,SELL00015,2024-07-02 07:17:06,821.56,66.29
ORD001968,1,PROD00268,SELL00139,2023-02-27 01:51:10,269.44,13.79
ORD001968,2,PROD00031,SELL00034,2023-11-27 19:39:27,581.15,37.78
ORD001969,1,PROD00156,SELL00133,2023-09-04 20:31:07,269.17,77.01
ORD001970,1,PROD00169,SELL00091,2024-03-16 02:15:23,39.18,5.44
ORD001971,1,PROD00160,SELL00061,2024-02-29 00:02:51,733.56,67.74
ORD001972,1,PROD00171,SELL00077,2024-10-05 18:04:37,554.16,68.94
ORD001972,2,PROD00396,SELL00012,2024-08-01 08:55:09,800.51,33.79
ORD001973,1,PROD00307,SELL00017,2023-10-17 17:01:13,567.08,5.4
ORD001974,1,PROD00273,SELL00051,2023-11-19 20:11:12,880.11,52.66
ORD001974,2,PROD00303,SELL00069,2024-04-26 00:32:14,741.97,9.33
ORD001974,3,PROD00028,SELL00114,2024-08-13 00:51:33,126.94,54.11
ORD001975,1,PROD00217,SELL00087,2023-04-27 06:50:51,418.07,24.72
ORD001976,1,PROD00303,SELL00011,2024-10-07 01:49:04,850.48,8.58
ORD001977,1,PROD00317,SELL00101,2023-12-02 17:52:28,119.67,51.74
ORD001977,2,PROD00400,SELL00043,2024-07-09 18:29:37,305.64,41.16
ORD001977,3,PROD00040,SELL00114,2023-07-04 17:38:52,700.7,45.65
ORD001978,1,PROD00277,SELL00093,2024-05-28 11:51:04,353.79,43.29
ORD001979,1,PROD00141,SELL00135,2023-08-18 06:41:28,408.3,30.84
ORD001979,2,PROD00090,SELL00065,2024-07-03 13:08:01,26.64,57.01
ORD001980,1,PROD00325,SELL00099,2023-04-30 06:51:51,760.36,72.38
ORD001981,1,PROD00203,SELL00111,2024-03-24 20:07:44,238.81,11.05
ORD001982,1,PROD00322,SELL00073,2023-12-20 00:29:24,610.15,78.52
ORD001983,1,PROD00098,SELL00025,2024-09-29 04:22:56,123.05,78.75
ORD001983,2,PROD00336,SELL00060,2023-03-31 18:40:24,791.36,52.63
ORD001984,1,PROD00153,SELL00074,2023-04-15 04:37:49,677.56,66.63
ORD001985,1,PROD00040,SELL00058,2024-05-19 09:24:14,646.17,66.86
ORD001986,1,PROD00025,SELL00019,2024-01-18 02:27:59,51.92,25.61
ORD001986,2,PROD00166,SELL00006,2023-08-06 07:52:26,308.13,48.54
ORD001987,1,PROD00174,SELL00060,2024-10-01 05:17:37,151.31,35.54
ORD001987,2,PROD00089,SELL00068,2024-08-08 21:15:34,709.37,33.7
ORD001988,1,PROD00281,SELL00086,2024-09-18 07:23:36,215.12,39.91
ORD001989,1,PROD00268,SELL00113,2023-07-02 07:24:53,843.07,55.58
ORD001990,1,PROD00055,SELL00138,2024-02-27 07:14:03,347.29,8.84
ORD001990,2,PROD00394,SELL00115,2023-03-24 05:24:51,379.15,8.4
ORD001991,1,PROD00271,SELL00065,2024-05-03 07:28:13,734.52,14.23
ORD001992,1,PROD00052,SELL00088,2024-10-22 11:23:37,277.91,11.49
ORD001992,2,PROD00147,SELL00043,2024-08-04 08:04:35,488.65,66.06
ORD001993,1,PROD00168,SELL00135,2023-07-14 15:40:49,359.59,26.54
ORD001993,2,PROD00187,SELL00107,2023-12-25 07:05:53,278.27,77.59
ORD001993,3,PROD00067,SELL00106,2023-11-19 21:42:22,89.37,27.97
ORD001994,1,PROD00313,SELL00082,2024-07-19 04:16:20,262.75,76.42
ORD001994,2,PROD00254,SELL00080,2024-08-20 11:38:12,340.82,61.56
ORD001994,3,PROD00286,SELL00049,2024-01-26 08:28:21,893.13,73.71
ORD001994,4,PROD00071,SELL00126,2023-04-21 19:26:46,713.95,74.68
ORD001995,1,PROD00252,SELL00100,2024-02-25 08:18:39,502.27,40.92
ORD001996,1,PROD00151,SELL00136,2023-07-23 00:17:06,611.3,8.48
ORD001997,1,PROD00227,SELL00057,2023-08-16 18:51:54,732.25,20.76
ORD001998,1,PROD00371,SELL00111,2024-08-06 14:04:30,686.63,12.77
ORD001999,1,PROD00381,SELL00026,2024-12-31 23:59:31,143.48,7.03
ORD002000,1,PROD00202,SELL00004,2023-11-14 08:55:33,29.3,5.43
ORD002001,1,PROD00361,SELL00124,2024-01-24 15:36:35,498.45,37.66
ORD002001,2,PROD00218,SELL00083,2024-05-26 23:45:00,470.86,40.05
ORD002002,1,PROD00200,SELL00069,2023-11-19 17:21:13,52.9,17.01
ORD002003,1,PROD00128,SELL00086,2023-07-27 15:02:55,551.29,76.43
ORD002003,2,PROD00140,SELL00043,2024-05-12 07:02:46,460.57,31.77
ORD002004,1,PROD00371,SELL00148,2023-05-31 07:19:37,761.17,63.1
ORD002005,1,PROD00178,SELL00128,2023-01-31 03:23:57,771.18,47.32
ORD002006,1,PROD00271,SELL00143,2023-10-29 16:53:55,893.96,45.65
ORD002006,2,PROD00136,SELL00002,2024-04-22 13:10:39,457.49,52.32
ORD002007,1,PROD00387,SELL00025,2023-04-17 00:06:56,627.77,34.71
ORD002008,1,PROD00105,SELL00038,2024-11-02 15:04:27,599.3,70.72
ORD002009,1,PROD00079,SELL00100,2024-12-03 06:19:49,372.33,44.56
ORD002009,2,PROD00101,SELL00006,2024-03-09 19:49:21,462.36,53.76
ORD002010,1,PROD00127,SELL00062,2024-02-13 18:21:26,357.68,6.03
ORD002010,2,PROD00102,SELL00047,2023-06-13 17:42:26,617.63,44.27
ORD002010,3,PROD00333,SELL00117,2023-06-17 13:27:09,535.37,28.37
ORD002011,1,PROD00293,SELL00031,2024-05-30 00:50:45,609.71,33.31
ORD002012,1,PROD00270,SELL00070,2024-09-03 04:53:05,701.97,55.82
ORD002013,1,PROD00255,SELL00061,2024-09-16 16:36:53,267.65,54.94
ORD002014,1,PROD00390,SELL00146,2023-02-12 20:18:07,406.94,21.27
ORD002014,2,PROD00234,SELL00008,2024-07-26 00:09:34,70.13,20.91
ORD002014,3,PROD00163,SELL00072,2023-12-21 09:24:39,561.75,73.56
ORD002014,4,PROD00312,SELL00115,2024-04-11 20:03:38,242.81,44.8
ORD002015,1,PROD00302,SELL00042,2023-10-06 19:26:30,850.55,64.88
ORD002016,1,PROD00011,SELL00068,2023-11-22 19:37:52,240.66,72.51
ORD002017,1,PROD00373,SELL00008,2024-10-11 04:55:59,627.47,73.7
ORD002018,1,PROD00148,SELL00087,2024-11-17 18:21:46,176.78,21.24
ORD002019,1,PROD00221,SELL00011,2024-02-29 10:50:12,388.79,36.69
ORD002019,2,PROD00148,SELL00045,2024-09-12 21:02:34,64.66,74.14
ORD002020,1,PROD00340,SELL00142,2023-01-25 19:20:26,620.12,21.69
ORD002021,1,PROD00107,SELL00090,2023-08-05 16:12:24,506.87,68.14
ORD002022,1,PROD00085,SELL00144,2023-12-09 08:46:55,831.28,53.18
ORD002023,1,PROD00072,SELL00044,2024-06-22 19:12:20,127.15,60.12
ORD002024,1,PROD00128,SELL00138,2023-12-08 11:39:07,269.29,72.15
ORD002025,1,PROD00086,SELL00018,2024-10-08 16:00:20,856.15,12.38
ORD002026,1,PROD00060,SELL00080,2023-05-03 17:24:15,83.88,66.39
ORD002027,1,PROD00015,SELL00101,2024-05-07 21:38:03,358.11,15.31
ORD002027,2,PROD00284,SELL00018,2023-09-16 08:57:56,548.03,77.41
ORD002028,1,PROD00388,SELL00065,2023-06-12 16:22:07,113.42,78.2
ORD002029,1,PROD00357,SELL00081,2024-09-23 17:23:19,729.37,31.39
ORD002030,1,PROD00038,SELL00049,2023-01-15 16:02:21,134.35,44.59
ORD002031,1,PROD00229,SELL00004,2023-01-14 04:11:04,647.76,35.07
ORD002032,1,PROD00105,SELL00142,2024-01-31 05:03:27,412.38,35.47
ORD002033,1,PROD00322,SELL00027,2024-11-09 11:31:38,558.8,41.43
ORD002034,1,PROD00056,SELL00124,2023-12-18 10:56:53,318.51,14.39
ORD002034,2,PROD00261,SELL00088,2024-03-08 14:37:57,147.47,30.06
ORD002035,1,PROD00286,SELL00095,2023-02-26 16:51:55,554.97,47.94
ORD002036,1,PROD00068,SELL00114,2024-09-22 09:52:40,884.67,36.5
ORD002037,1,PROD00193,SELL00059,2023-09-24 03:47:39,604.59,12.42
ORD002038,1,PROD00331,SELL00064,2023-08-27 20:16:59,159.82,58.8
ORD002039,1,PROD00197,SELL00128,2023-08-31 22:25:59,490.73,21.4
ORD002040,1,PROD00363,SELL00118,2024-09-12 19:06:18,194.56,45.23
ORD002041,1,PROD00400,SELL00003,2023-09-16 15:24:30,152.29,53.52
ORD002042,1,PROD00212,SELL00042,2024-02-27 15:40:56,669.58,19.0
ORD002042,2,PROD00099,SELL00001,2024-01-05 14:36:58,884.92,9.53
ORD002043,1,PROD00049,SELL00139,2024-07-26 11:21:54,252.79,46.6
ORD002044,1,PROD00313,SELL00038,2023-11-09 21:06:12,591.86,10.94
ORD002045,1,PROD00247,SELL00128,2024-01-10 00:08:53,143.91,22.39
ORD002046,1,PROD00210,SELL00132,2023-06-02 15:34:53,42.84,59.73
ORD002046,2,PROD00172,SELL00136,2024-02-04 23:10:53,380.14,26.4
ORD002047,1,PROD00331,SELL00115,2023-10-19 22:01:21,533.14,37.55
ORD002047,2,PROD00161,SELL00109,2023-03-27 00:13:52,708.12,47.49
ORD002048,1,PROD00191,SELL00059,2024-11-12 21:35:09,109.15,34.42
ORD002049,1,PROD00285,SELL00106,2023-09-12 01:24:38,288.38,75.71
ORD002049,2,PROD00013,SELL00042,2024-06-15 09:47:07,63.39,40.59
ORD002049,3,PROD00017,SELL00114,2024-05-17 10:51:14,770.98,14.77
ORD002050,1,PROD00037,SELL00011,2023-01-05 23:32:45,590.97,16.72
ORD002050,2,PROD00069,SELL00095,2023-05-14 12:22:28,293.59,66.6
ORD002050,3,PROD00361,SELL00098,2024-06-02 16:39:58,603.71,46.24
ORD002051,1,PROD00298,SELL00017,2023-07-23 05:44:49,744.71,9.24
ORD002051,2,PROD00085,SELL00004,2024-01-18 14:33:30,111.47,79.39
ORD002052,1,PROD00134,SELL00009,2023-03-02 22:50:08,108.8,61.21
ORD002053,1,PROD00240,SELL00069,2023-03-09 04:17:39,606.03,61.33
ORD002054,1,PROD00102,SELL00145,2023-09-16 00:02:01,97.49,55.17
ORD002054,2,PROD00357,SELL00076,2023-01-23 14:49:25,580.81,31.82
ORD002055,1,PROD00245,SELL00147,2024-03-06 09:21:56,145.71,39.38
ORD002056,1,PROD00159,SELL00071,2024-11-18 15:04:10,751.36,53.48
ORD002057,1,PROD00288,SELL00058,2023-12-31 02:12:58,827.09,55.53
ORD002058,1,PROD00131,SELL00074,2024-05-17 09:35:22,876.24,26.33
ORD002058,2,PROD00034,SELL00057,2023-01-16 05:42:53,85.39,79.7
ORD002059,1,PROD00355,SELL00054,2023-07-16 20:00:15,635.49,70.79
ORD002060,1,PROD00201,SELL00088,2024-10-16 20:25:23,456.2,31.94
ORD002061,1,PROD00030,SELL00121,2023-07-11 02:09:37,295.04,74.9
ORD002062,1,PROD00153,SELL00065,2023-11-27 05:57:30,76.73,30.82
ORD002063,1,PROD00141,SELL00109,2023-06-18 08:18:58,868.52,60.33
ORD002063,2,PROD00034,SELL00045,2024-02-13 09:58:04,59.01,69.67
ORD002063,3,PROD00214,SELL00123,2024-11-05 08:57:36,659.75,6.54
ORD002063,4,PROD00142,SELL00040,2024-09-09 18:01:21,570.05,79.72
ORD002064,1,PROD00246,SELL00006,2023-10-22 08:16:27,262.14,53.25
ORD002065,1,PROD00364,SELL00011,2024-12-20 11:15:12,650.04,15.91
ORD002066,1,PROD00330,SELL00055,2024-05-25 23:25:51,419.05,37.14
ORD002067,1,PROD00277,SELL00101,2024-04-28 16:32:41,792.17,9.03
ORD002067,2,PROD00299,SELL00105,2024-02-07 09:58:26,129.59,52.72
ORD002068,1,PROD00313,SELL00085,2024-06-06 07:41:07,440.53,64.03
ORD002068,2,PROD00034,SELL00074,2024-07-30 00:22:13,600.42,27.19
ORD002068,3,PROD00162,SELL00101,2024-11-05 02:42:41,377.91,52.09
ORD002069,1,PROD00237,SELL00029,2023-10-26 10:36:56,542.85,38.17
ORD002070,1,PROD00218,SELL00031,2024-08-06 09:00:57,558.04,17.38
ORD002070,2,PROD00316,SELL00031,2023-05-15 04:24:33,73.43,52.7
ORD002070,3,PROD00390,SELL00101,2023-12-31 18:25:12,128.88,14.5
ORD002070,4,PROD00355,SELL00103,2023-02-21 06:33:04,323.56,50.33
ORD002071,1,PROD00313,SELL00006,2024-10-20 13:14:34,539.04,5.13
ORD002072,1,PROD00274,SELL00087,2024-06-25 09:30:15,522.08,11.64
ORD002073,1,PROD00016,SELL00066,2024-01-23 12:45:11,615.51,31.31
ORD002074,1,PROD00187,SELL00003,2023-08-17 10:26:34,590.83,79.54
ORD002074,2,PROD00014,SELL00006,2023-02-27 17:01:02,196.05,24.89
ORD002074,3,PROD00392,SELL00072,2023-01-21 15:05:16,627.22,43.56
ORD002074,4,PROD00036,SELL00100,2023-09-03 21:30:53,770.19,21.23
ORD002075,1,PROD00259,SELL00094,2024-04-05 19:39:22,588.89,22.9
ORD002076,1,PROD00335,SELL00096,2023-11-30 22:33:03,595.4,25.21
ORD002076,2,PROD00314,SELL00101,2024-12-08 04:29:48,33.19,40.44
ORD002077,1,PROD00350,SELL00010,2023-03-15 06:38:39,159.73,52.79
ORD002078,1,PROD00285,SELL00120,2024-11-06 18:36:00,579.09,12.1
ORD002079,1,PROD00335,SELL00147,2024-07-20 18:23:40,241.58,62.61
ORD002080,1,PROD00071,SELL00098,2024-04-11 01:53:15,693.99,52.67
ORD002081,1,PROD00067,SELL00027,2023-01-26 22:38:09,342.38,7.12
ORD002082,1,PROD00371,SELL00074,2024-02-16 04:44:18,586.1,6.5
ORD002083,1,PROD00302,SELL00051,2023-07-03 09:17:51,207.32,38.28
ORD002084,1,PROD00204,SELL00115,2023-07-27 04:43:59,788.07,70.81
ORD002084,2,PROD00235,SELL00101,2023-01-04 18:03:35,393.26,38.98
ORD002085,1,PROD00225,SELL00128,2023-02-11 17:31:20,61.53,60.4
ORD002085,2,PROD00321,SELL00123,2024-10-18 08:47:49,469.38,79.91
ORD002086,1,PROD00151,SELL00096,2024-11-10 11:58:17,833.28,42.41
ORD002087,1,PROD00239,SELL00083,2024-08-26 22:38:09,873.91,19.31
ORD002088,1,PROD00061,SELL00114,2023-04-22 18:54:09,753.39,34.16
ORD002089,1,PROD00148,SELL00118,2024-11-26 21:20:38,260.24,13.07
ORD002090,1,PROD00064,SELL00093,2024-01-07 16:28:13,213.71,43.02
ORD002091,1,PROD00323,SELL00103,2023-06-19 14:33:18,802.91,16.52
ORD002091,2,PROD00202,SELL00014,2023-01-19 03:39:46,730.59,60.68
ORD002091,3,PROD00163,SELL00016,2023-04-18 11:29:36,386.18,73.85
ORD002091,4,PROD00277,SELL00019,2023-06-19 17:32:13,548.9,48.3
ORD002092,1,PROD00061,SELL00036,2024-05-20 03:35:57,410.0,65.07
ORD002092,2,PROD00074,SELL00120,2023-08-18 07:01:45,334.59,29.86
ORD002092,3,PROD00191,SELL00027,2024-10-25 16:14:14,865.65,10.3
ORD002093,1,PROD00048,SELL00101,2024-11-12 07:45:39,700.05,10.34
ORD002094,1,PROD00263,SELL00059,2024-01-28 02:18:52,738.3,29.71
ORD002094,2,PROD00304,SELL00047,2023-04-08 16:55:21,560.39,36.73
ORD002095,1,PROD00378,SELL00022,2023-01-21 00:44:33,572.95,15.69
ORD002096,1,PROD00385,SELL00014,2023-11-12 22:14:19,166.8,44.63
ORD002096,2,PROD00112,SELL00061,2024-06-18 16:53:45,697.43,31.76
ORD002097,1,PROD00212,SELL00037,2023-05-09 11:51:15,19.42,14.05
ORD002098,1,PROD00228,SELL00121,2024-10-27 15:21:26,809.27,9.01
ORD002099,1,PROD00375,SELL00104,2023-08-09 18:03:24,558.45,5.21
ORD002100,1,PROD00334,SELL00117,2023-06-24 20:15:13,354.02,49.86
ORD002100,2,PROD00363,SELL00101,2024-12-01 06:06:29,428.88,48.17
ORD002101,1,PROD00322,SELL00048,2024-11-22 14:00:36,834.09,42.35
ORD002101,2,PROD00315,SELL00024,2024-06-11 22:14:47,700.62,18.42
ORD002102,1,PROD00207,SELL00097,2023-12-23 05:57:12,187.07,10.75
ORD002103,1,PROD00112,SELL00015,2024-05-18 04:52:43,687.29,20.48
ORD002103,2,PROD00385,SELL00044,2023-11-29 16:14:26,775.43,6.97
ORD002104,1,PROD00391,SELL00099,2024-10-28 10:54:53,663.62,28.29
ORD002104,2,PROD00261,SELL00073,2023-04-28 21:36:59,237.22,50.65
ORD002105,1,PROD00097,SELL00037,2024-11-25 20:55:25,347.41,25.26
ORD002105,2,PROD00080,SELL00072,2024-10-29 13:59:39,874.51,61.98
ORD002106,1,PROD00061,SELL00001,2023-10-12 00:13:51,247.49,20.19
ORD002107,1,PROD00041,SELL00120,2023-05-25 17:57:19,853.85,58.74
ORD002107,2,PROD00286,SELL00070,2023-12-30 16:24:03,410.38,54.86
ORD002107,3,PROD00068,SELL00030,2024-10-13 15:04:27,770.54,22.14
ORD002107,4,PROD00143,SELL00113,2024-03-31 02:08:25,482.23,5.42
ORD002108,1,PROD00038,SELL00068,2023-12-24 03:13:42,112.18,45.62
ORD002109,1,PROD00174,SELL00038,2023-07-16 03:15:50,119.95,7.29
ORD002109,2,PROD00338,SELL00138,2023-05-14 00:41:22,592.93,37.59
ORD002110,1,PROD00260,SELL00058,2024-01-18 15:04:56,527.46,25.54
ORD002111,1,PROD00203,SELL00007,2024-02-17 16:42:57,821.96,51.44
ORD002112,1,PROD00066,SELL00057,2023-12-07 01:59:15,719.64,77.65
ORD002112,2,PROD00020,SELL00064,2023-01-02 02:57:19,649.0,22.59
ORD002113,1,PROD00040,SELL00106,2023-12-17 16:30:54,179.05,54.05
ORD002114,1,PROD00355,SELL00031,2024-10-19 14:22:28,284.13,32.76
ORD002115,1,PROD00385,SELL00058,2023-05-23 21:24:23,420.31,19.44
ORD002116,1,PROD00140,SELL00032,2023-03-02 12:17:24,439.53,27.56
ORD002116,2,PROD00262,SELL00109,2024-09-21 00:45:54,17.4,43.97
ORD002117,1,PROD00230,SELL00125,2023-09-07 01:59:05,724.56,16.39
ORD002117,2,PROD00310,SELL00044,2024-03-12 06:45:55,556.58,27.27
ORD002118,1,PROD00153,SELL00025,2024-03-04 03:33:22,637.13,52.74
ORD002119,1,PROD00113,SELL00036,2024-04-18 08:00:00,856.43,30.08
ORD002119,2,PROD00153,SELL00019,2023-11-26 07:25:17,755.18,64.29
ORD002120,1,PROD00189,SELL00007,2024-09-02 00:00:09,788.26,17.37
ORD002120,2,PROD00100,SELL00116,2023-03-13 23:07:03,856.58,58.2
ORD002121,1,PROD00139,SELL00003,2023-03-05 20:57:12,384.81,48.41
ORD002121,2,PROD00270,SELL00131,2023-12-27 02:02:41,725.73,33.34
ORD002121,3,PROD00031,SELL00065,2023-02-21 15:43:20,438.92,69.4
ORD002122,1,PROD00261,SELL00020,2024-03-19 16:44:05,366.62,9.09
ORD002123,1,PROD00133,SELL00026,2023-05-03 16:45:09,524.92,25.19
ORD002124,1,PROD00126,SELL00020,2024-04-25 16:07:53,523.1,69.11
ORD002124,2,PROD00106,SELL00150,2023-04-17 21:38:32,553.77,55.6
ORD002125,1,PROD00309,SELL00062,2024-08-04 22:38:37,267.31,38.24
ORD002126,1,PROD00173,SELL00115,2024-09-22 15:17:55,58.09,39.59
ORD002127,1,PROD00137,SELL00085,2024-06-07 07:58:23,778.75,16.22
ORD002127,2,PROD00035,SELL00074,2024-05-16 19:41:57,31.28,55.21
ORD002128,1,PROD00023,SELL00049,2024-07-30 19:37:48,645.25,38.92
ORD002129,1,PROD00123,SELL00008,2023-08-10 16:34:33,461.7,24.2
ORD002130,1,PROD00310,SELL00092,2024-02-06 19:35:02,371.89,44.83
ORD002131,1,PROD00129,SELL00124,2023-09-17 18:17:07,896.67,38.52
ORD002131,2,PROD00322,SELL00117,2023-01-13 01:18:06,180.85,57.2
ORD002132,1,PROD00394,SELL00070,2023-09-21 17:46:19,404.64,72.45
ORD002133,1,PROD00039,SELL00013,2023-04-29 07:04:40,537.51,31.62
ORD002133,2,PROD00054,SELL00086,2023-08-10 14:00:16,769.04,65.14
ORD002134,1,PROD00079,SELL00056,2023-03-09 11:55:29,148.98,54.34
ORD002135,1,PROD00195,SELL00007,2023-03-09 10:05:10,691.78,44.14
ORD002136,1,PROD00185,SELL00143,2023-10-28 14:46:17,156.05,45.1
ORD002137,1,PROD00330,SELL00130,2023-05-02 23:19:39,554.08,67.24
ORD002138,1,PROD00367,SELL00050,2023-02-27 20:40:35,85.56,64.41
ORD002139,1,PROD00158,SELL00050,2023-08-10 03:51:11,581.29,54.79
ORD002140,1,PROD00280,SELL00047,2024-04-25 19:36:46,519.5,52.9
ORD002141,1,PROD00156,SELL00050,2024-09-17 02:17:02,212.1,71.15
ORD002142,1,PROD00184,SELL00049,2023-09-05 13:52:45,468.7,10.59
ORD002143,1,PROD00301,SELL00144,2024-03-26 21:37:55,725.95,6.97
ORD002143,2,PROD00293,SELL00088,2023-11-09 10:14:46,57.62,37.42
ORD002144,1,PROD00331,SELL00148,2024-07-13 02:21:47,68.09,31.03
ORD002145,1,PROD00026,SELL00003,2023-09-19 05:40:09,550.29,21.71
ORD002146,1,PROD00383,SELL00060,2024-12-21 22:47:27,514.7,11.98
ORD002147,1,PROD00288,SELL00040,2024-03-20 19:28:31,565.69,56.43
ORD002147,2,PROD00110,SELL00119,2024-05-27 15:30:30,542.93,6.58
ORD002147,3,PROD00177,SELL00047,2024-03-08 19:01:42,862.13,8.75
ORD002147,4,PROD00079,SELL00069,2023-10-26 11:13:29,79.26,77.1
ORD002148,1,PROD00267,SELL00104,2024-02-03 03:29:45,394.58,52.9
ORD002148,2,PROD00204,SELL00038,2024-12-02 05:32:17,106.0,61.94
ORD002148,3,PROD00277,SELL00089,2023-01-03 14:53:58,754.2,25.87
ORD002149,1,PROD00022,SELL00109,2023-01-31 12:27:44,429.88,46.78
ORD002149,2,PROD00103,SELL00148,2023-12-19 20:11:02,670.24,60.8
ORD002149,3,PROD00221,SELL00097,2023-01-12 09:16:56,150.92,79.92
ORD002150,1,PROD00094,SELL00069,2024-08-26 11:44:04,439.46,58.38
ORD002150,2,PROD00013,SELL00143,2023-01-07 01:13:08,635.97,18.25
ORD002151,1,PROD00102,SELL00023,2024-06-16 15:03:34,189.61,32.41
ORD002152,1,PROD00349,SELL00090,2024-03-21 06:29:00,322.58,46.88
ORD002153,1,PROD00317,SELL00068,2024-10-10 17:02:53,622.34,50.81
ORD002153,2,PROD00358,SELL00029,2023-04-13 22:12:36,386.12,53.4
ORD002154,1,PROD00059,SELL00137,2024-06-02 07:42:50,869.26,30.97
ORD002155,1,PROD00106,SELL00067,2023-02-08 03:00:46,336.16,49.93
ORD002156,1,PROD00376,SELL00132,2023-08-26 07:43:40,776.88,65.74
ORD002157,1,PROD00123,SELL00093,2023-05-29 16:07:53,566.15,15.04
ORD002158,1,PROD00217,SELL00004,2023-02-26 19:21:05,445.4,61.98
ORD002158,2,PROD00082,SELL00088,2024-11-26 06:01:22,304.73,27.95
ORD002158,3,PROD00366,SELL00100,2024-09-23 23:58:59,389.04,17.92
ORD002159,1,PROD00251,SELL00046,2024-12-11 10:07:51,671.13,24.79
ORD002159,2,PROD00046,SELL00094,2023-04-04 08:46:33,241.62,64.09
ORD002160,1,PROD00048,SELL00039,2024-10-25 12:20:16,18.7,14.05
ORD002161,1,PROD00119,SELL00115,2024-11-19 13:29:42,547.79,63.4
ORD002162,1,PROD00128,SELL00118,2024-01-07 13:24:48,105.85,51.69
ORD002162,2,PROD00229,SELL00135,2023-07-29 17:07:56,728.3,23.63
ORD002162,3,PROD00022,SELL00023,2023-08-09 22:12:06,335.03,42.82
ORD002163,1,PROD00237,SELL00079,2023-06-20 11:38:33,118.9,28.97
ORD002164,1,PROD00223,SELL00144,2023-10-13 08:32:46,882.87,21.53
ORD002165,1,PROD00110,SELL00056,2024-08-05 12:43:21,143.1,60.41
ORD002166,1,PROD00218,SELL00078,2024-03-18 11:51:55,442.06,48.21
ORD002166,2,PROD00340,SELL00013,2023-01-07 17:52:14,849.68,17.43
ORD002167,1,PROD00333,SELL00031,2024-03-06 09:25:51,212.08,6.43
ORD002168,1,PROD00014,SELL00105,2024-06-19 01:36:46,303.24,29.46
ORD002168,2,PROD00076,SELL00096,2024-06-14 06:12:52,899.13,27.86
ORD002168,3,PROD00340,SELL00029,2024-05-02 19:41:57,557.59,26.95
ORD002169,1,PROD00335,SELL00071,2023-12-22 18:59:22,350.45,32.4
ORD002170,1,PROD00180,SELL00100,2024-04-07 00:50:53,174.03,19.2
ORD002171,1,PROD00133,SELL00003,2024-10-17 13:09:03,790.83,16.79
ORD002171,2,PROD00187,SELL00099,2023-08-11 13:51:16,784.01,76.38
ORD002172,1,PROD00069,SELL00023,2023-05-17 04:56:50,68.53,31.4
ORD002173,1,PROD00332,SELL00048,2024-11-11 03:00:38,683.82,75.28
ORD002174,1,PROD00098,SELL00017,2023-01-21 02:18:45,894.35,33.0
ORD002174,2,PROD00069,SELL00132,2023-05-19 23:09:10,89.66,19.85
ORD002174,3,PROD00361,SELL00108,2023-08-09 10:56:58,847.9,61.04
ORD002174,4,PROD00315,SELL00055,2023-10-20 16:09:33,693.78,67.21
ORD002175,1,PROD00210,SELL00147,2024-12-15 19:50:10,313.66,33.48
ORD002176,1,PROD00005,SELL00110,2024-05-14 03:16:03,612.95,20.87
ORD002177,1,PROD00322,SELL00008,2024-07-04 17:12:16,404.03,49.26
ORD002178,1,PROD00205,SELL00025,2023-12-07 09:02:08,42.46,65.66
ORD002179,1,PROD00030,SELL00041,2023-03-19 06:24:07,492.57,48.75
ORD002180,1,PROD00067,SELL00053,2024-11-05 22:16:22,594.42,63.25
ORD002180,2,PROD00317,SELL00115,2024-04-08 13:14:39,360.46,67.07
ORD002181,1,PROD00340,SELL00139,2024-02-03 09:49:27,687.13,41.5
ORD002181,2,PROD00296,SELL00140,2023-06-12 22:48:05,728.7,29.91
ORD002182,1,PROD00388,SELL00098,2023-06-06 00:26:16,354.35,75.45
ORD002183,1,PROD00349,SELL00127,2023-10-15 14:50:57,790.94,20.41
ORD002184,1,PROD00106,SELL00080,2023-05-15 21:24:41,613.8,65.0
ORD002184,2,PROD00001,SELL00101,2023-05-05 07:38:05,515.71,60.03
ORD002185,1,PROD00325,SELL00063,2024-01-21 01:36:54,411.1,46.93
ORD002186,1,PROD00372,SELL00128,2024-10-29 07:22:11,397.78,49.45
ORD002186,2,PROD00263,SELL00084,2023-03-18 01:20:41,550.61,24.72
ORD002186,3,PROD00086,SELL00059,2024-06-25 07:16:12,856.78,54.35
ORD002187,1,PROD00192,SELL00146,2024-01-26 05:18:17,149.49,15.57
ORD002188,1,PROD00006,SELL00008,2023-01-16 11:08:44,471.92,59.8
ORD002188,2,PROD00263,SELL00139,2024-01-18 18:02:08,629.2,41.36
ORD002188,3,PROD00303,SELL00079,2023-02-28 08:56:13,718.57,12.94
ORD002188,4,PROD00357,SELL00094,2023-01-13 13:07:04,388.04,19.3
ORD002189,1,PROD00087,SELL00070,2024-03-01 06:24:55,309.75,76.51
ORD002190,1,PROD00251,SELL00057,2024-09-20 10:55:32,45.59,48.6
ORD002191,1,PROD00164,SELL00041,2024-06-25 19:53:24,204.62,17.61
ORD002192,1,PROD00374,SELL00016,2024-11-24 19:58:03,612.47,66.72
ORD002192,2,PROD00087,SELL00068,2024-06-15 13:57:59,802.28,61.98
ORD002193,1,PROD00031,SELL00039,2023-01-04 16:45:44,479.88,11.88
ORD002193,2,PROD00034,SELL00088,2023-06-28 07:26:22,103.02,49.69
ORD002194,1,PROD00387,SELL00105,2024-02-28 18:37:02,37.72,63.5
ORD002194,2,PROD00220,SELL00083,2024-07-25 18:24:28,40.97,53.76
ORD002195,1,PROD00106,SELL00145,2024-05-14 04:53:27,707.12,25.4
ORD002196,1,PROD00003,SELL00089,2024-12-28 17:59:55,758.77,18.03
ORD002196,2,PROD00149,SELL00123,2023-08-06 20:21:18,894.32,69.03
ORD002197,1,PROD00151,SELL00077,2024-08-24 02:45:51,212.93,75.71
ORD002197,2,PROD00198,SELL00032,2023-11-08 08:28:51,620.29,42.82
ORD002198,1,PROD00238,SELL00009,2024-08-28 17:04:29,277.88,23.05
ORD002199,1,PROD00121,SELL00027,2024-01-20 18:39:49,447.07,76.89
ORD002200,1,PROD00363,SELL00130,2023-05-05 20:14:54,246.36,13.79
ORD002200,2,PROD00124,SELL00146,2024-06-22 17:12:14,686.93,7.47
ORD002201,1,PROD00296,SELL00073,2024-12-10 08:18:56,162.03,11.86
ORD002202,1,PROD00176,SELL00059,2024-09-25 16:02:51,156.15,33.98
ORD002203,1,PROD00097,SELL00047,2024-12-03 07:44:14,21.52,9.29
ORD002204,1,PROD00302,SELL00147,2024-04-03 00:37:03,78.87,44.59
ORD002205,1,PROD00105,SELL00141,2024-05-20 11:27:30,637.38,70.15
ORD002206,1,PROD00233,SELL00007,2024-06-29 11:33:30,502.99,70.47
ORD002207,1,PROD00267,SELL00144,2023-01-25 09:31:43,162.58,36.09
ORD002207,2,PROD00369,SELL00086,2024-04-09 06:05:49,117.97,30.81
ORD002208,1,PROD00035,SELL00055,2023-04-16 00:21:09,94.15,71.61
ORD002208,2,PROD00271,SELL00101,2023-02-13 00:40:38,523.69,21.89
ORD002208,3,PROD00355,SELL00072,2024-04-15 21:55:00,876.61,66.92
ORD002209,1,PROD00207,SELL00066,2023-08-19 14:27:09,175.07,29.29
ORD002209,2,PROD00167,SELL00022,2023-07-19 19:46:40,782.69,17.74
ORD002210,1,PROD00159,SELL00057,2023-02-02 06:25:50,81.52,54.69
ORD002210,2,PROD00362,SELL00029,2024-07-27 03:18:43,41.46,47.43
ORD002211,1,PROD00235,SELL00078,2023-10-11 14:07:57,290.89,10.61
ORD002211,2,PROD00130,SELL00133,2024-12-22 08:36:01,560.28,11.18
ORD002212,1,PROD00144,SELL00082,2023-05-27 17:52:26,46.73,39.91
ORD002212,2,PROD00206,SELL00119,2023-10-17 13:16:10,153.7,52.46
ORD002213,1,PROD00278,SELL00138,2023-01-08 15:47:52,646.01,76.69
ORD002214,1,PROD00108,SELL00096,2023-12-26 08:19:34,808.0,56.74
ORD002214,2,PROD00318,SELL00041,2023-01-28 04:04:44,228.27,20.51
ORD002215,1,PROD00120,SELL00058,2023-11-30 02:29:03,643.58,36.59
ORD002215,2,PROD00225,SELL00119,2024-08-13 09:54:25,46.57,68.23
ORD002215,3,PROD00046,SELL00022,2023-09-08 01:17:32,349.41,13.96
ORD002215,4,PROD00288,SELL00120,2023-03-18 12:18:12,792.46,32.24
ORD002216,1,PROD00207,SELL00017,2024-08-28 14:24:39,210.88,14.42
ORD002217,1,PROD00338,SELL00037,2024-08-23 05:27:18,63.77,69.86
ORD002218,1,PROD00048,SELL00036,2024-10-15 07:20:15,15.11,28.2
ORD002219,1,PROD00194,SELL00131,2023-12-12 08:41:47,574.11,36.47
ORD002220,1,PROD00347,SELL00096,2023-08-19 18:50:26,59.15,64.65
ORD002221,1,PROD00337,SELL00068,2023-08-15 22:01:40,335.28,25.85
ORD002221,2,PROD00003,SELL00128,2024-05-31 00:42:27,104.54,29.01
ORD002221,3,PROD00258,SELL00100,2024-07-19 10:51:57,636.78,7.07
ORD002221,4,PROD00100,SELL00086,2024-01-22 17:46:21,105.24,15.62
ORD002222,1,PROD00206,SELL00015,2024-06-15 08:46:50,96.88,28.26
ORD002223,1,PROD00147,SELL00112,2023-01-19 08:11:50,252.17,32.2
ORD002223,2,PROD00139,SELL00146,2024-01-15 13:08:04,526.13,62.64
ORD002224,1,PROD00367,SELL00122,2023-10-25 14:08:42,612.83,58.89
ORD002225,1,PROD00209,SELL00056,2023-04-11 18:16:38,269.5,17.1
ORD002225,2,PROD00272,SELL00089,2024-09-04 00:46:26,108.41,53.42
ORD002225,3,PROD00074,SELL00006,2023-04-08 13:39:51,139.29,17.69
ORD002226,1,PROD00273,SELL00025,2024-09-10 00:15:13,108.07,44.17
ORD002226,2,PROD00096,SELL00099,2024-08-31 04:04:52,374.28,6.19
ORD002226,3,PROD00290,SELL00008,2023-02-03 16:37:06,768.7,62.42
ORD002226,4,PROD00120,SELL00045,2024-08-15 05:52:50,872.6,14.0
ORD002227,1,PROD00029,SELL00142,2023-12-29 00:45:39,814.69,40.49
ORD002228,1,PROD00017,SELL00096,2023-06-13 05:17:33,98.32,34.36
ORD002229,1,PROD00346,SELL00126,2023-10-18 07:08:46,818.12,52.05
ORD002229,2,PROD00277,SELL00057,2023-12-21 15:28:22,664.03,55.54
ORD002230,1,PROD00177,SELL00083,2024-10-16 18:10:09,672.97,52.73
ORD002231,1,PROD00372,SELL00118,2023-01-04 09:21:37,160.73,15.66
ORD002231,2,PROD00202,SELL00005,2024-05-12 02:55:29,763.11,75.93
ORD002232,1,PROD00311,SELL00120,2024-11-20 12:21:20,748.14,33.76
ORD002232,2,PROD00001,SELL00127,2023-10-30 03:13:05,216.32,41.59
ORD002232,3,PROD00237,SELL00007,2024-12-28 17:04:34,238.48,63.89
ORD002233,1,PROD00131,SELL00119,2023-10-30 12:16:26,817.59,75.17
ORD002234,1,PROD00003,SELL00049,2024-01-13 12:55:47,779.31,32.25
ORD002235,1,PROD00234,SELL00062,2023-05-29 22:52:10,510.54,8.82
ORD002236,1,PROD00203,SELL00061,2024-08-19 12:44:47,31.34,36.99
ORD002236,2,PROD00320,SELL00121,2023-11-19 15:27:49,284.93,19.68
ORD002237,1,PROD00073,SELL00002,2024-12-05 05:03:38,240.03,65.86
ORD002237,2,PROD00032,SELL00130,2024-10-06 03:22:48,540.25,20.23
ORD002237,3,PROD00089,SELL00053,2023-01-26 20:35:20,48.65,63.75
ORD002238,1,PROD00134,SELL00045,2024-10-22 18:59:16,156.15,29.26
ORD002239,1,PROD00181,SELL00073,2024-03-28 01:30:00,643.14,54.88
ORD002240,1,PROD00171,SELL00036,2023-10-30 04:05:25,190.33,5.45
ORD002241,1,PROD00273,SELL00077,2023-06-27 13:12:59,709.15,5.96
ORD002242,1,PROD00146,SELL00039,2024-11-07 23:58:20,300.86,73.68
ORD002243,1,PROD00244,SELL00076,2024-03-07 06:47:21,240.33,12.0
ORD002244,1,PROD00023,SELL00023,2023-12-21 10:53:32,498.2,73.06
ORD002244,2,PROD00297,SELL00053,2023-09-30 01:08:59,834.6,41.88
ORD002244,3,PROD00217,SELL00016,2024-04-04 22:21:25,100.15,23.55
ORD002244,4,PROD00095,SELL00043,2023-10-02 20:11:15,47.01,62.85
ORD002245,1,PROD00179,SELL00136,2023-07-29 07:41:33,115.55,19.09
ORD002246,1,PROD00061,SELL00020,2024-10-07 03:45:42,555.72,35.46
ORD002246,2,PROD00264,SELL00100,2024-07-10 05:57:27,38.28,73.79
ORD002247,1,PROD00124,SELL00140,2023-12-29 15:48:14,389.61,54.57
ORD002247,2,PROD00023,SELL00087,2023-03-04 13:56:10,857.72,15.25
ORD002248,1,PROD00193,SELL00081,2024-05-06 13:41:26,260.83,35.66
ORD002249,1,PROD00378,SELL00028,2023-06-23 12:02:50,506.18,31.67
ORD002250,1,PROD00145,SELL00132,2023-03-01 02:49:51,506.25,74.13
ORD002250,2,PROD00063,SELL00052,2023-11-10 09:01:21,589.16,79.91
ORD002250,3,PROD00339,SELL00122,2024-08-10 21:07:47,717.95,67.11
ORD002251,1,PROD00261,SELL00115,2024-08-17 21:04:44,330.22,71.21
ORD002252,1,PROD00236,SELL00033,2023-05-28 18:58:04,470.46,13.99
ORD002252,2,PROD00320,SELL00044,2023-04-20 09:08:03,319.75,30.12
ORD002252,3,PROD00073,SELL00003,2023-06-06 11:44:08,226.0,55.71
ORD002253,1,PROD00290,SELL00025,2024-11-19 19:42:56,139.75,23.46
ORD002253,2,PROD00324,SELL00148,2024-07-31 04:17:23,688.69,30.3
ORD002254,1,PROD00338,SELL00076,2024-07-30 19:15:49,868.6,69.58
ORD002255,1,PROD00161,SELL00001,2023-07-30 22:01:03,323.77,44.76
ORD002256,1,PROD00166,SELL00071,2023-12-13 07:05:27,795.36,68.77
ORD002256,2,PROD00359,SELL00073,2023-08-13 00:32:42,28.37,37.48
ORD002257,1,PROD00296,SELL00141,2023-08-21 20:27:44,494.02,65.89
ORD002257,2,PROD00037,SELL00142,2023-04-18 15:41:01,812.61,26.71
ORD002258,1,PROD00268,SELL00071,2023-05-26 02:22:21,425.57,35.14
ORD002258,2,PROD00269,SELL00115,2023-01-18 11:57:21,529.78,53.5
ORD002259,1,PROD00335,SELL00111,2024-04-14 01:16:28,448.3,12.62
ORD002260,1,PROD00138,SELL00111,2023-11-10 12:40:58,880.77,26.99
ORD002260,2,PROD00162,SELL00041,2024-03-22 21:31:16,843.54,25.8
ORD002261,1,PROD00317,SELL00111,2023-09-11 18:33:45,895.02,71.72
ORD002261,2,PROD00331,SELL00128,2023-08-01 20:06:31,417.32,37.55
ORD002261,3,PROD00083,SELL00041,2024-12-09 23:04:25,584.51,23.43
ORD002262,1,PROD00004,SELL00027,2024-03-10 22:08:48,723.87,35.99
ORD002263,1,PROD00323,SELL00070,2024-07-30 13:43:51,824.51,51.87
ORD002264,1,PROD00117,SELL00053,2024-05-02 07:57:11,376.91,17.3
ORD002265,1,PROD00222,SELL00148,2023-02-13 06:56:29,249.06,22.13
ORD002266,1,PROD00196,SELL00023,2024-11-13 01:28:00,576.71,10.91
ORD002266,2,PROD00255,SELL00113,2023-11-25 03:58:34,303.92,35.41
ORD002267,1,PROD00328,SELL00128,2023-11-12 06:57:40,250.02,56.39
ORD002267,2,PROD00158,SELL00087,2024-06-14 23:44:02,33.64,38.62
ORD002267,3,PROD00069,SELL00122,2024-08-14 18:27:35,772.49,16.27
ORD002268,1,PROD00317,SELL00001,2024-10-18 23:02:57,732.43,46.05
ORD002269,1,PROD00142,SELL00040,2024-10-04 03:09:30,44.55,31.57
ORD002269,2,PROD00213,SELL00136,2023-01-08 05:49:50,530.97,40.31
ORD002270,1,PROD00346,SELL00011,2023-09-04 16:04:19,179.69,22.83
ORD002270,2,PROD00370,SELL00134,2024-04-18 09:04:47,236.56,54.62
ORD002271,1,PROD00358,SELL00023,2024-06-22 09:34:04,74.63,77.75
ORD002272,1,PROD00194,SELL00099,2024-11-21 17:31:57,81.44,30.83
ORD002273,1,PROD00183,SELL00096,2023-05-27 15:04:30,727.24,61.22
ORD002273,2,PROD00186,SELL00007,2023-10-21 16:47:39,125.04,13.15
ORD002274,1,PROD00003,SELL00083,2023-07-29 09:17:47,808.68,6.89
ORD002275,1,PROD00293,SELL00130,2023-08-23 12:31:03,441.11,64.34
ORD002276,1,PROD00240,SELL00055,2023-12-24 15:12:10,263.3,77.31
ORD002277,1,PROD00070,SELL00035,2023-07-18 02:20:16,415.08,75.29
ORD002277,2,PROD00269,SELL00004,2024-06-08 19:26:05,591.94,63.38
ORD002277,3,PROD00077,SELL00023,2024-02-17 08:25:29,304.23,18.21
ORD002278,1,PROD00029,SELL00070,2024-10-24 19:01:49,657.65,6.03
ORD002279,1,PROD00369,SELL00051,2023-02-16 04:32:08,252.65,46.16
ORD002279,2,PROD00155,SELL00062,2024-04-30 18:27:46,278.92,55.09
ORD002279,3,PROD00031,SELL00141,2024-02-19 13:35:58,666.18,71.76
ORD002280,1,PROD00060,SELL00046,2023-02-18 09:38:01,23.65,44.71
ORD002280,2,PROD00231,SELL00109,2024-09-27 01:22:27,808.9,43.12
ORD002280,3,PROD00314,SELL00121,2023-10-16 10:21:08,679.68,55.32
ORD002281,1,PROD00100,SELL00148,2024-06-23 06:12:24,728.69,18.84
ORD002281,2,PROD00299,SELL00088,2023-09-26 13:44:44,397.52,40.05
ORD002281,3,PROD00023,SELL00123,2024-07-12 16:39:26,45.08,75.45
ORD002282,1,PROD00026,SELL00117,2023-03-22 09:32:08,730.4,67.59
ORD002283,1,PROD00196,SELL00085,2023-07-14 16:26:08,625.25,43.72
ORD002284,1,PROD00055,SELL00039,2023-07-26 18:56:10,690.36,49.21
ORD002284,2,PROD00199,SELL00131,2023-12-14 00:14:45,673.82,5.52
ORD002284,3,PROD00213,SELL00133,2024-10-19 19:06:07,590.19,5.25
ORD002285,1,PROD00199,SELL00074,2024-11-01 02:56:44,218.42,47.58
ORD002285,2,PROD00348,SELL00015,2023-09-19 21:08:24,370.63,41.76
ORD002286,1,PROD00279,SELL00104,2024-02-21 20:12:22,437.39,47.06
ORD002287,1,PROD00267,SELL00077,2024-05-01 23:37:42,195.07,22.54
ORD002287,2,PROD00007,SELL00065,2024-10-12 17:44:42,131.37,57.4
ORD002288,1,PROD00140,SELL00145,2023-03-18 13:14:41,706.14,12.74
ORD002288,2,PROD00241,SELL00120,2024-08-16 06:45:01,320.64,20.57
ORD002289,1,PROD00391,SELL00053,2023-06-29 03:13:03,460.91,23.68
ORD002290,1,PROD00053,SELL00060,2024-10-29 08:41:03,445.71,35.61
ORD002291,1,PROD00163,SELL00089,2024-04-29 18:58:22,290.15,73.54
ORD002292,1,PROD00068,SELL00143,2023-11-14 21:46:01,26.81,43.32
ORD002293,1,PROD00117,SELL00015,2024-12-08 09:08:02,432.79,36.02
ORD002293,2,PROD00098,SELL00018,2023-12-13 01:06:09,484.72,10.32
ORD002293,3,PROD00091,SELL00091,2024-05-07 19:33:09,234.64,11.61
ORD002293,4,PROD00014,SELL00054,2024-11-16 08:51:35,80.97,44.83
ORD002294,1,PROD00046,SELL00106,2024-07-07 11:58:34,575.83,50.13
ORD002295,1,PROD00040,SELL00077,2023-03-01 20:14:56,517.08,75.63
ORD002295,2,PROD00395,SELL00100,2023-07-08 16:18:45,805.09,77.42
ORD002295,3,PROD00130,SELL00085,2023-10-08 15:29:57,586.93,43.77
ORD002296,1,PROD00036,SELL00125,2024-03-07 21:29:00,236.19,28.75
ORD002297,1,PROD00350,SELL00040,2023-06-28 01:33:21,146.55,75.98
ORD002298,1,PROD00325,SELL00095,2024-02-29 03:36:33,574.62,66.07
ORD002299,1,PROD00234,SELL00127,2024-11-19 05:47:58,90.66,37.39
ORD002299,2,PROD00238,SELL00068,2024-12-12 14:09:21,219.61,8.9
ORD002299,3,PROD00089,SELL00144,2024-11-26 20:58:17,455.99,7.2
ORD002300,1,PROD00398,SELL00125,2023-10-11 02:49:12,449.72,79.62
ORD002301,1,PROD00111,SELL00137,2023-09-19 10:44:07,511.8,79.65
ORD002301,2,PROD00069,SELL00020,2023-06-12 01:21:09,402.21,79.39
ORD002302,1,PROD00116,SELL00042,2023-10-19 19:58:12,193.37,36.49
ORD002302,2,PROD00199,SELL00054,2024-02-17 06:45:55,410.09,42.78
ORD002302,3,PROD00050,SELL00086,2024-10-24 20:14:56,204.45,38.65
ORD002302,4,PROD00230,SELL00027,2023-08-15 04:43:50,391.77,10.27
ORD002303,1,PROD00226,SELL00142,2024-12-21 15:08:47,421.38,35.54
ORD002303,2,PROD00297,SELL00092,2024-10-27 12:04:52,877.19,19.12
ORD002304,1,PROD00367,SELL00097,2024-08-05 21:11:40,639.72,35.57
ORD002304,2,PROD00084,SELL00075,2024-04-30 10:37:23,58.57,31.98
ORD002305,1,PROD00299,SELL00002,2024-10-21 07:59:04,380.4,46.16
ORD002306,1,PROD00228,SELL00104,2023-09-07 08:58:41,382.46,74.86
ORD002306,2,PROD00117,SELL00128,2024-01-16 15:09:49,435.93,67.57
ORD002306,3,PROD00354,SELL00012,2024-06-03 09:54:58,706.23,72.96
ORD002306,4,PROD00306,SELL00119,2024-04-08 17:32:12,327.89,30.7
ORD002307,1,PROD00100,SELL00100,2023-05-22 22:11:13,801.94,32.16
ORD002307,2,PROD00341,SELL00043,2023-08-28 15:04:23,259.77,30.44
ORD002308,1,PROD00117,SELL00148,2024-06-09 06:59:06,876.07,74.66
ORD002309,1,PROD00381,SELL00027,2023-06-20 06:55:17,291.17,70.71
ORD002310,1,PROD00080,SELL00079,2023-10-16 04:45:08,799.72,33.3
ORD002310,2,PROD00084,SELL00030,2023-07-06 12:47:39,252.78,29.33
ORD002311,1,PROD00055,SELL00116,2023-06-09 04:23:19,360.1,53.03
ORD002311,2,PROD00392,SELL00124,2023-06-27 22:29:42,887.69,65.9
ORD002312,1,PROD00152,SELL00074,2023-03-15 14:29:21,864.25,46.65
ORD002313,1,PROD00195,SELL00007,2024-03-24 14:57:55,655.11,77.19
ORD002313,2,PROD00207,SELL00036,2023-10-26 00:05:34,199.37,17.14
ORD002314,1,PROD00184,SELL00086,2023-02-01 11:04:08,716.18,79.46
ORD002315,1,PROD00255,SELL00107,2024-03-23 22:14:37,241.08,51.89
ORD002316,1,PROD00197,SELL00100,2024-01-20 11:36:28,500.8,5.72
ORD002316,2,PROD00238,SELL00126,2024-06-20 15:02:39,297.33,14.01
ORD002316,3,PROD00327,SELL00099,2024-08-30 16:50:23,702.38,12.63
ORD002317,1,PROD00183,SELL00053,2024-05-29 07:32:09,17.73,42.2
ORD002317,2,PROD00136,SELL00102,2023-03-23 08:33:10,567.81,20.5
ORD002317,3,PROD00261,SELL00069,2023-06-20 17:08:48,128.2,27.8
ORD002318,1,PROD00225,SELL00091,2023-02-13 02:24:05,535.43,18.62
ORD002318,2,PROD00377,SELL00111,2024-04-04 13:16:08,800.31,35.27
ORD002319,1,PROD00317,SELL00041,2023-08-06 23:06:18,435.18,44.11
ORD002320,1,PROD00315,SELL00143,2024-11-13 18:02:14,78.05,5.81
ORD002321,1,PROD00126,SELL00086,2024-02-08 02:09:35,682.71,63.82
ORD002321,2,PROD00095,SELL00085,2023-11-19 17:26:03,786.23,30.3
ORD002322,1,PROD00018,SELL00089,2023-10-18 04:12:57,649.61,62.23
ORD002323,1,PROD00357,SELL00117,2024-03-17 13:49:05,373.18,63.41
ORD002324,1,PROD00359,SELL00003,2024-11-21 02:26:00,376.1,78.03
ORD002324,2,PROD00399,SELL00081,2023-03-23 16:02:17,599.09,19.53
ORD002325,1,PROD00334,SELL00056,2023-10-28 10:37:36,33.45,56.97
ORD002326,1,PROD00309,SELL00042,2024-08-27 03:19:40,348.29,39.73
ORD002326,2,PROD00349,SELL00109,2023-08-24 14:05:33,466.58,27.0
ORD002327,1,PROD00034,SELL00114,2023-12-07 13:10:40,877.98,29.61
ORD002327,2,PROD00272,SELL00105,2024-01-29 20:15:53,247.63,63.9
ORD002327,3,PROD00068,SELL00047,2023-07-04 15:12:57,183.63,63.11
ORD002328,1,PROD00083,SELL00127,2024-07-13 05:43:50,187.01,70.33
ORD002329,1,PROD00055,SELL00144,2024-03-21 21:25:20,289.61,57.83
ORD002329,2,PROD00110,SELL00082,2024-07-13 04:11:54,369.23,59.45
ORD002330,1,PROD00057,SELL00067,2023-02-07 10:30:07,685.65,43.81
ORD002331,1,PROD00018,SELL00070,2023-08-17 11:08:02,580.89,19.47
ORD002332,1,PROD00122,SELL00099,2024-02-04 04:24:11,245.19,12.9
ORD002333,1,PROD00318,SELL00103,2024-09-19 02:03:28,793.65,69.99
ORD002333,2,PROD00393,SELL00147,2024-09-13 07:35:00,781.36,16.86
ORD002333,3,PROD00104,SELL00083,2024-12-05 10:36:10,793.07,50.05
ORD002334,1,PROD00169,SELL00124,2023-06-17 03:05:10,850.22,10.26
ORD002335,1,PROD00232,SELL00044,2023-11-28 12:01:40,258.09,68.74
ORD002335,2,PROD00369,SELL00012,2024-09-02 01:06:44,750.79,50.5
ORD002336,1,PROD00146,SELL00053,2024-02-01 20:16:49,435.78,30.7
ORD002336,2,PROD00382,SELL00032,2023-02-28 13:53:35,444.33,75.39
ORD002336,3,PROD00115,SELL00104,2023-12-23 16:15:55,581.96,75.59
ORD002337,1,PROD00207,SELL00027,2023-03-17 23:34:09,878.06,38.15
ORD002337,2,PROD00077,SELL00082,2023-02-23 10:22:11,617.69,13.19
ORD002337,3,PROD00196,SELL00066,2024-04-11 17:35:43,102.65,34.92
ORD002338,1,PROD00329,SELL00125,2024-08-16 23:53:59,897.14,50.47
ORD002338,2,PROD00388,SELL00081,2023-05-12 04:49:40,628.48,20.13
ORD002338,3,PROD00318,SELL00117,2024-05-05 07:56:29,255.11,50.11
ORD002338,4,PROD00012,SELL00006,2024-04-27 11:25:05,429.1,49.2
ORD002339,1,PROD00338,SELL00103,2023-05-16 01:05:46,414.62,78.64
ORD002340,1,PROD00316,SELL00011,2023-01-25 05:56:35,285.58,24.8
ORD002340,2,PROD00156,SELL00137,2024-12-05 10:06:55,491.21,51.84
ORD002341,1,PROD00300,SELL00078,2024-06-25 05:02:00,194.99,74.43
ORD002341,2,PROD00332,SELL00130,2024-02-18 20:48:17,348.7,49.1
ORD002341,3,PROD00266,SELL00120,2024-11-22 14:09:01,261.76,14.08
ORD002342,1,PROD00167,SELL00137,2024-03-12 18:25:49,253.54,45.94
ORD002343,1,PROD00268,SELL00027,2023-01-09 18:54:33,531.06,50.19
ORD002343,2,PROD00196,SELL00146,2023-08-26 20:33:55,692.92,43.87
ORD002344,1,PROD00041,SELL00114,2024-07-06 08:42:52,888.41,27.28
ORD002344,2,PROD00247,SELL00147,2024-09-30 10:23:15,301.34,7.86
ORD002344,3,PROD00215,SELL00070,2023-10-26 09:28:52,554.77,56.52
ORD002345,1,PROD00313,SELL00030,2023-05-22 13:11:27,179.84,9.0
ORD002346,1,PROD00254,SELL00038,2024-07-28 14:59:57,319.08,16.29
ORD002347,1,PROD00312,SELL00030,2024-10-26 05:56:19,547.39,23.94
ORD002348,1,PROD00095,SELL00123,2023-11-22 03:17:24,260.38,9.11
ORD002349,1,PROD00035,SELL00038,2023-09-16 13:54:07,232.43,14.29
ORD002349,2,PROD00397,SELL00103,2024-07-13 06:07:44,721.09,22.94
ORD002349,3,PROD00171,SELL00097,2023-02-01 08:18:55,883.7,75.55
ORD002350,1,PROD00031,SELL00016,2024-12-06 04:11:32,478.03,49.87
ORD002351,1,PROD00162,SELL00041,2024-01-17 19:28:35,31.46,53.91
ORD002351,2,PROD00062,SELL00086,2024-04-25 13:02:33,452.9,39.43
ORD002352,1,PROD00355,SELL00100,2024-10-01 07:50:45,184.38,54.05
ORD002353,1,PROD00232,SELL00008,2023-11-27 14:20:01,546.56,18.0
ORD002353,2,PROD00327,SELL00053,2024-09-18 17:24:31,872.04,38.89
ORD002354,1,PROD00108,SELL00033,2024-02-08 08:54:50,284.47,55.74
ORD002354,2,PROD00011,SELL00071,2024-05-08 02:26:28,96.41,78.68
ORD002355,1,PROD00012,SELL00053,2024-03-26 19:12:23,175.45,35.48
ORD002356,1,PROD00044,SELL00068,2023-08-20 20:27:04,372.32,22.43
ORD002357,1,PROD00074,SELL00065,2023-01-11 07:12:16,715.14,13.95
ORD002358,1,PROD00307,SELL00116,2024-12-02 22:23:25,722.44,14.74
ORD002359,1,PROD00194,SELL00069,2024-02-17 14:26:10,283.3,50.75
ORD002360,1,PROD00329,SELL00065,2024-04-08 01:06:13,745.18,47.53
ORD002361,1,PROD00100,SELL00057,2023-09-12 09:20:47,214.12,27.27
ORD002361,2,PROD00184,SELL00127,2023-10-22 03:45:24,869.74,53.74
ORD002362,1,PROD00324,SELL00049,2023-02-19 19:41:33,592.69,33.52
ORD002363,1,PROD00089,SELL00039,2024-06-27 22:25:06,765.34,57.55
ORD002363,2,PROD00263,SELL00015,2024-06-03 05:57:12,235.84,24.1
ORD002364,1,PROD00301,SELL00066,2024-08-26 05:55:51,826.65,64.24
ORD002365,1,PROD00068,SELL00005,2023-11-26 00:56:32,329.49,69.39
ORD002365,2,PROD00144,SELL00097,2024-06-21 15:31:18,270.62,31.62
ORD002366,1,PROD00198,SELL00040,2023-03-23 21:53:08,544.82,7.88
ORD002366,2,PROD00253,SELL00023,2023-04-02 11:30:36,164.93,21.39
ORD002367,1,PROD00225,SELL00008,2023-05-06 11:24:19,280.91,76.22
ORD002368,1,PROD00346,SELL00134,2024-12-12 05:17:36,304.44,56.71
ORD002368,2,PROD00147,SELL00090,2023-04-06 23:43:33,424.02,43.8
ORD002369,1,PROD00375,SELL00006,2024-08-07 07:11:06,440.13,66.06
ORD002369,2,PROD00254,SELL00122,2023-12-03 15:52:12,726.83,21.97
ORD002370,1,PROD00127,SELL00012,2023-01-21 03:24:38,559.76,72.84
ORD002370,2,PROD00236,SELL00148,2023-11-25 16:18:07,503.0,24.24
ORD002370,3,PROD00112,SELL00090,2024-02-29 06:22:50,363.46,33.37
ORD002371,1,PROD00283,SELL00108,2024-01-08 01:55:53,759.49,73.55
ORD002371,2,PROD00260,SELL00024,2023-01-15 07:47:03,662.25,26.1
ORD002371,3,PROD00138,SELL00133,2024-10-13 23:41:15,83.86,28.02
ORD002372,1,PROD00086,SELL00141,2024-11-15 06:34:31,892.29,71.58
ORD002372,2,PROD00188,SELL00133,2023-05-24 07:43:00,580.02,32.65
ORD002372,3,PROD00272,SELL00123,2024-01-14 13:10:48,241.23,79.94
ORD002373,1,PROD00173,SELL00139,2024-11-05 02:14:28,676.78,14.56
ORD002374,1,PROD00024,SELL00031,2024-02-26 16:33:52,686.99,26.03
ORD002375,1,PROD00281,SELL00083,2023-02-23 02:46:18,400.5,27.7
ORD002375,2,PROD00200,SELL00005,2024-06-09 22:29:16,787.33,75.76
ORD002376,1,PROD00012,SELL00034,2023-04-28 10:55:31,887.31,72.36
ORD002377,1,PROD00262,SELL00138,2023-12-14 23:19:27,747.21,78.66
ORD002377,2,PROD00249,SELL00126,2024-10-06 15:38:51,247.0,18.51
ORD002378,1,PROD00320,SELL00102,2024-03-08 23:32:20,887.12,55.13
ORD002379,1,PROD00400,SELL00005,2023-09-12 18:27:05,628.8,43.34
ORD002380,1,PROD00083,SELL00117,2023-03-16 08:54:54,644.77,64.63
ORD002381,1,PROD00148,SELL00115,2024-11-19 09:56:50,242.72,8.25
ORD002381,2,PROD00030,SELL00033,2023-11-21 00:40:19,562.32,42.72
ORD002382,1,PROD00096,SELL00131,2023-05-22 09:28:55,791.09,71.35
ORD002383,1,PROD00238,SELL00110,2023-10-03 15:12:24,321.0,75.03
ORD002384,1,PROD00111,SELL00129,2024-09-23 00:50:25,84.1,9.46
ORD002384,2,PROD00261,SELL00070,2023-04-22 03:29:05,600.76,53.35
ORD002385,1,PROD00399,SELL00083,2024-08-29 16:32:30,707.3,31.16
ORD002385,2,PROD00211,SELL00140,2023-12-03 08:40:47,208.39,37.97
ORD002386,1,PROD00252,SELL00112,2023-10-07 13:47:01,220.35,28.67
ORD002386,2,PROD00108,SELL00099,2024-09-02 09:06:42,288.8,77.44
ORD002387,1,PROD00310,SELL00068,2023-01-17 11:39:57,753.02,14.58
ORD002388,1,PROD00141,SELL00076,2023-06-18 07:40:17,29.93,48.83
ORD002389,1,PROD00168,SELL00103,2024-04-28 20:23:46,329.1,74.37
ORD002390,1,PROD00012,SELL00069,2024-12-01 06:52:45,28.36,68.9
ORD002391,1,PROD00191,SELL00109,2023-10-06 23:05:02,766.48,22.99
ORD002392,1,PROD00395,SELL00049,2024-09-29 05:47:28,574.72,75.92
ORD002392,2,PROD00277,SELL00069,2023-12-05 13:15:50,793.74,15.66
ORD002393,1,PROD00328,SELL00131,2024-01-27 05:22:35,340.41,30.96
ORD002393,2,PROD00060,SELL00076,2024-05-24 13:31:28,800.98,27.62
ORD002394,1,PROD00155,SELL00103,2024-07-13 07:59:48,320.41,74.31
ORD002395,1,PROD00095,SELL00110,2024-09-08 21:08:00,732.08,49.57
ORD002395,2,PROD00049,SELL00019,2023-01-31 21:03:25,699.0,20.56
ORD002396,1,PROD00067,SELL00076,2024-06-04 12:52:12,85.31,45.46
ORD002396,2,PROD00383,SELL00145,2024-06-27 06:48:05,689.25,46.02
ORD002397,1,PROD00060,SELL00123,2024-11-26 20:36:09,483.47,69.15
ORD002397,2,PROD00370,SELL00128,2024-06-05 08:49:12,315.99,18.51
ORD002398,1,PROD00260,SELL00019,2023-03-14 20:25:12,473.81,5.91
ORD002398,2,PROD00089,SELL00126,2024-01-06 22:58:47,548.22,37.41
ORD002399,1,PROD00186,SELL00003,2023-10-27 14:43:00,773.63,56.03
ORD002399,2,PROD00070,SELL00118,2023-01-19 16:24:58,683.95,52.63
ORD002400,1,PROD00141,SELL00060,2024-11-16 11:37:42,317.2,36.47
ORD002400,2,PROD00375,SELL00078,2024-04-23 00:07:44,615.84,33.29
ORD002401,1,PROD00285,SELL00122,2024-07-01 23:15:37,822.3,38.56
ORD002401,2,PROD00294,SELL00057,2024-04-07 11:56:59,464.2,31.75
ORD002401,3,PROD00230,SELL00136,2023-02-02 04:48:42,62.31,48.48
ORD002402,1,PROD00249,SELL00056,2023-05-10 01:39:42,317.14,78.61
ORD002403,1,PROD00012,SELL00121,2023-02-18 16:50:48,716.94,48.91
ORD002404,1,PROD00330,SELL00140,2024-02-13 09:27:19,199.22,6.57
ORD002404,2,PROD00235,SELL00030,2024-05-21 06:55:22,828.84,23.85
ORD002404,3,PROD00276,SELL00038,2023-11-02 22:54:20,558.28,8.11
ORD002404,4,PROD00242,SELL00013,2023-10-03 00:28:27,718.07,66.85
ORD002405,1,PROD00127,SELL00030,2024-05-10 02:56:18,223.44,12.59
ORD002405,2,PROD00299,SELL00034,2024-11-19 00:00:54,819.4,53.95
ORD002406,1,PROD00240,SELL00005,2024-02-12 17:46:42,175.07,61.8
ORD002407,1,PROD00279,SELL00008,2023-03-15 14:22:25,555.23,77.78
ORD002407,2,PROD00400,SELL00132,2023-05-09 15:47:07,562.27,52.26
ORD002407,3,PROD00347,SELL00064,2024-02-06 15:06:49,88.06,52.9
ORD002408,1,PROD00156,SELL00065,2023-01-30 17:47:36,258.01,9.97
ORD002408,2,PROD00091,SELL00091,2023-07-07 16:07:40,629.53,21.49
ORD002409,1,PROD00292,SELL00127,2024-12-25 00:54:28,339.5,79.15
ORD002410,1,PROD00127,SELL00046,2023-07-17 00:24:58,109.16,56.35
ORD002411,1,PROD00064,SELL00119,2024-10-12 19:06:38,81.58,33.97
ORD002411,2,PROD00201,SELL00008,2023-06-12 20:42:25,210.77,11.79
ORD002412,1,PROD00278,SELL00003,2023-10-30 02:31:44,67.58,76.61
ORD002412,2,PROD00039,SELL00133,2024-01-22 09:45:00,729.49,33.74
ORD002412,3,PROD00033,SELL00127,2024-01-22 00:52:52,201.55,7.83
ORD002413,1,PROD00038,SELL00100,2023-08-29 03:30:38,146.31,69.3
ORD002413,2,PROD00043,SELL00042,2023-05-14 10:56:53,367.07,15.52
ORD002414,1,PROD00390,SELL00092,2024-04-30 04:12:42,669.44,78.91
ORD002415,1,PROD00012,SELL00133,2024-03-16 16:32:15,57.7,34.51
ORD002416,1,PROD00193,SELL00145,2024-06-25 19:21:22,224.65,73.09
ORD002416,2,PROD00381,SELL00077,2023-09-19 04:27:03,798.71,17.34
ORD002416,3,PROD00187,SELL00121,2024-04-15 05:51:34,495.89,7.95
ORD002416,4,PROD00349,SELL00146,2024-11-07 09:21:53,728.59,6.91
ORD002417,1,PROD00057,SELL00079,2023-02-17 03:48:47,731.81,67.38
ORD002418,1,PROD00395,SELL00046,2024-02-05 09:52:56,418.65,60.11
ORD002418,2,PROD00120,SELL00034,2024-03-14 12:03:10,426.48,70.24
ORD002419,1,PROD00052,SELL00003,2024-04-05 21:34:28,342.77,61.73
ORD002420,1,PROD00324,SELL00079,2024-02-13 22:52:49,214.37,59.86
ORD002421,1,PROD00253,SELL00141,2023-10-14 17:48:40,659.48,52.49
ORD002422,1,PROD00039,SELL00099,2023-01-22 21:13:49,879.79,67.51
ORD002422,2,PROD00066,SELL00071,2024-08-20 22:47:06,688.44,58.71
ORD002422,3,PROD00146,SELL00050,2024-05-09 19:16:10,207.44,66.85
ORD002423,1,PROD00288,SELL00060,2023-06-16 07:54:30,648.86,35.17
ORD002424,1,PROD00369,SELL00042,2023-08-08 07:02:55,491.17,26.68
ORD002424,2,PROD00095,SELL00041,2023-09-28 22:16:38,249.14,20.9
ORD002425,1,PROD00089,SELL00030,2023-02-03 00:04:41,169.08,64.06
ORD002425,2,PROD00316,SELL00084,2024-04-24 12:43:31,35.76,34.45
ORD002426,1,PROD00140,SELL00150,2024-12-26 22:25:48,410.3,20.17
ORD002427,1,PROD00015,SELL00030,2024-03-10 07:40:32,272.19,58.36
ORD002428,1,PROD00046,SELL00055,2023-05-25 23:06:25,317.23,12.81
ORD002429,1,PROD00033,SELL00133,2024-06-03 05:57:56,185.33,65.69
ORD002430,1,PROD00112,SELL00130,2024-02-02 08:11:47,724.33,18.15
ORD002431,1,PROD00338,SELL00014,2023-02-24 09:24:07,781.03,45.81
ORD002431,2,PROD00197,SELL00020,2024-10-14 23:13:09,504.75,78.0
ORD002432,1,PROD00260,SELL00027,2024-03-15 02:52:44,801.79,43.66
ORD002433,1,PROD00218,SELL00032,2023-11-06 11:05:17,698.02,42.66
ORD002434,1,PROD00121,SELL00082,2023-11-23 16:54:33,220.02,34.84
ORD002434,2,PROD00097,SELL00148,2023-04-13 04:51:43,831.49,14.52
ORD002435,1,PROD00293,SELL00131,2023-01-01 20:33:32,636.6,43.74
ORD002436,1,PROD00328,SELL00049,2024-11-06 16:31:30,98.86,78.81
ORD002437,1,PROD00102,SELL00114,2024-01-12 04:41:08,811.77,78.06
ORD002437,2,PROD00240,SELL00082,2024-03-04 17:37:18,90.44,16.42
ORD002437,3,PROD00361,SELL00135,2023-04-28 02:38:47,193.75,54.01
ORD002437,4,PROD00309,SELL00091,2024-02-09 19:26:49,26.06,62.36
ORD002438,1,PROD00376,SELL00141,2023-11-11 03:40:18,585.63,25.56
ORD002439,1,PROD00245,SELL00006,2024-09-13 11:19:05,799.44,31.24
ORD002440,1,PROD00058,SELL00001,2024-04-22 10:37:29,518.81,19.36
ORD002441,1,PROD00168,SELL00091,2024-03-30 13:49:45,318.37,28.81
ORD002441,2,PROD00245,SELL00002,2024-10-17 17:53:17,491.46,67.59
ORD002441,3,PROD00264,SELL00106,2023-08-15 20:50:44,649.94,65.84
ORD002441,4,PROD00334,SELL00020,2024-01-31 01:14:17,345.93,34.1
ORD002442,1,PROD00018,SELL00087,2023-09-13 23:54:20,157.56,55.11
ORD002443,1,PROD00071,SELL00048,2024-11-23 00:37:04,748.41,12.49
ORD002444,1,PROD00062,SELL00135,2023-03-05 16:00:57,327.35,53.49
ORD002444,2,PROD00330,SELL00129,2023-12-26 23:27:07,719.48,65.8
ORD002444,3,PROD00154,SELL00092,2024-09-16 13:50:04,896.1,12.32
ORD002445,1,PROD00309,SELL00095,2023-08-17 02:06:36,573.59,21.69
ORD002445,2,PROD00080,SELL00051,2024-05-18 05:29:44,590.69,41.57
ORD002446,1,PROD00269,SELL00079,2023-04-04 13:09:29,538.04,10.65
ORD002447,1,PROD00213,SELL00014,2023-12-19 22:53:56,583.56,78.25
ORD002447,2,PROD00103,SELL00136,2024-06-01 10:36:09,774.76,22.26
ORD002448,1,PROD00171,SELL00112,2024-11-30 21:06:17,126.25,61.76
ORD002449,1,PROD00127,SELL00019,2024-03-20 06:44:32,819.17,63.07
ORD002449,2,PROD00035,SELL00113,2023-03-31 11:41:02,499.57,62.3
ORD002450,1,PROD00258,SELL00087,2024-11-08 07:01:38,660.33,34.82
ORD002450,2,PROD00203,SELL00119,2024-07-01 02:06:40,38.64,74.76
ORD002451,1,PROD00058,SELL00100,2023-09-27 07:16:58,89.2,44.15
ORD002452,1,PROD00400,SELL00129,2023-11-26 15:50:31,517.17,35.56
ORD002453,1,PROD00065,SELL00009,2024-05-25 16:07:35,627.76,74.96
ORD002454,1,PROD00021,SELL00074,2023-09-12 10:21:13,828.44,77.45
ORD002454,2,PROD00005,SELL00091,2024-12-19 09:29:15,446.21,27.11
ORD002455,1,PROD00092,SELL00117,2023-04-07 19:32:36,390.6,34.07
ORD002456,1,PROD00319,SELL00098,2024-02-21 10:24:53,271.85,6.54
ORD002457,1,PROD00103,SELL00071,2023-05-24 14:13:48,130.48,53.02
ORD002458,1,PROD00026,SELL00091,2023-01-25 21:59:32,660.49,44.19
ORD002459,1,PROD00003,SELL00011,2023-12-10 03:47:43,579.98,48.78
ORD002459,2,PROD00023,SELL00010,2024-12-27 21:27:11,387.25,17.66
ORD002460,1,PROD00270,SELL00145,2023-06-08 13:44:56,291.27,24.86
ORD002461,1,PROD00099,SELL00139,2023-04-15 06:49:02,436.95,20.43
ORD002462,1,PROD00099,SELL00051,2024-07-27 16:55:43,100.12,55.28
ORD002463,1,PROD00059,SELL00055,2023-09-20 03:47:48,371.15,24.95
ORD002464,1,PROD00050,SELL00038,2023-09-25 17:01:30,877.64,60.67
ORD002464,2,PROD00095,SELL00122,2023-05-13 11:02:40,391.41,58.63
ORD002465,1,PROD00040,SELL00058,2023-12-06 04:10:50,555.61,43.7
ORD002466,1,PROD00337,SELL00094,2023-03-15 16:47:53,172.51,40.75
ORD002467,1,PROD00077,SELL00148,2024-10-06 20:08:51,343.84,54.28
ORD002468,1,PROD00042,SELL00114,2024-12-29 22:47:54,245.59,39.07
ORD002469,1,PROD00280,SELL00100,2024-03-26 09:27:34,21.29,6.73
ORD002469,2,PROD00228,SELL00128,2023-02-14 17:38:50,619.41,58.19
ORD002470,1,PROD00026,SELL00082,2023-11-02 04:11:17,291.48,39.47
ORD002471,1,PROD00100,SELL00122,2024-04-12 15:51:49,604.84,13.92
ORD002472,1,PROD00244,SELL00126,2023-12-25 22:05:14,489.16,22.62
ORD002473,1,PROD00242,SELL00013,2023-05-11 09:19:30,171.17,73.8
ORD002474,1,PROD00143,SELL00058,2024-07-08 19:32:33,268.94,76.51
ORD002475,1,PROD00195,SELL00070,2024-01-09 09:02:27,787.3,54.75
ORD002476,1,PROD00251,SELL00084,2023-12-28 11:20:16,446.17,57.51
ORD002477,1,PROD00089,SELL00110,2024-10-22 21:04:11,729.56,12.4
ORD002478,1,PROD00126,SELL00015,2024-11-20 16:50:17,43.85,12.49
ORD002478,2,PROD00054,SELL00064,2024-11-07 02:53:40,779.97,47.61
ORD002479,1,PROD00263,SELL00128,2024-10-29 08:34:00,748.06,42.98
ORD002479,2,PROD00337,SELL00097,2023-09-14 10:15:27,847.48,28.5
ORD002480,1,PROD00129,SELL00034,2023-04-12 04:54:11,807.22,5.61
ORD002481,1,PROD00374,SELL00004,2024-05-16 03:49:37,80.04,71.5
ORD002482,1,PROD00208,SELL00106,2023-12-13 07:05:11,355.88,42.64
ORD002482,2,PROD00193,SELL00134,2024-08-27 03:29:57,747.41,50.12
ORD002482,3,PROD00296,SELL00126,2024-05-14 20:45:00,617.82,26.13
ORD002483,1,PROD00277,SELL00036,2023-01-03 23:55:16,238.38,73.41
ORD002483,2,PROD00157,SELL00067,2024-07-04 21:40:01,185.18,64.5
ORD002483,3,PROD00354,SELL00079,2024-10-12 01:37:42,664.26,17.49
ORD002484,1,PROD00350,SELL00084,2024-09-24 14:09:55,246.36,12.27
ORD002484,2,PROD00138,SELL00133,2023-02-03 05:37:37,303.33,61.16
ORD002484,3,PROD00102,SELL00057,2024-03-06 09:10:07,629.66,23.38
ORD002485,1,PROD00144,SELL00138,2024-07-22 16:28:51,741.96,53.0
ORD002486,1,PROD00196,SELL00068,2023-09-01 20:01:47,479.34,74.66
ORD002486,2,PROD00141,SELL00046,2023-07-02 15:04:30,792.53,29.02
ORD002486,3,PROD00297,SELL00148,2023-01-09 13:17:28,53.72,6.0
ORD002486,4,PROD00194,SELL00144,2023-05-04 19:08:22,527.96,6.93
ORD002487,1,PROD00074,SELL00135,2023-09-11 00:00:06,467.64,5.52
ORD002487,2,PROD00112,SELL00083,2024-04-12 19:35:27,15.41,74.58
ORD002488,1,PROD00325,SELL00011,2024-05-05 22:55:26,875.29,69.9
ORD002489,1,PROD00373,SELL00142,2023-06-08 01:51:39,656.24,68.53
ORD002490,1,PROD00322,SELL00071,2023-03-14 02:14:09,898.73,5.76
ORD002490,2,PROD00276,SELL00010,2024-03-10 20:47:35,886.77,45.68
ORD002490,3,PROD00148,SELL00082,2023-07-29 21:29:34,668.08,75.47
ORD002491,1,PROD00152,SELL00082,2023-04-26 13:20:08,851.11,34.37
ORD002492,1,PROD00330,SELL00078,2023-03-11 21:03:36,323.33,78.34
ORD002493,1,PROD00365,SELL00115,2024-11-26 04:37:11,67.67,5.2
ORD002493,2,PROD00079,SELL00038,2024-11-10 06:04:04,417.09,15.06
ORD002493,3,PROD00194,SELL00034,2023-11-12 05:37:54,751.16,57.09
ORD002493,4,PROD00104,SELL00011,2023-12-07 19:35:08,601.05,35.67
ORD002494,1,PROD00131,SELL00012,2024-12-21 14:12:56,225.37,48.78
ORD002494,2,PROD00273,SELL00125,2024-10-14 19:40:58,192.21,48.7
ORD002495,1,PROD00394,SELL00037,2023-12-26 22:10:23,594.68,51.18
ORD002496,1,PROD00320,SELL00068,2023-08-24 08:43:45,554.3,62.84
ORD002497,1,PROD00010,SELL00005,2024-04-11 05:24:25,766.52,42.81
ORD002498,1,PROD00095,SELL00030,2024-11-01 07:50:52,589.77,24.69
ORD002498,2,PROD00308,SELL00003,2023-04-10 15:49:33,588.16,66.2
ORD002498,3,PROD00059,SELL00041,2023-12-25 11:41:37,87.26,49.99
ORD002499,1,PROD00037,SELL00087,2023-01-19 23:09:53,506.25,32.43
ORD002499,2,PROD00386,SELL00105,2023-10-06 21:18:21,147.38,35.7
ORD002499,3,PROD00167,SELL00010,2024-11-23 22:11:57,547.28,61.85
ORD002499,4,PROD00304,SELL00069,2024-08-02 11:55:58,278.43,37.14
ORD002500,1,PROD00233,SELL00089,2024-04-20 21:41:32,153.79,8.16
ORD002500,2,PROD00343,SELL00018,2024-11-29 03:29:27,705.96,43.1
ORD002501,1,PROD00216,SELL00082,2023-03-24 02:35:10,767.97,74.16
ORD002502,1,PROD00215,SELL00098,2024-10-03 05:53:19,560.14,14.07
ORD002503,1,PROD00031,SELL00043,2024-07-02 17:36:32,313.41,43.71
ORD002504,1,PROD00096,SELL00094,2024-08-13 06:20:47,242.86,68.13
ORD002505,1,PROD00015,SELL00042,2024-02-12 12:37:08,504.08,63.49
ORD002506,1,PROD00097,SELL00136,2024-05-20 23:54:46,758.66,78.5
ORD002506,2,PROD00368,SELL00047,2023-02-27 20:17:45,179.08,6.61
ORD002507,1,PROD00286,SELL00032,2023-01-22 02:55:29,34.92,39.26
ORD002507,2,PROD00151,SELL00118,2023-08-04 23:56:32,519.31,42.33
ORD002508,1,PROD00257,SELL00106,2023-05-31 23:56:32,299.79,29.11
ORD002508,2,PROD00087,SELL00060,2023-12-19 13:36:09,818.26,14.66
ORD002509,1,PROD00357,SELL00059,2024-12-05 19:55:27,388.18,6.84
ORD002509,2,PROD00142,SELL00124,2023-01-14 00:03:08,252.65,66.35
ORD002509,3,PROD00061,SELL00148,2024-07-29 04:02:57,106.99,57.09
ORD002510,1,PROD00397,SELL00058,2023-10-07 06:49:00,201.79,69.29
ORD002511,1,PROD00025,SELL00012,2024-05-10 01:21:12,586.29,56.27
ORD002512,1,PROD00081,SELL00081,2024-08-08 01:26:54,876.19,30.87
ORD002513,1,PROD00374,SELL00020,2023-11-12 09:48:19,591.03,72.81
ORD002514,1,PROD00277,SELL00004,2024-04-29 17:38:36,59.8,75.41
ORD002514,2,PROD00145,SELL00047,2024-06-29 17:26:50,809.32,67.82
ORD002515,1,PROD00222,SELL00086,2023-02-25 19:20:55,420.4,23.21
ORD002516,1,PROD00271,SELL00074,2024-09-09 01:04:41,403.93,55.2
ORD002517,1,PROD00058,SELL00113,2023-02-28 01:20:43,98.62,63.83
ORD002517,2,PROD00335,SELL00094,2023-09-13 09:43:20,648.76,67.21
ORD002517,3,PROD00194,SELL00005,2024-11-22 02:55:51,582.24,28.05
ORD002518,1,PROD00167,SELL00079,2023-05-18 01:39:31,740.68,71.7
ORD002519,1,PROD00008,SELL00150,2024-07-31 17:21:26,153.85,6.16
ORD002519,2,PROD00052,SELL00036,2023-08-08 15:45:17,789.93,39.25
ORD002520,1,PROD00326,SELL00020,2024-05-28 17:28:57,700.55,61.32
ORD002520,2,PROD00389,SELL00139,2024-01-04 13:00:22,349.66,76.82
ORD002520,3,PROD00395,SELL00086,2024-02-28 20:17:45,322.14,29.89
ORD002520,4,PROD00400,SELL00031,2024-07-07 13:06:37,301.54,33.81
ORD002521,1,PROD00372,SELL00068,2023-10-01 18:14:22,861.49,62.17
ORD002522,1,PROD00161,SELL00034,2024-06-06 17:13:13,163.51,35.06
ORD002523,1,PROD00110,SELL00129,2023-12-18 12:49:43,54.79,9.03
ORD002524,1,PROD00261,SELL00019,2023-09-13 08:41:22,582.35,30.54
ORD002525,1,PROD00375,SELL00058,2024-08-22 09:40:00,565.21,31.18
ORD002526,1,PROD00002,SELL00078,2024-04-11 00:13:13,878.56,26.46
ORD002526,2,PROD00369,SELL00069,2024-12-16 11:20:11,268.68,13.87
ORD002527,1,PROD00034,SELL00112,2023-08-06 07:07:47,306.11,60.89
ORD002528,1,PROD00345,SELL00040,2024-10-26 03:51:21,393.25,73.21
ORD002529,1,PROD00181,SELL00092,2024-10-25 04:23:30,477.48,49.29
ORD002529,2,PROD00306,SELL00080,2024-01-08 23:50:46,190.07,53.37
ORD002529,3,PROD00235,SELL00070,2023-10-14 05:57:14,560.9,29.43
ORD002530,1,PROD00136,SELL00142,2023-07-15 08:57:43,479.17,12.74
ORD002531,1,PROD00039,SELL00129,2024-09-22 22:22:29,588.2,26.66
ORD002531,2,PROD00274,SELL00055,2024-04-18 03:10:19,422.33,77.13
ORD002531,3,PROD00058,SELL00089,2023-04-21 13:44:30,86.67,5.44
ORD002532,1,PROD00382,SELL00002,2023-07-18 13:47:58,708.64,27.09
ORD002533,1,PROD00222,SELL00071,2023-01-03 21:35:42,248.65,51.78
ORD002534,1,PROD00210,SELL00030,2023-09-22 08:07:55,549.2,37.89
ORD002535,1,PROD00396,SELL00111,2023-09-16 22:00:27,522.5,25.35
ORD002535,2,PROD00347,SELL00087,2024-05-06 14:12:55,196.86,52.69
ORD002536,1,PROD00163,SELL00100,2024-06-01 15:12:56,472.35,48.67
ORD002536,2,PROD00217,SELL00086,2023-04-03 19:10:02,87.12,52.39
ORD002537,1,PROD00385,SELL00110,2023-11-20 19:03:36,727.58,33.73
ORD002537,2,PROD00397,SELL00021,2023-07-13 02:57:35,611.4,45.48
ORD002538,1,PROD00329,SELL00039,2023-03-10 16:16:32,381.62,28.86
ORD002538,2,PROD00006,SELL00006,2024-10-17 01:00:30,755.95,60.2
ORD002539,1,PROD00043,SELL00119,2024-03-05 00:43:20,186.44,9.86
ORD002539,2,PROD00069,SELL00103,2024-05-16 10:53:35,342.9,57.27
ORD002539,3,PROD00203,SELL00052,2024-06-28 10:59:42,69.97,73.0
ORD002540,1,PROD00223,SELL00107,2024-03-28 15:25:03,564.74,45.33
ORD002540,2,PROD00397,SELL00129,2023-04-07 23:18:56,522.3,33.07
ORD002540,3,PROD00122,SELL00036,2023-08-21 01:15:53,165.95,43.69
ORD002541,1,PROD00307,SELL00117,2023-04-22 18:56:25,228.97,70.01
ORD002542,1,PROD00150,SELL00006,2023-11-11 03:58:21,228.97,48.61
ORD002542,2,PROD00160,SELL00075,2023-09-25 11:56:03,166.38,22.7
ORD002543,1,PROD00014,SELL00095,2024-01-14 18:47:56,167.6,18.23
ORD002544,1,PROD00132,SELL00121,2023-11-23 18:12:08,677.99,26.67
ORD002545,1,PROD00303,SELL00043,2023-07-03 16:56:18,104.94,33.74
ORD002546,1,PROD00348,SELL00026,2023-10-17 21:44:00,198.78,12.7
ORD002547,1,PROD00183,SELL00038,2024-05-22 01:59:30,742.13,20.09
ORD002548,1,PROD00193,SELL00138,2023-02-04 04:43:21,103.18,24.23
ORD002549,1,PROD00058,SELL00033,2023-01-03 22:59:08,80.73,77.17
ORD002550,1,PROD00156,SELL00008,2023-10-08 07:34:01,358.27,67.28
ORD002550,2,PROD00331,SELL00113,2023-01-03 06:36:24,198.75,55.98
ORD002550,3,PROD00218,SELL00128,2024-01-20 07:34:30,589.85,77.48
ORD002551,1,PROD00225,SELL00035,2024-12-28 14:41:22,339.48,25.83
ORD002552,1,PROD00207,SELL00054,2024-05-22 01:22:25,539.29,46.05
ORD002552,2,PROD00139,SELL00123,2023-04-07 13:06:24,733.2,29.81
ORD002553,1,PROD00308,SELL00127,2024-10-17 08:17:33,790.13,25.17
ORD002553,2,PROD00288,SELL00076,2023-04-08 17:17:19,853.19,69.08
ORD002554,1,PROD00223,SELL00044,2024-06-03 13:19:13,190.22,33.6
ORD002555,1,PROD00003,SELL00121,2023-11-16 19:30:52,661.25,64.57
ORD002556,1,PROD00260,SELL00026,2023-05-26 08:56:59,358.79,52.51
ORD002557,1,PROD00395,SELL00064,2023-06-22 09:20:16,594.8,16.53
ORD002558,1,PROD00308,SELL00109,2024-01-04 08:38:04,297.81,59.32
ORD002559,1,PROD00149,SELL00003,2023-04-29 08:13:01,373.96,10.76
ORD002560,1,PROD00255,SELL00078,2024-06-27 22:00:08,18.78,32.42
ORD002560,2,PROD00144,SELL00043,2024-10-11 06:00:43,134.66,32.28
ORD002561,1,PROD00251,SELL00079,2024-01-19 15:14:56,60.58,41.89
ORD002562,1,PROD00092,SELL00110,2023-08-19 07:58:16,813.78,79.45
ORD002563,1,PROD00298,SELL00142,2024-06-05 13:29:39,855.77,35.14
ORD002564,1,PROD00048,SELL00117,2024-07-23 09:29:21,71.03,62.76
ORD002565,1,PROD00346,SELL00084,2023-11-01 19:17:31,557.08,63.34
ORD002565,2,PROD00145,SELL00117,2023-02-13 01:35:40,714.33,48.49
ORD002565,3,PROD00150,SELL00092,2024-05-15 07:35:28,788.69,58.74
ORD002566,1,PROD00071,SELL00119,2023-01-04 16:46:44,759.21,73.06
ORD002566,2,PROD00222,SELL00047,2023-05-09 14:47:02,567.02,60.08
ORD002567,1,PROD00220,SELL00073,2023-01-11 11:04:03,15.86,55.53
ORD002567,2,PROD00087,SELL00129,2024-01-15 00:57:17,237.9,71.34
ORD002568,1,PROD00015,SELL00064,2024-02-27 14:15:38,729.46,6.16
ORD002569,1,PROD00343,SELL00082,2024-09-18 23:04:37,301.07,49.64
ORD002570,1,PROD00011,SELL00130,2024-07-01 14:27:03,49.44,34.83
ORD002570,2,PROD00315,SELL00015,2024-12-29 04:50:41,782.75,42.26
ORD002570,3,PROD00097,SELL00131,2023-07-06 01:32:02,159.97,17.69
ORD002570,4,PROD00330,SELL00082,2024-02-13 08:42:16,238.07,6.36
ORD002571,1,PROD00176,SELL00111,2024-03-15 20:31:25,523.13,70.06
ORD002571,2,PROD00175,SELL00052,2023-09-10 13:54:03,430.36,68.44
ORD002572,1,PROD00025,SELL00031,2024-11-18 03:18:35,315.79,10.89
ORD002572,2,PROD00179,SELL00032,2023-05-31 01:47:56,762.94,78.65
ORD002573,1,PROD00127,SELL00002,2023-05-17 05:15:28,151.28,34.84
ORD002573,2,PROD00338,SELL00125,2024-11-26 04:23:29,206.42,46.53
ORD002573,3,PROD00250,SELL00002,2023-05-15 23:09:23,253.57,58.68
ORD002573,4,PROD00020,SELL00137,2023-05-20 05:18:09,269.49,29.74
ORD002574,1,PROD00229,SELL00079,2023-09-03 00:48:50,541.24,17.81
ORD002575,1,PROD00025,SELL00150,2023-02-27 00:32:56,626.84,63.05
ORD002576,1,PROD00340,SELL00090,2024-09-10 06:14:12,183.75,38.57
ORD002577,1,PROD00127,SELL00127,2023-08-30 12:07:15,609.79,24.86
ORD002578,1,PROD00364,SELL00135,2023-04-09 08:29:43,533.66,41.62
ORD002579,1,PROD00347,SELL00060,2024-01-25 04:14:39,686.66,50.31
ORD002580,1,PROD00085,SELL00030,2024-08-25 10:13:08,443.95,35.81
ORD002580,2,PROD00139,SELL00035,2023-10-09 14:51:04,806.43,57.22
ORD002581,1,PROD00068,SELL00004,2024-07-04 21:42:09,722.86,26.44
ORD002581,2,PROD00285,SELL00060,2024-01-07 07:50:50,783.36,39.38
ORD002582,1,PROD00021,SELL00111,2023-07-13 00:00:34,816.02,5.26
ORD002583,1,PROD00120,SELL00028,2023-09-09 08:38:47,50.17,9.03
ORD002583,2,PROD00183,SELL00034,2023-07-12 04:26:28,348.4,14.66
ORD002584,1,PROD00183,SELL00052,2023-06-17 15:20:33,310.91,40.24
ORD002584,2,PROD00252,SELL00075,2023-07-22 15:37:52,75.94,60.94
ORD002585,1,PROD00178,SELL00034,2024-09-04 19:51:01,143.84,29.09
ORD002586,1,PROD00033,SELL00064,2023-07-20 19:48:08,641.31,69.87
ORD002587,1,PROD00177,SELL00082,2024-05-29 05:41:13,176.34,27.55
ORD002587,2,PROD00270,SELL00014,2024-08-31 05:49:28,71.66,37.41
ORD002588,1,PROD00109,SELL00073,2023-08-17 07:09:54,892.58,75.96
ORD002589,1,PROD00310,SELL00146,2023-11-30 06:25:47,710.94,19.76
ORD002590,1,PROD00315,SELL00036,2023-01-29 14:00:34,207.46,50.1
ORD002590,2,PROD00006,SELL00109,2024-08-17 10:36:17,142.92,56.12
ORD002591,1,PROD00010,SELL00016,2024-12-04 03:29:29,739.11,8.18
ORD002591,2,PROD00307,SELL00037,2023-06-25 11:20:28,898.82,27.45
ORD002591,3,PROD00121,SELL00143,2024-08-27 05:38:15,314.48,17.03
ORD002592,1,PROD00309,SELL00026,2023-01-27 19:01:12,342.17,38.21
ORD002593,1,PROD00262,SELL00054,2024-12-24 08:15:13,585.85,21.54
ORD002593,2,PROD00060,SELL00071,2023-12-23 01:15:35,815.97,57.3
ORD002594,1,PROD00312,SELL00056,2024-09-20 06:53:15,819.36,57.06
ORD002595,1,PROD00076,SELL00055,2023-12-27 07:09:48,859.69,25.88
ORD002596,1,PROD00226,SELL00068,2023-08-28 07:32:41,504.24,65.93
ORD002596,2,PROD00347,SELL00019,2024-10-21 21:12:30,648.38,38.51
ORD002596,3,PROD00151,SELL00122,2024-09-16 00:47:15,338.21,51.81
ORD002597,1,PROD00087,SELL00061,2023-10-02 12:23:20,689.76,48.45
ORD002598,1,PROD00113,SELL00094,2024-06-04 06:44:30,334.85,30.92
ORD002599,1,PROD00014,SELL00139,2023-07-06 06:57:26,819.58,14.68
ORD002600,1,PROD00254,SELL00087,2023-03-13 20:17:59,441.62,46.97
ORD002601,1,PROD00351,SELL00114,2023-11-02 14:20:18,734.85,42.72
ORD002602,1,PROD00287,SELL00065,2023-12-25 06:07:24,267.34,58.93
ORD002602,2,PROD00276,SELL00067,2024-07-14 09:05:17,672.69,12.35
ORD002603,1,PROD00053,SELL00150,2024-01-07 01:30:18,859.41,33.56
ORD002603,2,PROD00393,SELL00108,2024-08-08 04:57:55,507.06,62.83
ORD002604,1,PROD00340,SELL00109,2024-11-07 00:01:28,138.37,68.33
ORD002604,2,PROD00048,SELL00052,2023-05-14 13:26:03,675.46,29.97
ORD002605,1,PROD00274,SELL00099,2024-10-02 03:45:40,577.1,58.01
ORD002605,2,PROD00316,SELL00129,2023-03-05 13:23:48,719.44,60.95
ORD002606,1,PROD00152,SELL00008,2023-03-15 05:12:01,378.27,54.0
ORD002607,1,PROD00149,SELL00053,2024-10-22 18:28:25,376.22,36.57
ORD002608,1,PROD00122,SELL00083,2023-09-29 01:47:48,587.92,47.72
ORD002609,1,PROD00316,SELL00070,2023-02-06 09:02:32,518.06,27.67
ORD002609,2,PROD00125,SELL00065,2023-06-24 10:31:27,192.34,66.61
ORD002610,1,PROD00136,SELL00053,2023-06-09 00:51:15,302.54,19.9
ORD002610,2,PROD00385,SELL00142,2023-08-19 05:06:20,395.71,25.3
ORD002611,1,PROD00171,SELL00055,2023-08-14 10:51:48,576.02,27.12
ORD002611,2,PROD00089,SELL00053,2023-08-01 17:25:12,783.6,57.16
ORD002611,3,PROD00246,SELL00081,2024-12-29 09:42:09,78.01,16.2
ORD002611,4,PROD00112,SELL00102,2024-09-15 02:21:54,183.21,13.98
ORD002612,1,PROD00361,SELL00074,2023-09-11 23:41:08,761.33,35.84
ORD002613,1,PROD00367,SELL00051,2024-01-09 08:45:58,562.9,71.99
ORD002613,2,PROD00048,SELL00101,2023-07-10 05:57:14,658.05,76.11
ORD002613,3,PROD00380,SELL00072,2024-02-16 10:02:08,892.39,17.26
ORD002614,1,PROD00275,SELL00069,2023-03-05 15:49:58,264.33,46.18
ORD002615,1,PROD00114,SELL00062,2023-10-16 05:56:47,569.07,33.6
ORD002616,1,PROD00290,SELL00008,2023-02-07 16:59:28,570.12,70.18
ORD002617,1,PROD00030,SELL00042,2023-03-23 01:26:55,667.29,39.52
ORD002617,2,PROD00275,SELL00073,2023-04-22 04:55:21,662.59,59.99
ORD002617,3,PROD00343,SELL00030,2023-10-24 19:04:03,275.48,67.95
ORD002617,4,PROD00040,SELL00027,2024-09-12 23:18:28,697.66,32.89
ORD002618,1,PROD00024,SELL00089,2024-06-05 17:33:44,129.03,13.44
ORD002619,1,PROD00318,SELL00147,2023-10-14 09:19:37,533.97,6.48
ORD002620,1,PROD00270,SELL00134,2023-03-05 15:59:42,746.56,54.34
ORD002621,1,PROD00171,SELL00104,2023-10-28 20:45:13,185.22,10.35
ORD002622,1,PROD00287,SELL00099,2023-08-01 00:35:33,42.23,47.63
ORD002623,1,PROD00272,SELL00111,2023-09-29 03:06:59,381.61,9.24
ORD002623,2,PROD00023,SELL00034,2023-02-11 09:59:38,130.13,9.42
ORD002624,1,PROD00310,SELL00125,2023-12-23 13:29:18,198.15,7.19
ORD002624,2,PROD00293,SELL00025,2024-01-09 19:00:44,710.47,21.28
ORD002625,1,PROD00313,SELL00119,2024-03-01 00:33:41,501.43,7.92
ORD002626,1,PROD00214,SELL00102,2024-10-25 04:12:53,408.71,65.74
ORD002626,2,PROD00090,SELL00101,2023-08-22 12:34:53,251.54,24.87
ORD002627,1,PROD00249,SELL00092,2023-12-26 04:23:06,308.94,6.58
ORD002627,2,PROD00237,SELL00011,2024-04-13 17:15:45,250.26,14.87
ORD002627,3,PROD00080,SELL00043,2023-12-17 08:23:10,60.8,16.71
ORD002628,1,PROD00396,SELL00006,2023-05-06 04:16:38,116.65,77.35
ORD002629,1,PROD00141,SELL00017,2024-04-27 03:30:11,642.78,18.06
ORD002630,1,PROD00145,SELL00119,2023-09-27 04:04:22,679.99,51.23
ORD002631,1,PROD00397,SELL00070,2023-11-30 00:22:45,107.96,69.28
ORD002632,1,PROD00177,SELL00019,2023-07-11 11:33:48,859.09,70.49
ORD002632,2,PROD00095,SELL00089,2024-12-16 01:18:42,322.77,14.11
ORD002633,1,PROD00384,SELL00057,2023-05-30 00:15:03,456.85,10.58
ORD002634,1,PROD00379,SELL00045,2024-10-25 11:08:51,299.89,7.39
ORD002635,1,PROD00396,SELL00078,2023-01-21 19:58:51,656.28,18.26
ORD002636,1,PROD00276,SELL00127,2024-09-16 15:36:06,651.5,7.59
ORD002637,1,PROD00172,SELL00008,2023-08-24 08:32:54,128.57,62.43
ORD002637,2,PROD00359,SELL00039,2023-01-16 21:12:05,375.65,12.44
ORD002638,1,PROD00158,SELL00008,2023-03-18 21:30:34,557.59,22.82
ORD002638,2,PROD00335,SELL00137,2024-12-23 09:47:23,885.04,75.79
ORD002639,1,PROD00319,SELL00009,2024-11-30 18:23:20,37.78,49.63
ORD002639,2,PROD00088,SELL00109,2024-10-01 16:26:41,116.12,67.6
ORD002640,1,PROD00364,SELL00051,2023-05-19 23:24:24,112.88,64.35
ORD002640,2,PROD00015,SELL00125,2023-11-10 02:47:56,178.49,44.06
ORD002640,3,PROD00275,SELL00012,2023-09-21 22:40:08,311.86,49.34
ORD002641,1,PROD00395,SELL00013,2023-11-02 12:02:35,330.01,52.69
ORD002642,1,PROD00102,SELL00102,2024-10-22 06:19:28,146.55,36.98
ORD002642,2,PROD00269,SELL00146,2024-12-27 15:46:58,439.1,44.94
ORD002643,1,PROD00088,SELL00043,2023-10-13 19:58:39,771.0,67.99
ORD002643,2,PROD00031,SELL00031,2023-12-09 02:33:04,70.36,11.23
ORD002644,1,PROD00089,SELL00109,2023-05-19 17:03:04,166.39,53.04
ORD002644,2,PROD00193,SELL00097,2023-01-20 15:30:45,146.35,25.33
ORD002644,3,PROD00398,SELL00082,2024-06-13 08:30:15,451.05,42.33
ORD002644,4,PROD00171,SELL00125,2024-06-03 02:25:35,601.95,39.16
ORD002645,1,PROD00025,SELL00086,2023-05-18 09:09:17,17.69,56.84
ORD002646,1,PROD00328,SELL00035,2024-10-10 13:03:10,460.44,64.43
ORD002646,2,PROD00010,SELL00043,2023-08-13 06:57:14,88.67,57.1
ORD002646,3,PROD00149,SELL00037,2023-12-30 16:32:39,672.02,12.28
ORD002646,4,PROD00071,SELL00126,2023-07-04 09:03:50,525.05,9.11
ORD002647,1,PROD00233,SELL00116,2024-02-01 23:24:30,356.03,67.15
ORD002647,2,PROD00290,SELL00121,2023-06-04 21:28:04,160.12,11.18
ORD002648,1,PROD00273,SELL00081,2023-05-24 13:53:05,302.97,13.79
ORD002648,2,PROD00395,SELL00130,2023-03-01 20:28:15,585.3,70.54
ORD002649,1,PROD00119,SELL00050,2023-04-24 03:11:00,385.35,48.98
ORD002649,2,PROD00050,SELL00014,2023-10-05 00:03:35,768.01,6.49
ORD002649,3,PROD00243,SELL00087,2024-08-04 06:34:22,610.97,51.86
ORD002650,1,PROD00164,SELL00097,2024-02-05 17:36:01,609.37,79.96
ORD002650,2,PROD00174,SELL00057,2024-06-25 15:11:52,206.47,35.9
ORD002651,1,PROD00126,SELL00099,2024-08-20 21:40:56,726.8,21.39
ORD002652,1,PROD00090,SELL00113,2024-12-20 14:43:25,321.6,34.33
ORD002652,2,PROD00104,SELL00030,2023-01-09 12:23:32,583.85,41.99
ORD002653,1,PROD00050,SELL00020,2023-02-07 12:22:12,480.62,6.99
ORD002654,1,PROD00042,SELL00048,2024-07-15 07:56:28,58.07,50.63
ORD002654,2,PROD00395,SELL00083,2023-07-11 13:07:58,53.1,51.93
ORD002655,1,PROD00351,SELL00013,2023-02-06 12:47:49,643.09,62.12
ORD002656,1,PROD00392,SELL00003,2023-10-30 11:20:45,867.58,71.84
ORD002656,2,PROD00024,SELL00075,2023-10-22 02:27:31,722.99,48.88
ORD002656,3,PROD00179,SELL00028,2024-03-03 02:23:48,762.14,24.59
ORD002656,4,PROD00249,SELL00081,2024-12-16 06:33:20,362.31,32.89
ORD002657,1,PROD00274,SELL00048,2023-02-13 16:01:40,680.16,48.83
ORD002658,1,PROD00256,SELL00096,2024-05-31 03:59:20,529.42,62.17
ORD002659,1,PROD00295,SELL00124,2024-07-03 07:39:49,811.6,50.85
ORD002659,2,PROD00029,SELL00053,2024-09-16 00:31:20,380.56,44.14
ORD002660,1,PROD00379,SELL00060,2024-03-29 10:09:39,756.26,12.03
ORD002661,1,PROD00292,SELL00110,2023-05-02 17:24:43,860.76,12.02
ORD002662,1,PROD00368,SELL00120,2024-12-10 01:28:47,309.56,6.75
ORD002663,1,PROD00388,SELL00036,2023-07-23 03:49:50,745.77,30.42
ORD002664,1,PROD00104,SELL00040,2024-11-11 04:48:57,409.51,53.35
ORD002665,1,PROD00195,SELL00062,2024-07-05 09:01:18,564.4,8.93
ORD002665,2,PROD00178,SELL00147,2023-07-22 21:14:06,743.57,34.52
ORD002665,3,PROD00134,SELL00148,2023-10-26 20:12:53,67.12,36.84
ORD002666,1,PROD00370,SELL00043,2024-04-28 13:22:12,767.54,71.19
ORD002667,1,PROD00022,SELL00141,2023-03-18 11:29:10,698.24,29.37
ORD002667,2,PROD00013,SELL00058,2024-05-20 10:21:24,234.77,54.6
ORD002667,3,PROD00246,SELL00099,2024-05-23 00:02:16,193.72,75.06
ORD002668,1,PROD00167,SELL00063,2023-02-15 00:56:17,166.14,39.36
ORD002669,1,PROD00155,SELL00077,2023-04-29 00:06:40,492.7,69.22
ORD002670,1,PROD00212,SELL00065,2024-05-29 05:32:32,141.83,69.91
ORD002671,1,PROD00195,SELL00129,2024-02-19 00:21:02,242.52,12.26
ORD002671,2,PROD00122,SELL00011,2024-08-13 16:53:42,543.59,51.09
ORD002672,1,PROD00125,SELL00035,2023-12-29 04:08:32,638.3,45.11
ORD002673,1,PROD00268,SELL00149,2024-05-25 14:25:36,367.75,47.19
ORD002673,2,PROD00331,SELL00142,2024-09-05 01:44:48,245.75,24.94
ORD002673,3,PROD00393,SELL00097,2023-10-23 14:30:55,263.42,63.81
ORD002674,1,PROD00187,SELL00039,2023-05-09 06:08:58,399.24,53.51
ORD002674,2,PROD00086,SELL00146,2024-03-30 04:48:52,886.89,56.74
ORD002675,1,PROD00123,SELL00145,2024-10-25 01:22:08,31.51,25.14
ORD002676,1,PROD00074,SELL00098,2023-07-04 19:02:59,352.68,60.92
ORD002677,1,PROD00311,SELL00088,2023-12-06 21:17:21,768.51,35.92
ORD002677,2,PROD00319,SELL00055,2024-06-27 21:23:57,140.77,11.83
ORD002678,1,PROD00173,SELL00011,2023-09-14 22:44:48,493.72,65.62
ORD002679,1,PROD00165,SELL00090,2024-08-22 16:22:34,207.24,19.4
ORD002680,1,PROD00276,SELL00031,2023-03-06 19:22:41,326.77,70.76
ORD002680,2,PROD00249,SELL00106,2023-10-29 20:15:36,52.75,22.5
ORD002680,3,PROD00397,SELL00087,2024-10-16 11:03:30,405.19,11.32
ORD002680,4,PROD00320,SELL00050,2023-08-18 16:03:44,283.74,21.79
ORD002681,1,PROD00371,SELL00070,2023-02-07 22:35:27,349.3,53.31
ORD002681,2,PROD00176,SELL00027,2023-12-04 15:57:36,872.71,9.65
ORD002681,3,PROD00194,SELL00138,2024-04-24 21:56:56,315.41,63.34
ORD002682,1,PROD00374,SELL00127,2024-06-25 07:55:49,362.23,21.21
ORD002683,1,PROD00007,SELL00122,2023-01-14 05:46:08,174.05,47.93
ORD002683,2,PROD00059,SELL00089,2024-10-19 17:44:18,267.68,49.52
ORD002684,1,PROD00066,SELL00109,2023-07-27 10:45:19,719.61,16.78
ORD002685,1,PROD00388,SELL00032,2023-03-13 05:48:45,856.2,10.88
ORD002686,1,PROD00317,SELL00088,2023-01-05 19:02:36,735.62,41.9
ORD002687,1,PROD00300,SELL00001,2024-01-23 15:33:13,376.87,11.65
ORD002687,2,PROD00085,SELL00028,2024-09-28 16:13:49,788.23,42.93
ORD002687,3,PROD00068,SELL00057,2023-11-14 04:42:45,459.3,17.0
ORD002688,1,PROD00172,SELL00074,2023-05-14 20:59:40,765.07,32.04
ORD002688,2,PROD00335,SELL00022,2023-09-14 23:15:04,208.4,66.35
ORD002689,1,PROD00022,SELL00108,2023-10-29 22:47:31,570.74,27.54
ORD002689,2,PROD00286,SELL00141,2024-08-11 20:02:39,313.02,56.71
ORD002689,3,PROD00348,SELL00061,2023-07-23 09:14:20,368.47,44.53
ORD002690,1,PROD00231,SELL00139,2023-01-24 19:02:53,854.4,34.25
ORD002691,1,PROD00284,SELL00055,2024-02-05 01:35:08,242.88,50.54
ORD002692,1,PROD00150,SELL00071,2023-08-19 06:40:26,644.36,64.52
ORD002693,1,PROD00034,SELL00047,2023-03-20 12:32:41,643.06,21.72
ORD002693,2,PROD00068,SELL00116,2024-05-05 00:36:22,601.57,20.11
ORD002694,1,PROD00249,SELL00146,2024-09-24 01:32:43,546.82,79.29
ORD002695,1,PROD00211,SELL00010,2024-06-12 15:28:03,639.34,57.2
ORD002695,2,PROD00292,SELL00121,2023-03-05 18:46:22,850.27,10.68
ORD002696,1,PROD00257,SELL00055,2023-09-02 10:05:26,578.99,21.94
ORD002696,2,PROD00075,SELL00040,2024-09-12 19:13:01,731.29,10.28
ORD002697,1,PROD00050,SELL00067,2023-12-22 09:57:11,892.73,60.79
ORD002698,1,PROD00164,SELL00051,2024-05-23 20:23:29,464.54,19.95
ORD002698,2,PROD00397,SELL00122,2024-05-18 11:11:53,475.98,27.82
ORD002699,1,PROD00295,SELL00124,2023-11-12 08:05:46,324.8,39.34
ORD002700,1,PROD00230,SELL00046,2024-09-01 12:56:42,132.6,66.56
ORD002701,1,PROD00310,SELL00061,2023-02-26 16:08:22,67.72,58.32
ORD002701,2,PROD00178,SELL00099,2023-12-07 12:09:44,464.9,38.54
ORD002702,1,PROD00097,SELL00050,2023-11-23 17:37:40,702.91,19.26
ORD002703,1,PROD00196,SELL00002,2024-01-28 02:10:18,767.51,52.42
ORD002703,2,PROD00133,SELL00147,2024-04-08 07:36:31,592.29,34.43
ORD002704,1,PROD00046,SELL00008,2023-09-17 17:10:34,359.31,25.18
ORD002705,1,PROD00263,SELL00051,2023-04-06 15:49:17,895.66,62.34
ORD002706,1,PROD00186,SELL00079,2024-03-01 02:20:39,147.6,28.7
ORD002706,2,PROD00397,SELL00142,2024-12-08 05:41:21,582.52,43.12
ORD002707,1,PROD00348,SELL00143,2023-11-05 19:52:02,249.02,23.16
ORD002707,2,PROD00285,SELL00130,2023-06-15 16:22:10,317.69,38.27
ORD002707,3,PROD00233,SELL00082,2024-04-30 07:23:23,617.85,60.84
ORD002707,4,PROD00072,SELL00042,2023-09-24 14:14:11,68.25,34.01
ORD002708,1,PROD00256,SELL00117,2023-03-30 21:40:48,450.95,24.12
ORD002709,1,PROD00086,SELL00089,2023-03-04 21:24:52,37.7,59.43
ORD002710,1,PROD00340,SELL00056,2023-07-27 12:01:00,379.9,43.31
ORD002711,1,PROD00013,SELL00095,2023-05-10 16:14:32,594.48,37.0
ORD002711,2,PROD00348,SELL00097,2024-07-24 17:15:10,475.45,51.94
ORD002711,3,PROD00040,SELL00006,2023-09-24 00:00:19,437.66,33.68
ORD002712,1,PROD00314,SELL00006,2023-05-05 10:18:29,278.43,79.81
ORD002713,1,PROD00389,SELL00083,2024-11-05 00:14:13,799.06,38.88
ORD002714,1,PROD00196,SELL00131,2024-03-04 12:57:51,485.56,63.64
ORD002714,2,PROD00350,SELL00104,2024-03-17 12:26:44,720.91,53.37
ORD002715,1,PROD00218,SELL00031,2024-05-05 13:10:40,212.14,55.07
ORD002716,1,PROD00130,SELL00106,2023-12-16 09:24:36,417.03,62.12
ORD002717,1,PROD00295,SELL00027,2024-06-06 20:50:27,704.49,48.81
ORD002718,1,PROD00155,SELL00044,2023-12-04 08:37:26,412.31,51.51
ORD002719,1,PROD00004,SELL00062,2023-07-05 01:47:14,279.08,75.43
ORD002720,1,PROD00242,SELL00148,2023-09-21 09:27:54,246.87,7.52
ORD002720,2,PROD00069,SELL00113,2024-05-31 07:18:50,452.97,34.83
ORD002720,3,PROD00365,SELL00080,2024-12-25 00:24:24,555.15,78.38
ORD002721,1,PROD00144,SELL00072,2024-01-30 22:05:18,512.54,54.13
ORD002722,1,PROD00368,SELL00040,2023-09-03 18:37:15,409.95,25.44
ORD002723,1,PROD00296,SELL00127,2024-06-15 16:24:39,815.66,16.01
ORD002724,1,PROD00333,SELL00066,2024-06-14 08:29:44,790.27,62.7
ORD002725,1,PROD00011,SELL00133,2023-08-19 00:53:51,875.58,63.37
ORD002726,1,PROD00178,SELL00073,2024-04-22 08:44:25,530.96,56.69
ORD002727,1,PROD00248,SELL00116,2023-06-30 10:12:19,290.0,70.46
ORD002728,1,PROD00278,SELL00127,2023-09-23 19:30:04,559.53,79.66
ORD002729,1,PROD00244,SELL00119,2024-06-21 14:01:33,281.87,36.82
ORD002729,2,PROD00062,SELL00131,2024-09-26 20:18:54,636.81,71.74
ORD002730,1,PROD00116,SELL00081,2024-02-15 07:15:30,56.38,58.41
ORD002730,2,PROD00051,SELL00011,2024-11-03 06:20:19,801.21,68.05
ORD002731,1,PROD00070,SELL00133,2023-04-17 04:03:25,287.0,65.39
ORD002732,1,PROD00150,SELL00022,2024-07-03 03:05:51,501.64,19.51
ORD002733,1,PROD00247,SELL00125,2024-02-18 05:42:39,374.87,67.92
ORD002734,1,PROD00013,SELL00043,2024-04-30 03:07:26,447.58,33.36
ORD002735,1,PROD00291,SELL00005,2023-03-06 10:37:22,481.87,42.14
ORD002736,1,PROD00007,SELL00075,2023-03-19 20:43:21,581.23,21.16
ORD002737,1,PROD00080,SELL00089,2023-05-04 15:26:40,118.87,36.89
ORD002737,2,PROD00301,SELL00063,2024-11-07 14:27:30,165.11,61.0
ORD002738,1,PROD00340,SELL00136,2024-10-20 15:42:48,497.8,59.22
ORD002738,2,PROD00062,SELL00005,2023-06-26 02:46:01,439.37,74.19
ORD002739,1,PROD00398,SELL00099,2024-10-06 22:56:14,174.44,39.83
ORD002740,1,PROD00349,SELL00030,2024-07-19 15:25:23,243.01,35.36
ORD002741,1,PROD00042,SELL00011,2024-02-06 16:08:00,888.41,39.19
ORD002742,1,PROD00192,SELL00081,2024-01-03 16:45:26,251.89,54.92
ORD002743,1,PROD00198,SELL00092,2024-12-09 06:16:54,310.57,45.26
ORD002743,2,PROD00273,SELL00096,2023-06-04 21:45:35,185.17,28.66
ORD002744,1,PROD00278,SELL00099,2024-09-27 06:53:06,883.26,6.94
ORD002745,1,PROD00219,SELL00042,2023-09-02 09:08:36,77.11,63.3
ORD002746,1,PROD00287,SELL00090,2023-04-09 02:23:03,128.79,26.45
ORD002747,1,PROD00179,SELL00025,2023-07-05 02:24:38,293.5,79.39
ORD002748,1,PROD00259,SELL00046,2024-03-31 03:21:08,746.59,29.99
ORD002749,1,PROD00236,SELL00146,2023-01-27 15:49:48,871.63,38.82
ORD002749,2,PROD00252,SELL00083,2024-11-14 22:03:13,418.75,53.99
ORD002750,1,PROD00363,SELL00072,2024-02-05 10:50:24,785.39,20.71
ORD002751,1,PROD00347,SELL00100,2023-10-31 05:52:28,504.88,19.49
ORD002752,1,PROD00055,SELL00128,2024-01-05 08:54:49,889.13,69.14
ORD002753,1,PROD00299,SELL00013,2023-06-29 03:13:25,827.66,61.05
ORD002754,1,PROD00269,SELL00027,2024-12-15 14:41:27,157.04,76.1
ORD002755,1,PROD00268,SELL00033,2023-10-27 21:05:33,695.8,49.68
ORD002756,1,PROD00225,SELL00097,2024-04-04 17:09:24,550.69,68.68
ORD002757,1,PROD00148,SELL00130,2023-01-02 13:07:15,99.33,65.35
ORD002758,1,PROD00184,SELL00045,2024-07-19 07:08:33,597.28,14.45
ORD002759,1,PROD00044,SELL00106,2023-08-10 12:00:21,74.27,24.93
ORD002760,1,PROD00269,SELL00085,2023-07-17 14:25:11,358.69,73.58
ORD002761,1,PROD00048,SELL00150,2023-08-24 15:54:31,560.23,43.67
ORD002761,2,PROD00136,SELL00050,2024-10-09 10:56:00,457.99,22.65
ORD002761,3,PROD00133,SELL00082,2023-11-13 21:06:02,884.93,28.39
ORD002762,1,PROD00353,SELL00053,2023-07-18 04:48:59,118.61,54.63
ORD002763,1,PROD00392,SELL00004,2024-08-01 05:04:59,775.6,62.1
ORD002763,2,PROD00133,SELL00094,2024-12-27 00:50:17,575.88,33.28
ORD002764,1,PROD00259,SELL00092,2023-05-31 22:25:39,782.78,48.54
ORD002765,1,PROD00156,SELL00119,2024-09-20 06:22:07,139.02,10.73
ORD002765,2,PROD00118,SELL00142,2023-08-06 23:23:07,250.73,24.7
ORD002766,1,PROD00244,SELL00113,2024-09-08 17:35:49,573.17,8.76
ORD002766,2,PROD00132,SELL00117,2024-08-12 21:04:54,494.22,17.71
ORD002767,1,PROD00055,SELL00048,2023-05-02 03:26:13,459.84,15.08
ORD002767,2,PROD00185,SELL00096,2024-06-07 05:29:55,137.49,6.39
ORD002768,1,PROD00232,SELL00147,2024-09-02 01:29:25,559.44,19.4
ORD002768,2,PROD00197,SELL00049,2024-11-13 13:22:55,107.8,71.66
ORD002769,1,PROD00343,SELL00028,2024-03-12 02:51:45,847.11,41.76
ORD002769,2,PROD00178,SELL00045,2023-03-04 22:52:02,399.6,79.07
ORD002770,1,PROD00326,SELL00006,2023-02-09 11:17:59,468.88,76.25
ORD002770,2,PROD00381,SELL00028,2023-01-07 11:53:45,658.74,69.12
ORD002770,3,PROD00038,SELL00085,2024-03-06 18:57:43,618.71,57.27
ORD002770,4,PROD00322,SELL00044,2023-07-25 04:18:52,30.0,65.29
ORD002771,1,PROD00261,SELL00135,2023-09-04 15:09:23,813.92,20.84
ORD002771,2,PROD00255,SELL00148,2023-09-26 07:08:14,15.86,31.83
ORD002772,1,PROD00064,SELL00051,2023-12-19 09:41:13,665.8,13.08
ORD002773,1,PROD00357,SELL00002,2024-10-24 22:41:39,563.21,60.44
ORD002774,1,PROD00303,SELL00033,2024-09-01 03:55:24,87.57,56.25
ORD002775,1,PROD00169,SELL00053,2024-09-28 23:57:18,760.57,79.46
ORD002776,1,PROD00109,SELL00137,2023-10-27 02:23:39,779.89,22.62
ORD002777,1,PROD00256,SELL00038,2024-08-05 04:41:26,383.42,76.57
ORD002778,1,PROD00235,SELL00148,2024-08-10 11:01:06,759.22,32.65
ORD002779,1,PROD00257,SELL00117,2024-08-06 00:59:37,195.53,34.84
ORD002780,1,PROD00220,SELL00039,2024-06-16 00:29:41,888.54,36.54
ORD002780,2,PROD00389,SELL00083,2024-11-08 07:53:21,110.06,11.16
ORD002780,3,PROD00217,SELL00110,2024-10-01 14:01:02,891.18,36.23
ORD002781,1,PROD00339,SELL00083,2023-07-20 23:51:21,553.49,32.29
ORD002782,1,PROD00341,SELL00123,2023-03-02 00:06:30,552.87,20.57
ORD002783,1,PROD00190,SELL00089,2024-01-16 07:09:08,381.44,75.94
ORD002783,2,PROD00302,SELL00030,2023-01-30 13:03:50,311.27,65.31
ORD002783,3,PROD00237,SELL00014,2023-12-19 15:43:49,210.09,64.58
ORD002784,1,PROD00237,SELL00096,2024-07-28 19:54:28,835.45,55.79
ORD002784,2,PROD00153,SELL00069,2024-12-05 19:38:33,671.75,47.12
ORD002785,1,PROD00088,SELL00104,2024-05-22 01:34:23,722.52,79.58
ORD002786,1,PROD00313,SELL00115,2023-12-05 11:44:57,259.5,71.26
ORD002787,1,PROD00220,SELL00094,2024-08-06 07:39:26,891.82,56.24
ORD002788,1,PROD00035,SELL00028,2024-10-15 16:24:03,265.29,68.25
ORD002789,1,PROD00273,SELL00087,2023-04-13 02:55:58,609.91,63.63
ORD002789,2,PROD00255,SELL00058,2024-01-14 07:14:46,821.82,47.43
ORD002790,1,PROD00157,SELL00066,2024-10-21 21:05:11,569.69,22.58
ORD002791,1,PROD00313,SELL00109,2024-05-24 16:02:31,365.86,62.69
ORD002792,1,PROD00214,SELL00046,2024-01-04 05:38:58,567.66,55.86
ORD002792,2,PROD00397,SELL00096,2023-12-07 18:21:38,79.17,43.05
ORD002793,1,PROD00026,SELL00077,2023-02-13 09:30:30,350.18,70.65
ORD002793,2,PROD00146,SELL00141,2023-09-24 05:15:27,630.11,19.19
ORD002793,3,PROD00278,SELL00104,2024-06-11 19:20:10,537.07,7.45
ORD002794,1,PROD00113,SELL00063,2024-07-06 23:05:55,141.49,63.02
ORD002795,1,PROD00398,SELL00007,2024-07-11 01:38:29,469.82,19.99
ORD002796,1,PROD00231,SELL00121,2023-07-31 03:00:19,35.98,38.91
ORD002797,1,PROD00076,SELL00133,2024-07-22 14:54:35,340.88,46.38
ORD002798,1,PROD00084,SELL00079,2023-07-30 02:14:27,623.68,43.95
ORD002799,1,PROD00090,SELL00037,2023-03-21 06:52:35,475.64,76.05
ORD002800,1,PROD00156,SELL00026,2024-12-08 23:48:18,34.84,49.44
ORD002801,1,PROD00327,SELL00074,2023-03-15 20:09:15,257.31,28.96
ORD002802,1,PROD00346,SELL00124,2023-03-18 17:59:44,643.72,58.21
ORD002803,1,PROD00155,SELL00136,2024-06-11 13:01:39,17.08,77.63
ORD002803,2,PROD00085,SELL00021,2023-05-19 07:00:05,284.41,54.29
ORD002803,3,PROD00207,SELL00079,2023-04-17 00:18:20,603.92,42.98
ORD002804,1,PROD00302,SELL00061,2023-06-19 11:35:23,530.66,55.88
ORD002804,2,PROD00005,SELL00070,2024-08-08 14:01:27,304.24,23.68
ORD002804,3,PROD00097,SELL00140,2024-03-17 02:51:05,144.31,68.14
ORD002805,1,PROD00081,SELL00057,2024-12-09 20:32:02,104.5,16.65
ORD002806,1,PROD00155,SELL00150,2023-03-01 22:17:16,69.2,73.36
ORD002807,1,PROD00070,SELL00037,2024-08-25 09:18:41,129.34,30.0
ORD002808,1,PROD00365,SELL00061,2023-04-09 11:12:37,728.58,13.22
ORD002809,1,PROD00399,SELL00139,2024-12-21 01:22:32,222.25,23.79
ORD002810,1,PROD00064,SELL00013,2023-05-19 14:58:33,678.27,74.61
ORD002811,1,PROD00211,SELL00016,2024-02-27 20:31:09,131.57,34.1
ORD002811,2,PROD00042,SELL00040,2024-12-20 23:11:47,279.24,11.6
ORD002812,1,PROD00378,SELL00089,2023-08-01 07:58:57,83.16,17.35
ORD002813,1,PROD00101,SELL00118,2024-08-16 13:53:29,35.29,36.48
ORD002813,2,PROD00160,SELL00144,2024-02-04 23:41:07,313.47,32.65
ORD002813,3,PROD00223,SELL00111,2023-08-15 19:57:53,426.26,23.43
ORD002813,4,PROD00070,SELL00077,2023-07-16 14:08:06,658.38,64.91
ORD002814,1,PROD00056,SELL00046,2023-10-16 14:18:41,103.01,23.06
ORD002815,1,PROD00086,SELL00001,2024-05-13 09:36:21,170.07,42.9
ORD002815,2,PROD00355,SELL00082,2023-11-18 07:16:16,601.28,53.24
ORD002815,3,PROD00279,SELL00131,2024-08-08 23:19:36,468.51,79.69
ORD002816,1,PROD00122,SELL00001,2024-09-21 09:50:32,661.16,32.54
ORD002817,1,PROD00028,SELL00047,2023-08-25 14:27:48,582.35,37.7
ORD002818,1,PROD00337,SELL00116,2023-03-29 00:57:24,858.07,41.89
ORD002819,1,PROD00151,SELL00019,2023-05-06 01:50:07,449.06,40.01
ORD002819,2,PROD00399,SELL00081,2023-03-23 12:44:12,751.92,32.95
ORD002820,1,PROD00199,SELL00011,2023-03-28 13:35:06,816.08,47.94
ORD002820,2,PROD00131,SELL00039,2023-11-16 21:35:19,315.52,11.83
ORD002821,1,PROD00368,SELL00054,2024-09-29 15:26:37,877.58,32.6
ORD002822,1,PROD00301,SELL00147,2023-04-09 17:37:07,569.82,15.54
ORD002823,1,PROD00214,SELL00034,2024-06-21 17:27:34,503.25,15.62
ORD002824,1,PROD00205,SELL00074,2023-03-03 05:54:07,607.95,47.49
ORD002824,2,PROD00348,SELL00118,2023-03-19 23:25:51,34.91,16.62
ORD002824,3,PROD00137,SELL00034,2024-01-29 11:26:43,837.32,79.17
ORD002825,1,PROD00335,SELL00125,2023-09-27 05:18:05,593.59,23.3
ORD002825,2,PROD00113,SELL00088,2024-05-17 18:46:33,43.98,51.88
ORD002826,1,PROD00332,SELL00140,2023-10-25 13:12:45,888.97,23.32
ORD002826,2,PROD00205,SELL00042,2023-05-21 13:34:33,863.54,69.75
ORD002827,1,PROD00220,SELL00100,2023-10-15 02:22:44,208.53,71.28
ORD002828,1,PROD00221,SELL00097,2023-03-09 10:15:21,28.46,13.48
ORD002829,1,PROD00031,SELL00055,2023-10-16 09:02:29,752.06,18.87
ORD002830,1,PROD00032,SELL00116,2024-11-24 01:00:42,438.14,55.84
ORD002831,1,PROD00397,SELL00130,2024-09-23 05:01:40,343.61,54.78
ORD002831,2,PROD00295,SELL00003,2024-04-30 00:51:25,669.0,71.87
ORD002831,3,PROD00157,SELL00022,2023-02-24 11:07:58,849.05,14.52
ORD002831,4,PROD00192,SELL00068,2024-10-28 17:13:21,513.58,34.96
ORD002832,1,PROD00165,SELL00147,2024-04-05 06:41:35,666.39,43.86
ORD002832,2,PROD00213,SELL00066,2024-03-22 23:35:30,326.11,55.39
ORD002833,1,PROD00219,SELL00047,2023-01-16 16:18:18,83.9,20.88
ORD002833,2,PROD00141,SELL00006,2024-09-24 22:40:00,626.53,63.97
ORD002834,1,PROD00069,SELL00145,2024-02-17 06:55:03,163.58,38.54
ORD002835,1,PROD00050,SELL00063,2023-02-11 16:07:30,378.63,6.97
ORD002836,1,PROD00018,SELL00141,2024-05-26 11:26:19,108.77,69.77
ORD002837,1,PROD00355,SELL00054,2023-07-08 04:39:55,854.7,31.71
ORD002838,1,PROD00275,SELL00048,2024-05-10 00:17:56,73.45,71.33
ORD002839,1,PROD00185,SELL00098,2024-01-14 20:45:00,141.01,76.72
ORD002839,2,PROD00391,SELL00119,2023-05-22 07:39:15,656.6,22.66
ORD002840,1,PROD00362,SELL00091,2023-08-06 04:04:01,90.86,27.84
ORD002840,2,PROD00380,SELL00123,2023-03-18 15:42:21,374.56,78.27
ORD002841,1,PROD00200,SELL00145,2024-11-11 17:10:22,668.7,51.61
ORD002841,2,PROD00390,SELL00116,2024-02-28 21:11:52,287.05,28.05
ORD002841,3,PROD00022,SELL00079,2023-04-25 21:58:38,445.61,41.58
ORD002841,4,PROD00162,SELL00097,2024-08-16 12:01:59,896.47,65.53
ORD002842,1,PROD00372,SELL00013,2024-05-20 19:50:54,715.75,13.83
ORD002842,2,PROD00097,SELL00026,2024-08-19 02:11:08,813.82,14.63
ORD002842,3,PROD00254,SELL00090,2023-11-26 23:33:47,823.45,42.1
ORD002843,1,PROD00361,SELL00139,2023-07-06 14:38:55,831.28,35.05
ORD002844,1,PROD00211,SELL00025,2023-11-06 12:20:22,201.06,70.26
ORD002845,1,PROD00230,SELL00030,2024-12-29 13:42:05,490.89,78.51
ORD002845,2,PROD00270,SELL00089,2024-04-01 02:31:08,670.58,68.8
ORD002846,1,PROD00299,SELL00068,2023-12-21 00:56:22,423.59,46.36
ORD002846,2,PROD00390,SELL00041,2024-10-23 16:43:50,474.46,6.73
ORD002847,1,PROD00339,SELL00108,2024-05-24 19:14:46,74.74,78.12
ORD002847,2,PROD00308,SELL00025,2023-02-20 02:12:02,243.48,28.01
ORD002848,1,PROD00098,SELL00100,2024-06-05 21:55:55,446.3,24.53
ORD002849,1,PROD00376,SELL00123,2024-03-28 22:06:57,259.42,75.29
ORD002850,1,PROD00320,SELL00137,2023-02-23 10:26:04,374.32,37.08
ORD002850,2,PROD00335,SELL00065,2024-04-14 04:14:59,288.96,61.68
ORD002851,1,PROD00102,SELL00104,2024-06-22 06:08:44,478.76,35.53
ORD002852,1,PROD00259,SELL00007,2023-10-30 16:12:59,649.41,53.35
ORD002852,2,PROD00045,SELL00130,2024-03-24 18:51:19,425.33,49.11
ORD002853,1,PROD00059,SELL00092,2023-08-29 08:49:25,346.78,14.41
ORD002853,2,PROD00386,SELL00055,2024-10-17 18:48:16,583.36,53.01
ORD002854,1,PROD00081,SELL00148,2024-03-01 18:02:27,814.7,12.84
ORD002854,2,PROD00374,SELL00034,2023-08-07 12:12:05,304.48,26.37
ORD002855,1,PROD00377,SELL00123,2023-12-18 15:57:13,694.22,52.47
ORD002856,1,PROD00035,SELL00069,2024-04-16 21:53:11,578.55,7.24
ORD002857,1,PROD00009,SELL00118,2024-10-19 02:00:44,69.01,72.01
ORD002857,2,PROD00276,SELL00039,2024-01-18 12:17:02,751.7,52.32
ORD002858,1,PROD00318,SELL00102,2024-05-11 07:07:49,38.72,6.48
ORD002858,2,PROD00315,SELL00137,2023-04-17 05:30:38,106.93,74.61
ORD002858,3,PROD00215,SELL00015,2024-08-24 06:23:11,431.62,77.12
ORD002858,4,PROD00217,SELL00045,2024-10-03 20:10:42,110.97,18.76
ORD002859,1,PROD00109,SELL00016,2023-02-23 13:21:07,411.3,14.54
ORD002860,1,PROD00040,SELL00011,2023-06-16 11:53:17,712.48,73.63
ORD002861,1,PROD00066,SELL00013,2024-10-11 19:21:42,107.58,40.19
ORD002861,2,PROD00160,SELL00040,2024-10-27 14:41:34,329.37,29.05
ORD002861,3,PROD00077,SELL00076,2023-10-04 07:51:55,287.61,16.68
ORD002862,1,PROD00050,SELL00133,2023-06-07 00:51:42,151.69,60.83
ORD002863,1,PROD00264,SELL00102,2024-03-04 10:39:07,60.39,10.46
ORD002864,1,PROD00344,SELL00090,2024-01-21 12:23:44,374.15,39.32
ORD002864,2,PROD00230,SELL00128,2024-12-04 03:53:25,153.4,9.63
ORD002864,3,PROD00069,SELL00103,2024-03-05 01:42:53,655.9,43.52
ORD002865,1,PROD00039,SELL00092,2023-06-24 13:36:52,414.5,22.39
ORD002865,2,PROD00299,SELL00025,2023-06-14 04:16:03,44.69,48.02
ORD002866,1,PROD00226,SELL00111,2024-09-29 07:06:15,318.09,59.05
ORD002866,2,PROD00226,SELL00101,2023-01-02 15:22:54,713.46,9.44
ORD002867,1,PROD00101,SELL00148,2024-02-02 22:52:41,51.88,72.02
ORD002867,2,PROD00286,SELL00004,2023-12-10 19:41:51,115.46,59.06
ORD002868,1,PROD00300,SELL00107,2023-08-11 14:27:05,256.19,31.34
ORD002869,1,PROD00196,SELL00130,2023-01-28 01:12:37,817.67,10.41
ORD002870,1,PROD00058,SELL00108,2024-08-06 13:39:50,614.51,7.49
ORD002870,2,PROD00284,SELL00111,2023-11-01 02:07:44,450.13,61.01
ORD002871,1,PROD00256,SELL00110,2023-07-10 03:31:00,379.55,23.37
ORD002871,2,PROD00394,SELL00023,2024-04-22 11:28:13,755.31,13.99
ORD002871,3,PROD00365,SELL00074,2024-08-27 06:30:39,125.28,33.22
ORD002872,1,PROD00201,SELL00143,2024-03-16 12:52:33,375.85,30.3
ORD002872,2,PROD00084,SELL00114,2024-11-26 07:42:40,222.4,76.2
ORD002872,3,PROD00025,SELL00066,2023-02-03 18:01:55,254.38,18.36
ORD002873,1,PROD00030,SELL00149,2024-12-02 01:38:51,813.34,21.27
ORD002873,2,PROD00025,SELL00103,2023-06-19 05:13:16,839.62,39.31
ORD002874,1,PROD00011,SELL00130,2024-09-03 12:06:18,239.61,74.84
ORD002875,1,PROD00202,SELL00070,2024-05-13 10:40:11,516.27,60.04
ORD002875,2,PROD00012,SELL00011,2023-02-03 02:59:13,160.49,59.57
ORD002875,3,PROD00362,SELL00081,2024-12-08 23:20:36,445.24,34.39
ORD002876,1,PROD00270,SELL00112,2023-08-07 18:18:04,781.82,38.77
ORD002877,1,PROD00207,SELL00027,2023-03-07 07:31:21,471.6,13.86
ORD002877,2,PROD00211,SELL00035,2024-12-04 21:08:11,44.28,31.26
ORD002878,1,PROD00051,SELL00080,2023-06-18 05:23:11,198.97,21.69
ORD002879,1,PROD00360,SELL00034,2023-10-21 19:05:18,452.01,8.32
ORD002880,1,PROD00040,SELL00034,2023-07-11 09:36:35,366.82,23.16
ORD002880,2,PROD00243,SELL00011,2024-02-13 19:59:03,261.61,56.09
ORD002881,1,PROD00290,SELL00036,2024-12-31 06:09:52,45.66,68.32
ORD002882,1,PROD00167,SELL00102,2023-11-29 22:58:26,365.47,60.77
ORD002883,1,PROD00200,SELL00066,2024-11-05 21:24:27,428.37,23.57
ORD002884,1,PROD00211,SELL00064,2023-11-01 13:52:02,64.29,14.06
ORD002885,1,PROD00143,SELL00108,2023-02-05 11:21:17,356.19,67.19
ORD002886,1,PROD00040,SELL00122,2024-09-17 15:33:22,351.35,8.78
ORD002887,1,PROD00211,SELL00138,2023-09-27 10:41:42,588.91,79.08
ORD002887,2,PROD00259,SELL00037,2023-09-29 07:13:25,88.05,61.12
ORD002888,1,PROD00350,SELL00094,2024-11-07 15:05:21,782.18,17.52
ORD002889,1,PROD00046,SELL00105,2023-07-30 11:42:04,792.66,29.76
ORD002890,1,PROD00400,SELL00049,2024-04-06 06:48:10,746.86,17.63
ORD002891,1,PROD00389,SELL00012,2023-11-30 14:27:44,257.69,55.07
ORD002891,2,PROD00325,SELL00058,2024-01-01 03:08:47,23.5,45.3
ORD002891,3,PROD00084,SELL00136,2024-02-19 11:39:32,90.25,49.49
ORD002891,4,PROD00341,SELL00108,2023-06-30 06:46:37,681.17,59.9
ORD002892,1,PROD00364,SELL00002,2023-04-29 02:48:04,444.42,10.35
ORD002892,2,PROD00174,SELL00064,2023-04-27 06:32:34,735.59,43.15
ORD002893,1,PROD00229,SELL00018,2023-07-02 21:10:47,644.61,56.12
ORD002894,1,PROD00129,SELL00093,2023-05-30 04:45:36,543.22,75.81
ORD002895,1,PROD00042,SELL00134,2023-09-10 19:53:22,552.13,74.3
ORD002895,2,PROD00184,SELL00124,2023-12-05 17:25:05,242.66,46.4
ORD002895,3,PROD00020,SELL00108,2024-05-16 14:45:12,870.48,34.27
ORD002896,1,PROD00332,SELL00018,2023-09-22 13:15:15,443.84,16.99
ORD002897,1,PROD00241,SELL00003,2023-08-30 15:52:27,809.85,44.03
ORD002897,2,PROD00089,SELL00052,2024-07-27 07:52:29,398.11,42.47
ORD002898,1,PROD00196,SELL00030,2023-07-25 07:04:54,601.66,8.57
ORD002899,1,PROD00384,SELL00067,2023-04-26 12:48:15,208.05,68.77
ORD002900,1,PROD00338,SELL00129,2024-02-29 19:01:18,525.03,68.89
ORD002900,2,PROD00389,SELL00119,2023-01-25 19:44:13,374.14,53.33
ORD002901,1,PROD00051,SELL00122,2023-12-10 08:41:11,440.98,32.69
ORD002901,2,PROD00014,SELL00074,2023-05-27 17:38:29,60.0,8.71
ORD002901,3,PROD00258,SELL00089,2023-07-26 14:53:50,898.91,6.01
ORD002902,1,PROD00095,SELL00109,2023-01-06 22:31:46,28.94,40.28
ORD002902,2,PROD00295,SELL00056,2023-08-16 16:28:43,152.52,7.67
ORD002903,1,PROD00389,SELL00128,2023-08-10 17:11:41,249.41,56.17
ORD002903,2,PROD00066,SELL00054,2024-05-25 20:42:25,270.49,66.8
ORD002904,1,PROD00187,SELL00050,2024-02-22 18:19:28,170.25,15.79
ORD002905,1,PROD00112,SELL00056,2023-06-11 18:09:31,788.52,29.58
ORD002905,2,PROD00220,SELL00073,2023-05-09 22:14:11,743.56,60.61
ORD002906,1,PROD00180,SELL00125,2024-02-09 20:54:09,660.08,23.49
ORD002907,1,PROD00222,SELL00092,2023-11-13 01:05:03,467.02,15.6
ORD002907,2,PROD00114,SELL00073,2024-06-11 03:06:43,615.96,18.04
ORD002907,3,PROD00129,SELL00148,2023-12-20 22:16:19,707.05,51.28
ORD002908,1,PROD00136,SELL00131,2023-03-19 18:14:50,573.1,55.03
ORD002909,1,PROD00282,SELL00072,2023-02-01 21:50:16,722.49,66.41
ORD002910,1,PROD00343,SELL00134,2024-10-01 07:34:04,655.59,24.71
ORD002911,1,PROD00290,SELL00143,2023-10-03 11:00:01,655.01,37.82
ORD002912,1,PROD00038,SELL00067,2024-09-08 09:25:46,127.42,41.29
ORD002913,1,PROD00028,SELL00079,2024-12-07 17:38:07,447.35,64.79
ORD002914,1,PROD00303,SELL00078,2023-11-19 12:40:53,807.65,12.64
ORD002915,1,PROD00030,SELL00116,2024-02-06 22:31:07,298.28,63.29
ORD002916,1,PROD00382,SELL00016,2024-08-03 16:06:51,181.02,70.53
ORD002916,2,PROD00101,SELL00066,2024-12-22 14:22:05,239.44,12.25
ORD002916,3,PROD00365,SELL00105,2023-03-12 15:22:03,314.35,57.67
ORD002917,1,PROD00129,SELL00117,2023-10-31 21:35:11,368.1,63.12
ORD002918,1,PROD00134,SELL00123,2024-08-18 15:28:56,792.69,21.86
ORD002918,2,PROD00174,SELL00021,2023-12-16 16:54:15,392.09,59.12
ORD002919,1,PROD00180,SELL00006,2024-02-09 11:05:54,146.81,48.12
ORD002920,1,PROD00350,SELL00051,2023-04-06 18:38:33,438.83,78.21
ORD002920,2,PROD00392,SELL00045,2023-05-18 23:58:11,90.86,73.44
ORD002920,3,PROD00164,SELL00013,2024-08-10 04:19:15,18.38,16.63
ORD002921,1,PROD00053,SELL00142,2024-02-14 12:00:03,92.23,24.73
ORD002922,1,PROD00081,SELL00108,2023-08-11 15:45:05,776.43,63.15
ORD002922,2,PROD00009,SELL00118,2024-06-04 12:23:13,528.56,54.83
ORD002922,3,PROD00161,SELL00127,2024-01-23 16:40:47,897.25,64.08
ORD002923,1,PROD00034,SELL00082,2024-01-05 12:55:56,785.05,53.66
ORD002923,2,PROD00289,SELL00100,2024-08-17 02:44:20,563.75,75.43
ORD002923,3,PROD00216,SELL00073,2024-02-27 21:18:36,848.27,49.77
ORD002924,1,PROD00061,SELL00078,2023-07-22 13:46:16,69.38,18.78
ORD002925,1,PROD00134,SELL00056,2023-12-22 03:47:29,286.12,58.19
ORD002926,1,PROD00242,SELL00134,2023-10-03 07:10:34,222.53,55.0
ORD002926,2,PROD00132,SELL00142,2023-06-08 10:48:16,800.32,23.9
ORD002927,1,PROD00168,SELL00100,2023-07-22 04:21:21,768.63,16.65
ORD002927,2,PROD00187,SELL00149,2023-10-06 09:57:16,455.24,40.2
ORD002928,1,PROD00285,SELL00149,2024-11-27 10:58:40,143.44,69.34
ORD002929,1,PROD00173,SELL00061,2024-08-27 17:27:38,586.45,65.76
ORD002930,1,PROD00142,SELL00129,2024-11-29 20:59:01,469.19,55.11
ORD002931,1,PROD00274,SELL00027,2023-04-17 16:31:07,220.83,38.28
ORD002932,1,PROD00134,SELL00087,2024-01-10 19:40:37,42.66,18.25
ORD002933,1,PROD00032,SELL00073,2023-07-30 08:33:41,510.17,6.11
ORD002934,1,PROD00252,SELL00059,2023-08-01 11:44:47,104.49,27.38
ORD002935,1,PROD00143,SELL00025,2023-07-26 10:43:54,207.57,53.76
ORD002936,1,PROD00217,SELL00102,2023-03-21 22:02:36,72.91,37.96
ORD002936,2,PROD00077,SELL00078,2023-03-08 13:51:41,611.23,52.46
ORD002936,3,PROD00059,SELL00070,2023-12-23 09:30:34,218.76,65.48
ORD002936,4,PROD00218,SELL00120,2024-01-03 09:29:00,409.92,11.38
ORD002937,1,PROD00027,SELL00071,2024-10-10 18:25:10,201.89,75.26
ORD002937,2,PROD00296,SELL00042,2023-11-06 03:55:23,851.34,17.48
ORD002937,3,PROD00274,SELL00063,2024-08-08 05:07:27,444.02,35.76
ORD002938,1,PROD00105,SELL00143,2024-07-06 04:50:26,145.2,34.85
ORD002938,2,PROD00044,SELL00103,2023-09-18 12:24:54,519.11,53.37
ORD002939,1,PROD00281,SELL00123,2024-06-08 11:03:18,623.66,18.03
ORD002939,2,PROD00395,SELL00122,2024-07-24 15:12:18,321.72,13.89
ORD002940,1,PROD00102,SELL00098,2024-07-31 23:27:43,622.72,12.5
ORD002941,1,PROD00173,SELL00022,2024-01-14 10:40:48,90.47,60.77
ORD002942,1,PROD00118,SELL00035,2023-11-26 09:03:31,187.99,74.02
ORD002943,1,PROD00205,SELL00025,2024-06-13 15:47:15,314.76,20.02
ORD002943,2,PROD00317,SELL00049,2024-04-22 10:35:14,113.22,21.73
ORD002944,1,PROD00176,SELL00030,2023-01-12 11:36:14,87.34,12.54
ORD002944,2,PROD00241,SELL00111,2024-11-29 00:43:20,256.34,21.99
ORD002945,1,PROD00181,SELL00095,2023-08-31 13:55:42,606.35,57.08
ORD002946,1,PROD00156,SELL00084,2024-05-10 00:08:52,127.44,57.56
ORD002947,1,PROD00247,SELL00084,2023-09-03 02:50:37,681.31,69.08
ORD002948,1,PROD00158,SELL00034,2024-09-01 11:00:59,416.29,44.65
ORD002949,1,PROD00245,SELL00006,2024-04-06 05:06:46,601.8,34.09
ORD002949,2,PROD00051,SELL00137,2023-05-25 01:54:57,888.74,36.96
ORD002949,3,PROD00176,SELL00058,2023-06-23 22:18:48,256.47,46.6
ORD002950,1,PROD00079,SELL00108,2024-10-22 13:43:36,560.04,78.33
ORD002951,1,PROD00136,SELL00029,2024-04-08 11:24:53,503.48,71.4
ORD002951,2,PROD00135,SELL00060,2024-01-30 09:23:16,672.9,75.2
ORD002951,3,PROD00391,SELL00041,2023-04-30 22:07:10,449.89,24.39
ORD002952,1,PROD00214,SELL00066,2023-05-04 16:29:42,579.8,30.84
ORD002952,2,PROD00092,SELL00141,2023-01-02 09:29:03,877.43,29.47
ORD002953,1,PROD00304,SELL00066,2024-12-23 08:31:07,105.98,13.41
ORD002954,1,PROD00301,SELL00107,2023-02-20 08:15:13,663.87,74.79
ORD002955,1,PROD00204,SELL00038,2024-05-03 12:14:39,427.46,68.4
ORD002955,2,PROD00222,SELL00012,2024-08-26 23:01:11,263.99,38.0
ORD002956,1,PROD00391,SELL00010,2023-12-31 02:15:01,275.43,24.35
ORD002957,1,PROD00065,SELL00018,2023-02-27 07:56:22,362.2,35.65
ORD002957,2,PROD00179,SELL00012,2023-06-14 18:27:45,465.87,53.47
ORD002958,1,PROD00220,SELL00098,2023-08-04 05:24:33,179.65,13.69
ORD002958,2,PROD00006,SELL00016,2024-05-12 18:37:55,561.7,79.38
ORD002959,1,PROD00343,SELL00031,2024-01-03 19:30:25,743.33,28.15
ORD002960,1,PROD00135,SELL00130,2023-04-21 22:04:51,608.96,51.32
ORD002960,2,PROD00278,SELL00115,2024-02-24 09:00:05,424.97,63.14
ORD002961,1,PROD00182,SELL00133,2024-11-04 20:57:21,467.96,34.39
ORD002962,1,PROD00289,SELL00101,2023-10-04 08:14:58,310.68,53.54
ORD002963,1,PROD00358,SELL00038,2023-06-30 18:17:55,375.18,36.57
ORD002964,1,PROD00111,SELL00068,2024-03-23 13:30:16,82.99,65.93
ORD002965,1,PROD00314,SELL00141,2023-12-07 12:38:14,869.2,30.69
ORD002965,2,PROD00251,SELL00112,2024-01-14 01:44:06,879.85,50.41
ORD002965,3,PROD00279,SELL00018,2024-09-22 12:15:56,391.12,47.61
ORD002966,1,PROD00211,SELL00131,2024-07-05 15:02:13,596.73,50.52
ORD002967,1,PROD00339,SELL00144,2024-04-17 05:28:42,724.87,50.51
ORD002968,1,PROD00268,SELL00050,2023-05-05 16:15:46,302.86,52.09
ORD002969,1,PROD00174,SELL00019,2023-11-03 07:59:09,635.22,62.65
ORD002970,1,PROD00003,SELL00004,2023-09-27 05:47:05,808.93,57.86
ORD002971,1,PROD00065,SELL00066,2023-02-03 21:06:34,330.26,28.25
ORD002971,2,PROD00258,SELL00016,2023-05-31 11:20:00,370.22,68.2
ORD002971,3,PROD00121,SELL00079,2024-01-05 18:00:31,820.16,46.27
ORD002972,1,PROD00350,SELL00114,2024-01-14 05:47:05,288.68,76.14
ORD002973,1,PROD00397,SELL00045,2024-04-21 00:43:06,627.22,52.75
ORD002973,2,PROD00163,SELL00046,2024-04-17 15:41:32,192.94,23.86
ORD002974,1,PROD00379,SELL00038,2023-02-21 16:29:06,734.95,66.08
ORD002975,1,PROD00274,SELL00052,2024-09-14 17:47:08,598.13,38.12
ORD002975,2,PROD00279,SELL00114,2023-01-01 21:13:05,298.62,55.03
ORD002976,1,PROD00133,SELL00108,2023-04-11 22:37:35,638.03,31.52
ORD002977,1,PROD00343,SELL00013,2023-08-22 10:12:44,35.46,17.72
ORD002977,2,PROD00073,SELL00132,2024-01-07 01:31:12,856.29,35.61
ORD002977,3,PROD00020,SELL00017,2023-03-06 18:10:08,255.67,58.41
ORD002978,1,PROD00111,SELL00085,2023-02-23 21:23:29,150.35,16.37
ORD002979,1,PROD00117,SELL00146,2023-08-04 22:30:26,296.17,61.78
ORD002980,1,PROD00266,SELL00146,2023-02-15 02:19:51,173.71,56.62
ORD002981,1,PROD00395,SELL00080,2024-11-21 16:13:47,97.9,38.09
ORD002981,2,PROD00246,SELL00046,2024-12-26 12:38:59,171.19,47.91
ORD002982,1,PROD00065,SELL00005,2024-05-31 06:50:13,299.97,23.05
ORD002982,2,PROD00253,SELL00046,2024-09-19 18:00:19,629.39,7.09
ORD002982,3,PROD00365,SELL00148,2023-10-27 11:24:25,320.26,57.67
ORD002982,4,PROD00353,SELL00067,2023-10-18 04:57:58,348.42,45.81
ORD002983,1,PROD00301,SELL00004,2023-09-09 23:06:11,220.22,20.81
ORD002983,2,PROD00043,SELL00134,2024-02-29 12:28:31,508.92,71.87
ORD002984,1,PROD00175,SELL00089,2023-10-25 20:26:30,828.24,20.54
ORD002985,1,PROD00352,SELL00030,2023-04-02 07:35:22,61.96,15.34
ORD002986,1,PROD00205,SELL00053,2024-11-08 09:16:21,388.68,8.68
ORD002987,1,PROD00344,SELL00089,2023-02-12 07:19:50,669.31,65.34
ORD002987,2,PROD00216,SELL00012,2023-09-06 10:34:57,339.03,60.82
ORD002988,1,PROD00080,SELL00113,2024-05-10 22:45:53,120.1,41.4
ORD002988,2,PROD00157,SELL00118,2024-12-04 23:43:01,883.0,20.29
ORD002988,3,PROD00151,SELL00058,2024-10-07 01:32:46,221.84,61.32
ORD002989,1,PROD00089,SELL00119,2024-04-09 04:02:33,637.63,73.74
ORD002989,2,PROD00220,SELL00007,2023-04-13 22:46:32,499.14,66.34
ORD002989,3,PROD00292,SELL00024,2024-01-28 00:36:51,767.82,16.97
ORD002989,4,PROD00281,SELL00109,2024-08-05 06:00:21,797.84,54.89
ORD002990,1,PROD00316,SELL00117,2024-04-17 23:06:40,74.32,74.65
ORD002990,2,PROD00226,SELL00134,2023-03-28 00:59:34,604.24,13.51
ORD002990,3,PROD00288,SELL00110,2023-03-04 05:36:58,496.46,76.11
ORD002990,4,PROD00280,SELL00115,2024-07-08 20:17:01,834.02,22.67
ORD002991,1,PROD00334,SELL00086,2024-05-06 00:13:41,368.22,48.29
ORD002992,1,PROD00295,SELL00020,2023-12-31 16:22:27,139.28,68.01
ORD002992,2,PROD00321,SELL00111,2024-01-02 15:24:14,553.21,28.73
ORD002993,1,PROD00155,SELL00119,2024-09-12 23:51:55,598.53,72.76
ORD002994,1,PROD00296,SELL00134,2024-04-07 06:43:44,323.58,73.24
ORD002994,2,PROD00320,SELL00018,2024-08-02 14:16:39,478.18,23.68
ORD002995,1,PROD00317,SELL00001,2023-08-26 18:17:04,729.42,54.77
ORD002996,1,PROD00007,SELL00005,2023-08-19 02:33:36,871.54,15.79
ORD002996,2,PROD00086,SELL00095,2023-03-19 09:30:55,435.27,30.88
ORD002997,1,PROD00207,SELL00137,2023-01-25 23:50:38,552.38,50.11
ORD002998,1,PROD00112,SELL00095,2023-05-22 18:58:33,612.27,62.53
ORD002999,1,PROD00389,SELL00140,2023-08-30 20:58:59,559.91,51.12
ORD002999,2,PROD00220,SELL00115,2023-04-02 00:53:38,856.43,63.67
ORD002999,3,PROD00241,SELL00020,2023-08-20 08:00:59,353.91,58.84
ORD003000,1,PROD00011,SELL00104,2023-11-24 07:52:44,474.93,38.35
