order_id,customer_id,order_status,order_purchase_timestamp,order_approved_at,order_delivered_carrier_date,order_delivered_customer_date,order_estimated_delivery_date
ORD000001,CUST001861,delivered,2024-01-05 16:13:57,2024-01-06 06:13:57,2024-01-07 06:13:57,2024-01-14 06:13:57,2024-01-26 16:13:57
ORD000002,CUST001830,delivered,2023-08-22 16:46:38,2023-08-23 05:46:38,2023-08-26 05:46:38,2023-09-08 05:46:38,2023-09-06 16:46:38
ORD000003,CUST001187,delivered,2023-09-19 21:58:37,2023-09-19 23:58:37,2023-09-20 23:58:37,2023-09-23 23:58:37,2023-10-09 21:58:37
ORD000004,CUST000303,shipped,2024-03-13 14:25:44,2024-03-13 18:25:44,2024-03-16 18:25:44,,2024-03-21 14:25:44
ORD000005,CUST001476,delivered,2024-06-08 13:35:52,2024-06-09 17:35:52,2024-06-10 17:35:52,2024-06-20 17:35:52,2024-06-25 13:35:52
ORD000006,CUST000635,delivered,2024-07-05 17:54:48,2024-07-06 15:54:48,2024-07-09 15:54:48,2024-07-12 15:54:48,2024-07-14 17:54:48
ORD000007,CUST001243,approved,2024-08-01 03:21:17,2024-08-01 11:21:17,,,2024-08-25 03:21:17
ORD000008,CUST000798,processing,2023-06-12 18:41:45,2023-06-13 00:41:45,,,2023-07-07 18:41:45
ORD000009,CUST001293,delivered,2024-04-24 22:12:38,2024-04-25 11:12:38,2024-04-26 11:12:38,2024-05-10 11:12:38,2024-05-14 22:12:38
ORD000010,CUST000890,delivered,2023-10-11 16:57:22,2023-10-13 16:57:22,2023-10-14 16:57:22,2023-10-26 16:57:22,2023-10-28 16:57:22
ORD000011,CUST001231,delivered,2023-03-16 06:36:52,2023-03-17 04:36:52,2023-03-19 04:36:52,2023-03-29 04:36:52,2023-04-05 06:36:52
ORD000012,CUST001213,delivered,2023-01-22 14:37:00,2023-01-22 15:37:00,2023-01-25 15:37:00,2023-02-09 15:37:00,2023-02-10 14:37:00
ORD000013,CUST000171,delivered,2023-01-20 00:18:39,2023-01-21 04:18:39,2023-01-22 04:18:39,2023-01-28 04:18:39,2023-02-03 00:18:39
ORD000014,CUST001658,delivered,2024-08-21 11:53:30,2024-08-23 05:53:30,2024-08-26 05:53:30,2024-08-31 05:53:30,2024-09-15 11:53:30
ORD000015,CUST000455,delivered,2023-12-30 21:00:09,2023-12-31 07:00:09,2024-01-01 07:00:09,2024-01-07 07:00:09,2024-01-11 21:00:09
ORD000016,CUST000710,delivered,2023-04-14 00:57:17,2023-04-14 03:57:17,2023-04-15 03:57:17,2023-04-25 03:57:17,2023-05-02 00:57:17
ORD000017,CUST000207,processing,2023-03-12 11:55:20,2023-03-13 02:55:20,,,2023-03-25 11:55:20
ORD000018,CUST000830,delivered,2023-07-26 11:01:45,2023-07-27 05:01:45,2023-07-28 05:01:45,2023-08-02 05:01:45,2023-08-13 11:01:45
ORD000019,CUST000758,processing,2023-01-28 04:59:57,2023-01-29 09:59:57,,,2023-02-07 04:59:57
ORD000020,CUST001368,delivered,2024-01-20 00:55:32,2024-01-22 00:55:32,2024-01-25 00:55:32,2024-01-30 00:55:32,2024-02-08 00:55:32
ORD000021,CUST000123,delivered,2023-02-20 16:16:04,2023-02-21 05:16:04,2023-02-22 05:16:04,2023-03-08 05:16:04,2023-03-11 16:16:04
ORD000022,CUST000185,delivered,2024-08-27 04:32:18,2024-08-27 16:32:18,2024-08-30 16:32:18,2024-09-10 16:32:18,2024-09-19 04:32:18
ORD000023,CUST000602,delivered,2023-05-05 05:55:49,2023-05-05 13:55:49,2023-05-07 13:55:49,2023-05-20 13:55:49,2023-05-23 05:55:49
ORD000024,CUST000123,delivered,2023-11-21 15:06:51,2023-11-21 21:06:51,2023-11-24 21:06:51,2023-12-01 21:06:51,2023-12-13 15:06:51
ORD000025,CUST000362,delivered,2023-09-19 18:31:20,2023-09-21 00:31:20,2023-09-22 00:31:20,2023-09-24 00:31:20,2023-10-08 18:31:20
ORD000026,CUST001003,invoiced,2024-03-06 14:34:29,2024-03-06 21:34:29,,,2024-03-24 14:34:29
ORD000027,CUST000242,shipped,2024-01-05 11:17:09,2024-01-06 15:17:09,2024-01-09 15:17:09,,2024-01-21 11:17:09
ORD000028,CUST001534,delivered,2023-08-23 03:04:29,2023-08-24 04:04:29,2023-08-26 04:04:29,2023-08-28 04:04:29,2023-09-07 03:04:29
ORD000029,CUST001478,delivered,2024-10-24 11:46:11,2024-10-25 03:46:11,2024-10-26 03:46:11,2024-11-06 03:46:11,2024-10-31 11:46:11
ORD000030,CUST000379,delivered,2023-05-12 18:52:56,2023-05-14 15:52:56,2023-05-16 15:52:56,2023-05-30 15:52:56,2023-05-20 18:52:56
ORD000031,CUST001202,shipped,2023-03-04 21:42:25,2023-03-06 21:42:25,2023-03-09 21:42:25,,2023-03-20 21:42:25
ORD000032,CUST001623,delivered,2024-01-16 22:29:04,2024-01-17 09:29:04,2024-01-19 09:29:04,2024-01-23 09:29:04,2024-01-28 22:29:04
ORD000033,CUST001711,delivered,2024-06-15 05:30:41,2024-06-17 00:30:41,2024-06-18 00:30:41,2024-06-25 00:30:41,2024-06-25 05:30:41
ORD000034,CUST001359,delivered,2023-06-16 01:05:29,2023-06-16 21:05:29,2023-06-18 21:05:29,2023-06-30 21:05:29,2023-07-04 01:05:29
ORD000035,CUST000554,delivered,2023-09-29 22:38:35,2023-09-30 00:38:35,2023-10-02 00:38:35,2023-10-04 00:38:35,2023-10-21 22:38:35
ORD000036,CUST000194,canceled,2023-02-05 05:15:19,,,,2023-02-13 05:15:19
ORD000037,CUST001031,delivered,2024-07-06 13:43:38,2024-07-08 12:43:38,2024-07-11 12:43:38,2024-07-15 12:43:38,2024-07-18 13:43:38
ORD000038,CUST001709,delivered,2023-04-13 00:32:38,2023-04-13 15:32:38,2023-04-14 15:32:38,2023-04-22 15:32:38,2023-04-22 00:32:38
ORD000039,CUST001472,delivered,2023-04-26 17:19:09,2023-04-27 20:19:09,2023-04-30 20:19:09,2023-05-09 20:19:09,2023-05-07 17:19:09
ORD000040,CUST000714,delivered,2024-09-09 23:11:13,2024-09-11 06:11:13,2024-09-13 06:11:13,2024-09-19 06:11:13,2024-09-20 23:11:13
ORD000041,CUST001473,delivered,2023-11-27 23:53:52,2023-11-29 15:53:52,2023-12-02 15:53:52,2023-12-15 15:53:52,2023-12-07 23:53:52
ORD000042,CUST001003,delivered,2024-05-04 17:56:32,2024-05-06 06:56:32,2024-05-07 06:56:32,2024-05-11 06:56:32,2024-05-18 17:56:32
ORD000043,CUST000371,shipped,2024-06-11 04:43:34,2024-06-11 14:43:34,2024-06-12 14:43:34,,2024-06-20 04:43:34
ORD000044,CUST001762,delivered,2023-04-08 14:42:11,2023-04-10 06:42:11,2023-04-11 06:42:11,2023-04-16 06:42:11,2023-04-22 14:42:11
ORD000045,CUST001526,delivered,2023-09-14 06:43:19,2023-09-15 02:43:19,2023-09-17 02:43:19,2023-09-30 02:43:19,2023-10-05 06:43:19
ORD000046,CUST000675,delivered,2024-11-15 21:30:35,2024-11-17 10:30:35,2024-11-19 10:30:35,2024-12-03 10:30:35,2024-11-26 21:30:35
ORD000047,CUST000810,delivered,2023-12-02 15:21:55,2023-12-03 01:21:55,2023-12-06 01:21:55,2023-12-19 01:21:55,2023-12-10 15:21:55
ORD000048,CUST001419,delivered,2024-01-30 23:00:21,2024-01-31 12:00:21,2024-02-01 12:00:21,2024-02-03 12:00:21,2024-02-10 23:00:21
ORD000049,CUST001442,shipped,2024-10-11 01:14:31,2024-10-11 17:14:31,2024-10-12 17:14:31,,2024-10-30 01:14:31
ORD000050,CUST001166,delivered,2023-11-27 00:25:35,2023-11-28 07:25:35,2023-11-30 07:25:35,2023-12-05 07:25:35,2023-12-22 00:25:35
ORD000051,CUST001876,approved,2024-02-20 16:27:38,2024-02-21 22:27:38,,,2024-03-06 16:27:38
ORD000052,CUST000656,delivered,2024-07-12 16:00:53,2024-07-13 10:00:53,2024-07-16 10:00:53,2024-07-30 10:00:53,2024-08-04 16:00:53
ORD000053,CUST001291,approved,2023-12-12 12:16:44,2023-12-13 00:16:44,,,2023-12-27 12:16:44
ORD000054,CUST000692,delivered,2023-12-16 17:44:38,2023-12-17 23:44:38,2023-12-20 23:44:38,2023-12-23 23:44:38,2024-01-02 17:44:38
ORD000055,CUST001082,delivered,2024-06-15 09:34:14,2024-06-16 09:34:14,2024-06-18 09:34:14,2024-06-30 09:34:14,2024-06-22 09:34:14
ORD000056,CUST001181,delivered,2024-07-10 04:35:44,2024-07-11 10:35:44,2024-07-12 10:35:44,2024-07-15 10:35:44,2024-08-03 04:35:44
ORD000057,CUST001917,delivered,2024-12-30 10:45:59,2024-12-31 09:45:59,2025-01-02 09:45:59,2025-01-11 09:45:59,2025-01-19 10:45:59
ORD000058,CUST000374,invoiced,2024-07-20 03:01:14,2024-07-21 12:01:14,,,2024-08-01 03:01:14
ORD000059,CUST001078,delivered,2024-02-12 18:36:05,2024-02-14 14:36:05,2024-02-15 14:36:05,2024-02-29 14:36:05,2024-02-19 18:36:05
ORD000060,CUST000210,delivered,2023-07-23 12:53:11,2023-07-23 22:53:11,2023-07-26 22:53:11,2023-08-10 22:53:11,2023-08-15 12:53:11
ORD000061,CUST001995,shipped,2024-06-21 01:42:39,2024-06-22 01:42:39,2024-06-25 01:42:39,,2024-07-05 01:42:39
ORD000062,CUST000010,delivered,2024-12-11 19:19:42,2024-12-12 06:19:42,2024-12-13 06:19:42,2024-12-25 06:19:42,2024-12-23 19:19:42
ORD000063,CUST000643,processing,2024-10-12 23:05:40,2024-10-13 14:05:40,,,2024-10-23 23:05:40
ORD000064,CUST001792,delivered,2024-07-07 22:11:50,2024-07-08 11:11:50,2024-07-10 11:11:50,2024-07-12 11:11:50,2024-07-26 22:11:50
ORD000065,CUST000157,canceled,2023-10-31 14:11:28,,,,2023-11-20 14:11:28
ORD000066,CUST001343,delivered,2024-05-02 17:02:22,2024-05-04 16:02:22,2024-05-06 16:02:22,2024-05-08 16:02:22,2024-05-11 17:02:22
ORD000067,CUST000233,delivered,2023-09-15 20:14:04,2023-09-16 10:14:04,2023-09-19 10:14:04,2023-09-30 10:14:04,2023-09-24 20:14:04
ORD000068,CUST001412,delivered,2023-03-02 14:56:28,2023-03-03 21:56:28,2023-03-04 21:56:28,2023-03-18 21:56:28,2023-03-16 14:56:28
ORD000069,CUST000470,delivered,2024-02-05 05:48:18,2024-02-06 07:48:18,2024-02-09 07:48:18,2024-02-14 07:48:18,2024-02-19 05:48:18
ORD000070,CUST001835,delivered,2023-12-25 02:34:04,2023-12-25 20:34:04,2023-12-26 20:34:04,2024-01-03 20:34:04,2024-01-04 02:34:04
ORD000071,CUST000064,delivered,2024-08-22 05:31:42,2024-08-22 15:31:42,2024-08-25 15:31:42,2024-08-31 15:31:42,2024-09-08 05:31:42
ORD000072,CUST001776,delivered,2023-01-12 23:11:00,2023-01-13 19:11:00,2023-01-16 19:11:00,2023-01-19 19:11:00,2023-02-03 23:11:00
ORD000073,CUST000884,delivered,2023-08-26 15:57:25,2023-08-26 23:57:25,2023-08-29 23:57:25,2023-09-11 23:57:25,2023-09-16 15:57:25
ORD000074,CUST000394,processing,2023-06-07 02:33:47,2023-06-09 01:33:47,,,2023-06-24 02:33:47
ORD000075,CUST000656,delivered,2023-10-06 01:29:30,2023-10-06 18:29:30,2023-10-07 18:29:30,2023-10-19 18:29:30,2023-10-27 01:29:30
ORD000076,CUST001681,delivered,2024-03-12 21:17:54,2024-03-14 19:17:54,2024-03-17 19:17:54,2024-04-01 19:17:54,2024-04-03 21:17:54
ORD000077,CUST000847,delivered,2023-10-26 08:10:43,2023-10-26 14:10:43,2023-10-29 14:10:43,2023-11-09 14:10:43,2023-11-13 08:10:43
ORD000078,CUST001371,shipped,2023-09-05 18:00:19,2023-09-06 22:00:19,2023-09-08 22:00:19,,2023-09-13 18:00:19
ORD000079,CUST000855,processing,2024-10-15 03:49:47,2024-10-15 21:49:47,,,2024-10-30 03:49:47
ORD000080,CUST001661,delivered,2023-09-15 23:18:40,2023-09-17 02:18:40,2023-09-20 02:18:40,2023-10-05 02:18:40,2023-09-30 23:18:40
ORD000081,CUST001893,delivered,2024-01-01 03:01:31,2024-01-03 01:01:31,2024-01-05 01:01:31,2024-01-10 01:01:31,2024-01-26 03:01:31
ORD000082,CUST001780,delivered,2024-05-21 08:03:37,2024-05-23 03:03:37,2024-05-25 03:03:37,2024-05-28 03:03:37,2024-06-12 08:03:37
ORD000083,CUST000873,shipped,2024-07-28 22:05:13,2024-07-29 23:05:13,2024-08-01 23:05:13,,2024-08-20 22:05:13
ORD000084,CUST001498,delivered,2024-11-14 13:55:46,2024-11-14 20:55:46,2024-11-17 20:55:46,2024-12-02 20:55:46,2024-11-24 13:55:46
ORD000085,CUST001132,delivered,2024-08-12 03:27:20,2024-08-12 19:27:20,2024-08-14 19:27:20,2024-08-25 19:27:20,2024-09-01 03:27:20
ORD000086,CUST000941,delivered,2024-02-08 01:27:05,2024-02-09 06:27:05,2024-02-11 06:27:05,2024-02-22 06:27:05,2024-03-02 01:27:05
ORD000087,CUST001582,shipped,2023-02-08 14:30:57,2023-02-10 07:30:57,2023-02-13 07:30:57,,2023-02-28 14:30:57
ORD000088,CUST000990,delivered,2024-11-16 00:56:00,2024-11-16 12:56:00,2024-11-17 12:56:00,2024-11-29 12:56:00,2024-12-03 00:56:00
ORD000089,CUST000782,canceled,2023-04-12 10:38:29,,,,2023-04-19 10:38:29
ORD000090,CUST000965,delivered,2024-04-12 09:13:48,2024-04-14 05:13:48,2024-04-16 05:13:48,2024-04-23 05:13:48,2024-04-26 09:13:48
ORD000091,CUST001436,shipped,2023-10-11 16:14:19,2023-10-12 13:14:19,2023-10-14 13:14:19,,2023-10-26 16:14:19
ORD000092,CUST000958,delivered,2023-06-14 07:37:23,2023-06-15 19:37:23,2023-06-18 19:37:23,2023-06-25 19:37:23,2023-07-03 07:37:23
ORD000093,CUST000134,processing,2023-12-23 06:15:51,2023-12-23 12:15:51,,,2024-01-09 06:15:51
ORD000094,CUST001266,delivered,2023-12-27 22:26:33,2023-12-28 13:26:33,2023-12-30 13:26:33,2024-01-14 13:26:33,2024-01-12 22:26:33
ORD000095,CUST001444,delivered,2023-04-14 03:17:33,2023-04-15 00:17:33,2023-04-18 00:17:33,2023-04-27 00:17:33,2023-04-26 03:17:33
ORD000096,CUST000222,delivered,2024-01-27 07:21:36,2024-01-29 05:21:36,2024-01-31 05:21:36,2024-02-07 05:21:36,2024-02-13 07:21:36
ORD000097,CUST001127,delivered,2024-03-24 13:09:37,2024-03-25 00:09:37,2024-03-27 00:09:37,2024-03-29 00:09:37,2024-04-03 13:09:37
ORD000098,CUST001412,delivered,2023-07-14 21:11:03,2023-07-16 06:11:03,2023-07-19 06:11:03,2023-07-31 06:11:03,2023-08-07 21:11:03
ORD000099,CUST000950,delivered,2023-10-31 20:23:09,2023-11-01 22:23:09,2023-11-04 22:23:09,2023-11-17 22:23:09,2023-11-09 20:23:09
ORD000100,CUST001776,delivered,2023-07-23 03:23:57,2023-07-24 18:23:57,2023-07-27 18:23:57,2023-08-04 18:23:57,2023-08-07 03:23:57
ORD000101,CUST001219,delivered,2023-05-30 12:23:05,2023-05-31 14:23:05,2023-06-01 14:23:05,2023-06-09 14:23:05,2023-06-09 12:23:05
ORD000102,CUST001253,delivered,2023-10-28 22:20:02,2023-10-29 04:20:02,2023-10-31 04:20:02,2023-11-05 04:20:02,2023-11-18 22:20:02
ORD000103,CUST001614,delivered,2023-02-11 08:57:11,2023-02-13 03:57:11,2023-02-15 03:57:11,2023-02-17 03:57:11,2023-03-05 08:57:11
ORD000104,CUST001899,delivered,2023-08-18 07:58:21,2023-08-18 22:58:21,2023-08-20 22:58:21,2023-09-01 22:58:21,2023-08-31 07:58:21
ORD000105,CUST000797,delivered,2023-05-29 00:27:07,2023-05-29 02:27:07,2023-06-01 02:27:07,2023-06-10 02:27:07,2023-06-19 00:27:07
ORD000106,CUST001599,delivered,2024-02-29 20:15:18,2024-03-02 09:15:18,2024-03-03 09:15:18,2024-03-11 09:15:18,2024-03-12 20:15:18
ORD000107,CUST001785,delivered,2024-06-15 21:08:59,2024-06-17 10:08:59,2024-06-19 10:08:59,2024-07-02 10:08:59,2024-06-30 21:08:59
ORD000108,CUST001748,shipped,2024-12-24 13:15:06,2024-12-25 06:15:06,2024-12-27 06:15:06,,2025-01-11 13:15:06
ORD000109,CUST001798,delivered,2024-01-09 08:32:43,2024-01-10 07:32:43,2024-01-11 07:32:43,2024-01-24 07:32:43,2024-01-20 08:32:43
ORD000110,CUST000634,shipped,2023-11-26 08:59:21,2023-11-27 22:59:21,2023-11-28 22:59:21,,2023-12-06 08:59:21
ORD000111,CUST000897,delivered,2024-06-03 17:19:15,2024-06-04 00:19:15,2024-06-07 00:19:15,2024-06-12 00:19:15,2024-06-21 17:19:15
ORD000112,CUST001255,approved,2024-12-19 23:28:56,2024-12-20 14:28:56,,,2025-01-09 23:28:56
ORD000113,CUST001256,shipped,2023-10-03 20:54:29,2023-10-05 02:54:29,2023-10-08 02:54:29,,2023-10-24 20:54:29
ORD000114,CUST000790,delivered,2024-05-24 21:31:11,2024-05-25 08:31:11,2024-05-26 08:31:11,2024-06-05 08:31:11,2024-06-14 21:31:11
ORD000115,CUST000799,delivered,2024-07-26 23:40:33,2024-07-27 22:40:33,2024-07-29 22:40:33,2024-08-13 22:40:33,2024-08-06 23:40:33
ORD000116,CUST000253,delivered,2023-03-07 12:54:13,2023-03-09 11:54:13,2023-03-11 11:54:13,2023-03-22 11:54:13,2023-03-22 12:54:13
ORD000117,CUST000335,delivered,2023-01-29 21:45:46,2023-01-31 19:45:46,2023-02-01 19:45:46,2023-02-09 19:45:46,2023-02-11 21:45:46
ORD000118,CUST000343,delivered,2024-11-08 16:27:39,2024-11-10 13:27:39,2024-11-13 13:27:39,2024-11-19 13:27:39,2024-11-25 16:27:39
ORD000119,CUST000133,shipped,2023-08-27 20:44:52,2023-08-29 05:44:52,2023-08-31 05:44:52,,2023-09-07 20:44:52
ORD000120,CUST001695,delivered,2024-07-06 21:22:02,2024-07-06 22:22:02,2024-07-09 22:22:02,2024-07-11 22:22:02,2024-07-24 21:22:02
ORD000121,CUST000478,delivered,2024-08-24 04:21:27,2024-08-24 09:21:27,2024-08-27 09:21:27,2024-08-30 09:21:27,2024-09-16 04:21:27
ORD000122,CUST000169,delivered,2024-02-28 05:52:09,2024-02-28 21:52:09,2024-03-02 21:52:09,2024-03-16 21:52:09,2024-03-11 05:52:09
ORD000123,CUST000662,delivered,2023-07-05 01:04:24,2023-07-06 09:04:24,2023-07-09 09:04:24,2023-07-12 09:04:24,2023-07-22 01:04:24
ORD000124,CUST001306,invoiced,2023-04-02 03:25:41,2023-04-03 16:25:41,,,2023-04-21 03:25:41
ORD000125,CUST000053,delivered,2024-02-22 13:52:56,2024-02-22 22:52:56,2024-02-24 22:52:56,2024-02-28 22:52:56,2024-03-03 13:52:56
ORD000126,CUST001559,delivered,2023-11-15 12:55:51,2023-11-16 16:55:51,2023-11-18 16:55:51,2023-11-27 16:55:51,2023-11-24 12:55:51
ORD000127,CUST001254,delivered,2023-07-08 09:29:04,2023-07-09 00:29:04,2023-07-11 00:29:04,2023-07-23 00:29:04,2023-07-17 09:29:04
ORD000128,CUST001223,delivered,2023-12-14 16:26:48,2023-12-16 02:26:48,2023-12-18 02:26:48,2023-12-20 02:26:48,2023-12-22 16:26:48
ORD000129,CUST001258,delivered,2024-07-24 02:09:12,2024-07-24 09:09:12,2024-07-25 09:09:12,2024-07-27 09:09:12,2024-08-16 02:09:12
ORD000130,CUST000164,delivered,2023-01-13 00:10:10,2023-01-13 20:10:10,2023-01-14 20:10:10,2023-01-28 20:10:10,2023-02-07 00:10:10
ORD000131,CUST000331,processing,2024-07-30 13:38:50,2024-07-31 01:38:50,,,2024-08-12 13:38:50
ORD000132,CUST000208,delivered,2024-10-13 22:36:18,2024-10-15 09:36:18,2024-10-16 09:36:18,2024-10-23 09:36:18,2024-10-23 22:36:18
ORD000133,CUST000624,delivered,2024-11-30 05:37:53,2024-12-01 18:37:53,2024-12-02 18:37:53,2024-12-11 18:37:53,2024-12-12 05:37:53
ORD000134,CUST000463,shipped,2024-06-03 05:25:10,2024-06-04 10:25:10,2024-06-05 10:25:10,,2024-06-11 05:25:10
ORD000135,CUST000365,shipped,2024-07-04 04:22:45,2024-07-05 00:22:45,2024-07-07 00:22:45,,2024-07-14 04:22:45
ORD000136,CUST001361,delivered,2023-12-24 06:34:07,2023-12-24 17:34:07,2023-12-25 17:34:07,2024-01-03 17:34:07,2024-01-06 06:34:07
ORD000137,CUST000120,approved,2024-09-09 05:39:09,2024-09-10 03:39:09,,,2024-09-30 05:39:09
ORD000138,CUST000842,shipped,2024-11-05 19:57:04,2024-11-07 00:57:04,2024-11-08 00:57:04,,2024-11-29 19:57:04
ORD000139,CUST000130,delivered,2023-03-09 12:19:07,2023-03-09 22:19:07,2023-03-10 22:19:07,2023-03-25 22:19:07,2023-03-31 12:19:07
ORD000140,CUST001497,delivered,2023-07-12 14:43:10,2023-07-12 18:43:10,2023-07-14 18:43:10,2023-07-28 18:43:10,2023-08-06 14:43:10
ORD000141,CUST001896,delivered,2023-04-12 18:55:36,2023-04-14 12:55:36,2023-04-16 12:55:36,2023-04-26 12:55:36,2023-05-07 18:55:36
ORD000142,CUST001590,delivered,2024-08-11 19:22:00,2024-08-13 06:22:00,2024-08-16 06:22:00,2024-08-21 06:22:00,2024-08-27 19:22:00
ORD000143,CUST001415,delivered,2023-11-25 04:55:57,2023-11-25 17:55:57,2023-11-27 17:55:57,2023-12-09 17:55:57,2023-12-15 04:55:57
ORD000144,CUST001667,delivered,2024-02-18 15:50:34,2024-02-19 23:50:34,2024-02-20 23:50:34,2024-02-29 23:50:34,2024-02-28 15:50:34
ORD000145,CUST000760,delivered,2023-11-26 20:26:04,2023-11-27 21:26:04,2023-11-29 21:26:04,2023-12-08 21:26:04,2023-12-12 20:26:04
ORD000146,CUST000117,delivered,2024-12-01 02:00:24,2024-12-01 05:00:24,2024-12-02 05:00:24,2024-12-05 05:00:24,2024-12-17 02:00:24
ORD000147,CUST000555,delivered,2024-08-24 20:47:58,2024-08-26 14:47:58,2024-08-28 14:47:58,2024-09-10 14:47:58,2024-09-01 20:47:58
ORD000148,CUST000334,delivered,2024-07-01 01:01:05,2024-07-01 21:01:05,2024-07-03 21:01:05,2024-07-08 21:01:05,2024-07-19 01:01:05
ORD000149,CUST000265,shipped,2024-07-04 01:54:32,2024-07-05 21:54:32,2024-07-07 21:54:32,,2024-07-27 01:54:32
ORD000150,CUST000403,delivered,2024-06-20 06:29:28,2024-06-22 02:29:28,2024-06-25 02:29:28,2024-06-27 02:29:28,2024-07-03 06:29:28
ORD000151,CUST001929,invoiced,2023-04-12 16:38:50,2023-04-13 07:38:50,,,2023-04-29 16:38:50
ORD000152,CUST000434,delivered,2023-03-16 07:24:47,2023-03-17 20:24:47,2023-03-20 20:24:47,2023-03-31 20:24:47,2023-03-23 07:24:47
ORD000153,CUST001093,delivered,2023-02-16 13:53:22,2023-02-18 10:53:22,2023-02-19 10:53:22,2023-02-25 10:53:22,2023-02-23 13:53:22
ORD000154,CUST001613,approved,2023-09-04 12:02:32,2023-09-05 13:02:32,,,2023-09-18 12:02:32
ORD000155,CUST001830,delivered,2024-01-16 14:38:05,2024-01-17 00:38:05,2024-01-20 00:38:05,2024-01-25 00:38:05,2024-01-31 14:38:05
ORD000156,CUST000799,delivered,2024-03-08 20:46:21,2024-03-10 13:46:21,2024-03-12 13:46:21,2024-03-17 13:46:21,2024-03-23 20:46:21
ORD000157,CUST000010,delivered,2024-02-24 00:22:20,2024-02-25 03:22:20,2024-02-27 03:22:20,2024-03-04 03:22:20,2024-03-08 00:22:20
ORD000158,CUST001907,delivered,2024-05-14 09:13:36,2024-05-16 02:13:36,2024-05-19 02:13:36,2024-05-27 02:13:36,2024-05-22 09:13:36
ORD000159,CUST001338,delivered,2024-12-13 16:21:08,2024-12-15 13:21:08,2024-12-16 13:21:08,2024-12-19 13:21:08,2024-12-23 16:21:08
ORD000160,CUST000621,canceled,2023-04-29 05:47:10,,,,2023-05-21 05:47:10
ORD000161,CUST000875,delivered,2023-03-10 06:40:33,2023-03-10 17:40:33,2023-03-13 17:40:33,2023-03-19 17:40:33,2023-03-29 06:40:33
ORD000162,CUST001609,delivered,2023-10-19 19:31:28,2023-10-21 08:31:28,2023-10-23 08:31:28,2023-10-26 08:31:28,2023-10-29 19:31:28
ORD000163,CUST001513,invoiced,2024-02-09 07:21:33,2024-02-10 19:21:33,,,2024-03-02 07:21:33
ORD000164,CUST000046,delivered,2023-07-25 04:37:41,2023-07-25 07:37:41,2023-07-27 07:37:41,2023-08-05 07:37:41,2023-08-04 04:37:41
ORD000165,CUST001089,delivered,2023-04-25 08:19:28,2023-04-26 09:19:28,2023-04-27 09:19:28,2023-04-30 09:19:28,2023-05-04 08:19:28
ORD000166,CUST001845,delivered,2023-09-05 15:52:20,2023-09-06 20:52:20,2023-09-09 20:52:20,2023-09-13 20:52:20,2023-09-26 15:52:20
ORD000167,CUST001970,delivered,2024-09-03 01:29:40,2024-09-04 10:29:40,2024-09-05 10:29:40,2024-09-19 10:29:40,2024-09-16 01:29:40
ORD000168,CUST001975,delivered,2023-11-22 01:35:35,2023-11-22 11:35:35,2023-11-24 11:35:35,2023-12-09 11:35:35,2023-12-07 01:35:35
ORD000169,CUST000500,delivered,2023-06-29 12:44:50,2023-07-01 06:44:50,2023-07-02 06:44:50,2023-07-10 06:44:50,2023-07-18 12:44:50
ORD000170,CUST001896,delivered,2023-06-06 10:37:27,2023-06-07 01:37:27,2023-06-08 01:37:27,2023-06-20 01:37:27,2023-06-19 10:37:27
ORD000171,CUST001379,delivered,2023-12-10 23:57:26,2023-12-11 01:57:26,2023-12-13 01:57:26,2023-12-16 01:57:26,2023-12-24 23:57:26
ORD000172,CUST000009,delivered,2024-09-08 19:14:38,2024-09-09 06:14:38,2024-09-10 06:14:38,2024-09-20 06:14:38,2024-09-25 19:14:38
ORD000173,CUST000121,delivered,2023-02-28 04:03:16,2023-03-01 07:03:16,2023-03-04 07:03:16,2023-03-14 07:03:16,2023-03-07 04:03:16
ORD000174,CUST001905,delivered,2024-09-25 06:11:11,2024-09-26 03:11:11,2024-09-28 03:11:11,2024-09-30 03:11:11,2024-10-06 06:11:11
ORD000175,CUST001497,delivered,2023-04-17 08:30:26,2023-04-17 09:30:26,2023-04-20 09:30:26,2023-04-22 09:30:26,2023-05-06 08:30:26
ORD000176,CUST001629,processing,2024-08-03 04:21:21,2024-08-04 21:21:21,,,2024-08-11 04:21:21
ORD000177,CUST001054,delivered,2024-07-31 19:51:50,2024-08-02 13:51:50,2024-08-04 13:51:50,2024-08-15 13:51:50,2024-08-19 19:51:50
ORD000178,CUST001681,delivered,2023-10-17 22:25:46,2023-10-19 22:25:46,2023-10-20 22:25:46,2023-11-01 22:25:46,2023-11-08 22:25:46
ORD000179,CUST000672,delivered,2024-09-19 09:06:13,2024-09-21 02:06:13,2024-09-23 02:06:13,2024-10-02 02:06:13,2024-09-30 09:06:13
ORD000180,CUST001464,processing,2024-04-10 19:31:54,2024-04-11 10:31:54,,,2024-04-21 19:31:54
ORD000181,CUST000368,delivered,2023-10-21 23:11:45,2023-10-23 00:11:45,2023-10-25 00:11:45,2023-10-29 00:11:45,2023-11-08 23:11:45
ORD000182,CUST000075,shipped,2023-01-22 15:43:08,2023-01-23 01:43:08,2023-01-24 01:43:08,,2023-02-12 15:43:08
ORD000183,CUST001089,processing,2024-02-25 19:42:55,2024-02-26 21:42:55,,,2024-03-07 19:42:55
ORD000184,CUST001540,delivered,2024-10-03 12:51:00,2024-10-04 14:51:00,2024-10-06 14:51:00,2024-10-14 14:51:00,2024-10-24 12:51:00
ORD000185,CUST001552,invoiced,2024-04-08 16:09:41,2024-04-09 22:09:41,,,2024-04-26 16:09:41
ORD000186,CUST000429,delivered,2023-12-12 11:52:10,2023-12-12 20:52:10,2023-12-15 20:52:10,2023-12-25 20:52:10,2023-12-25 11:52:10
ORD000187,CUST000634,delivered,2023-09-09 07:53:57,2023-09-10 20:53:57,2023-09-11 20:53:57,2023-09-26 20:53:57,2023-09-27 07:53:57
ORD000188,CUST001575,processing,2024-04-19 19:57:34,2024-04-20 22:57:34,,,2024-05-07 19:57:34
ORD000189,CUST001038,delivered,2024-10-21 11:10:25,2024-10-21 21:10:25,2024-10-23 21:10:25,2024-10-26 21:10:25,2024-11-14 11:10:25
ORD000190,CUST000892,delivered,2024-10-29 16:28:06,2024-10-31 08:28:06,2024-11-02 08:28:06,2024-11-04 08:28:06,2024-11-11 16:28:06
ORD000191,CUST000557,delivered,2023-08-11 12:17:40,2023-08-11 23:17:40,2023-08-14 23:17:40,2023-08-22 23:17:40,2023-09-03 12:17:40
ORD000192,CUST000025,invoiced,2024-03-18 06:33:54,2024-03-18 08:33:54,,,2024-03-31 06:33:54
ORD000193,CUST001548,delivered,2024-01-31 20:39:29,2024-02-01 14:39:29,2024-02-04 14:39:29,2024-02-16 14:39:29,2024-02-25 20:39:29
ORD000194,CUST000752,delivered,2023-06-09 23:20:48,2023-06-10 12:20:48,2023-06-11 12:20:48,2023-06-19 12:20:48,2023-06-26 23:20:48
ORD000195,CUST000003,processing,2024-04-24 08:56:44,2024-04-24 17:56:44,,,2024-05-16 08:56:44
ORD000196,CUST001651,invoiced,2023-11-20 22:13:20,2023-11-22 14:13:20,,,2023-12-13 22:13:20
ORD000197,CUST001528,delivered,2024-10-05 01:17:07,2024-10-05 06:17:07,2024-10-06 06:17:07,2024-10-08 06:17:07,2024-10-12 01:17:07
ORD000198,CUST000130,processing,2023-02-24 12:04:11,2023-02-25 09:04:11,,,2023-03-14 12:04:11
ORD000199,CUST000510,invoiced,2023-07-27 05:28:59,2023-07-28 01:28:59,,,2023-08-05 05:28:59
ORD000200,CUST001151,canceled,2024-01-07 22:41:28,,,,2024-02-01 22:41:28
ORD000201,CUST001012,delivered,2024-04-02 17:17:50,2024-04-03 05:17:50,2024-04-05 05:17:50,2024-04-11 05:17:50,2024-04-12 17:17:50
ORD000202,CUST000702,canceled,2024-07-29 05:49:06,,,,2024-08-09 05:49:06
ORD000203,CUST001491,delivered,2023-06-17 15:06:59,2023-06-19 07:06:59,2023-06-21 07:06:59,2023-06-25 07:06:59,2023-07-11 15:06:59
ORD000204,CUST001232,delivered,2024-07-19 22:53:22,2024-07-20 16:53:22,2024-07-23 16:53:22,2024-08-07 16:53:22,2024-08-02 22:53:22
ORD000205,CUST000954,canceled,2023-04-27 05:20:21,,,,2023-05-07 05:20:21
ORD000206,CUST000220,processing,2023-02-10 04:56:13,2023-02-11 11:56:13,,,2023-03-01 04:56:13
ORD000207,CUST001368,delivered,2024-05-03 06:12:22,2024-05-04 20:12:22,2024-05-07 20:12:22,2024-05-22 20:12:22,2024-05-21 06:12:22
ORD000208,CUST000458,delivered,2024-03-27 21:17:42,2024-03-29 02:17:42,2024-03-30 02:17:42,2024-04-08 02:17:42,2024-04-21 21:17:42
ORD000209,CUST000573,approved,2023-12-19 12:22:15,2023-12-20 12:22:15,,,2023-12-28 12:22:15
ORD000210,CUST000410,delivered,2023-07-01 04:54:47,2023-07-03 00:54:47,2023-07-05 00:54:47,2023-07-09 00:54:47,2023-07-11 04:54:47
ORD000211,CUST001101,invoiced,2024-11-15 07:10:38,2024-11-16 04:10:38,,,2024-12-01 07:10:38
ORD000212,CUST000683,delivered,2024-12-29 03:01:28,2024-12-30 11:01:28,2024-12-31 11:01:28,2025-01-11 11:01:28,2025-01-23 03:01:28
ORD000213,CUST000096,delivered,2024-03-03 06:09:19,2024-03-03 23:09:19,2024-03-04 23:09:19,2024-03-14 23:09:19,2024-03-18 06:09:19
ORD000214,CUST001270,delivered,2024-06-16 00:51:12,2024-06-16 11:51:12,2024-06-17 11:51:12,2024-06-29 11:51:12,2024-06-30 00:51:12
ORD000215,CUST000871,delivered,2024-12-18 11:09:51,2024-12-19 15:09:51,2024-12-21 15:09:51,2024-12-23 15:09:51,2025-01-02 11:09:51
ORD000216,CUST001019,delivered,2024-11-03 16:40:42,2024-11-04 14:40:42,2024-11-07 14:40:42,2024-11-09 14:40:42,2024-11-14 16:40:42
ORD000217,CUST001693,delivered,2024-10-01 00:23:19,2024-10-01 02:23:19,2024-10-03 02:23:19,2024-10-11 02:23:19,2024-10-14 00:23:19
ORD000218,CUST001897,delivered,2024-04-26 13:50:09,2024-04-28 10:50:09,2024-05-01 10:50:09,2024-05-07 10:50:09,2024-05-15 13:50:09
ORD000219,CUST000301,shipped,2023-12-10 13:21:16,2023-12-11 17:21:16,2023-12-13 17:21:16,,2023-12-27 13:21:16
ORD000220,CUST001327,delivered,2023-05-16 12:36:22,2023-05-18 00:36:22,2023-05-19 00:36:22,2023-05-28 00:36:22,2023-06-01 12:36:22
ORD000221,CUST001327,canceled,2023-10-01 03:01:59,,,,2023-10-10 03:01:59
ORD000222,CUST000531,processing,2024-11-13 11:36:01,2024-11-13 19:36:01,,,2024-11-20 11:36:01
ORD000223,CUST001980,delivered,2023-05-12 03:53:51,2023-05-12 15:53:51,2023-05-14 15:53:51,2023-05-17 15:53:51,2023-05-23 03:53:51
ORD000224,CUST000491,delivered,2024-08-08 08:37:36,2024-08-08 13:37:36,2024-08-09 13:37:36,2024-08-22 13:37:36,2024-08-15 08:37:36
ORD000225,CUST001338,delivered,2023-12-16 22:28:51,2023-12-18 12:28:51,2023-12-21 12:28:51,2024-01-05 12:28:51,2024-01-06 22:28:51
ORD000226,CUST000690,shipped,2024-10-08 12:02:51,2024-10-08 19:02:51,2024-10-11 19:02:51,,2024-10-18 12:02:51
ORD000227,CUST001136,delivered,2023-02-27 05:03:01,2023-03-01 05:03:01,2023-03-02 05:03:01,2023-03-06 05:03:01,2023-03-08 05:03:01
ORD000228,CUST001668,delivered,2023-04-04 00:08:23,2023-04-05 20:08:23,2023-04-06 20:08:23,2023-04-11 20:08:23,2023-04-12 00:08:23
ORD000229,CUST001851,delivered,2023-03-23 14:05:11,2023-03-25 00:05:11,2023-03-26 00:05:11,2023-04-04 00:05:11,2023-04-05 14:05:11
ORD000230,CUST001890,delivered,2024-12-26 18:02:00,2024-12-27 06:02:00,2024-12-29 06:02:00,2025-01-04 06:02:00,2025-01-20 18:02:00
ORD000231,CUST001539,delivered,2023-03-04 16:06:41,2023-03-04 17:06:41,2023-03-05 17:06:41,2023-03-09 17:06:41,2023-03-17 16:06:41
ORD000232,CUST001786,processing,2023-09-27 05:14:20,2023-09-28 18:14:20,,,2023-10-10 05:14:20
ORD000233,CUST001536,delivered,2024-12-17 04:30:54,2024-12-17 09:30:54,2024-12-18 09:30:54,2024-12-22 09:30:54,2025-01-03 04:30:54
ORD000234,CUST000646,delivered,2023-08-22 05:54:49,2023-08-23 19:54:49,2023-08-25 19:54:49,2023-09-05 19:54:49,2023-09-11 05:54:49
ORD000235,CUST000025,delivered,2024-06-02 23:19:24,2024-06-04 03:19:24,2024-06-06 03:19:24,2024-06-21 03:19:24,2024-06-20 23:19:24
ORD000236,CUST001717,delivered,2023-09-04 19:19:00,2023-09-06 15:19:00,2023-09-08 15:19:00,2023-09-14 15:19:00,2023-09-16 19:19:00
ORD000237,CUST000716,delivered,2023-03-08 02:14:36,2023-03-09 01:14:36,2023-03-12 01:14:36,2023-03-14 01:14:36,2023-03-28 02:14:36
ORD000238,CUST000740,delivered,2023-03-23 16:14:09,2023-03-25 16:14:09,2023-03-28 16:14:09,2023-03-31 16:14:09,2023-04-09 16:14:09
ORD000239,CUST001838,delivered,2024-08-25 13:09:39,2024-08-27 04:09:39,2024-08-30 04:09:39,2024-09-02 04:09:39,2024-09-19 13:09:39
ORD000240,CUST001816,delivered,2023-09-26 11:37:00,2023-09-28 11:37:00,2023-09-30 11:37:00,2023-10-07 11:37:00,2023-10-18 11:37:00
ORD000241,CUST001804,delivered,2023-11-04 17:48:25,2023-11-06 17:48:25,2023-11-07 17:48:25,2023-11-12 17:48:25,2023-11-29 17:48:25
ORD000242,CUST001655,delivered,2023-06-24 01:33:16,2023-06-25 04:33:16,2023-06-27 04:33:16,2023-07-06 04:33:16,2023-07-11 01:33:16
ORD000243,CUST000235,processing,2024-02-17 16:52:48,2024-02-18 22:52:48,,,2024-03-09 16:52:48
ORD000244,CUST000560,delivered,2023-06-06 05:10:23,2023-06-07 06:10:23,2023-06-09 06:10:23,2023-06-11 06:10:23,2023-06-17 05:10:23
ORD000245,CUST001795,approved,2023-11-21 13:53:18,2023-11-23 06:53:18,,,2023-12-02 13:53:18
ORD000246,CUST000918,delivered,2024-02-14 13:18:54,2024-02-16 08:18:54,2024-02-17 08:18:54,2024-02-21 08:18:54,2024-03-10 13:18:54
ORD000247,CUST001109,delivered,2023-07-08 07:54:01,2023-07-09 09:54:01,2023-07-11 09:54:01,2023-07-15 09:54:01,2023-07-23 07:54:01
ORD000248,CUST001585,delivered,2023-12-12 07:12:00,2023-12-13 09:12:00,2023-12-14 09:12:00,2023-12-20 09:12:00,2024-01-05 07:12:00
ORD000249,CUST001873,delivered,2023-10-12 08:17:30,2023-10-13 23:17:30,2023-10-16 23:17:30,2023-10-25 23:17:30,2023-11-01 08:17:30
ORD000250,CUST001084,delivered,2024-03-21 05:49:08,2024-03-23 00:49:08,2024-03-24 00:49:08,2024-03-31 00:49:08,2024-03-31 05:49:08
ORD000251,CUST001961,delivered,2023-03-10 11:46:13,2023-03-12 02:46:13,2023-03-14 02:46:13,2023-03-18 02:46:13,2023-03-24 11:46:13
ORD000252,CUST000002,shipped,2024-06-15 17:59:39,2024-06-16 20:59:39,2024-06-18 20:59:39,,2024-06-22 17:59:39
ORD000253,CUST000168,delivered,2023-11-12 22:59:33,2023-11-14 15:59:33,2023-11-16 15:59:33,2023-11-28 15:59:33,2023-12-02 22:59:33
ORD000254,CUST000400,delivered,2024-09-18 04:26:10,2024-09-19 14:26:10,2024-09-21 14:26:10,2024-09-28 14:26:10,2024-10-06 04:26:10
ORD000255,CUST000374,delivered,2024-12-06 04:39:54,2024-12-07 11:39:54,2024-12-08 11:39:54,2024-12-10 11:39:54,2024-12-27 04:39:54
ORD000256,CUST000929,delivered,2024-01-14 15:10:57,2024-01-15 12:10:57,2024-01-18 12:10:57,2024-01-23 12:10:57,2024-01-31 15:10:57
ORD000257,CUST000806,shipped,2024-10-11 17:20:14,2024-10-13 05:20:14,2024-10-15 05:20:14,,2024-11-05 17:20:14
ORD000258,CUST000722,canceled,2023-12-06 07:04:37,,,,2023-12-23 07:04:37
ORD000259,CUST000498,approved,2024-10-09 20:50:09,2024-10-10 11:50:09,,,2024-11-03 20:50:09
ORD000260,CUST000843,shipped,2024-09-16 08:37:46,2024-09-17 00:37:46,2024-09-19 00:37:46,,2024-10-11 08:37:46
ORD000261,CUST000502,delivered,2024-04-26 00:42:22,2024-04-26 07:42:22,2024-04-28 07:42:22,2024-05-12 07:42:22,2024-05-07 00:42:22
ORD000262,CUST000005,delivered,2024-09-30 11:42:39,2024-10-01 19:42:39,2024-10-03 19:42:39,2024-10-14 19:42:39,2024-10-15 11:42:39
ORD000263,CUST001390,delivered,2023-03-10 16:21:54,2023-03-11 05:21:54,2023-03-13 05:21:54,2023-03-26 05:21:54,2023-03-21 16:21:54
ORD000264,CUST000742,delivered,2024-01-08 02:08:56,2024-01-08 17:08:56,2024-01-11 17:08:56,2024-01-13 17:08:56,2024-01-25 02:08:56
ORD000265,CUST000782,delivered,2023-12-31 22:35:50,2024-01-01 08:35:50,2024-01-03 08:35:50,2024-01-10 08:35:50,2024-01-22 22:35:50
ORD000266,CUST000793,processing,2023-11-18 22:01:08,2023-11-19 11:01:08,,,2023-12-01 22:01:08
ORD000267,CUST001880,delivered,2024-09-03 22:01:49,2024-09-05 21:01:49,2024-09-06 21:01:49,2024-09-19 21:01:49,2024-09-16 22:01:49
ORD000268,CUST000124,delivered,2024-06-20 18:21:17,2024-06-21 19:21:17,2024-06-23 19:21:17,2024-07-06 19:21:17,2024-06-27 18:21:17
ORD000269,CUST001837,delivered,2023-11-02 09:30:08,2023-11-03 04:30:08,2023-11-04 04:30:08,2023-11-06 04:30:08,2023-11-22 09:30:08
ORD000270,CUST001251,delivered,2023-03-22 13:25:17,2023-03-22 23:25:17,2023-03-24 23:25:17,2023-04-05 23:25:17,2023-04-10 13:25:17
ORD000271,CUST001513,delivered,2024-07-22 05:42:55,2024-07-23 02:42:55,2024-07-24 02:42:55,2024-07-30 02:42:55,2024-08-12 05:42:55
ORD000272,CUST001941,delivered,2023-10-10 07:12:03,2023-10-11 13:12:03,2023-10-13 13:12:03,2023-10-17 13:12:03,2023-11-04 07:12:03
ORD000273,CUST001472,invoiced,2023-05-12 11:45:10,2023-05-12 19:45:10,,,2023-05-20 11:45:10
ORD000274,CUST000182,delivered,2023-12-01 20:07:07,2023-12-02 06:07:07,2023-12-04 06:07:07,2023-12-19 06:07:07,2023-12-20 20:07:07
ORD000275,CUST000915,delivered,2024-07-17 00:55:37,2024-07-18 18:55:37,2024-07-20 18:55:37,2024-07-28 18:55:37,2024-07-29 00:55:37
ORD000276,CUST000680,shipped,2023-12-01 22:19:17,2023-12-02 01:19:17,2023-12-05 01:19:17,,2023-12-17 22:19:17
ORD000277,CUST001640,delivered,2023-11-28 20:35:36,2023-11-28 23:35:36,2023-12-01 23:35:36,2023-12-03 23:35:36,2023-12-09 20:35:36
ORD000278,CUST001652,canceled,2024-05-23 02:19:32,,,,2024-06-03 02:19:32
ORD000279,CUST001359,delivered,2023-06-05 03:43:22,2023-06-07 01:43:22,2023-06-08 01:43:22,2023-06-11 01:43:22,2023-06-23 03:43:22
ORD000280,CUST001652,delivered,2024-01-01 12:18:43,2024-01-02 10:18:43,2024-01-03 10:18:43,2024-01-12 10:18:43,2024-01-20 12:18:43
ORD000281,CUST000757,delivered,2024-07-12 02:15:46,2024-07-13 20:15:46,2024-07-15 20:15:46,2024-07-28 20:15:46,2024-07-23 02:15:46
ORD000282,CUST000062,shipped,2024-07-15 03:15:27,2024-07-16 08:15:27,2024-07-17 08:15:27,,2024-07-25 03:15:27
ORD000283,CUST000315,delivered,2023-09-25 08:16:45,2023-09-27 02:16:45,2023-09-30 02:16:45,2023-10-10 02:16:45,2023-10-02 08:16:45
ORD000284,CUST001891,processing,2023-02-23 23:24:26,2023-02-24 14:24:26,,,2023-03-17 23:24:26
ORD000285,CUST000323,delivered,2023-02-13 01:32:08,2023-02-13 16:32:08,2023-02-14 16:32:08,2023-03-01 16:32:08,2023-02-24 01:32:08
ORD000286,CUST001312,delivered,2024-05-27 11:37:52,2024-05-29 04:37:52,2024-06-01 04:37:52,2024-06-09 04:37:52,2024-06-03 11:37:52
ORD000287,CUST000802,delivered,2024-06-06 10:32:43,2024-06-08 05:32:43,2024-06-11 05:32:43,2024-06-24 05:32:43,2024-06-26 10:32:43
ORD000288,CUST001194,delivered,2024-07-17 02:28:27,2024-07-18 16:28:27,2024-07-19 16:28:27,2024-07-24 16:28:27,2024-07-31 02:28:27
ORD000289,CUST000599,delivered,2024-08-19 17:53:37,2024-08-21 14:53:37,2024-08-22 14:53:37,2024-09-02 14:53:37,2024-09-06 17:53:37
ORD000290,CUST001923,delivered,2024-06-05 05:58:39,2024-06-05 15:58:39,2024-06-08 15:58:39,2024-06-10 15:58:39,2024-06-21 05:58:39
ORD000291,CUST001530,delivered,2023-09-30 20:15:10,2023-10-01 21:15:10,2023-10-02 21:15:10,2023-10-17 21:15:10,2023-10-13 20:15:10
ORD000292,CUST000019,delivered,2024-09-14 09:19:50,2024-09-15 06:19:50,2024-09-17 06:19:50,2024-09-25 06:19:50,2024-09-24 09:19:50
ORD000293,CUST000379,delivered,2024-10-28 10:23:25,2024-10-29 15:23:25,2024-11-01 15:23:25,2024-11-13 15:23:25,2024-11-20 10:23:25
ORD000294,CUST000230,delivered,2024-02-20 07:26:56,2024-02-20 10:26:56,2024-02-22 10:26:56,2024-03-07 10:26:56,2024-03-01 07:26:56
ORD000295,CUST001900,delivered,2023-07-30 07:17:13,2023-08-01 07:17:13,2023-08-04 07:17:13,2023-08-10 07:17:13,2023-08-12 07:17:13
ORD000296,CUST001480,delivered,2024-08-30 11:02:43,2024-08-30 15:02:43,2024-09-02 15:02:43,2024-09-14 15:02:43,2024-09-13 11:02:43
ORD000297,CUST001232,delivered,2024-08-03 09:11:13,2024-08-03 11:11:13,2024-08-05 11:11:13,2024-08-07 11:11:13,2024-08-16 09:11:13
ORD000298,CUST001453,delivered,2023-07-05 12:09:29,2023-07-07 11:09:29,2023-07-09 11:09:29,2023-07-22 11:09:29,2023-07-22 12:09:29
ORD000299,CUST000467,delivered,2024-04-13 14:13:36,2024-04-14 01:13:36,2024-04-16 01:13:36,2024-04-25 01:13:36,2024-05-07 14:13:36
ORD000300,CUST000952,shipped,2024-09-03 10:23:20,2024-09-05 05:23:20,2024-09-06 05:23:20,,2024-09-12 10:23:20
ORD000301,CUST001408,processing,2024-09-23 03:54:18,2024-09-23 05:54:18,,,2024-10-01 03:54:18
ORD000302,CUST000237,invoiced,2023-01-12 09:59:04,2023-01-13 05:59:04,,,2023-02-02 09:59:04
ORD000303,CUST001751,invoiced,2024-01-26 20:41:03,2024-01-27 03:41:03,,,2024-02-03 20:41:03
ORD000304,CUST000967,delivered,2024-01-12 07:50:20,2024-01-13 11:50:20,2024-01-16 11:50:20,2024-01-23 11:50:20,2024-01-21 07:50:20
ORD000305,CUST001320,delivered,2023-10-14 15:12:00,2023-10-15 11:12:00,2023-10-16 11:12:00,2023-10-19 11:12:00,2023-10-30 15:12:00
ORD000306,CUST000101,delivered,2023-05-26 09:33:55,2023-05-26 23:33:55,2023-05-27 23:33:55,2023-06-08 23:33:55,2023-06-02 09:33:55
ORD000307,CUST001645,delivered,2024-05-02 06:21:22,2024-05-02 12:21:22,2024-05-05 12:21:22,2024-05-10 12:21:22,2024-05-23 06:21:22
ORD000308,CUST001635,delivered,2024-08-16 20:17:45,2024-08-16 22:17:45,2024-08-19 22:17:45,2024-08-30 22:17:45,2024-09-07 20:17:45
ORD000309,CUST000645,delivered,2023-03-06 05:34:52,2023-03-07 07:34:52,2023-03-10 07:34:52,2023-03-18 07:34:52,2023-03-13 05:34:52
ORD000310,CUST001048,delivered,2023-02-08 18:06:38,2023-02-10 00:06:38,2023-02-12 00:06:38,2023-02-16 00:06:38,2023-02-15 18:06:38
ORD000311,CUST000967,delivered,2024-08-13 01:36:11,2024-08-13 19:36:11,2024-08-16 19:36:11,2024-08-22 19:36:11,2024-09-04 01:36:11
ORD000312,CUST000714,delivered,2023-07-27 09:43:53,2023-07-28 03:43:53,2023-07-29 03:43:53,2023-08-03 03:43:53,2023-08-17 09:43:53
ORD000313,CUST001601,delivered,2023-01-02 23:40:20,2023-01-04 12:40:20,2023-01-06 12:40:20,2023-01-16 12:40:20,2023-01-24 23:40:20
ORD000314,CUST000194,delivered,2023-08-26 01:43:18,2023-08-26 07:43:18,2023-08-29 07:43:18,2023-09-05 07:43:18,2023-09-16 01:43:18
ORD000315,CUST000522,delivered,2024-04-28 19:49:40,2024-04-30 14:49:40,2024-05-02 14:49:40,2024-05-15 14:49:40,2024-05-22 19:49:40
ORD000316,CUST001464,delivered,2024-07-07 05:18:16,2024-07-08 22:18:16,2024-07-10 22:18:16,2024-07-18 22:18:16,2024-07-19 05:18:16
ORD000317,CUST001549,delivered,2024-08-17 14:37:42,2024-08-18 13:37:42,2024-08-20 13:37:42,2024-08-24 13:37:42,2024-09-08 14:37:42
ORD000318,CUST000198,delivered,2024-11-22 19:44:36,2024-11-23 23:44:36,2024-11-24 23:44:36,2024-12-05 23:44:36,2024-12-07 19:44:36
ORD000319,CUST000499,canceled,2023-05-21 12:07:01,,,,2023-06-11 12:07:01
ORD000320,CUST000704,processing,2024-04-06 19:37:55,2024-04-07 06:37:55,,,2024-04-14 19:37:55
ORD000321,CUST000623,canceled,2023-12-18 18:26:08,,,,2023-12-29 18:26:08
ORD000322,CUST001902,delivered,2024-09-05 12:26:20,2024-09-07 12:26:20,2024-09-08 12:26:20,2024-09-23 12:26:20,2024-09-30 12:26:20
ORD000323,CUST001124,shipped,2023-05-23 07:29:36,2023-05-24 09:29:36,2023-05-25 09:29:36,,2023-06-12 07:29:36
ORD000324,CUST001474,delivered,2023-04-25 18:15:17,2023-04-27 04:15:17,2023-04-28 04:15:17,2023-05-09 04:15:17,2023-05-02 18:15:17
ORD000325,CUST000777,delivered,2023-09-18 20:02:28,2023-09-19 07:02:28,2023-09-22 07:02:28,2023-09-27 07:02:28,2023-10-05 20:02:28
ORD000326,CUST000834,delivered,2024-05-15 04:15:25,2024-05-16 04:15:25,2024-05-19 04:15:25,2024-05-27 04:15:25,2024-06-07 04:15:25
ORD000327,CUST001460,delivered,2024-11-03 14:18:05,2024-11-04 13:18:05,2024-11-07 13:18:05,2024-11-15 13:18:05,2024-11-13 14:18:05
ORD000328,CUST001694,delivered,2023-08-20 23:19:07,2023-08-21 09:19:07,2023-08-24 09:19:07,2023-09-07 09:19:07,2023-09-02 23:19:07
ORD000329,CUST001081,shipped,2023-01-01 18:22:07,2023-01-03 02:22:07,2023-01-04 02:22:07,,2023-01-10 18:22:07
ORD000330,CUST000004,delivered,2024-12-12 11:09:40,2024-12-13 13:09:40,2024-12-15 13:09:40,2024-12-30 13:09:40,2024-12-25 11:09:40
ORD000331,CUST001222,delivered,2024-07-08 23:14:16,2024-07-09 12:14:16,2024-07-10 12:14:16,2024-07-12 12:14:16,2024-07-15 23:14:16
ORD000332,CUST001322,delivered,2023-10-30 04:24:29,2023-11-01 00:24:29,2023-11-02 00:24:29,2023-11-05 00:24:29,2023-11-14 04:24:29
ORD000333,CUST001427,delivered,2024-04-08 04:19:51,2024-04-09 03:19:51,2024-04-12 03:19:51,2024-04-20 03:19:51,2024-04-15 04:19:51
ORD000334,CUST000921,delivered,2024-12-15 21:45:23,2024-12-16 22:45:23,2024-12-18 22:45:23,2024-12-23 22:45:23,2024-12-31 21:45:23
ORD000335,CUST000520,delivered,2024-03-14 22:32:47,2024-03-16 05:32:47,2024-03-19 05:32:47,2024-03-30 05:32:47,2024-04-08 22:32:47
ORD000336,CUST001967,approved,2023-02-12 17:53:20,2023-02-14 01:53:20,,,2023-03-01 17:53:20
ORD000337,CUST001697,delivered,2023-12-26 01:07:48,2023-12-27 08:07:48,2023-12-29 08:07:48,2024-01-12 08:07:48,2024-01-19 01:07:48
ORD000338,CUST000891,delivered,2023-04-11 15:23:24,2023-04-13 07:23:24,2023-04-15 07:23:24,2023-04-27 07:23:24,2023-05-03 15:23:24
ORD000339,CUST000279,delivered,2023-01-28 13:50:03,2023-01-29 21:50:03,2023-01-30 21:50:03,2023-02-08 21:50:03,2023-02-12 13:50:03
ORD000340,CUST000030,delivered,2024-07-10 03:21:05,2024-07-12 02:21:05,2024-07-15 02:21:05,2024-07-27 02:21:05,2024-07-20 03:21:05
ORD000341,CUST001093,delivered,2024-04-10 13:49:47,2024-04-11 05:49:47,2024-04-14 05:49:47,2024-04-23 05:49:47,2024-04-18 13:49:47
ORD000342,CUST000753,delivered,2023-11-27 11:16:47,2023-11-29 09:16:47,2023-12-01 09:16:47,2023-12-06 09:16:47,2023-12-17 11:16:47
ORD000343,CUST001331,delivered,2023-04-08 00:22:29,2023-04-09 14:22:29,2023-04-12 14:22:29,2023-04-26 14:22:29,2023-04-15 00:22:29
ORD000344,CUST001938,delivered,2024-06-02 16:10:52,2024-06-03 04:10:52,2024-06-05 04:10:52,2024-06-11 04:10:52,2024-06-27 16:10:52
ORD000345,CUST001718,delivered,2024-02-02 19:30:10,2024-02-02 23:30:10,2024-02-04 23:30:10,2024-02-15 23:30:10,2024-02-12 19:30:10
ORD000346,CUST001712,delivered,2024-12-15 18:48:49,2024-12-16 23:48:49,2024-12-18 23:48:49,2025-01-02 23:48:49,2024-12-27 18:48:49
ORD000347,CUST001620,delivered,2023-02-10 10:34:08,2023-02-11 14:34:08,2023-02-12 14:34:08,2023-02-24 14:34:08,2023-02-21 10:34:08
ORD000348,CUST001846,delivered,2023-03-20 07:14:59,2023-03-20 23:14:59,2023-03-21 23:14:59,2023-03-29 23:14:59,2023-04-01 07:14:59
ORD000349,CUST000809,delivered,2024-01-21 01:35:50,2024-01-21 16:35:50,2024-01-23 16:35:50,2024-02-07 16:35:50,2024-02-15 01:35:50
ORD000350,CUST001855,delivered,2024-05-20 08:19:40,2024-05-22 05:19:40,2024-05-23 05:19:40,2024-05-26 05:19:40,2024-06-01 08:19:40
ORD000351,CUST000380,delivered,2023-05-23 04:48:21,2023-05-24 19:48:21,2023-05-27 19:48:21,2023-05-29 19:48:21,2023-06-13 04:48:21
ORD000352,CUST000912,shipped,2024-05-23 13:21:00,2024-05-24 17:21:00,2024-05-25 17:21:00,,2024-06-15 13:21:00
ORD000353,CUST001917,delivered,2024-12-11 13:24:32,2024-12-11 20:24:32,2024-12-13 20:24:32,2024-12-22 20:24:32,2024-12-19 13:24:32
ORD000354,CUST000840,delivered,2023-10-13 15:53:05,2023-10-14 19:53:05,2023-10-15 19:53:05,2023-10-18 19:53:05,2023-10-22 15:53:05
ORD000355,CUST000965,delivered,2023-09-27 13:01:16,2023-09-28 22:01:16,2023-09-29 22:01:16,2023-10-03 22:01:16,2023-10-07 13:01:16
ORD000356,CUST000218,delivered,2023-01-25 05:53:53,2023-01-25 17:53:53,2023-01-28 17:53:53,2023-02-02 17:53:53,2023-02-15 05:53:53
ORD000357,CUST000770,delivered,2024-11-06 19:52:34,2024-11-07 12:52:34,2024-11-09 12:52:34,2024-11-12 12:52:34,2024-11-18 19:52:34
ORD000358,CUST001860,delivered,2024-08-19 15:02:46,2024-08-19 18:02:46,2024-08-20 18:02:46,2024-08-25 18:02:46,2024-08-30 15:02:46
ORD000359,CUST001622,delivered,2023-11-04 04:51:00,2023-11-05 06:51:00,2023-11-06 06:51:00,2023-11-13 06:51:00,2023-11-12 04:51:00
ORD000360,CUST001419,delivered,2024-06-06 00:26:34,2024-06-07 19:26:34,2024-06-09 19:26:34,2024-06-20 19:26:34,2024-06-29 00:26:34
ORD000361,CUST001825,processing,2023-01-10 11:02:39,2023-01-10 20:02:39,,,2023-01-27 11:02:39
ORD000362,CUST000794,shipped,2023-09-07 17:29:25,2023-09-08 06:29:25,2023-09-11 06:29:25,,2023-09-29 17:29:25
ORD000363,CUST001446,delivered,2024-05-04 17:25:48,2024-05-05 05:25:48,2024-05-07 05:25:48,2024-05-17 05:25:48,2024-05-28 17:25:48
ORD000364,CUST001556,delivered,2023-03-14 05:19:11,2023-03-15 14:19:11,2023-03-16 14:19:11,2023-03-31 14:19:11,2023-03-23 05:19:11
ORD000365,CUST001816,approved,2024-05-04 18:41:30,2024-05-04 23:41:30,,,2024-05-29 18:41:30
ORD000366,CUST001770,delivered,2023-06-18 08:59:43,2023-06-19 11:59:43,2023-06-22 11:59:43,2023-06-29 11:59:43,2023-07-02 08:59:43
ORD000367,CUST000374,delivered,2023-09-26 14:47:46,2023-09-27 18:47:46,2023-09-28 18:47:46,2023-10-13 18:47:46,2023-10-13 14:47:46
ORD000368,CUST001781,delivered,2024-02-09 01:00:26,2024-02-11 00:00:26,2024-02-13 00:00:26,2024-02-21 00:00:26,2024-03-01 01:00:26
ORD000369,CUST000237,delivered,2024-09-12 08:10:54,2024-09-12 17:10:54,2024-09-14 17:10:54,2024-09-25 17:10:54,2024-10-05 08:10:54
ORD000370,CUST000089,processing,2024-02-21 23:31:17,2024-02-23 16:31:17,,,2024-03-04 23:31:17
ORD000371,CUST001413,delivered,2023-09-05 21:48:29,2023-09-07 05:48:29,2023-09-08 05:48:29,2023-09-16 05:48:29,2023-09-12 21:48:29
ORD000372,CUST001498,delivered,2024-03-03 02:24:54,2024-03-05 00:24:54,2024-03-06 00:24:54,2024-03-20 00:24:54,2024-03-11 02:24:54
ORD000373,CUST001931,delivered,2024-01-14 10:05:57,2024-01-15 16:05:57,2024-01-18 16:05:57,2024-02-01 16:05:57,2024-01-31 10:05:57
ORD000374,CUST001799,delivered,2023-11-07 19:29:21,2023-11-08 15:29:21,2023-11-10 15:29:21,2023-11-20 15:29:21,2023-11-29 19:29:21
ORD000375,CUST001872,delivered,2024-01-31 21:27:54,2024-02-02 17:27:54,2024-02-05 17:27:54,2024-02-16 17:27:54,2024-02-25 21:27:54
ORD000376,CUST000180,delivered,2023-05-21 17:05:15,2023-05-23 14:05:15,2023-05-25 14:05:15,2023-06-01 14:05:15,2023-06-14 17:05:15
ORD000377,CUST000330,delivered,2024-06-13 22:26:28,2024-06-14 15:26:28,2024-06-17 15:26:28,2024-06-23 15:26:28,2024-06-28 22:26:28
ORD000378,CUST000839,delivered,2023-10-23 21:38:33,2023-10-24 18:38:33,2023-10-26 18:38:33,2023-10-31 18:38:33,2023-11-17 21:38:33
ORD000379,CUST001396,approved,2023-07-15 12:41:20,2023-07-16 01:41:20,,,2023-08-01 12:41:20
ORD000380,CUST000323,delivered,2024-06-14 14:59:01,2024-06-16 05:59:01,2024-06-18 05:59:01,2024-06-30 05:59:01,2024-06-27 14:59:01
ORD000381,CUST001701,shipped,2024-09-19 05:04:15,2024-09-21 02:04:15,2024-09-23 02:04:15,,2024-10-02 05:04:15
ORD000382,CUST001312,delivered,2024-12-04 13:09:40,2024-12-06 01:09:40,2024-12-08 01:09:40,2024-12-13 01:09:40,2024-12-25 13:09:40
ORD000383,CUST001302,delivered,2024-08-18 18:56:12,2024-08-20 17:56:12,2024-08-23 17:56:12,2024-08-29 17:56:12,2024-09-01 18:56:12
ORD000384,CUST000939,shipped,2023-07-30 21:46:38,2023-07-31 19:46:38,2023-08-01 19:46:38,,2023-08-21 21:46:38
ORD000385,CUST000373,delivered,2024-01-19 08:56:35,2024-01-21 06:56:35,2024-01-23 06:56:35,2024-02-03 06:56:35,2024-02-09 08:56:35
ORD000386,CUST000659,delivered,2024-07-04 12:25:47,2024-07-06 03:25:47,2024-07-07 03:25:47,2024-07-13 03:25:47,2024-07-14 12:25:47
ORD000387,CUST001288,approved,2024-01-21 20:02:59,2024-01-21 21:02:59,,,2024-01-30 20:02:59
ORD000388,CUST001134,canceled,2023-07-13 09:16:38,,,,2023-08-03 09:16:38
ORD000389,CUST000793,shipped,2024-07-17 21:14:51,2024-07-19 06:14:51,2024-07-22 06:14:51,,2024-08-06 21:14:51
ORD000390,CUST000371,delivered,2023-07-23 09:40:25,2023-07-24 13:40:25,2023-07-27 13:40:25,2023-08-05 13:40:25,2023-08-02 09:40:25
ORD000391,CUST000934,delivered,2024-05-02 15:55:01,2024-05-02 23:55:01,2024-05-03 23:55:01,2024-05-07 23:55:01,2024-05-12 15:55:01
ORD000392,CUST001451,delivered,2024-01-06 01:59:03,2024-01-06 06:59:03,2024-01-08 06:59:03,2024-01-11 06:59:03,2024-01-30 01:59:03
ORD000393,CUST001395,delivered,2024-07-02 09:46:21,2024-07-02 16:46:21,2024-07-05 16:46:21,2024-07-17 16:46:21,2024-07-22 09:46:21
ORD000394,CUST000768,canceled,2023-07-29 01:27:14,,,,2023-08-23 01:27:14
ORD000395,CUST000030,delivered,2023-03-03 00:21:31,2023-03-04 16:21:31,2023-03-07 16:21:31,2023-03-13 16:21:31,2023-03-19 00:21:31
ORD000396,CUST001394,delivered,2024-03-16 08:45:46,2024-03-18 00:45:46,2024-03-21 00:45:46,2024-04-01 00:45:46,2024-03-31 08:45:46
ORD000397,CUST001811,processing,2024-07-19 12:52:20,2024-07-19 22:52:20,,,2024-07-26 12:52:20
ORD000398,CUST000142,delivered,2024-07-20 21:16:01,2024-07-21 12:16:01,2024-07-22 12:16:01,2024-08-05 12:16:01,2024-08-08 21:16:01
ORD000399,CUST000008,delivered,2023-07-28 19:43:23,2023-07-29 06:43:23,2023-07-30 06:43:23,2023-08-10 06:43:23,2023-08-12 19:43:23
ORD000400,CUST001189,delivered,2024-05-12 04:32:06,2024-05-13 07:32:06,2024-05-14 07:32:06,2024-05-19 07:32:06,2024-06-02 04:32:06
ORD000401,CUST001124,canceled,2024-09-16 06:01:51,,,,2024-09-30 06:01:51
ORD000402,CUST001407,delivered,2023-10-14 03:54:35,2023-10-15 22:54:35,2023-10-17 22:54:35,2023-10-25 22:54:35,2023-11-08 03:54:35
ORD000403,CUST000462,delivered,2024-09-06 14:04:45,2024-09-07 05:04:45,2024-09-08 05:04:45,2024-09-23 05:04:45,2024-09-15 14:04:45
ORD000404,CUST000297,delivered,2024-02-23 16:10:13,2024-02-25 16:10:13,2024-02-27 16:10:13,2024-03-13 16:10:13,2024-03-13 16:10:13
ORD000405,CUST000546,delivered,2023-01-24 19:42:24,2023-01-25 09:42:24,2023-01-28 09:42:24,2023-02-06 09:42:24,2023-02-13 19:42:24
ORD000406,CUST001952,delivered,2024-06-20 12:27:44,2024-06-21 20:27:44,2024-06-24 20:27:44,2024-07-05 20:27:44,2024-07-09 12:27:44
ORD000407,CUST001664,delivered,2024-03-28 22:05:02,2024-03-29 08:05:02,2024-04-01 08:05:02,2024-04-04 08:05:02,2024-04-16 22:05:02
ORD000408,CUST000039,delivered,2023-06-22 14:42:33,2023-06-23 11:42:33,2023-06-25 11:42:33,2023-07-03 11:42:33,2023-07-07 14:42:33
ORD000409,CUST001993,canceled,2023-09-12 10:34:59,,,,2023-10-01 10:34:59
ORD000410,CUST000702,invoiced,2024-09-06 17:06:06,2024-09-08 13:06:06,,,2024-10-01 17:06:06
ORD000411,CUST001775,delivered,2023-09-07 23:30:03,2023-09-09 04:30:03,2023-09-12 04:30:03,2023-09-26 04:30:03,2023-09-14 23:30:03
ORD000412,CUST001097,delivered,2024-02-03 20:48:48,2024-02-04 21:48:48,2024-02-05 21:48:48,2024-02-14 21:48:48,2024-02-23 20:48:48
ORD000413,CUST000344,delivered,2024-04-01 15:26:32,2024-04-02 08:26:32,2024-04-04 08:26:32,2024-04-09 08:26:32,2024-04-16 15:26:32
ORD000414,CUST000741,delivered,2024-01-11 09:27:40,2024-01-11 20:27:40,2024-01-12 20:27:40,2024-01-27 20:27:40,2024-02-05 09:27:40
ORD000415,CUST000016,delivered,2024-10-22 18:49:46,2024-10-23 07:49:46,2024-10-24 07:49:46,2024-11-01 07:49:46,2024-11-09 18:49:46
ORD000416,CUST000386,delivered,2023-02-19 08:19:20,2023-02-19 19:19:20,2023-02-20 19:19:20,2023-03-03 19:19:20,2023-03-15 08:19:20
ORD000417,CUST001673,delivered,2023-02-21 09:06:59,2023-02-22 02:06:59,2023-02-24 02:06:59,2023-02-28 02:06:59,2023-03-09 09:06:59
ORD000418,CUST000574,delivered,2023-05-26 15:52:13,2023-05-27 03:52:13,2023-05-28 03:52:13,2023-06-05 03:52:13,2023-06-11 15:52:13
ORD000419,CUST001980,delivered,2023-06-20 18:57:04,2023-06-21 00:57:04,2023-06-24 00:57:04,2023-06-26 00:57:04,2023-07-15 18:57:04
ORD000420,CUST001005,delivered,2024-11-01 06:24:21,2024-11-02 13:24:21,2024-11-04 13:24:21,2024-11-08 13:24:21,2024-11-15 06:24:21
ORD000421,CUST001752,delivered,2023-01-18 07:06:49,2023-01-18 12:06:49,2023-01-19 12:06:49,2023-02-02 12:06:49,2023-01-28 07:06:49
ORD000422,CUST001820,delivered,2023-10-03 06:30:26,2023-10-04 12:30:26,2023-10-07 12:30:26,2023-10-21 12:30:26,2023-10-21 06:30:26
ORD000423,CUST000316,delivered,2023-07-03 05:33:37,2023-07-03 17:33:37,2023-07-04 17:33:37,2023-07-18 17:33:37,2023-07-10 05:33:37
ORD000424,CUST000998,delivered,2023-11-30 06:15:17,2023-12-01 15:15:17,2023-12-02 15:15:17,2023-12-12 15:15:17,2023-12-23 06:15:17
ORD000425,CUST000845,delivered,2023-02-28 14:20:16,2023-02-28 18:20:16,2023-03-02 18:20:16,2023-03-06 18:20:16,2023-03-11 14:20:16
ORD000426,CUST001576,shipped,2023-09-05 22:10:18,2023-09-07 11:10:18,2023-09-09 11:10:18,,2023-09-26 22:10:18
ORD000427,CUST000196,delivered,2023-09-09 16:33:50,2023-09-10 00:33:50,2023-09-13 00:33:50,2023-09-18 00:33:50,2023-09-21 16:33:50
ORD000428,CUST000155,delivered,2024-10-17 22:03:51,2024-10-18 03:03:51,2024-10-20 03:03:51,2024-10-24 03:03:51,2024-10-24 22:03:51
ORD000429,CUST000406,delivered,2023-10-22 16:46:34,2023-10-24 00:46:34,2023-10-27 00:46:34,2023-11-10 00:46:34,2023-11-10 16:46:34
ORD000430,CUST000303,delivered,2024-07-17 19:42:51,2024-07-19 05:42:51,2024-07-21 05:42:51,2024-08-02 05:42:51,2024-08-09 19:42:51
ORD000431,CUST000561,delivered,2023-12-29 22:02:46,2023-12-31 22:02:46,2024-01-02 22:02:46,2024-01-16 22:02:46,2024-01-13 22:02:46
ORD000432,CUST001025,delivered,2024-06-20 14:50:35,2024-06-21 22:50:35,2024-06-22 22:50:35,2024-07-06 22:50:35,2024-06-28 14:50:35
ORD000433,CUST001419,delivered,2023-07-31 02:40:22,2023-08-01 02:40:22,2023-08-03 02:40:22,2023-08-06 02:40:22,2023-08-20 02:40:22
ORD000434,CUST001144,delivered,2024-01-27 13:41:15,2024-01-27 15:41:15,2024-01-29 15:41:15,2024-02-07 15:41:15,2024-02-09 13:41:15
ORD000435,CUST000301,delivered,2023-01-17 07:50:55,2023-01-19 00:50:55,2023-01-20 00:50:55,2023-01-29 00:50:55,2023-02-11 07:50:55
ORD000436,CUST000230,shipped,2023-05-24 23:37:55,2023-05-26 01:37:55,2023-05-27 01:37:55,,2023-06-04 23:37:55
ORD000437,CUST000932,canceled,2023-01-17 08:16:02,,,,2023-02-01 08:16:02
ORD000438,CUST001869,delivered,2024-05-13 14:32:09,2024-05-14 20:32:09,2024-05-16 20:32:09,2024-05-21 20:32:09,2024-06-03 14:32:09
ORD000439,CUST001949,invoiced,2023-05-14 15:08:19,2023-05-15 07:08:19,,,2023-05-25 15:08:19
ORD000440,CUST001487,delivered,2024-10-17 03:41:15,2024-10-17 07:41:15,2024-10-19 07:41:15,2024-10-28 07:41:15,2024-11-05 03:41:15
ORD000441,CUST000417,delivered,2024-10-31 15:46:44,2024-11-01 10:46:44,2024-11-03 10:46:44,2024-11-18 10:46:44,2024-11-23 15:46:44
ORD000442,CUST001518,delivered,2024-07-18 17:22:15,2024-07-20 00:22:15,2024-07-21 00:22:15,2024-07-28 00:22:15,2024-08-04 17:22:15
ORD000443,CUST001434,canceled,2023-07-18 11:17:57,,,,2023-07-30 11:17:57
ORD000444,CUST000185,delivered,2023-01-12 03:41:17,2023-01-14 01:41:17,2023-01-17 01:41:17,2023-01-23 01:41:17,2023-01-20 03:41:17
ORD000445,CUST001234,delivered,2023-01-26 18:33:02,2023-01-28 04:33:02,2023-01-30 04:33:02,2023-02-01 04:33:02,2023-02-16 18:33:02
ORD000446,CUST001000,shipped,2024-02-18 12:09:43,2024-02-19 18:09:43,2024-02-21 18:09:43,,2024-03-06 12:09:43
ORD000447,CUST001623,delivered,2023-10-19 13:23:50,2023-10-20 23:23:50,2023-10-23 23:23:50,2023-10-26 23:23:50,2023-11-09 13:23:50
ORD000448,CUST001177,delivered,2024-05-14 15:46:47,2024-05-14 18:46:47,2024-05-17 18:46:47,2024-05-31 18:46:47,2024-06-07 15:46:47
ORD000449,CUST000661,delivered,2024-08-02 18:25:15,2024-08-03 04:25:15,2024-08-05 04:25:15,2024-08-12 04:25:15,2024-08-23 18:25:15
ORD000450,CUST000056,delivered,2024-10-12 09:43:30,2024-10-12 22:43:30,2024-10-13 22:43:30,2024-10-24 22:43:30,2024-10-31 09:43:30
ORD000451,CUST001074,delivered,2023-10-10 14:21:34,2023-10-10 17:21:34,2023-10-12 17:21:34,2023-10-14 17:21:34,2023-10-21 14:21:34
ORD000452,CUST000686,delivered,2023-07-19 15:13:57,2023-07-20 18:13:57,2023-07-21 18:13:57,2023-07-29 18:13:57,2023-08-12 15:13:57
ORD000453,CUST000446,approved,2024-08-04 09:17:22,2024-08-04 23:17:22,,,2024-08-11 09:17:22
ORD000454,CUST000993,processing,2023-03-09 05:56:56,2023-03-09 22:56:56,,,2023-03-31 05:56:56
ORD000455,CUST001675,delivered,2023-03-09 07:58:37,2023-03-09 18:58:37,2023-03-12 18:58:37,2023-03-21 18:58:37,2023-03-19 07:58:37
ORD000456,CUST000174,shipped,2023-03-23 16:44:01,2023-03-24 14:44:01,2023-03-27 14:44:01,,2023-04-10 16:44:01
ORD000457,CUST000866,delivered,2024-04-25 09:23:47,2024-04-26 21:23:47,2024-04-29 21:23:47,2024-05-06 21:23:47,2024-05-12 09:23:47
ORD000458,CUST000248,delivered,2024-06-23 05:39:54,2024-06-25 03:39:54,2024-06-28 03:39:54,2024-07-08 03:39:54,2024-07-08 05:39:54
ORD000459,CUST001121,delivered,2024-08-31 08:55:51,2024-08-31 10:55:51,2024-09-02 10:55:51,2024-09-11 10:55:51,2024-09-15 08:55:51
ORD000460,CUST001116,delivered,2023-12-03 18:31:34,2023-12-05 17:31:34,2023-12-07 17:31:34,2023-12-09 17:31:34,2023-12-28 18:31:34
ORD000461,CUST000118,delivered,2023-11-04 09:22:49,2023-11-04 19:22:49,2023-11-07 19:22:49,2023-11-12 19:22:49,2023-11-18 09:22:49
ORD000462,CUST000703,canceled,2023-09-12 16:54:22,,,,2023-09-22 16:54:22
ORD000463,CUST001629,delivered,2024-12-15 19:44:28,2024-12-16 22:44:28,2024-12-19 22:44:28,2024-12-27 22:44:28,2025-01-04 19:44:28
ORD000464,CUST000561,delivered,2024-08-03 12:03:32,2024-08-04 04:03:32,2024-08-05 04:03:32,2024-08-16 04:03:32,2024-08-25 12:03:32
ORD000465,CUST001342,delivered,2024-11-09 02:24:52,2024-11-09 06:24:52,2024-11-11 06:24:52,2024-11-19 06:24:52,2024-11-29 02:24:52
ORD000466,CUST001832,delivered,2023-06-07 15:04:53,2023-06-07 17:04:53,2023-06-09 17:04:53,2023-06-16 17:04:53,2023-06-17 15:04:53
ORD000467,CUST001325,delivered,2023-11-12 08:34:51,2023-11-13 16:34:51,2023-11-15 16:34:51,2023-11-26 16:34:51,2023-11-25 08:34:51
ORD000468,CUST000263,processing,2024-02-20 15:39:34,2024-02-21 10:39:34,,,2024-03-05 15:39:34
ORD000469,CUST000816,delivered,2024-09-17 06:00:13,2024-09-18 21:00:13,2024-09-20 21:00:13,2024-10-01 21:00:13,2024-10-06 06:00:13
ORD000470,CUST000313,delivered,2023-03-26 03:39:53,2023-03-28 03:39:53,2023-03-29 03:39:53,2023-04-02 03:39:53,2023-04-19 03:39:53
ORD000471,CUST000277,canceled,2024-03-14 17:56:12,,,,2024-03-25 17:56:12
ORD000472,CUST001603,delivered,2023-02-22 00:04:33,2023-02-22 03:04:33,2023-02-23 03:04:33,2023-03-01 03:04:33,2023-03-12 00:04:33
ORD000473,CUST001954,delivered,2024-11-26 13:00:25,2024-11-26 19:00:25,2024-11-27 19:00:25,2024-12-01 19:00:25,2024-12-12 13:00:25
ORD000474,CUST001739,delivered,2023-12-05 03:38:23,2023-12-06 17:38:23,2023-12-07 17:38:23,2023-12-09 17:38:23,2023-12-12 03:38:23
ORD000475,CUST000241,canceled,2023-07-16 06:11:13,,,,2023-08-07 06:11:13
ORD000476,CUST001072,delivered,2023-04-21 09:43:59,2023-04-23 01:43:59,2023-04-26 01:43:59,2023-04-29 01:43:59,2023-05-07 09:43:59
ORD000477,CUST000132,delivered,2023-05-22 02:21:52,2023-05-22 19:21:52,2023-05-23 19:21:52,2023-06-04 19:21:52,2023-06-14 02:21:52
ORD000478,CUST001547,delivered,2023-04-09 18:04:26,2023-04-11 15:04:26,2023-04-13 15:04:26,2023-04-15 15:04:26,2023-04-28 18:04:26
ORD000479,CUST000316,delivered,2023-12-13 05:55:39,2023-12-14 10:55:39,2023-12-16 10:55:39,2023-12-26 10:55:39,2023-12-29 05:55:39
ORD000480,CUST000628,delivered,2023-10-28 23:47:34,2023-10-30 01:47:34,2023-11-01 01:47:34,2023-11-15 01:47:34,2023-11-11 23:47:34
ORD000481,CUST001343,delivered,2023-11-13 11:53:29,2023-11-14 17:53:29,2023-11-15 17:53:29,2023-11-28 17:53:29,2023-11-24 11:53:29
ORD000482,CUST001395,delivered,2023-02-07 02:53:34,2023-02-07 10:53:34,2023-02-08 10:53:34,2023-02-11 10:53:34,2023-02-28 02:53:34
ORD000483,CUST000785,delivered,2023-05-10 05:26:12,2023-05-11 00:26:12,2023-05-13 00:26:12,2023-05-26 00:26:12,2023-05-27 05:26:12
ORD000484,CUST001332,delivered,2024-08-16 08:42:39,2024-08-17 12:42:39,2024-08-19 12:42:39,2024-08-22 12:42:39,2024-09-09 08:42:39
ORD000485,CUST001847,invoiced,2024-08-24 11:00:55,2024-08-25 01:00:55,,,2024-09-15 11:00:55
ORD000486,CUST000916,delivered,2024-11-02 01:13:54,2024-11-03 03:13:54,2024-11-04 03:13:54,2024-11-11 03:13:54,2024-11-11 01:13:54
ORD000487,CUST001710,processing,2023-02-20 01:08:32,2023-02-20 18:08:32,,,2023-03-11 01:08:32
ORD000488,CUST001161,delivered,2023-07-11 18:07:03,2023-07-12 20:07:03,2023-07-15 20:07:03,2023-07-30 20:07:03,2023-07-28 18:07:03
ORD000489,CUST001610,shipped,2024-04-05 04:50:19,2024-04-07 04:50:19,2024-04-10 04:50:19,,2024-04-25 04:50:19
ORD000490,CUST001222,invoiced,2024-11-05 11:27:39,2024-11-07 00:27:39,,,2024-11-17 11:27:39
ORD000491,CUST000055,invoiced,2023-01-08 05:58:39,2023-01-09 08:58:39,,,2023-01-17 05:58:39
ORD000492,CUST001502,delivered,2024-05-13 12:10:50,2024-05-13 21:10:50,2024-05-14 21:10:50,2024-05-24 21:10:50,2024-06-04 12:10:50
ORD000493,CUST001467,delivered,2023-10-12 07:21:50,2023-10-13 10:21:50,2023-10-14 10:21:50,2023-10-28 10:21:50,2023-10-19 07:21:50
ORD000494,CUST000885,delivered,2024-10-08 13:08:01,2024-10-10 05:08:01,2024-10-12 05:08:01,2024-10-19 05:08:01,2024-10-15 13:08:01
ORD000495,CUST001543,delivered,2023-04-18 17:34:41,2023-04-20 02:34:41,2023-04-21 02:34:41,2023-04-26 02:34:41,2023-04-29 17:34:41
ORD000496,CUST000656,processing,2023-12-07 23:58:52,2023-12-09 23:58:52,,,2023-12-30 23:58:52
ORD000497,CUST001750,delivered,2023-10-08 19:19:42,2023-10-10 05:19:42,2023-10-13 05:19:42,2023-10-24 05:19:42,2023-10-21 19:19:42
ORD000498,CUST001157,delivered,2024-03-21 01:26:07,2024-03-23 00:26:07,2024-03-26 00:26:07,2024-04-05 00:26:07,2024-04-06 01:26:07
ORD000499,CUST000062,delivered,2024-07-05 16:37:06,2024-07-06 14:37:06,2024-07-07 14:37:06,2024-07-15 14:37:06,2024-07-30 16:37:06
ORD000500,CUST001249,delivered,2024-10-04 02:17:11,2024-10-05 05:17:11,2024-10-07 05:17:11,2024-10-18 05:17:11,2024-10-29 02:17:11
ORD000501,CUST000289,shipped,2023-08-25 11:28:31,2023-08-26 02:28:31,2023-08-28 02:28:31,,2023-09-09 11:28:31
ORD000502,CUST001804,processing,2023-11-04 23:44:26,2023-11-05 14:44:26,,,2023-11-29 23:44:26
ORD000503,CUST000238,delivered,2023-09-18 14:22:28,2023-09-20 00:22:28,2023-09-21 00:22:28,2023-09-23 00:22:28,2023-10-02 14:22:28
ORD000504,CUST000883,delivered,2024-04-05 08:42:03,2024-04-06 12:42:03,2024-04-07 12:42:03,2024-04-10 12:42:03,2024-04-20 08:42:03
ORD000505,CUST001480,invoiced,2024-07-02 19:53:56,2024-07-02 21:53:56,,,2024-07-25 19:53:56
ORD000506,CUST001949,delivered,2024-10-17 11:08:54,2024-10-19 06:08:54,2024-10-20 06:08:54,2024-10-29 06:08:54,2024-11-11 11:08:54
ORD000507,CUST001547,delivered,2023-08-07 19:26:44,2023-08-08 14:26:44,2023-08-09 14:26:44,2023-08-24 14:26:44,2023-08-21 19:26:44
ORD000508,CUST001723,delivered,2024-02-03 20:24:59,2024-02-04 08:24:59,2024-02-07 08:24:59,2024-02-19 08:24:59,2024-02-16 20:24:59
ORD000509,CUST001270,delivered,2023-01-15 15:38:15,2023-01-17 09:38:15,2023-01-18 09:38:15,2023-01-27 09:38:15,2023-01-22 15:38:15
ORD000510,CUST000004,invoiced,2023-04-12 04:43:43,2023-04-14 03:43:43,,,2023-04-27 04:43:43
ORD000511,CUST001611,delivered,2023-06-23 23:56:14,2023-06-24 16:56:14,2023-06-26 16:56:14,2023-06-30 16:56:14,2023-07-13 23:56:14
ORD000512,CUST000723,delivered,2023-07-28 05:58:03,2023-07-29 00:58:03,2023-07-31 00:58:03,2023-08-10 00:58:03,2023-08-21 05:58:03
ORD000513,CUST000248,delivered,2024-10-16 02:29:50,2024-10-16 12:29:50,2024-10-17 12:29:50,2024-11-01 12:29:50,2024-10-23 02:29:50
ORD000514,CUST001938,delivered,2023-09-03 02:24:08,2023-09-03 20:24:08,2023-09-04 20:24:08,2023-09-07 20:24:08,2023-09-24 02:24:08
ORD000515,CUST001083,delivered,2023-12-12 04:25:17,2023-12-13 15:25:17,2023-12-15 15:25:17,2023-12-25 15:25:17,2023-12-22 04:25:17
ORD000516,CUST001488,delivered,2024-05-07 22:22:06,2024-05-08 04:22:06,2024-05-10 04:22:06,2024-05-24 04:22:06,2024-05-16 22:22:06
ORD000517,CUST001108,delivered,2023-12-28 06:25:20,2023-12-28 19:25:20,2023-12-31 19:25:20,2024-01-06 19:25:20,2024-01-04 06:25:20
ORD000518,CUST001594,approved,2024-09-27 03:08:47,2024-09-27 14:08:47,,,2024-10-08 03:08:47
ORD000519,CUST000527,delivered,2023-12-17 05:50:16,2023-12-19 02:50:16,2023-12-22 02:50:16,2023-12-27 02:50:16,2024-01-08 05:50:16
ORD000520,CUST001332,delivered,2024-10-08 12:47:36,2024-10-09 13:47:36,2024-10-11 13:47:36,2024-10-14 13:47:36,2024-10-31 12:47:36
ORD000521,CUST000730,delivered,2024-02-17 07:43:54,2024-02-18 23:43:54,2024-02-21 23:43:54,2024-03-01 23:43:54,2024-03-13 07:43:54
ORD000522,CUST001164,approved,2024-12-15 02:26:08,2024-12-17 02:26:08,,,2024-12-29 02:26:08
ORD000523,CUST001070,delivered,2024-11-03 17:59:58,2024-11-04 23:59:58,2024-11-06 23:59:58,2024-11-13 23:59:58,2024-11-21 17:59:58
ORD000524,CUST000992,delivered,2023-07-23 01:31:40,2023-07-23 14:31:40,2023-07-24 14:31:40,2023-08-04 14:31:40,2023-08-10 01:31:40
ORD000525,CUST000806,delivered,2023-01-18 13:33:49,2023-01-19 16:33:49,2023-01-22 16:33:49,2023-02-06 16:33:49,2023-01-25 13:33:49
ORD000526,CUST000290,delivered,2023-11-19 16:52:29,2023-11-19 23:52:29,2023-11-22 23:52:29,2023-12-02 23:52:29,2023-12-13 16:52:29
ORD000527,CUST000006,delivered,2023-04-30 21:35:10,2023-05-02 05:35:10,2023-05-05 05:35:10,2023-05-15 05:35:10,2023-05-17 21:35:10
ORD000528,CUST000303,shipped,2023-05-03 22:45:12,2023-05-05 15:45:12,2023-05-07 15:45:12,,2023-05-17 22:45:12
ORD000529,CUST000499,shipped,2023-11-16 19:33:16,2023-11-17 14:33:16,2023-11-18 14:33:16,,2023-11-26 19:33:16
ORD000530,CUST000972,delivered,2023-02-26 10:55:48,2023-02-26 19:55:48,2023-03-01 19:55:48,2023-03-07 19:55:48,2023-03-17 10:55:48
ORD000531,CUST001896,delivered,2023-06-06 10:13:07,2023-06-07 13:13:07,2023-06-08 13:13:07,2023-06-18 13:13:07,2023-06-24 10:13:07
ORD000532,CUST000304,delivered,2023-03-18 18:08:31,2023-03-19 14:08:31,2023-03-21 14:08:31,2023-03-23 14:08:31,2023-03-25 18:08:31
ORD000533,CUST000003,delivered,2023-10-19 11:55:59,2023-10-19 17:55:59,2023-10-20 17:55:59,2023-10-30 17:55:59,2023-10-29 11:55:59
ORD000534,CUST000727,delivered,2024-01-07 04:07:40,2024-01-07 21:07:40,2024-01-09 21:07:40,2024-01-16 21:07:40,2024-01-17 04:07:40
ORD000535,CUST000196,delivered,2023-07-07 20:59:11,2023-07-08 02:59:11,2023-07-09 02:59:11,2023-07-11 02:59:11,2023-07-22 20:59:11
ORD000536,CUST000662,delivered,2023-11-15 20:01:56,2023-11-16 02:01:56,2023-11-19 02:01:56,2023-11-29 02:01:56,2023-12-10 20:01:56
ORD000537,CUST001814,delivered,2024-12-08 19:52:53,2024-12-10 07:52:53,2024-12-13 07:52:53,2024-12-19 07:52:53,2024-12-18 19:52:53
ORD000538,CUST001364,delivered,2024-02-18 01:28:59,2024-02-19 04:28:59,2024-02-20 04:28:59,2024-03-03 04:28:59,2024-03-06 01:28:59
ORD000539,CUST001840,delivered,2023-10-03 01:53:42,2023-10-03 08:53:42,2023-10-06 08:53:42,2023-10-08 08:53:42,2023-10-13 01:53:42
ORD000540,CUST000739,delivered,2024-05-03 01:32:53,2024-05-04 01:32:53,2024-05-06 01:32:53,2024-05-16 01:32:53,2024-05-13 01:32:53
ORD000541,CUST001918,delivered,2023-09-28 05:46:55,2023-09-29 17:46:55,2023-09-30 17:46:55,2023-10-03 17:46:55,2023-10-15 05:46:55
ORD000542,CUST000760,delivered,2023-06-22 06:44:25,2023-06-23 19:44:25,2023-06-26 19:44:25,2023-07-11 19:44:25,2023-07-02 06:44:25
ORD000543,CUST000675,delivered,2024-10-07 00:36:47,2024-10-08 23:36:47,2024-10-11 23:36:47,2024-10-15 23:36:47,2024-10-19 00:36:47
ORD000544,CUST000107,delivered,2024-11-29 18:33:25,2024-11-30 21:33:25,2024-12-01 21:33:25,2024-12-13 21:33:25,2024-12-22 18:33:25
ORD000545,CUST000260,shipped,2023-10-07 20:59:48,2023-10-08 09:59:48,2023-10-10 09:59:48,,2023-10-31 20:59:48
ORD000546,CUST000880,delivered,2023-09-01 02:09:41,2023-09-02 18:09:41,2023-09-05 18:09:41,2023-09-13 18:09:41,2023-09-14 02:09:41
ORD000547,CUST001835,delivered,2024-06-24 10:39:25,2024-06-25 12:39:25,2024-06-28 12:39:25,2024-07-06 12:39:25,2024-07-19 10:39:25
ORD000548,CUST001328,delivered,2023-10-22 09:48:25,2023-10-22 17:48:25,2023-10-25 17:48:25,2023-11-02 17:48:25,2023-11-06 09:48:25
ORD000549,CUST001198,delivered,2024-10-25 22:02:12,2024-10-26 06:02:12,2024-10-28 06:02:12,2024-11-08 06:02:12,2024-11-07 22:02:12
ORD000550,CUST001042,delivered,2023-09-17 04:40:02,2023-09-18 22:40:02,2023-09-21 22:40:02,2023-09-24 22:40:02,2023-10-01 04:40:02
ORD000551,CUST000168,delivered,2023-05-16 01:27:49,2023-05-16 17:27:49,2023-05-19 17:27:49,2023-05-21 17:27:49,2023-05-25 01:27:49
ORD000552,CUST000404,delivered,2024-12-01 14:22:16,2024-12-02 04:22:16,2024-12-04 04:22:16,2024-12-07 04:22:16,2024-12-26 14:22:16
ORD000553,CUST001598,delivered,2023-01-03 23:43:59,2023-01-04 07:43:59,2023-01-07 07:43:59,2023-01-09 07:43:59,2023-01-23 23:43:59
ORD000554,CUST000872,delivered,2023-04-20 12:25:42,2023-04-20 22:25:42,2023-04-21 22:25:42,2023-05-04 22:25:42,2023-04-30 12:25:42
ORD000555,CUST000727,approved,2024-01-13 11:50:13,2024-01-14 12:50:13,,,2024-02-05 11:50:13
ORD000556,CUST001351,delivered,2024-11-27 10:00:53,2024-11-27 23:00:53,2024-11-30 23:00:53,2024-12-04 23:00:53,2024-12-10 10:00:53
ORD000557,CUST000012,delivered,2024-02-03 12:51:31,2024-02-05 07:51:31,2024-02-08 07:51:31,2024-02-13 07:51:31,2024-02-25 12:51:31
ORD000558,CUST001919,delivered,2024-05-15 09:58:20,2024-05-16 02:58:20,2024-05-17 02:58:20,2024-05-25 02:58:20,2024-06-05 09:58:20
ORD000559,CUST001104,shipped,2023-06-12 02:14:08,2023-06-12 06:14:08,2023-06-15 06:14:08,,2023-07-03 02:14:08
ORD000560,CUST001493,delivered,2024-06-20 10:31:29,2024-06-20 18:31:29,2024-06-22 18:31:29,2024-06-26 18:31:29,2024-07-06 10:31:29
ORD000561,CUST001526,delivered,2023-10-14 06:26:47,2023-10-14 07:26:47,2023-10-16 07:26:47,2023-10-30 07:26:47,2023-11-06 06:26:47
ORD000562,CUST000171,delivered,2023-03-08 21:21:11,2023-03-09 17:21:11,2023-03-12 17:21:11,2023-03-17 17:21:11,2023-03-29 21:21:11
ORD000563,CUST001509,shipped,2023-07-25 10:02:05,2023-07-26 11:02:05,2023-07-28 11:02:05,,2023-08-06 10:02:05
ORD000564,CUST001390,delivered,2024-05-06 08:01:49,2024-05-06 17:01:49,2024-05-07 17:01:49,2024-05-21 17:01:49,2024-05-20 08:01:49
ORD000565,CUST000563,delivered,2024-10-22 17:41:28,2024-10-24 05:41:28,2024-10-27 05:41:28,2024-11-08 05:41:28,2024-11-02 17:41:28
ORD000566,CUST001781,delivered,2023-04-23 09:44:44,2023-04-24 19:44:44,2023-04-26 19:44:44,2023-05-09 19:44:44,2023-05-03 09:44:44
ORD000567,CUST000485,delivered,2023-10-06 23:58:03,2023-10-07 19:58:03,2023-10-10 19:58:03,2023-10-18 19:58:03,2023-10-13 23:58:03
ORD000568,CUST001394,invoiced,2023-03-06 20:38:58,2023-03-07 03:38:58,,,2023-03-20 20:38:58
ORD000569,CUST000672,shipped,2023-10-17 09:10:43,2023-10-19 04:10:43,2023-10-22 04:10:43,,2023-11-11 09:10:43
ORD000570,CUST000027,delivered,2024-06-26 06:39:39,2024-06-27 16:39:39,2024-06-28 16:39:39,2024-07-02 16:39:39,2024-07-03 06:39:39
ORD000571,CUST000142,delivered,2023-12-02 20:09:57,2023-12-03 18:09:57,2023-12-04 18:09:57,2023-12-13 18:09:57,2023-12-15 20:09:57
ORD000572,CUST000313,delivered,2023-07-11 03:56:56,2023-07-13 02:56:56,2023-07-15 02:56:56,2023-07-21 02:56:56,2023-07-26 03:56:56
ORD000573,CUST000161,delivered,2024-08-23 07:15:44,2024-08-25 02:15:44,2024-08-28 02:15:44,2024-09-08 02:15:44,2024-09-17 07:15:44
ORD000574,CUST001747,delivered,2024-01-01 03:29:54,2024-01-02 19:29:54,2024-01-03 19:29:54,2024-01-08 19:29:54,2024-01-18 03:29:54
ORD000575,CUST001427,delivered,2023-02-16 12:14:19,2023-02-17 04:14:19,2023-02-20 04:14:19,2023-02-27 04:14:19,2023-03-10 12:14:19
ORD000576,CUST000277,invoiced,2023-08-22 15:41:08,2023-08-22 17:41:08,,,2023-08-31 15:41:08
ORD000577,CUST001939,canceled,2023-04-16 20:34:36,,,,2023-04-30 20:34:36
ORD000578,CUST000683,delivered,2024-02-25 01:35:51,2024-02-26 04:35:51,2024-02-29 04:35:51,2024-03-13 04:35:51,2024-03-05 01:35:51
ORD000579,CUST001124,delivered,2023-04-16 19:58:21,2023-04-17 04:58:21,2023-04-18 04:58:21,2023-05-01 04:58:21,2023-04-29 19:58:21
ORD000580,CUST000403,delivered,2023-08-12 13:30:11,2023-08-13 06:30:11,2023-08-14 06:30:11,2023-08-25 06:30:11,2023-09-01 13:30:11
ORD000581,CUST001429,delivered,2023-05-04 10:12:34,2023-05-05 15:12:34,2023-05-06 15:12:34,2023-05-09 15:12:34,2023-05-21 10:12:34
ORD000582,CUST000790,delivered,2023-08-31 22:16:26,2023-09-01 15:16:26,2023-09-04 15:16:26,2023-09-14 15:16:26,2023-09-14 22:16:26
ORD000583,CUST001989,delivered,2023-02-15 17:19:51,2023-02-17 04:19:51,2023-02-18 04:19:51,2023-03-02 04:19:51,2023-02-22 17:19:51
ORD000584,CUST001757,shipped,2024-05-16 07:52:38,2024-05-17 05:52:38,2024-05-18 05:52:38,,2024-05-25 07:52:38
ORD000585,CUST001347,delivered,2024-05-30 21:13:19,2024-06-01 10:13:19,2024-06-03 10:13:19,2024-06-05 10:13:19,2024-06-19 21:13:19
ORD000586,CUST001743,invoiced,2024-12-14 12:42:18,2024-12-15 17:42:18,,,2025-01-07 12:42:18
ORD000587,CUST001242,delivered,2024-12-13 05:58:54,2024-12-13 12:58:54,2024-12-16 12:58:54,2024-12-27 12:58:54,2024-12-20 05:58:54
ORD000588,CUST001689,delivered,2024-11-14 10:01:18,2024-11-14 21:01:18,2024-11-15 21:01:18,2024-11-28 21:01:18,2024-11-22 10:01:18
ORD000589,CUST000833,shipped,2023-07-03 07:07:51,2023-07-03 20:07:51,2023-07-04 20:07:51,,2023-07-19 07:07:51
ORD000590,CUST000565,delivered,2024-04-16 02:13:51,2024-04-16 17:13:51,2024-04-19 17:13:51,2024-04-23 17:13:51,2024-04-24 02:13:51
ORD000591,CUST000733,delivered,2023-05-01 07:26:00,2023-05-02 03:26:00,2023-05-05 03:26:00,2023-05-13 03:26:00,2023-05-12 07:26:00
ORD000592,CUST001516,shipped,2024-12-05 02:18:12,2024-12-05 13:18:12,2024-12-07 13:18:12,,2024-12-24 02:18:12
ORD000593,CUST001220,delivered,2023-01-08 06:14:22,2023-01-09 17:14:22,2023-01-10 17:14:22,2023-01-22 17:14:22,2023-01-28 06:14:22
ORD000594,CUST000119,delivered,2023-04-22 03:05:18,2023-04-22 17:05:18,2023-04-23 17:05:18,2023-04-27 17:05:18,2023-05-12 03:05:18
ORD000595,CUST001226,delivered,2023-04-22 15:49:26,2023-04-23 02:49:26,2023-04-25 02:49:26,2023-05-08 02:49:26,2023-05-15 15:49:26
ORD000596,CUST000165,processing,2024-12-31 20:12:24,2025-01-02 06:12:24,,,2025-01-25 20:12:24
ORD000597,CUST001526,processing,2024-08-22 12:01:00,2024-08-22 23:01:00,,,2024-09-15 12:01:00
ORD000598,CUST000548,delivered,2024-11-07 20:39:16,2024-11-09 01:39:16,2024-11-11 01:39:16,2024-11-15 01:39:16,2024-11-28 20:39:16
ORD000599,CUST000463,delivered,2023-10-13 11:29:43,2023-10-14 01:29:43,2023-10-17 01:29:43,2023-10-31 01:29:43,2023-10-20 11:29:43
ORD000600,CUST001539,delivered,2023-07-20 14:46:31,2023-07-22 01:46:31,2023-07-24 01:46:31,2023-07-27 01:46:31,2023-08-14 14:46:31
ORD000601,CUST000179,canceled,2023-04-29 04:36:57,,,,2023-05-13 04:36:57
ORD000602,CUST000082,invoiced,2024-12-18 19:25:32,2024-12-19 03:25:32,,,2025-01-11 19:25:32
ORD000603,CUST001875,canceled,2024-05-05 14:22:01,,,,2024-05-30 14:22:01
ORD000604,CUST001445,delivered,2024-12-30 04:55:23,2024-12-30 16:55:23,2025-01-02 16:55:23,2025-01-07 16:55:23,2025-01-10 04:55:23
ORD000605,CUST000525,delivered,2023-09-04 01:50:52,2023-09-05 16:50:52,2023-09-08 16:50:52,2023-09-11 16:50:52,2023-09-18 01:50:52
ORD000606,CUST000982,delivered,2024-07-05 20:06:28,2024-07-07 06:06:28,2024-07-10 06:06:28,2024-07-13 06:06:28,2024-07-20 20:06:28
ORD000607,CUST000270,delivered,2023-09-25 12:05:25,2023-09-26 00:05:25,2023-09-27 00:05:25,2023-10-05 00:05:25,2023-10-17 12:05:25
ORD000608,CUST001229,shipped,2023-07-30 05:05:12,2023-07-30 20:05:12,2023-08-02 20:05:12,,2023-08-08 05:05:12
ORD000609,CUST001892,delivered,2024-06-14 05:22:55,2024-06-14 10:22:55,2024-06-16 10:22:55,2024-06-29 10:22:55,2024-07-08 05:22:55
ORD000610,CUST001760,delivered,2023-03-24 11:43:04,2023-03-26 07:43:04,2023-03-28 07:43:04,2023-04-12 07:43:04,2023-04-10 11:43:04
ORD000611,CUST001494,delivered,2023-01-31 01:12:19,2023-01-31 03:12:19,2023-02-03 03:12:19,2023-02-16 03:12:19,2023-02-07 01:12:19
ORD000612,CUST001562,delivered,2023-02-01 03:02:42,2023-02-03 03:02:42,2023-02-06 03:02:42,2023-02-17 03:02:42,2023-02-10 03:02:42
ORD000613,CUST000830,delivered,2023-03-26 06:55:58,2023-03-26 13:55:58,2023-03-28 13:55:58,2023-04-11 13:55:58,2023-04-19 06:55:58
ORD000614,CUST000833,delivered,2024-10-25 13:31:38,2024-10-27 06:31:38,2024-10-30 06:31:38,2024-11-10 06:31:38,2024-11-01 13:31:38
ORD000615,CUST000989,delivered,2023-06-03 12:51:52,2023-06-05 08:51:52,2023-06-06 08:51:52,2023-06-20 08:51:52,2023-06-26 12:51:52
ORD000616,CUST001985,delivered,2024-10-23 10:33:12,2024-10-24 03:33:12,2024-10-25 03:33:12,2024-10-28 03:33:12,2024-11-16 10:33:12
ORD000617,CUST000211,delivered,2023-06-01 21:51:28,2023-06-03 08:51:28,2023-06-05 08:51:28,2023-06-11 08:51:28,2023-06-23 21:51:28
ORD000618,CUST001641,delivered,2024-06-18 02:47:20,2024-06-18 21:47:20,2024-06-21 21:47:20,2024-07-02 21:47:20,2024-06-26 02:47:20
ORD000619,CUST001110,delivered,2023-11-18 13:48:54,2023-11-19 22:48:54,2023-11-21 22:48:54,2023-11-30 22:48:54,2023-11-25 13:48:54
ORD000620,CUST001298,delivered,2023-02-15 21:48:59,2023-02-17 16:48:59,2023-02-19 16:48:59,2023-02-24 16:48:59,2023-03-06 21:48:59
ORD000621,CUST001933,delivered,2023-12-20 23:10:49,2023-12-21 23:10:49,2023-12-24 23:10:49,2024-01-03 23:10:49,2024-01-04 23:10:49
ORD000622,CUST001867,delivered,2024-06-26 05:27:35,2024-06-27 18:27:35,2024-06-28 18:27:35,2024-07-03 18:27:35,2024-07-16 05:27:35
ORD000623,CUST000812,delivered,2023-06-02 09:48:32,2023-06-03 06:48:32,2023-06-05 06:48:32,2023-06-17 06:48:32,2023-06-10 09:48:32
ORD000624,CUST001993,shipped,2024-01-10 11:17:28,2024-01-12 00:17:28,2024-01-14 00:17:28,,2024-01-18 11:17:28
ORD000625,CUST001690,delivered,2024-07-19 01:26:01,2024-07-19 05:26:01,2024-07-21 05:26:01,2024-07-26 05:26:01,2024-08-02 01:26:01
ORD000626,CUST001639,processing,2024-02-25 21:55:18,2024-02-27 09:55:18,,,2024-03-17 21:55:18
ORD000627,CUST000523,shipped,2024-09-24 12:55:40,2024-09-24 14:55:40,2024-09-27 14:55:40,,2024-10-17 12:55:40
ORD000628,CUST001395,delivered,2023-07-09 04:34:44,2023-07-09 22:34:44,2023-07-10 22:34:44,2023-07-13 22:34:44,2023-07-28 04:34:44
ORD000629,CUST000162,delivered,2023-09-16 19:14:41,2023-09-18 07:14:41,2023-09-21 07:14:41,2023-10-04 07:14:41,2023-09-23 19:14:41
ORD000630,CUST000705,delivered,2023-09-25 22:46:35,2023-09-27 16:46:35,2023-09-28 16:46:35,2023-10-08 16:46:35,2023-10-17 22:46:35
ORD000631,CUST000052,delivered,2024-05-25 09:03:58,2024-05-26 10:03:58,2024-05-29 10:03:58,2024-06-12 10:03:58,2024-06-07 09:03:58
ORD000632,CUST001755,delivered,2024-06-25 23:35:00,2024-06-26 17:35:00,2024-06-27 17:35:00,2024-07-01 17:35:00,2024-07-04 23:35:00
ORD000633,CUST000541,delivered,2023-05-25 14:33:59,2023-05-26 09:33:59,2023-05-29 09:33:59,2023-06-02 09:33:59,2023-06-17 14:33:59
ORD000634,CUST001020,delivered,2024-08-08 23:29:25,2024-08-10 22:29:25,2024-08-12 22:29:25,2024-08-20 22:29:25,2024-08-24 23:29:25
ORD000635,CUST000889,delivered,2023-06-12 00:45:14,2023-06-13 03:45:14,2023-06-16 03:45:14,2023-06-20 03:45:14,2023-06-30 00:45:14
ORD000636,CUST001445,delivered,2024-06-25 15:41:17,2024-06-26 11:41:17,2024-06-28 11:41:17,2024-07-01 11:41:17,2024-07-16 15:41:17
ORD000637,CUST000986,delivered,2023-02-11 14:12:22,2023-02-13 07:12:22,2023-02-15 07:12:22,2023-02-19 07:12:22,2023-03-01 14:12:22
ORD000638,CUST000021,processing,2024-01-18 10:34:51,2024-01-18 13:34:51,,,2024-01-30 10:34:51
ORD000639,CUST000915,delivered,2024-02-17 08:20:25,2024-02-18 08:20:25,2024-02-20 08:20:25,2024-03-01 08:20:25,2024-02-29 08:20:25
ORD000640,CUST000768,invoiced,2023-10-28 06:58:42,2023-10-30 05:58:42,,,2023-11-04 06:58:42
ORD000641,CUST001747,delivered,2024-11-15 03:04:49,2024-11-15 23:04:49,2024-11-17 23:04:49,2024-12-01 23:04:49,2024-11-30 03:04:49
ORD000642,CUST001324,delivered,2023-10-25 18:40:37,2023-10-27 04:40:37,2023-10-30 04:40:37,2023-11-01 04:40:37,2023-11-08 18:40:37
ORD000643,CUST001045,delivered,2023-04-22 13:24:43,2023-04-24 10:24:43,2023-04-27 10:24:43,2023-05-07 10:24:43,2023-05-04 13:24:43
ORD000644,CUST001360,delivered,2023-10-10 12:04:17,2023-10-10 21:04:17,2023-10-12 21:04:17,2023-10-23 21:04:17,2023-10-18 12:04:17
ORD000645,CUST000021,delivered,2024-11-20 12:22:35,2024-11-22 08:22:35,2024-11-25 08:22:35,2024-11-27 08:22:35,2024-12-06 12:22:35
ORD000646,CUST001121,canceled,2023-09-02 07:27:02,,,,2023-09-15 07:27:02
ORD000647,CUST000234,shipped,2023-12-30 07:04:31,2023-12-31 00:04:31,2024-01-03 00:04:31,,2024-01-16 07:04:31
ORD000648,CUST000611,delivered,2024-12-26 04:26:54,2024-12-26 19:26:54,2024-12-27 19:26:54,2025-01-10 19:26:54,2025-01-05 04:26:54
ORD000649,CUST001853,delivered,2023-04-03 03:26:36,2023-04-04 09:26:36,2023-04-07 09:26:36,2023-04-16 09:26:36,2023-04-13 03:26:36
ORD000650,CUST001453,delivered,2024-07-11 01:45:34,2024-07-11 14:45:34,2024-07-12 14:45:34,2024-07-23 14:45:34,2024-07-20 01:45:34
ORD000651,CUST001089,delivered,2024-10-08 07:12:30,2024-10-08 16:12:30,2024-10-10 16:12:30,2024-10-22 16:12:30,2024-10-25 07:12:30
ORD000652,CUST000333,processing,2023-08-20 01:25:39,2023-08-20 04:25:39,,,2023-08-29 01:25:39
ORD000653,CUST000364,delivered,2023-03-27 22:16:39,2023-03-29 06:16:39,2023-03-31 06:16:39,2023-04-08 06:16:39,2023-04-06 22:16:39
ORD000654,CUST001924,processing,2024-04-17 18:13:45,2024-04-19 06:13:45,,,2024-05-10 18:13:45
ORD000655,CUST000554,canceled,2023-01-09 00:23:18,,,,2023-01-22 00:23:18
ORD000656,CUST000647,delivered,2023-01-28 01:04:13,2023-01-28 23:04:13,2023-01-30 23:04:13,2023-02-02 23:04:13,2023-02-21 01:04:13
ORD000657,CUST001774,delivered,2023-05-11 21:44:35,2023-05-11 22:44:35,2023-05-12 22:44:35,2023-05-25 22:44:35,2023-05-30 21:44:35
ORD000658,CUST000366,delivered,2023-12-08 17:11:41,2023-12-10 01:11:41,2023-12-12 01:11:41,2023-12-25 01:11:41,2023-12-24 17:11:41
ORD000659,CUST001165,invoiced,2024-09-02 04:21:29,2024-09-03 07:21:29,,,2024-09-09 04:21:29
ORD000660,CUST000888,delivered,2024-09-27 07:46:50,2024-09-28 23:46:50,2024-09-30 23:46:50,2024-10-04 23:46:50,2024-10-05 07:46:50
ORD000661,CUST001732,delivered,2023-03-20 11:19:53,2023-03-20 19:19:53,2023-03-23 19:19:53,2023-04-04 19:19:53,2023-04-14 11:19:53
ORD000662,CUST000334,delivered,2023-10-21 03:57:47,2023-10-21 18:57:47,2023-10-22 18:57:47,2023-10-30 18:57:47,2023-11-13 03:57:47
ORD000663,CUST001868,shipped,2024-05-03 12:29:11,2024-05-05 02:29:11,2024-05-06 02:29:11,,2024-05-23 12:29:11
ORD000664,CUST000476,shipped,2023-07-19 06:12:40,2023-07-19 17:12:40,2023-07-20 17:12:40,,2023-08-11 06:12:40
ORD000665,CUST001666,delivered,2023-06-01 02:40:33,2023-06-01 20:40:33,2023-06-03 20:40:33,2023-06-10 20:40:33,2023-06-21 02:40:33
ORD000666,CUST001129,delivered,2023-03-20 03:21:28,2023-03-20 06:21:28,2023-03-23 06:21:28,2023-04-05 06:21:28,2023-04-05 03:21:28
ORD000667,CUST001057,delivered,2023-05-14 18:55:15,2023-05-16 18:55:15,2023-05-17 18:55:15,2023-06-01 18:55:15,2023-06-01 18:55:15
ORD000668,CUST000218,delivered,2024-10-07 00:46:25,2024-10-07 22:46:25,2024-10-08 22:46:25,2024-10-17 22:46:25,2024-10-26 00:46:25
ORD000669,CUST001145,invoiced,2024-03-14 15:51:04,2024-03-16 15:51:04,,,2024-03-22 15:51:04
ORD000670,CUST000172,delivered,2024-06-15 03:29:40,2024-06-15 12:29:40,2024-06-17 12:29:40,2024-07-01 12:29:40,2024-06-22 03:29:40
ORD000671,CUST000855,processing,2023-02-13 07:01:28,2023-02-13 11:01:28,,,2023-03-08 07:01:28
ORD000672,CUST000504,delivered,2023-07-28 13:09:19,2023-07-30 04:09:19,2023-07-31 04:09:19,2023-08-15 04:09:19,2023-08-04 13:09:19
ORD000673,CUST000673,delivered,2024-01-31 05:36:24,2024-01-31 10:36:24,2024-02-02 10:36:24,2024-02-15 10:36:24,2024-02-13 05:36:24
ORD000674,CUST001974,delivered,2023-04-13 06:23:24,2023-04-13 23:23:24,2023-04-15 23:23:24,2023-04-22 23:23:24,2023-04-21 06:23:24
ORD000675,CUST001825,delivered,2024-03-16 18:32:05,2024-03-17 22:32:05,2024-03-20 22:32:05,2024-03-23 22:32:05,2024-04-07 18:32:05
ORD000676,CUST001629,delivered,2024-10-03 17:40:05,2024-10-05 05:40:05,2024-10-08 05:40:05,2024-10-12 05:40:05,2024-10-16 17:40:05
ORD000677,CUST000161,delivered,2024-06-21 09:36:14,2024-06-21 12:36:14,2024-06-22 12:36:14,2024-06-27 12:36:14,2024-07-07 09:36:14
ORD000678,CUST001325,shipped,2024-07-21 00:10:49,2024-07-22 05:10:49,2024-07-23 05:10:49,,2024-08-07 00:10:49
ORD000679,CUST001286,delivered,2023-11-02 08:38:39,2023-11-04 03:38:39,2023-11-07 03:38:39,2023-11-20 03:38:39,2023-11-25 08:38:39
ORD000680,CUST000085,delivered,2023-05-20 14:50:06,2023-05-21 05:50:06,2023-05-24 05:50:06,2023-05-31 05:50:06,2023-05-30 14:50:06
ORD000681,CUST000667,delivered,2023-02-24 03:43:51,2023-02-25 08:43:51,2023-02-28 08:43:51,2023-03-13 08:43:51,2023-03-03 03:43:51
ORD000682,CUST000377,delivered,2024-09-12 01:43:44,2024-09-13 14:43:44,2024-09-16 14:43:44,2024-09-29 14:43:44,2024-09-21 01:43:44
ORD000683,CUST000314,delivered,2023-10-24 10:24:15,2023-10-24 12:24:15,2023-10-27 12:24:15,2023-11-05 12:24:15,2023-11-08 10:24:15
ORD000684,CUST001633,delivered,2024-08-19 06:01:45,2024-08-20 21:01:45,2024-08-23 21:01:45,2024-09-03 21:01:45,2024-09-08 06:01:45
ORD000685,CUST001096,shipped,2024-10-01 20:51:06,2024-10-03 15:51:06,2024-10-05 15:51:06,,2024-10-25 20:51:06
ORD000686,CUST001768,delivered,2024-10-19 22:00:54,2024-10-21 22:00:54,2024-10-24 22:00:54,2024-11-05 22:00:54,2024-11-09 22:00:54
ORD000687,CUST000066,delivered,2023-04-02 19:00:47,2023-04-04 06:00:47,2023-04-06 06:00:47,2023-04-17 06:00:47,2023-04-21 19:00:47
ORD000688,CUST001230,delivered,2024-10-14 20:42:28,2024-10-15 18:42:28,2024-10-18 18:42:28,2024-10-21 18:42:28,2024-10-30 20:42:28
ORD000689,CUST000997,processing,2023-01-22 18:13:13,2023-01-24 07:13:13,,,2023-02-04 18:13:13
ORD000690,CUST001943,delivered,2023-06-29 06:55:52,2023-06-29 21:55:52,2023-07-01 21:55:52,2023-07-15 21:55:52,2023-07-10 06:55:52
ORD000691,CUST000402,delivered,2024-03-16 14:43:00,2024-03-16 18:43:00,2024-03-18 18:43:00,2024-03-29 18:43:00,2024-03-23 14:43:00
ORD000692,CUST001851,delivered,2024-07-25 17:13:14,2024-07-27 10:13:14,2024-07-28 10:13:14,2024-08-06 10:13:14,2024-08-14 17:13:14
ORD000693,CUST000087,delivered,2023-02-01 23:22:19,2023-02-03 23:22:19,2023-02-04 23:22:19,2023-02-10 23:22:19,2023-02-25 23:22:19
ORD000694,CUST000634,delivered,2023-08-22 18:55:56,2023-08-23 15:55:56,2023-08-26 15:55:56,2023-09-07 15:55:56,2023-09-09 18:55:56
ORD000695,CUST001968,canceled,2024-10-27 08:52:56,,,,2024-11-19 08:52:56
ORD000696,CUST000873,canceled,2023-05-22 23:55:48,,,,2023-05-29 23:55:48
ORD000697,CUST000365,canceled,2023-10-19 00:06:42,,,,2023-11-08 00:06:42
ORD000698,CUST001215,approved,2024-11-10 04:17:20,2024-11-12 01:17:20,,,2024-12-05 04:17:20
ORD000699,CUST001781,delivered,2024-09-16 15:48:24,2024-09-18 03:48:24,2024-09-19 03:48:24,2024-09-27 03:48:24,2024-10-11 15:48:24
ORD000700,CUST000594,delivered,2024-01-03 19:49:28,2024-01-04 23:49:28,2024-01-07 23:49:28,2024-01-13 23:49:28,2024-01-12 19:49:28
ORD000701,CUST001334,delivered,2024-07-17 13:55:26,2024-07-18 12:55:26,2024-07-20 12:55:26,2024-08-01 12:55:26,2024-07-26 13:55:26
ORD000702,CUST000201,delivered,2023-08-10 00:32:37,2023-08-11 04:32:37,2023-08-12 04:32:37,2023-08-24 04:32:37,2023-08-21 00:32:37
ORD000703,CUST000838,delivered,2023-07-14 19:14:32,2023-07-15 17:14:32,2023-07-16 17:14:32,2023-07-22 17:14:32,2023-07-27 19:14:32
ORD000704,CUST000159,delivered,2023-10-01 14:30:54,2023-10-02 06:30:54,2023-10-05 06:30:54,2023-10-19 06:30:54,2023-10-17 14:30:54
ORD000705,CUST000768,delivered,2024-06-05 09:53:58,2024-06-05 12:53:58,2024-06-06 12:53:58,2024-06-21 12:53:58,2024-06-17 09:53:58
ORD000706,CUST001369,delivered,2024-05-04 08:08:45,2024-05-06 03:08:45,2024-05-09 03:08:45,2024-05-17 03:08:45,2024-05-23 08:08:45
ORD000707,CUST000262,approved,2024-02-03 02:16:45,2024-02-03 10:16:45,,,2024-02-22 02:16:45
ORD000708,CUST000873,delivered,2024-05-30 07:21:24,2024-06-01 02:21:24,2024-06-02 02:21:24,2024-06-17 02:21:24,2024-06-16 07:21:24
ORD000709,CUST001267,invoiced,2023-01-27 01:44:40,2023-01-28 02:44:40,,,2023-02-19 01:44:40
ORD000710,CUST001686,delivered,2023-02-27 22:17:04,2023-02-28 04:17:04,2023-03-02 04:17:04,2023-03-14 04:17:04,2023-03-08 22:17:04
ORD000711,CUST000800,delivered,2023-11-26 01:58:40,2023-11-26 13:58:40,2023-11-29 13:58:40,2023-12-09 13:58:40,2023-12-09 01:58:40
ORD000712,CUST001381,delivered,2024-08-19 16:08:26,2024-08-21 09:08:26,2024-08-22 09:08:26,2024-08-24 09:08:26,2024-09-06 16:08:26
ORD000713,CUST000569,delivered,2023-08-14 23:12:38,2023-08-15 01:12:38,2023-08-17 01:12:38,2023-08-26 01:12:38,2023-09-04 23:12:38
ORD000714,CUST000112,delivered,2024-09-05 10:14:56,2024-09-05 14:14:56,2024-09-08 14:14:56,2024-09-17 14:14:56,2024-09-16 10:14:56
ORD000715,CUST000419,delivered,2024-02-17 14:59:15,2024-02-19 05:59:15,2024-02-20 05:59:15,2024-02-27 05:59:15,2024-02-24 14:59:15
ORD000716,CUST001911,delivered,2024-07-22 03:21:07,2024-07-23 11:21:07,2024-07-26 11:21:07,2024-08-07 11:21:07,2024-08-13 03:21:07
ORD000717,CUST001505,approved,2024-01-29 01:44:11,2024-01-30 14:44:11,,,2024-02-07 01:44:11
ORD000718,CUST001964,delivered,2023-09-27 00:49:39,2023-09-28 10:49:39,2023-10-01 10:49:39,2023-10-11 10:49:39,2023-10-12 00:49:39
ORD000719,CUST001132,delivered,2023-03-10 07:06:34,2023-03-11 13:06:34,2023-03-12 13:06:34,2023-03-15 13:06:34,2023-03-21 07:06:34
ORD000720,CUST000413,delivered,2023-11-18 13:01:47,2023-11-19 00:01:47,2023-11-20 00:01:47,2023-11-27 00:01:47,2023-12-07 13:01:47
ORD000721,CUST000764,delivered,2023-04-22 17:00:35,2023-04-22 23:00:35,2023-04-24 23:00:35,2023-04-26 23:00:35,2023-05-05 17:00:35
ORD000722,CUST000237,delivered,2023-06-18 03:42:04,2023-06-18 14:42:04,2023-06-19 14:42:04,2023-06-27 14:42:04,2023-06-28 03:42:04
ORD000723,CUST001033,delivered,2023-08-13 15:21:39,2023-08-15 00:21:39,2023-08-18 00:21:39,2023-08-25 00:21:39,2023-08-24 15:21:39
ORD000724,CUST001793,delivered,2024-04-23 18:02:58,2024-04-24 17:02:58,2024-04-26 17:02:58,2024-04-29 17:02:58,2024-05-06 18:02:58
ORD000725,CUST000520,delivered,2023-08-12 16:17:33,2023-08-14 11:17:33,2023-08-17 11:17:33,2023-08-23 11:17:33,2023-08-28 16:17:33
ORD000726,CUST001604,delivered,2023-09-28 21:34:27,2023-09-29 08:34:27,2023-10-02 08:34:27,2023-10-09 08:34:27,2023-10-06 21:34:27
ORD000727,CUST000525,delivered,2023-05-25 14:24:10,2023-05-25 17:24:10,2023-05-26 17:24:10,2023-06-03 17:24:10,2023-06-09 14:24:10
ORD000728,CUST000477,delivered,2023-10-19 01:55:33,2023-10-19 15:55:33,2023-10-22 15:55:33,2023-10-28 15:55:33,2023-10-29 01:55:33
ORD000729,CUST001903,delivered,2024-02-12 17:07:36,2024-02-13 03:07:36,2024-02-15 03:07:36,2024-02-28 03:07:36,2024-03-05 17:07:36
ORD000730,CUST001718,delivered,2024-11-14 18:41:31,2024-11-15 06:41:31,2024-11-16 06:41:31,2024-11-18 06:41:31,2024-11-26 18:41:31
ORD000731,CUST000856,processing,2024-10-16 03:21:33,2024-10-17 17:21:33,,,2024-11-09 03:21:33
ORD000732,CUST000480,delivered,2023-07-06 03:43:33,2023-07-06 20:43:33,2023-07-09 20:43:33,2023-07-17 20:43:33,2023-07-18 03:43:33
ORD000733,CUST000934,delivered,2024-08-09 19:53:01,2024-08-11 03:53:01,2024-08-14 03:53:01,2024-08-26 03:53:01,2024-08-30 19:53:01
ORD000734,CUST001031,processing,2023-08-28 15:30:39,2023-08-29 06:30:39,,,2023-09-21 15:30:39
ORD000735,CUST000604,processing,2023-09-06 04:11:11,2023-09-06 16:11:11,,,2023-09-30 04:11:11
ORD000736,CUST000225,delivered,2024-11-28 11:35:38,2024-11-29 09:35:38,2024-11-30 09:35:38,2024-12-11 09:35:38,2024-12-19 11:35:38
ORD000737,CUST000589,shipped,2023-01-24 17:56:35,2023-01-26 07:56:35,2023-01-29 07:56:35,,2023-02-13 17:56:35
ORD000738,CUST001328,delivered,2024-02-17 04:19:56,2024-02-19 01:19:56,2024-02-20 01:19:56,2024-02-28 01:19:56,2024-03-10 04:19:56
ORD000739,CUST000293,delivered,2023-08-30 14:44:55,2023-08-31 00:44:55,2023-09-01 00:44:55,2023-09-08 00:44:55,2023-09-06 14:44:55
ORD000740,CUST000168,delivered,2024-01-21 19:41:00,2024-01-23 14:41:00,2024-01-24 14:41:00,2024-01-28 14:41:00,2024-02-04 19:41:00
ORD000741,CUST000479,delivered,2024-10-06 12:43:03,2024-10-06 23:43:03,2024-10-07 23:43:03,2024-10-15 23:43:03,2024-10-24 12:43:03
ORD000742,CUST000550,delivered,2023-01-16 12:11:55,2023-01-17 17:11:55,2023-01-18 17:11:55,2023-01-30 17:11:55,2023-01-31 12:11:55
ORD000743,CUST001733,delivered,2024-02-19 20:43:56,2024-02-20 01:43:56,2024-02-23 01:43:56,2024-03-06 01:43:56,2024-03-02 20:43:56
ORD000744,CUST001346,delivered,2023-03-16 20:46:32,2023-03-18 09:46:32,2023-03-20 09:46:32,2023-03-29 09:46:32,2023-03-24 20:46:32
ORD000745,CUST001054,delivered,2024-07-24 21:30:15,2024-07-26 17:30:15,2024-07-28 17:30:15,2024-08-02 17:30:15,2024-08-13 21:30:15
ORD000746,CUST001696,delivered,2024-09-30 22:10:17,2024-10-02 09:10:17,2024-10-03 09:10:17,2024-10-07 09:10:17,2024-10-11 22:10:17
ORD000747,CUST000043,shipped,2023-02-08 12:02:49,2023-02-10 03:02:49,2023-02-13 03:02:49,,2023-02-22 12:02:49
ORD000748,CUST001656,delivered,2024-11-09 19:44:38,2024-11-11 18:44:38,2024-11-14 18:44:38,2024-11-27 18:44:38,2024-11-24 19:44:38
ORD000749,CUST000001,delivered,2024-06-03 10:37:35,2024-06-04 06:37:35,2024-06-07 06:37:35,2024-06-14 06:37:35,2024-06-26 10:37:35
ORD000750,CUST000470,delivered,2024-07-20 22:55:11,2024-07-21 04:55:11,2024-07-23 04:55:11,2024-07-30 04:55:11,2024-08-10 22:55:11
ORD000751,CUST000878,delivered,2024-10-03 19:52:04,2024-10-03 22:52:04,2024-10-06 22:52:04,2024-10-18 22:52:04,2024-10-24 19:52:04
ORD000752,CUST000961,canceled,2023-04-04 12:59:44,,,,2023-04-18 12:59:44
ORD000753,CUST001125,delivered,2024-07-11 14:37:25,2024-07-12 21:37:25,2024-07-13 21:37:25,2024-07-23 21:37:25,2024-07-23 14:37:25
ORD000754,CUST001854,delivered,2023-01-27 22:24:45,2023-01-28 23:24:45,2023-01-29 23:24:45,2023-02-09 23:24:45,2023-02-05 22:24:45
ORD000755,CUST001655,delivered,2024-10-04 16:47:57,2024-10-06 03:47:57,2024-10-08 03:47:57,2024-10-16 03:47:57,2024-10-28 16:47:57
ORD000756,CUST001910,delivered,2023-06-03 22:42:21,2023-06-05 02:42:21,2023-06-08 02:42:21,2023-06-17 02:42:21,2023-06-14 22:42:21
ORD000757,CUST001265,delivered,2023-05-13 11:39:18,2023-05-14 00:39:18,2023-05-16 00:39:18,2023-05-29 00:39:18,2023-05-21 11:39:18
ORD000758,CUST000405,delivered,2024-10-20 19:22:28,2024-10-22 05:22:28,2024-10-23 05:22:28,2024-10-31 05:22:28,2024-11-01 19:22:28
ORD000759,CUST000515,shipped,2024-11-29 22:45:46,2024-11-30 22:45:46,2024-12-01 22:45:46,,2024-12-14 22:45:46
ORD000760,CUST001419,delivered,2023-01-31 13:07:12,2023-02-01 14:07:12,2023-02-03 14:07:12,2023-02-16 14:07:12,2023-02-17 13:07:12
ORD000761,CUST001540,delivered,2024-12-03 16:37:32,2024-12-03 18:37:32,2024-12-06 18:37:32,2024-12-09 18:37:32,2024-12-15 16:37:32
ORD000762,CUST001329,delivered,2023-10-14 19:43:30,2023-10-16 19:43:30,2023-10-18 19:43:30,2023-11-02 19:43:30,2023-11-01 19:43:30
ORD000763,CUST000407,delivered,2023-10-02 09:08:46,2023-10-03 19:08:46,2023-10-05 19:08:46,2023-10-14 19:08:46,2023-10-27 09:08:46
ORD000764,CUST000048,delivered,2024-02-08 07:08:24,2024-02-09 23:08:24,2024-02-11 23:08:24,2024-02-15 23:08:24,2024-02-22 07:08:24
ORD000765,CUST001959,delivered,2024-10-11 04:50:45,2024-10-13 04:50:45,2024-10-16 04:50:45,2024-10-31 04:50:45,2024-10-26 04:50:45
ORD000766,CUST000112,processing,2024-02-05 08:05:23,2024-02-05 21:05:23,,,2024-02-29 08:05:23
ORD000767,CUST001181,delivered,2024-08-09 03:45:13,2024-08-09 14:45:13,2024-08-11 14:45:13,2024-08-14 14:45:13,2024-08-26 03:45:13
ORD000768,CUST001027,delivered,2023-07-11 19:24:26,2023-07-13 18:24:26,2023-07-15 18:24:26,2023-07-19 18:24:26,2023-07-28 19:24:26
ORD000769,CUST001524,invoiced,2024-02-03 06:06:18,2024-02-03 17:06:18,,,2024-02-22 06:06:18
ORD000770,CUST001740,processing,2024-08-26 08:04:12,2024-08-26 23:04:12,,,2024-09-12 08:04:12
ORD000771,CUST000124,shipped,2024-06-26 22:08:03,2024-06-27 22:08:03,2024-06-28 22:08:03,,2024-07-10 22:08:03
ORD000772,CUST001560,delivered,2024-05-31 03:52:01,2024-06-01 05:52:01,2024-06-03 05:52:01,2024-06-10 05:52:01,2024-06-07 03:52:01
ORD000773,CUST000157,delivered,2024-10-23 17:49:37,2024-10-24 18:49:37,2024-10-27 18:49:37,2024-11-03 18:49:37,2024-10-30 17:49:37
ORD000774,CUST001231,delivered,2024-09-16 11:40:00,2024-09-18 07:40:00,2024-09-20 07:40:00,2024-10-05 07:40:00,2024-10-01 11:40:00
ORD000775,CUST000668,delivered,2023-08-18 00:16:36,2023-08-19 17:16:36,2023-08-22 17:16:36,2023-08-25 17:16:36,2023-09-10 00:16:36
ORD000776,CUST001214,canceled,2024-08-13 02:42:46,,,,2024-08-23 02:42:46
ORD000777,CUST001630,delivered,2024-05-07 21:48:32,2024-05-08 01:48:32,2024-05-09 01:48:32,2024-05-19 01:48:32,2024-05-24 21:48:32
ORD000778,CUST001281,delivered,2024-08-18 08:35:35,2024-08-18 11:35:35,2024-08-19 11:35:35,2024-09-03 11:35:35,2024-09-05 08:35:35
ORD000779,CUST000430,delivered,2023-08-04 14:21:51,2023-08-05 11:21:51,2023-08-07 11:21:51,2023-08-16 11:21:51,2023-08-14 14:21:51
ORD000780,CUST000554,delivered,2023-12-01 11:56:00,2023-12-02 01:56:00,2023-12-05 01:56:00,2023-12-09 01:56:00,2023-12-19 11:56:00
ORD000781,CUST001119,shipped,2024-09-26 07:48:30,2024-09-27 14:48:30,2024-09-30 14:48:30,,2024-10-19 07:48:30
ORD000782,CUST001537,shipped,2023-04-10 08:40:14,2023-04-11 13:40:14,2023-04-13 13:40:14,,2023-04-18 08:40:14
ORD000783,CUST000068,delivered,2023-01-17 22:36:05,2023-01-18 08:36:05,2023-01-21 08:36:05,2023-02-05 08:36:05,2023-01-27 22:36:05
ORD000784,CUST001220,delivered,2023-10-18 03:10:21,2023-10-19 02:10:21,2023-10-20 02:10:21,2023-10-29 02:10:21,2023-11-06 03:10:21
ORD000785,CUST001977,invoiced,2024-09-22 19:16:04,2024-09-23 03:16:04,,,2024-10-17 19:16:04
ORD000786,CUST001850,delivered,2024-06-20 17:13:02,2024-06-22 08:13:02,2024-06-25 08:13:02,2024-07-10 08:13:02,2024-07-01 17:13:02
ORD000787,CUST000932,delivered,2024-05-04 00:14:41,2024-05-04 09:14:41,2024-05-05 09:14:41,2024-05-20 09:14:41,2024-05-27 00:14:41
ORD000788,CUST000781,processing,2024-06-23 20:18:32,2024-06-24 19:18:32,,,2024-07-12 20:18:32
ORD000789,CUST000146,invoiced,2023-06-16 04:58:57,2023-06-17 16:58:57,,,2023-07-06 04:58:57
ORD000790,CUST001612,invoiced,2024-03-02 02:07:30,2024-03-03 16:07:30,,,2024-03-25 02:07:30
ORD000791,CUST001008,delivered,2024-03-01 16:22:33,2024-03-02 10:22:33,2024-03-04 10:22:33,2024-03-19 10:22:33,2024-03-13 16:22:33
ORD000792,CUST001884,delivered,2023-05-22 17:56:20,2023-05-24 02:56:20,2023-05-26 02:56:20,2023-06-08 02:56:20,2023-06-06 17:56:20
ORD000793,CUST000683,delivered,2024-07-08 23:01:00,2024-07-10 13:01:00,2024-07-12 13:01:00,2024-07-19 13:01:00,2024-07-25 23:01:00
ORD000794,CUST000237,delivered,2024-12-30 22:20:32,2025-01-01 07:20:32,2025-01-02 07:20:32,2025-01-08 07:20:32,2025-01-09 22:20:32
ORD000795,CUST001762,approved,2023-03-26 15:35:12,2023-03-26 17:35:12,,,2023-04-06 15:35:12
ORD000796,CUST000453,delivered,2023-01-07 01:26:04,2023-01-07 21:26:04,2023-01-09 21:26:04,2023-01-21 21:26:04,2023-01-21 01:26:04
ORD000797,CUST001784,processing,2024-08-23 23:34:08,2024-08-24 04:34:08,,,2024-09-06 23:34:08
ORD000798,CUST000250,processing,2023-05-15 23:23:53,2023-05-16 07:23:53,,,2023-06-01 23:23:53
ORD000799,CUST000190,delivered,2023-11-21 02:31:15,2023-11-21 23:31:15,2023-11-23 23:31:15,2023-12-02 23:31:15,2023-11-29 02:31:15
ORD000800,CUST000164,delivered,2024-06-18 07:25:50,2024-06-19 11:25:50,2024-06-22 11:25:50,2024-07-05 11:25:50,2024-06-30 07:25:50
ORD000801,CUST001741,delivered,2024-11-29 03:39:15,2024-11-29 22:39:15,2024-12-02 22:39:15,2024-12-12 22:39:15,2024-12-18 03:39:15
ORD000802,CUST000993,delivered,2024-01-31 21:21:05,2024-02-02 19:21:05,2024-02-04 19:21:05,2024-02-08 19:21:05,2024-02-22 21:21:05
ORD000803,CUST001809,delivered,2024-12-07 08:05:09,2024-12-09 01:05:09,2024-12-11 01:05:09,2024-12-24 01:05:09,2024-12-23 08:05:09
ORD000804,CUST000196,delivered,2024-10-20 15:02:49,2024-10-20 16:02:49,2024-10-21 16:02:49,2024-10-28 16:02:49,2024-11-12 15:02:49
ORD000805,CUST000219,canceled,2024-12-21 06:06:21,,,,2025-01-06 06:06:21
ORD000806,CUST001695,delivered,2023-08-03 02:32:01,2023-08-03 14:32:01,2023-08-06 14:32:01,2023-08-16 14:32:01,2023-08-13 02:32:01
ORD000807,CUST000270,shipped,2023-05-17 06:55:59,2023-05-17 15:55:59,2023-05-18 15:55:59,,2023-05-28 06:55:59
ORD000808,CUST001628,delivered,2024-10-22 00:15:28,2024-10-23 16:15:28,2024-10-24 16:15:28,2024-10-26 16:15:28,2024-11-10 00:15:28
ORD000809,CUST000497,delivered,2023-01-09 03:16:16,2023-01-10 06:16:16,2023-01-12 06:16:16,2023-01-21 06:16:16,2023-01-21 03:16:16
ORD000810,CUST001023,delivered,2023-07-28 20:07:29,2023-07-28 22:07:29,2023-07-31 22:07:29,2023-08-04 22:07:29,2023-08-19 20:07:29
ORD000811,CUST001616,delivered,2024-02-18 18:53:04,2024-02-20 13:53:04,2024-02-22 13:53:04,2024-02-26 13:53:04,2024-03-01 18:53:04
ORD000812,CUST000946,delivered,2023-12-25 17:28:44,2023-12-26 10:28:44,2023-12-29 10:28:44,2024-01-05 10:28:44,2024-01-18 17:28:44
ORD000813,CUST001212,delivered,2024-10-04 09:40:16,2024-10-05 10:40:16,2024-10-06 10:40:16,2024-10-21 10:40:16,2024-10-29 09:40:16
ORD000814,CUST000616,delivered,2023-02-03 11:50:55,2023-02-03 17:50:55,2023-02-06 17:50:55,2023-02-21 17:50:55,2023-02-24 11:50:55
ORD000815,CUST001830,delivered,2024-01-27 23:56:43,2024-01-29 22:56:43,2024-01-30 22:56:43,2024-02-07 22:56:43,2024-02-04 23:56:43
ORD000816,CUST000877,delivered,2024-07-16 06:36:49,2024-07-16 14:36:49,2024-07-19 14:36:49,2024-07-28 14:36:49,2024-07-28 06:36:49
ORD000817,CUST001101,delivered,2023-03-06 16:38:41,2023-03-07 05:38:41,2023-03-09 05:38:41,2023-03-23 05:38:41,2023-03-19 16:38:41
ORD000818,CUST000252,delivered,2024-08-01 23:51:44,2024-08-02 11:51:44,2024-08-03 11:51:44,2024-08-10 11:51:44,2024-08-13 23:51:44
ORD000819,CUST001393,delivered,2023-06-26 05:39:01,2023-06-27 18:39:01,2023-06-30 18:39:01,2023-07-05 18:39:01,2023-07-16 05:39:01
ORD000820,CUST001699,delivered,2023-06-25 03:40:13,2023-06-26 00:40:13,2023-06-29 00:40:13,2023-07-14 00:40:13,2023-07-20 03:40:13
ORD000821,CUST000193,delivered,2023-03-19 23:18:52,2023-03-21 11:18:52,2023-03-24 11:18:52,2023-03-28 11:18:52,2023-04-02 23:18:52
ORD000822,CUST000679,delivered,2023-06-20 11:50:11,2023-06-22 08:50:11,2023-06-23 08:50:11,2023-07-07 08:50:11,2023-07-15 11:50:11
ORD000823,CUST001599,delivered,2024-07-07 07:23:52,2024-07-08 03:23:52,2024-07-10 03:23:52,2024-07-18 03:23:52,2024-07-17 07:23:52
ORD000824,CUST001395,delivered,2024-05-15 23:28:09,2024-05-17 23:28:09,2024-05-19 23:28:09,2024-05-24 23:28:09,2024-05-27 23:28:09
ORD000825,CUST000591,delivered,2024-02-07 10:33:10,2024-02-07 12:33:10,2024-02-10 12:33:10,2024-02-17 12:33:10,2024-02-22 10:33:10
ORD000826,CUST000903,shipped,2023-09-17 21:01:48,2023-09-19 05:01:48,2023-09-22 05:01:48,,2023-09-27 21:01:48
ORD000827,CUST001695,delivered,2023-07-04 16:16:06,2023-07-06 06:16:06,2023-07-08 06:16:06,2023-07-10 06:16:06,2023-07-16 16:16:06
ORD000828,CUST000780,delivered,2024-08-07 06:20:49,2024-08-07 17:20:49,2024-08-08 17:20:49,2024-08-15 17:20:49,2024-08-21 06:20:49
ORD000829,CUST000732,delivered,2024-11-13 21:41:45,2024-11-15 07:41:45,2024-11-17 07:41:45,2024-11-30 07:41:45,2024-11-23 21:41:45
ORD000830,CUST001754,delivered,2023-08-08 17:51:08,2023-08-09 14:51:08,2023-08-10 14:51:08,2023-08-21 14:51:08,2023-09-01 17:51:08
ORD000831,CUST000113,delivered,2024-06-15 08:50:54,2024-06-15 10:50:54,2024-06-18 10:50:54,2024-07-02 10:50:54,2024-06-25 08:50:54
ORD000832,CUST001427,delivered,2023-05-18 13:15:50,2023-05-20 12:15:50,2023-05-21 12:15:50,2023-05-31 12:15:50,2023-05-31 13:15:50
ORD000833,CUST000973,processing,2023-06-27 01:22:15,2023-06-27 18:22:15,,,2023-07-21 01:22:15
ORD000834,CUST001183,shipped,2024-05-15 22:05:05,2024-05-17 18:05:05,2024-05-19 18:05:05,,2024-06-07 22:05:05
ORD000835,CUST001318,processing,2024-05-30 18:25:11,2024-05-31 23:25:11,,,2024-06-17 18:25:11
ORD000836,CUST000798,delivered,2024-12-01 07:40:01,2024-12-03 06:40:01,2024-12-06 06:40:01,2024-12-13 06:40:01,2024-12-24 07:40:01
ORD000837,CUST001962,delivered,2024-01-01 06:43:23,2024-01-02 17:43:23,2024-01-04 17:43:23,2024-01-06 17:43:23,2024-01-09 06:43:23
ORD000838,CUST001269,delivered,2023-07-26 00:37:52,2023-07-26 20:37:52,2023-07-27 20:37:52,2023-08-04 20:37:52,2023-08-04 00:37:52
ORD000839,CUST001957,delivered,2024-08-09 20:53:35,2024-08-11 02:53:35,2024-08-12 02:53:35,2024-08-19 02:53:35,2024-08-21 20:53:35
ORD000840,CUST000635,canceled,2023-08-04 20:46:18,,,,2023-08-13 20:46:18
ORD000841,CUST000616,delivered,2023-01-24 05:25:57,2023-01-24 16:25:57,2023-01-27 16:25:57,2023-02-07 16:25:57,2023-02-11 05:25:57
ORD000842,CUST001339,delivered,2024-11-10 00:52:29,2024-11-10 13:52:29,2024-11-12 13:52:29,2024-11-18 13:52:29,2024-12-03 00:52:29
ORD000843,CUST001263,delivered,2023-07-17 02:03:50,2023-07-17 15:03:50,2023-07-18 15:03:50,2023-07-29 15:03:50,2023-08-06 02:03:50
ORD000844,CUST000158,delivered,2024-04-26 03:00:32,2024-04-27 17:00:32,2024-04-29 17:00:32,2024-05-02 17:00:32,2024-05-06 03:00:32
ORD000845,CUST001352,delivered,2023-05-29 14:29:02,2023-05-30 00:29:02,2023-06-02 00:29:02,2023-06-06 00:29:02,2023-06-08 14:29:02
ORD000846,CUST001925,delivered,2023-08-01 05:43:51,2023-08-03 01:43:51,2023-08-06 01:43:51,2023-08-15 01:43:51,2023-08-21 05:43:51
ORD000847,CUST001278,delivered,2024-04-22 05:05:02,2024-04-23 20:05:02,2024-04-26 20:05:02,2024-05-08 20:05:02,2024-05-01 05:05:02
ORD000848,CUST000114,delivered,2023-04-29 04:06:13,2023-04-29 11:06:13,2023-04-30 11:06:13,2023-05-04 11:06:13,2023-05-07 04:06:13
ORD000849,CUST000773,delivered,2023-05-04 22:28:58,2023-05-06 03:28:58,2023-05-07 03:28:58,2023-05-20 03:28:58,2023-05-21 22:28:58
ORD000850,CUST000177,delivered,2024-11-08 19:15:57,2024-11-09 11:15:57,2024-11-10 11:15:57,2024-11-21 11:15:57,2024-11-21 19:15:57
ORD000851,CUST000008,delivered,2023-02-07 10:41:24,2023-02-08 14:41:24,2023-02-10 14:41:24,2023-02-17 14:41:24,2023-02-20 10:41:24
ORD000852,CUST001017,delivered,2024-07-03 00:29:17,2024-07-04 06:29:17,2024-07-07 06:29:17,2024-07-19 06:29:17,2024-07-19 00:29:17
ORD000853,CUST001828,delivered,2024-06-17 03:46:22,2024-06-17 22:46:22,2024-06-18 22:46:22,2024-06-21 22:46:22,2024-06-26 03:46:22
ORD000854,CUST001684,shipped,2023-10-19 00:49:36,2023-10-20 20:49:36,2023-10-22 20:49:36,,2023-11-11 00:49:36
ORD000855,CUST000399,processing,2023-05-24 12:16:31,2023-05-26 01:16:31,,,2023-06-10 12:16:31
ORD000856,CUST001621,delivered,2023-05-18 05:27:57,2023-05-19 06:27:57,2023-05-20 06:27:57,2023-05-22 06:27:57,2023-06-12 05:27:57
ORD000857,CUST000966,approved,2023-07-18 13:21:07,2023-07-19 12:21:07,,,2023-08-06 13:21:07
ORD000858,CUST001230,delivered,2023-03-09 23:51:12,2023-03-10 13:51:12,2023-03-13 13:51:12,2023-03-25 13:51:12,2023-04-03 23:51:12
ORD000859,CUST001836,delivered,2024-09-02 12:34:11,2024-09-04 09:34:11,2024-09-07 09:34:11,2024-09-16 09:34:11,2024-09-09 12:34:11
ORD000860,CUST001210,invoiced,2023-04-10 08:19:57,2023-04-10 16:19:57,,,2023-04-21 08:19:57
ORD000861,CUST000695,delivered,2023-10-10 06:56:42,2023-10-11 05:56:42,2023-10-14 05:56:42,2023-10-21 05:56:42,2023-11-03 06:56:42
ORD000862,CUST000239,delivered,2024-01-11 14:06:13,2024-01-11 23:06:13,2024-01-12 23:06:13,2024-01-27 23:06:13,2024-01-18 14:06:13
ORD000863,CUST000829,processing,2023-09-23 02:43:43,2023-09-23 12:43:43,,,2023-09-30 02:43:43
ORD000864,CUST000836,invoiced,2023-05-25 17:32:37,2023-05-26 21:32:37,,,2023-06-04 17:32:37
ORD000865,CUST001143,delivered,2024-01-06 22:21:51,2024-01-07 13:21:51,2024-01-10 13:21:51,2024-01-19 13:21:51,2024-01-21 22:21:51
ORD000866,CUST001213,delivered,2023-03-03 06:03:24,2023-03-03 10:03:24,2023-03-05 10:03:24,2023-03-18 10:03:24,2023-03-12 06:03:24
ORD000867,CUST001156,processing,2024-03-17 15:31:02,2024-03-17 17:31:02,,,2024-04-06 15:31:02
ORD000868,CUST000371,delivered,2023-08-22 04:43:57,2023-08-22 23:43:57,2023-08-25 23:43:57,2023-09-06 23:43:57,2023-09-01 04:43:57
ORD000869,CUST001361,delivered,2023-12-17 11:37:49,2023-12-17 22:37:49,2023-12-20 22:37:49,2024-01-01 22:37:49,2023-12-24 11:37:49
ORD000870,CUST000850,delivered,2023-08-16 10:23:35,2023-08-16 14:23:35,2023-08-17 14:23:35,2023-08-19 14:23:35,2023-09-03 10:23:35
ORD000871,CUST000794,delivered,2024-02-20 18:04:22,2024-02-22 11:04:22,2024-02-24 11:04:22,2024-03-02 11:04:22,2024-03-11 18:04:22
ORD000872,CUST000958,delivered,2023-11-12 22:40:45,2023-11-14 03:40:45,2023-11-17 03:40:45,2023-11-29 03:40:45,2023-11-30 22:40:45
ORD000873,CUST001216,delivered,2024-01-16 10:22:41,2024-01-16 22:22:41,2024-01-17 22:22:41,2024-01-23 22:22:41,2024-02-07 10:22:41
ORD000874,CUST001037,shipped,2023-04-19 04:58:58,2023-04-19 21:58:58,2023-04-21 21:58:58,,2023-05-09 04:58:58
ORD000875,CUST001560,delivered,2023-01-03 04:01:31,2023-01-03 08:01:31,2023-01-04 08:01:31,2023-01-18 08:01:31,2023-01-26 04:01:31
ORD000876,CUST001864,delivered,2023-05-06 01:24:36,2023-05-08 01:24:36,2023-05-10 01:24:36,2023-05-20 01:24:36,2023-05-20 01:24:36
ORD000877,CUST000827,delivered,2023-04-13 16:21:34,2023-04-13 22:21:34,2023-04-15 22:21:34,2023-04-19 22:21:34,2023-05-03 16:21:34
ORD000878,CUST001572,delivered,2024-06-12 01:33:06,2024-06-13 11:33:06,2024-06-14 11:33:06,2024-06-28 11:33:06,2024-06-30 01:33:06
ORD000879,CUST001565,delivered,2024-04-03 03:54:37,2024-04-03 05:54:37,2024-04-06 05:54:37,2024-04-09 05:54:37,2024-04-20 03:54:37
ORD000880,CUST001850,delivered,2024-12-22 02:12:49,2024-12-22 15:12:49,2024-12-25 15:12:49,2024-12-27 15:12:49,2025-01-11 02:12:49
ORD000881,CUST001684,delivered,2024-04-08 03:42:05,2024-04-09 09:42:05,2024-04-12 09:42:05,2024-04-17 09:42:05,2024-04-25 03:42:05
ORD000882,CUST000363,shipped,2023-03-23 01:44:25,2023-03-23 20:44:25,2023-03-25 20:44:25,,2023-04-15 01:44:25
ORD000883,CUST001303,delivered,2023-10-10 17:54:51,2023-10-11 19:54:51,2023-10-12 19:54:51,2023-10-15 19:54:51,2023-10-23 17:54:51
ORD000884,CUST000698,delivered,2023-01-26 00:38:04,2023-01-26 12:38:04,2023-01-28 12:38:04,2023-02-07 12:38:04,2023-02-18 00:38:04
ORD000885,CUST001077,delivered,2024-11-23 12:56:14,2024-11-25 10:56:14,2024-11-27 10:56:14,2024-12-08 10:56:14,2024-12-08 12:56:14
ORD000886,CUST001738,delivered,2024-05-23 01:04:50,2024-05-24 13:04:50,2024-05-25 13:04:50,2024-06-01 13:04:50,2024-06-05 01:04:50
ORD000887,CUST001181,delivered,2024-11-18 07:17:42,2024-11-18 18:17:42,2024-11-20 18:17:42,2024-11-26 18:17:42,2024-12-08 07:17:42
ORD000888,CUST000480,shipped,2024-02-08 15:54:13,2024-02-08 21:54:13,2024-02-10 21:54:13,,2024-03-04 15:54:13
ORD000889,CUST000062,delivered,2023-03-07 19:06:02,2023-03-08 04:06:02,2023-03-11 04:06:02,2023-03-26 04:06:02,2023-03-29 19:06:02
ORD000890,CUST001702,delivered,2023-01-20 01:10:05,2023-01-20 19:10:05,2023-01-22 19:10:05,2023-01-30 19:10:05,2023-02-09 01:10:05
ORD000891,CUST000109,invoiced,2023-04-13 11:18:31,2023-04-15 04:18:31,,,2023-05-08 11:18:31
ORD000892,CUST000780,shipped,2023-01-26 02:28:08,2023-01-26 06:28:08,2023-01-28 06:28:08,,2023-02-20 02:28:08
ORD000893,CUST000528,delivered,2024-05-12 17:00:57,2024-05-13 10:00:57,2024-05-14 10:00:57,2024-05-16 10:00:57,2024-05-27 17:00:57
ORD000894,CUST000521,delivered,2024-08-22 08:35:26,2024-08-23 20:35:26,2024-08-24 20:35:26,2024-09-08 20:35:26,2024-09-16 08:35:26
ORD000895,CUST000851,delivered,2024-12-17 22:58:36,2024-12-19 11:58:36,2024-12-20 11:58:36,2024-12-27 11:58:36,2024-12-31 22:58:36
ORD000896,CUST001515,delivered,2024-11-14 02:23:41,2024-11-14 14:23:41,2024-11-15 14:23:41,2024-11-21 14:23:41,2024-12-07 02:23:41
ORD000897,CUST001426,delivered,2023-02-08 21:28:06,2023-02-10 12:28:06,2023-02-12 12:28:06,2023-02-20 12:28:06,2023-03-03 21:28:06
ORD000898,CUST000908,delivered,2024-05-19 23:15:39,2024-05-20 04:15:39,2024-05-21 04:15:39,2024-05-30 04:15:39,2024-06-13 23:15:39
ORD000899,CUST000082,shipped,2024-03-25 04:22:45,2024-03-26 05:22:45,2024-03-29 05:22:45,,2024-04-18 04:22:45
ORD000900,CUST000477,delivered,2023-10-27 03:42:56,2023-10-28 04:42:56,2023-10-29 04:42:56,2023-11-02 04:42:56,2023-11-09 03:42:56
ORD000901,CUST000767,invoiced,2024-05-11 10:26:12,2024-05-12 18:26:12,,,2024-06-02 10:26:12
ORD000902,CUST001419,delivered,2024-08-07 09:41:27,2024-08-07 21:41:27,2024-08-09 21:41:27,2024-08-17 21:41:27,2024-08-19 09:41:27
ORD000903,CUST000818,delivered,2023-08-04 18:45:52,2023-08-06 09:45:52,2023-08-08 09:45:52,2023-08-19 09:45:52,2023-08-29 18:45:52
ORD000904,CUST000276,delivered,2023-04-27 22:13:45,2023-04-27 23:13:45,2023-04-28 23:13:45,2023-05-11 23:13:45,2023-05-12 22:13:45
ORD000905,CUST000721,processing,2023-06-19 15:41:04,2023-06-21 10:41:04,,,2023-06-30 15:41:04
ORD000906,CUST001242,delivered,2023-01-27 07:48:14,2023-01-28 16:48:14,2023-01-30 16:48:14,2023-02-14 16:48:14,2023-02-20 07:48:14
ORD000907,CUST000548,delivered,2023-06-25 03:50:53,2023-06-25 07:50:53,2023-06-26 07:50:53,2023-07-08 07:50:53,2023-07-02 03:50:53
ORD000908,CUST000083,delivered,2024-10-07 22:51:23,2024-10-09 09:51:23,2024-10-10 09:51:23,2024-10-15 09:51:23,2024-10-25 22:51:23
ORD000909,CUST001647,delivered,2024-12-01 22:23:56,2024-12-03 13:23:56,2024-12-06 13:23:56,2024-12-20 13:23:56,2024-12-26 22:23:56
ORD000910,CUST000160,canceled,2024-04-04 05:20:15,,,,2024-04-13 05:20:15
ORD000911,CUST000917,delivered,2024-03-31 00:48:57,2024-04-01 11:48:57,2024-04-04 11:48:57,2024-04-16 11:48:57,2024-04-25 00:48:57
ORD000912,CUST000543,delivered,2023-10-24 18:30:13,2023-10-24 23:30:13,2023-10-27 23:30:13,2023-11-04 23:30:13,2023-11-08 18:30:13
ORD000913,CUST001343,delivered,2023-11-08 19:28:57,2023-11-09 03:28:57,2023-11-11 03:28:57,2023-11-18 03:28:57,2023-12-01 19:28:57
ORD000914,CUST000270,delivered,2024-06-09 08:29:17,2024-06-10 13:29:17,2024-06-13 13:29:17,2024-06-20 13:29:17,2024-06-30 08:29:17
ORD000915,CUST001040,delivered,2023-01-12 19:37:40,2023-01-12 21:37:40,2023-01-14 21:37:40,2023-01-24 21:37:40,2023-01-20 19:37:40
ORD000916,CUST001118,delivered,2024-03-04 17:16:08,2024-03-06 12:16:08,2024-03-07 12:16:08,2024-03-22 12:16:08,2024-03-16 17:16:08
ORD000917,CUST001379,delivered,2023-07-13 13:50:40,2023-07-14 09:50:40,2023-07-17 09:50:40,2023-07-25 09:50:40,2023-07-22 13:50:40
ORD000918,CUST001329,invoiced,2024-10-25 03:03:34,2024-10-26 12:03:34,,,2024-11-16 03:03:34
ORD000919,CUST001755,delivered,2024-11-21 21:29:48,2024-11-22 08:29:48,2024-11-25 08:29:48,2024-12-07 08:29:48,2024-12-11 21:29:48
ORD000920,CUST000267,delivered,2024-07-27 18:22:30,2024-07-29 17:22:30,2024-07-31 17:22:30,2024-08-11 17:22:30,2024-08-18 18:22:30
ORD000921,CUST001124,delivered,2024-11-11 23:08:01,2024-11-12 02:08:01,2024-11-15 02:08:01,2024-11-22 02:08:01,2024-11-25 23:08:01
ORD000922,CUST000159,delivered,2024-12-31 04:17:35,2024-12-31 10:17:35,2025-01-03 10:17:35,2025-01-11 10:17:35,2025-01-10 04:17:35
ORD000923,CUST001082,delivered,2023-12-30 15:33:07,2024-01-01 03:33:07,2024-01-04 03:33:07,2024-01-09 03:33:07,2024-01-11 15:33:07
ORD000924,CUST001850,delivered,2024-05-14 10:20:39,2024-05-16 07:20:39,2024-05-19 07:20:39,2024-05-29 07:20:39,2024-05-28 10:20:39
ORD000925,CUST000894,delivered,2023-12-08 13:44:24,2023-12-09 19:44:24,2023-12-12 19:44:24,2023-12-26 19:44:24,2023-12-27 13:44:24
ORD000926,CUST000301,delivered,2023-07-06 10:39:44,2023-07-08 01:39:44,2023-07-10 01:39:44,2023-07-23 01:39:44,2023-07-22 10:39:44
ORD000927,CUST001975,delivered,2024-09-16 13:42:04,2024-09-17 05:42:04,2024-09-20 05:42:04,2024-09-26 05:42:04,2024-10-06 13:42:04
ORD000928,CUST001549,delivered,2023-01-27 09:40:18,2023-01-28 05:40:18,2023-01-29 05:40:18,2023-02-01 05:40:18,2023-02-17 09:40:18
ORD000929,CUST000953,delivered,2023-01-12 05:34:07,2023-01-12 12:34:07,2023-01-14 12:34:07,2023-01-18 12:34:07,2023-01-24 05:34:07
ORD000930,CUST000763,delivered,2023-12-31 21:07:01,2024-01-02 14:07:01,2024-01-04 14:07:01,2024-01-10 14:07:01,2024-01-24 21:07:01
ORD000931,CUST001294,delivered,2024-07-13 04:33:11,2024-07-14 17:33:11,2024-07-15 17:33:11,2024-07-21 17:33:11,2024-08-06 04:33:11
ORD000932,CUST000102,delivered,2024-02-14 19:23:42,2024-02-15 10:23:42,2024-02-18 10:23:42,2024-02-20 10:23:42,2024-03-05 19:23:42
ORD000933,CUST001499,delivered,2023-05-21 09:24:46,2023-05-21 19:24:46,2023-05-24 19:24:46,2023-06-02 19:24:46,2023-06-15 09:24:46
ORD000934,CUST001256,delivered,2023-03-11 15:28:14,2023-03-11 20:28:14,2023-03-12 20:28:14,2023-03-18 20:28:14,2023-03-20 15:28:14
ORD000935,CUST001145,delivered,2023-08-08 04:06:44,2023-08-10 03:06:44,2023-08-11 03:06:44,2023-08-18 03:06:44,2023-08-20 04:06:44
ORD000936,CUST000529,delivered,2023-07-29 14:49:56,2023-07-30 04:49:56,2023-08-01 04:49:56,2023-08-14 04:49:56,2023-08-18 14:49:56
ORD000937,CUST001293,delivered,2023-01-01 12:26:31,2023-01-02 04:26:31,2023-01-03 04:26:31,2023-01-09 04:26:31,2023-01-18 12:26:31
ORD000938,CUST001159,delivered,2024-07-23 18:36:23,2024-07-24 16:36:23,2024-07-27 16:36:23,2024-07-29 16:36:23,2024-08-04 18:36:23
ORD000939,CUST000965,delivered,2024-01-04 10:08:12,2024-01-05 18:08:12,2024-01-06 18:08:12,2024-01-12 18:08:12,2024-01-14 10:08:12
ORD000940,CUST001881,delivered,2024-09-23 03:32:41,2024-09-24 21:32:41,2024-09-25 21:32:41,2024-10-10 21:32:41,2024-10-06 03:32:41
ORD000941,CUST000079,delivered,2024-12-14 10:31:39,2024-12-15 23:31:39,2024-12-17 23:31:39,2024-12-25 23:31:39,2024-12-23 10:31:39
ORD000942,CUST001929,canceled,2024-04-26 17:37:50,,,,2024-05-05 17:37:50
ORD000943,CUST000740,delivered,2024-06-12 04:36:56,2024-06-13 19:36:56,2024-06-16 19:36:56,2024-06-27 19:36:56,2024-07-06 04:36:56
ORD000944,CUST000558,delivered,2024-10-07 01:31:22,2024-10-09 00:31:22,2024-10-10 00:31:22,2024-10-25 00:31:22,2024-10-26 01:31:22
ORD000945,CUST001095,delivered,2024-04-17 20:04:00,2024-04-18 14:04:00,2024-04-19 14:04:00,2024-04-28 14:04:00,2024-05-02 20:04:00
ORD000946,CUST000729,processing,2024-02-28 18:49:20,2024-02-29 01:49:20,,,2024-03-13 18:49:20
ORD000947,CUST001157,delivered,2023-12-01 22:39:58,2023-12-03 00:39:58,2023-12-06 00:39:58,2023-12-14 00:39:58,2023-12-16 22:39:58
ORD000948,CUST001100,delivered,2024-07-13 15:22:16,2024-07-15 02:22:16,2024-07-18 02:22:16,2024-08-01 02:22:16,2024-07-27 15:22:16
ORD000949,CUST000760,delivered,2024-12-16 21:10:53,2024-12-18 13:10:53,2024-12-21 13:10:53,2024-12-30 13:10:53,2025-01-01 21:10:53
ORD000950,CUST001122,delivered,2024-06-02 13:52:39,2024-06-04 10:52:39,2024-06-05 10:52:39,2024-06-12 10:52:39,2024-06-19 13:52:39
ORD000951,CUST001363,approved,2024-08-25 09:30:38,2024-08-27 04:30:38,,,2024-09-02 09:30:38
ORD000952,CUST001416,delivered,2023-04-24 04:31:08,2023-04-26 03:31:08,2023-04-29 03:31:08,2023-05-11 03:31:08,2023-05-06 04:31:08
ORD000953,CUST001606,approved,2023-03-01 17:23:40,2023-03-02 09:23:40,,,2023-03-20 17:23:40
ORD000954,CUST001506,delivered,2024-12-12 01:37:11,2024-12-12 06:37:11,2024-12-14 06:37:11,2024-12-17 06:37:11,2025-01-01 01:37:11
ORD000955,CUST001543,delivered,2024-11-30 02:15:09,2024-12-01 17:15:09,2024-12-04 17:15:09,2024-12-18 17:15:09,2024-12-24 02:15:09
ORD000956,CUST001773,delivered,2024-02-09 07:32:30,2024-02-09 23:32:30,2024-02-11 23:32:30,2024-02-24 23:32:30,2024-02-20 07:32:30
ORD000957,CUST000626,delivered,2023-04-13 18:44:18,2023-04-14 15:44:18,2023-04-16 15:44:18,2023-04-27 15:44:18,2023-04-21 18:44:18
ORD000958,CUST000379,delivered,2024-01-24 17:40:36,2024-01-24 19:40:36,2024-01-27 19:40:36,2024-02-08 19:40:36,2024-02-18 17:40:36
ORD000959,CUST001654,delivered,2023-11-05 04:56:50,2023-11-06 18:56:50,2023-11-08 18:56:50,2023-11-12 18:56:50,2023-11-13 04:56:50
ORD000960,CUST000513,approved,2023-10-28 13:42:07,2023-10-30 09:42:07,,,2023-11-12 13:42:07
ORD000961,CUST000890,delivered,2024-07-24 22:19:58,2024-07-26 06:19:58,2024-07-28 06:19:58,2024-07-30 06:19:58,2024-08-10 22:19:58
ORD000962,CUST001811,delivered,2024-03-22 09:32:38,2024-03-23 05:32:38,2024-03-25 05:32:38,2024-04-02 05:32:38,2024-04-09 09:32:38
ORD000963,CUST001607,delivered,2024-05-16 16:07:57,2024-05-16 18:07:57,2024-05-19 18:07:57,2024-05-28 18:07:57,2024-06-01 16:07:57
ORD000964,CUST000143,delivered,2023-11-23 08:02:11,2023-11-24 17:02:11,2023-11-27 17:02:11,2023-11-29 17:02:11,2023-12-13 08:02:11
ORD000965,CUST001800,processing,2023-05-14 08:49:47,2023-05-15 08:49:47,,,2023-05-29 08:49:47
ORD000966,CUST001373,shipped,2024-02-19 13:52:52,2024-02-21 06:52:52,2024-02-22 06:52:52,,2024-03-10 13:52:52
ORD000967,CUST001593,delivered,2023-12-11 10:31:44,2023-12-12 12:31:44,2023-12-15 12:31:44,2023-12-22 12:31:44,2023-12-29 10:31:44
ORD000968,CUST001312,delivered,2023-08-23 01:57:18,2023-08-24 21:57:18,2023-08-26 21:57:18,2023-08-30 21:57:18,2023-09-04 01:57:18
ORD000969,CUST000742,delivered,2023-05-02 06:22:05,2023-05-02 18:22:05,2023-05-04 18:22:05,2023-05-12 18:22:05,2023-05-24 06:22:05
ORD000970,CUST001624,delivered,2024-12-11 23:54:27,2024-12-13 01:54:27,2024-12-14 01:54:27,2024-12-28 01:54:27,2024-12-28 23:54:27
ORD000971,CUST001694,delivered,2024-09-19 02:27:05,2024-09-19 09:27:05,2024-09-20 09:27:05,2024-09-24 09:27:05,2024-10-04 02:27:05
ORD000972,CUST000363,delivered,2024-12-27 03:38:16,2024-12-28 12:38:16,2024-12-30 12:38:16,2025-01-09 12:38:16,2025-01-19 03:38:16
ORD000973,CUST001466,approved,2024-10-16 14:08:08,2024-10-16 15:08:08,,,2024-11-09 14:08:08
ORD000974,CUST000379,delivered,2023-01-16 03:56:41,2023-01-17 13:56:41,2023-01-19 13:56:41,2023-01-28 13:56:41,2023-02-07 03:56:41
ORD000975,CUST001705,delivered,2024-07-26 04:39:17,2024-07-26 10:39:17,2024-07-27 10:39:17,2024-08-07 10:39:17,2024-08-13 04:39:17
ORD000976,CUST000664,invoiced,2024-03-30 00:29:45,2024-03-30 18:29:45,,,2024-04-20 00:29:45
ORD000977,CUST000232,shipped,2023-05-19 14:52:29,2023-05-20 01:52:29,2023-05-23 01:52:29,,2023-06-08 14:52:29
ORD000978,CUST000811,delivered,2023-03-19 05:21:43,2023-03-19 16:21:43,2023-03-20 16:21:43,2023-03-25 16:21:43,2023-04-11 05:21:43
ORD000979,CUST001652,delivered,2023-09-15 08:19:50,2023-09-16 15:19:50,2023-09-18 15:19:50,2023-09-23 15:19:50,2023-10-05 08:19:50
ORD000980,CUST001392,delivered,2023-12-21 21:26:07,2023-12-23 08:26:07,2023-12-24 08:26:07,2024-01-02 08:26:07,2024-01-14 21:26:07
ORD000981,CUST000074,delivered,2023-12-25 23:08:23,2023-12-26 16:08:23,2023-12-29 16:08:23,2024-01-02 16:08:23,2024-01-10 23:08:23
ORD000982,CUST000297,delivered,2023-05-11 04:29:35,2023-05-13 01:29:35,2023-05-14 01:29:35,2023-05-24 01:29:35,2023-05-28 04:29:35
ORD000983,CUST000699,shipped,2023-09-17 13:10:51,2023-09-18 07:10:51,2023-09-19 07:10:51,,2023-09-25 13:10:51
ORD000984,CUST000549,delivered,2024-11-23 15:37:40,2024-11-25 09:37:40,2024-11-27 09:37:40,2024-12-03 09:37:40,2024-12-14 15:37:40
ORD000985,CUST000719,processing,2023-12-13 05:18:09,2023-12-13 10:18:09,,,2023-12-23 05:18:09
ORD000986,CUST001699,delivered,2023-05-24 07:02:48,2023-05-26 05:02:48,2023-05-28 05:02:48,2023-06-03 05:02:48,2023-06-17 07:02:48
ORD000987,CUST000050,delivered,2024-09-21 17:53:09,2024-09-23 09:53:09,2024-09-26 09:53:09,2024-10-11 09:53:09,2024-09-30 17:53:09
ORD000988,CUST001769,canceled,2024-04-06 15:57:40,,,,2024-04-25 15:57:40
ORD000989,CUST000268,delivered,2023-07-31 08:50:36,2023-08-02 02:50:36,2023-08-05 02:50:36,2023-08-17 02:50:36,2023-08-12 08:50:36
ORD000990,CUST001985,delivered,2024-05-16 06:10:45,2024-05-17 18:10:45,2024-05-20 18:10:45,2024-05-28 18:10:45,2024-05-28 06:10:45
ORD000991,CUST000111,delivered,2023-03-16 17:17:04,2023-03-16 18:17:04,2023-03-19 18:17:04,2023-03-29 18:17:04,2023-03-24 17:17:04
ORD000992,CUST001353,shipped,2023-03-10 22:05:26,2023-03-11 14:05:26,2023-03-12 14:05:26,,2023-03-25 22:05:26
ORD000993,CUST001405,delivered,2023-12-03 23:07:55,2023-12-05 00:07:55,2023-12-08 00:07:55,2023-12-22 00:07:55,2023-12-17 23:07:55
ORD000994,CUST000030,delivered,2023-11-29 19:51:16,2023-11-30 05:51:16,2023-12-02 05:51:16,2023-12-13 05:51:16,2023-12-13 19:51:16
ORD000995,CUST000729,processing,2023-12-05 08:21:23,2023-12-05 09:21:23,,,2023-12-13 08:21:23
ORD000996,CUST001704,delivered,2024-12-17 23:05:48,2024-12-19 08:05:48,2024-12-20 08:05:48,2025-01-02 08:05:48,2025-01-05 23:05:48
ORD000997,CUST000954,delivered,2024-03-27 17:15:50,2024-03-29 02:15:50,2024-03-30 02:15:50,2024-04-14 02:15:50,2024-04-16 17:15:50
ORD000998,CUST000961,delivered,2023-12-20 06:16:17,2023-12-20 23:16:17,2023-12-23 23:16:17,2023-12-30 23:16:17,2024-01-04 06:16:17
ORD000999,CUST001252,delivered,2023-09-26 15:33:52,2023-09-28 02:33:52,2023-09-29 02:33:52,2023-10-14 02:33:52,2023-10-20 15:33:52
ORD001000,CUST000245,delivered,2024-01-06 02:24:05,2024-01-07 18:24:05,2024-01-08 18:24:05,2024-01-17 18:24:05,2024-01-30 02:24:05
ORD001001,CUST001634,delivered,2023-04-20 00:34:00,2023-04-21 18:34:00,2023-04-24 18:34:00,2023-05-06 18:34:00,2023-05-07 00:34:00
ORD001002,CUST001506,delivered,2023-09-04 23:26:04,2023-09-05 09:26:04,2023-09-08 09:26:04,2023-09-17 09:26:04,2023-09-27 23:26:04
ORD001003,CUST001609,processing,2024-06-08 09:18:03,2024-06-10 09:18:03,,,2024-06-27 09:18:03
ORD001004,CUST000982,delivered,2024-09-29 20:40:35,2024-10-01 10:40:35,2024-10-04 10:40:35,2024-10-14 10:40:35,2024-10-10 20:40:35
ORD001005,CUST001027,delivered,2024-12-08 21:48:12,2024-12-09 18:48:12,2024-12-11 18:48:12,2024-12-22 18:48:12,2024-12-19 21:48:12
ORD001006,CUST000868,delivered,2024-05-05 03:48:37,2024-05-06 08:48:37,2024-05-09 08:48:37,2024-05-13 08:48:37,2024-05-20 03:48:37
ORD001007,CUST001329,delivered,2024-01-21 08:28:00,2024-01-21 14:28:00,2024-01-24 14:28:00,2024-02-04 14:28:00,2024-02-14 08:28:00
ORD001008,CUST000904,delivered,2024-01-26 09:11:53,2024-01-26 18:11:53,2024-01-27 18:11:53,2024-02-11 18:11:53,2024-02-19 09:11:53
ORD001009,CUST001291,delivered,2024-10-26 08:14:32,2024-10-26 19:14:32,2024-10-29 19:14:32,2024-11-03 19:14:32,2024-11-09 08:14:32
ORD001010,CUST001535,delivered,2024-08-04 03:45:27,2024-08-04 11:45:27,2024-08-07 11:45:27,2024-08-19 11:45:27,2024-08-28 03:45:27
ORD001011,CUST001587,delivered,2024-05-26 01:05:43,2024-05-26 12:05:43,2024-05-29 12:05:43,2024-06-03 12:05:43,2024-06-07 01:05:43
ORD001012,CUST001040,canceled,2024-06-13 18:44:20,,,,2024-07-08 18:44:20
ORD001013,CUST001579,delivered,2024-07-24 07:43:19,2024-07-24 15:43:19,2024-07-25 15:43:19,2024-08-09 15:43:19,2024-08-03 07:43:19
ORD001014,CUST000443,delivered,2023-01-16 06:44:23,2023-01-16 07:44:23,2023-01-17 07:44:23,2023-01-20 07:44:23,2023-02-08 06:44:23
ORD001015,CUST000859,delivered,2024-01-31 16:47:44,2024-02-01 00:47:44,2024-02-02 00:47:44,2024-02-04 00:47:44,2024-02-23 16:47:44
ORD001016,CUST000575,delivered,2024-10-08 21:43:52,2024-10-10 09:43:52,2024-10-13 09:43:52,2024-10-22 09:43:52,2024-10-27 21:43:52
ORD001017,CUST000373,delivered,2023-05-05 00:24:28,2023-05-05 19:24:28,2023-05-06 19:24:28,2023-05-13 19:24:28,2023-05-24 00:24:28
ORD001018,CUST000998,delivered,2023-04-06 10:30:48,2023-04-08 09:30:48,2023-04-09 09:30:48,2023-04-19 09:30:48,2023-04-22 10:30:48
ORD001019,CUST000341,delivered,2023-11-23 23:39:40,2023-11-24 05:39:40,2023-11-27 05:39:40,2023-12-07 05:39:40,2023-12-01 23:39:40
ORD001020,CUST000725,delivered,2024-05-09 10:03:43,2024-05-10 22:03:43,2024-05-13 22:03:43,2024-05-17 22:03:43,2024-05-22 10:03:43
ORD001021,CUST000333,delivered,2023-11-19 11:15:44,2023-11-21 01:15:44,2023-11-23 01:15:44,2023-12-08 01:15:44,2023-11-29 11:15:44
ORD001022,CUST000116,delivered,2023-02-05 00:07:58,2023-02-05 02:07:58,2023-02-07 02:07:58,2023-02-22 02:07:58,2023-02-24 00:07:58
ORD001023,CUST000188,delivered,2023-07-06 00:07:39,2023-07-06 18:07:39,2023-07-08 18:07:39,2023-07-21 18:07:39,2023-07-31 00:07:39
ORD001024,CUST001190,shipped,2024-01-24 15:55:48,2024-01-25 13:55:48,2024-01-26 13:55:48,,2024-02-01 15:55:48
ORD001025,CUST000345,approved,2024-03-22 15:45:34,2024-03-24 10:45:34,,,2024-04-10 15:45:34
ORD001026,CUST000246,delivered,2024-03-08 09:46:55,2024-03-08 10:46:55,2024-03-11 10:46:55,2024-03-19 10:46:55,2024-03-26 09:46:55
ORD001027,CUST001660,delivered,2023-11-03 03:09:03,2023-11-05 01:09:03,2023-11-06 01:09:03,2023-11-12 01:09:03,2023-11-10 03:09:03
ORD001028,CUST001356,delivered,2024-04-02 19:43:15,2024-04-03 21:43:15,2024-04-06 21:43:15,2024-04-21 21:43:15,2024-04-27 19:43:15
ORD001029,CUST001822,delivered,2023-10-03 22:31:22,2023-10-05 08:31:22,2023-10-08 08:31:22,2023-10-10 08:31:22,2023-10-21 22:31:22
ORD001030,CUST000958,delivered,2024-07-29 07:05:12,2024-07-30 19:05:12,2024-07-31 19:05:12,2024-08-06 19:05:12,2024-08-22 07:05:12
ORD001031,CUST001823,delivered,2023-05-25 13:45:34,2023-05-27 02:45:34,2023-05-30 02:45:34,2023-06-10 02:45:34,2023-06-13 13:45:34
ORD001032,CUST000227,delivered,2023-06-13 14:08:30,2023-06-13 15:08:30,2023-06-16 15:08:30,2023-06-21 15:08:30,2023-07-07 14:08:30
ORD001033,CUST001932,delivered,2024-03-19 20:19:02,2024-03-21 13:19:02,2024-03-24 13:19:02,2024-03-27 13:19:02,2024-04-10 20:19:02
ORD001034,CUST000191,delivered,2024-06-25 23:19:56,2024-06-27 15:19:56,2024-06-28 15:19:56,2024-07-05 15:19:56,2024-07-02 23:19:56
ORD001035,CUST001937,delivered,2024-01-15 21:31:50,2024-01-16 21:31:50,2024-01-18 21:31:50,2024-02-02 21:31:50,2024-01-24 21:31:50
ORD001036,CUST001319,canceled,2024-08-06 16:32:48,,,,2024-08-13 16:32:48
ORD001037,CUST001657,delivered,2024-12-10 21:39:08,2024-12-10 23:39:08,2024-12-11 23:39:08,2024-12-15 23:39:08,2024-12-30 21:39:08
ORD001038,CUST000296,delivered,2024-12-19 13:03:10,2024-12-21 06:03:10,2024-12-24 06:03:10,2025-01-04 06:03:10,2025-01-12 13:03:10
ORD001039,CUST001401,delivered,2023-07-11 13:50:25,2023-07-11 19:50:25,2023-07-14 19:50:25,2023-07-29 19:50:25,2023-07-18 13:50:25
ORD001040,CUST000706,invoiced,2024-08-08 13:25:05,2024-08-08 18:25:05,,,2024-08-29 13:25:05
ORD001041,CUST001037,delivered,2024-01-05 12:13:09,2024-01-05 20:13:09,2024-01-07 20:13:09,2024-01-16 20:13:09,2024-01-26 12:13:09
ORD001042,CUST000797,delivered,2023-10-25 03:17:04,2023-10-25 12:17:04,2023-10-27 12:17:04,2023-11-02 12:17:04,2023-11-13 03:17:04
ORD001043,CUST000058,shipped,2024-09-08 06:43:52,2024-09-08 13:43:52,2024-09-11 13:43:52,,2024-10-02 06:43:52
ORD001044,CUST000670,delivered,2023-05-29 10:12:23,2023-05-31 08:12:23,2023-06-03 08:12:23,2023-06-11 08:12:23,2023-06-09 10:12:23
ORD001045,CUST000759,delivered,2024-03-22 09:41:40,2024-03-22 19:41:40,2024-03-25 19:41:40,2024-04-03 19:41:40,2024-04-08 09:41:40
ORD001046,CUST000674,delivered,2024-06-08 21:23:42,2024-06-09 01:23:42,2024-06-12 01:23:42,2024-06-18 01:23:42,2024-06-26 21:23:42
ORD001047,CUST000647,delivered,2023-09-30 04:48:07,2023-10-01 16:48:07,2023-10-03 16:48:07,2023-10-15 16:48:07,2023-10-16 04:48:07
ORD001048,CUST000815,shipped,2024-01-17 17:41:54,2024-01-17 20:41:54,2024-01-19 20:41:54,,2024-02-06 17:41:54
ORD001049,CUST000902,delivered,2024-06-01 04:36:09,2024-06-02 17:36:09,2024-06-03 17:36:09,2024-06-07 17:36:09,2024-06-19 04:36:09
ORD001050,CUST001432,delivered,2024-05-23 00:00:07,2024-05-23 02:00:07,2024-05-26 02:00:07,2024-05-28 02:00:07,2024-06-01 00:00:07
ORD001051,CUST001298,delivered,2024-10-09 14:32:16,2024-10-11 12:32:16,2024-10-13 12:32:16,2024-10-21 12:32:16,2024-10-24 14:32:16
ORD001052,CUST000056,delivered,2023-02-24 16:43:28,2023-02-25 01:43:28,2023-02-27 01:43:28,2023-03-14 01:43:28,2023-03-18 16:43:28
ORD001053,CUST001784,delivered,2023-07-01 18:19:02,2023-07-03 06:19:02,2023-07-06 06:19:02,2023-07-13 06:19:02,2023-07-16 18:19:02
ORD001054,CUST000718,delivered,2023-01-06 02:07:36,2023-01-07 12:07:36,2023-01-10 12:07:36,2023-01-25 12:07:36,2023-01-29 02:07:36
ORD001055,CUST000201,delivered,2023-07-07 05:51:31,2023-07-09 03:51:31,2023-07-11 03:51:31,2023-07-16 03:51:31,2023-07-16 05:51:31
ORD001056,CUST001977,delivered,2023-05-20 15:16:48,2023-05-22 02:16:48,2023-05-24 02:16:48,2023-05-26 02:16:48,2023-06-11 15:16:48
ORD001057,CUST001291,shipped,2023-03-09 02:08:42,2023-03-10 14:08:42,2023-03-13 14:08:42,,2023-03-17 02:08:42
ORD001058,CUST001952,delivered,2023-04-04 04:13:46,2023-04-04 05:13:46,2023-04-07 05:13:46,2023-04-11 05:13:46,2023-04-25 04:13:46
ORD001059,CUST000924,delivered,2023-04-22 23:55:06,2023-04-23 11:55:06,2023-04-25 11:55:06,2023-04-28 11:55:06,2023-04-30 23:55:06
ORD001060,CUST001730,invoiced,2024-01-07 08:16:47,2024-01-08 13:16:47,,,2024-01-15 08:16:47
ORD001061,CUST001042,delivered,2024-08-06 04:57:27,2024-08-06 07:57:27,2024-08-08 07:57:27,2024-08-11 07:57:27,2024-08-26 04:57:27
ORD001062,CUST001572,delivered,2024-08-30 11:25:44,2024-08-30 12:25:44,2024-09-01 12:25:44,2024-09-07 12:25:44,2024-09-08 11:25:44
ORD001063,CUST000842,shipped,2024-05-31 20:53:55,2024-06-02 08:53:55,2024-06-05 08:53:55,,2024-06-17 20:53:55
ORD001064,CUST000574,delivered,2024-12-16 10:40:08,2024-12-18 04:40:08,2024-12-19 04:40:08,2025-01-02 04:40:08,2025-01-10 10:40:08
ORD001065,CUST001379,delivered,2024-06-18 17:03:04,2024-06-20 05:03:04,2024-06-23 05:03:04,2024-06-28 05:03:04,2024-07-08 17:03:04
ORD001066,CUST001850,delivered,2023-12-19 04:47:16,2023-12-19 22:47:16,2023-12-21 22:47:16,2024-01-04 22:47:16,2023-12-29 04:47:16
ORD001067,CUST001162,invoiced,2024-02-28 03:12:26,2024-03-01 02:12:26,,,2024-03-22 03:12:26
ORD001068,CUST001302,delivered,2023-05-25 17:15:45,2023-05-26 13:15:45,2023-05-29 13:15:45,2023-06-01 13:15:45,2023-06-07 17:15:45
ORD001069,CUST001828,delivered,2023-03-14 01:17:35,2023-03-14 04:17:35,2023-03-15 04:17:35,2023-03-22 04:17:35,2023-04-07 01:17:35
ORD001070,CUST000905,delivered,2024-11-10 22:14:15,2024-11-12 18:14:15,2024-11-13 18:14:15,2024-11-16 18:14:15,2024-12-01 22:14:15
ORD001071,CUST000357,approved,2023-10-31 07:46:02,2023-11-02 06:46:02,,,2023-11-18 07:46:02
ORD001072,CUST001335,delivered,2024-03-24 09:19:18,2024-03-25 01:19:18,2024-03-27 01:19:18,2024-04-11 01:19:18,2024-04-04 09:19:18
ORD001073,CUST000833,delivered,2024-03-06 19:17:40,2024-03-07 13:17:40,2024-03-10 13:17:40,2024-03-18 13:17:40,2024-03-14 19:17:40
ORD001074,CUST001739,delivered,2024-03-15 16:18:14,2024-03-17 04:18:14,2024-03-18 04:18:14,2024-03-31 04:18:14,2024-03-30 16:18:14
ORD001075,CUST001388,delivered,2023-11-03 19:43:53,2023-11-05 07:43:53,2023-11-07 07:43:53,2023-11-11 07:43:53,2023-11-20 19:43:53
ORD001076,CUST001448,canceled,2023-08-22 13:55:51,,,,2023-09-07 13:55:51
ORD001077,CUST000809,delivered,2024-02-20 05:01:14,2024-02-21 03:01:14,2024-02-23 03:01:14,2024-02-25 03:01:14,2024-03-12 05:01:14
ORD001078,CUST001999,delivered,2024-03-30 10:04:27,2024-03-31 12:04:27,2024-04-02 12:04:27,2024-04-11 12:04:27,2024-04-16 10:04:27
ORD001079,CUST000582,delivered,2023-12-27 02:54:53,2023-12-28 04:54:53,2023-12-29 04:54:53,2024-01-03 04:54:53,2024-01-21 02:54:53
ORD001080,CUST001785,delivered,2023-07-07 00:21:15,2023-07-08 11:21:15,2023-07-10 11:21:15,2023-07-24 11:21:15,2023-07-24 00:21:15
ORD001081,CUST000799,delivered,2023-04-20 01:32:51,2023-04-21 22:32:51,2023-04-23 22:32:51,2023-05-06 22:32:51,2023-04-27 01:32:51
ORD001082,CUST001313,delivered,2024-11-13 21:50:54,2024-11-14 12:50:54,2024-11-15 12:50:54,2024-11-18 12:50:54,2024-11-23 21:50:54
ORD001083,CUST001146,invoiced,2024-04-18 18:28:40,2024-04-19 01:28:40,,,2024-04-25 18:28:40
ORD001084,CUST000356,shipped,2023-05-26 11:57:41,2023-05-28 09:57:41,2023-05-30 09:57:41,,2023-06-14 11:57:41
ORD001085,CUST000229,delivered,2023-02-25 06:26:59,2023-02-25 08:26:59,2023-02-27 08:26:59,2023-03-12 08:26:59,2023-03-15 06:26:59
ORD001086,CUST000354,shipped,2023-08-28 11:28:24,2023-08-29 05:28:24,2023-09-01 05:28:24,,2023-09-06 11:28:24
ORD001087,CUST000394,approved,2024-11-29 06:26:56,2024-11-29 12:26:56,,,2024-12-10 06:26:56
ORD001088,CUST000511,canceled,2023-07-06 15:56:15,,,,2023-07-31 15:56:15
ORD001089,CUST000764,delivered,2024-01-01 02:10:01,2024-01-02 05:10:01,2024-01-05 05:10:01,2024-01-07 05:10:01,2024-01-10 02:10:01
ORD001090,CUST001267,delivered,2023-11-24 04:02:28,2023-11-26 03:02:28,2023-11-27 03:02:28,2023-12-04 03:02:28,2023-12-19 04:02:28
ORD001091,CUST000285,delivered,2023-09-23 16:01:31,2023-09-25 08:01:31,2023-09-27 08:01:31,2023-09-29 08:01:31,2023-10-14 16:01:31
ORD001092,CUST000132,invoiced,2023-10-17 01:35:44,2023-10-18 09:35:44,,,2023-10-27 01:35:44
ORD001093,CUST000476,processing,2024-03-29 06:57:49,2024-03-30 12:57:49,,,2024-04-22 06:57:49
ORD001094,CUST001983,delivered,2023-02-20 12:53:01,2023-02-22 02:53:01,2023-02-25 02:53:01,2023-03-04 02:53:01,2023-02-27 12:53:01
ORD001095,CUST000078,delivered,2023-08-25 02:23:39,2023-08-26 04:23:39,2023-08-28 04:23:39,2023-09-09 04:23:39,2023-09-07 02:23:39
ORD001096,CUST000278,delivered,2023-11-08 00:26:39,2023-11-09 14:26:39,2023-11-10 14:26:39,2023-11-12 14:26:39,2023-11-23 00:26:39
ORD001097,CUST001606,invoiced,2023-12-23 04:35:22,2023-12-23 18:35:22,,,2024-01-12 04:35:22
ORD001098,CUST000529,delivered,2023-02-16 18:26:25,2023-02-17 13:26:25,2023-02-18 13:26:25,2023-02-21 13:26:25,2023-03-12 18:26:25
ORD001099,CUST000534,delivered,2023-11-04 22:49:23,2023-11-05 05:49:23,2023-11-06 05:49:23,2023-11-18 05:49:23,2023-11-21 22:49:23
ORD001100,CUST001223,canceled,2024-09-22 22:26:58,,,,2024-10-16 22:26:58
ORD001101,CUST000700,delivered,2024-01-03 12:36:05,2024-01-04 04:36:05,2024-01-06 04:36:05,2024-01-18 04:36:05,2024-01-28 12:36:05
ORD001102,CUST000114,delivered,2023-12-15 05:20:03,2023-12-16 06:20:03,2023-12-17 06:20:03,2023-12-19 06:20:03,2023-12-23 05:20:03
ORD001103,CUST000558,delivered,2024-02-22 17:43:38,2024-02-24 06:43:38,2024-02-25 06:43:38,2024-03-08 06:43:38,2024-02-29 17:43:38
ORD001104,CUST000622,delivered,2024-02-12 20:47:47,2024-02-14 08:47:47,2024-02-15 08:47:47,2024-02-18 08:47:47,2024-03-07 20:47:47
ORD001105,CUST000635,delivered,2024-02-01 15:59:31,2024-02-01 18:59:31,2024-02-04 18:59:31,2024-02-09 18:59:31,2024-02-23 15:59:31
ORD001106,CUST001044,delivered,2024-05-27 09:43:23,2024-05-27 18:43:23,2024-05-30 18:43:23,2024-06-04 18:43:23,2024-06-09 09:43:23
ORD001107,CUST000818,delivered,2024-08-06 10:31:16,2024-08-08 07:31:16,2024-08-10 07:31:16,2024-08-25 07:31:16,2024-08-20 10:31:16
ORD001108,CUST001990,delivered,2023-01-22 00:06:04,2023-01-23 06:06:04,2023-01-25 06:06:04,2023-02-08 06:06:04,2023-02-03 00:06:04
ORD001109,CUST001137,delivered,2023-12-09 11:56:43,2023-12-09 22:56:43,2023-12-12 22:56:43,2023-12-19 22:56:43,2023-12-16 11:56:43
ORD001110,CUST000942,delivered,2023-03-16 17:57:28,2023-03-17 18:57:28,2023-03-19 18:57:28,2023-03-25 18:57:28,2023-03-27 17:57:28
ORD001111,CUST000655,delivered,2024-02-05 06:41:10,2024-02-06 12:41:10,2024-02-09 12:41:10,2024-02-15 12:41:10,2024-02-17 06:41:10
ORD001112,CUST001563,delivered,2024-08-19 02:13:34,2024-08-20 21:13:34,2024-08-23 21:13:34,2024-09-05 21:13:34,2024-08-30 02:13:34
ORD001113,CUST000821,delivered,2023-08-13 08:03:29,2023-08-13 15:03:29,2023-08-14 15:03:29,2023-08-16 15:03:29,2023-08-21 08:03:29
ORD001114,CUST000406,delivered,2024-08-08 01:27:01,2024-08-09 04:27:01,2024-08-12 04:27:01,2024-08-14 04:27:01,2024-08-26 01:27:01
ORD001115,CUST000446,delivered,2023-09-08 00:12:16,2023-09-09 11:12:16,2023-09-12 11:12:16,2023-09-20 11:12:16,2023-10-01 00:12:16
ORD001116,CUST001457,delivered,2023-09-17 08:50:47,2023-09-17 16:50:47,2023-09-18 16:50:47,2023-09-26 16:50:47,2023-10-06 08:50:47
ORD001117,CUST000473,shipped,2024-03-30 08:00:28,2024-04-01 00:00:28,2024-04-02 00:00:28,,2024-04-15 08:00:28
ORD001118,CUST001451,invoiced,2024-11-25 12:10:45,2024-11-26 18:10:45,,,2024-12-12 12:10:45
ORD001119,CUST001812,shipped,2024-07-30 20:15:39,2024-08-01 07:15:39,2024-08-03 07:15:39,,2024-08-16 20:15:39
ORD001120,CUST001395,delivered,2024-08-02 06:46:28,2024-08-03 20:46:28,2024-08-06 20:46:28,2024-08-17 20:46:28,2024-08-22 06:46:28
ORD001121,CUST001177,delivered,2023-11-16 06:05:52,2023-11-16 21:05:52,2023-11-17 21:05:52,2023-11-25 21:05:52,2023-11-28 06:05:52
ORD001122,CUST001601,delivered,2023-01-09 05:09:02,2023-01-10 04:09:02,2023-01-13 04:09:02,2023-01-17 04:09:02,2023-01-18 05:09:02
ORD001123,CUST000933,approved,2023-09-19 16:49:07,2023-09-19 18:49:07,,,2023-09-30 16:49:07
ORD001124,CUST000596,delivered,2023-01-02 16:11:56,2023-01-03 15:11:56,2023-01-04 15:11:56,2023-01-09 15:11:56,2023-01-26 16:11:56
ORD001125,CUST001730,delivered,2023-01-07 06:35:15,2023-01-09 03:35:15,2023-01-10 03:35:15,2023-01-13 03:35:15,2023-01-19 06:35:15
ORD001126,CUST000413,canceled,2023-03-11 12:50:12,,,,2023-04-03 12:50:12
ORD001127,CUST000408,delivered,2023-05-08 19:00:52,2023-05-10 03:00:52,2023-05-13 03:00:52,2023-05-15 03:00:52,2023-05-26 19:00:52
ORD001128,CUST001365,delivered,2024-08-02 03:26:21,2024-08-02 11:26:21,2024-08-05 11:26:21,2024-08-13 11:26:21,2024-08-15 03:26:21
ORD001129,CUST001510,delivered,2024-07-02 13:31:23,2024-07-04 01:31:23,2024-07-05 01:31:23,2024-07-18 01:31:23,2024-07-27 13:31:23
ORD001130,CUST000499,delivered,2023-11-17 20:42:56,2023-11-19 17:42:56,2023-11-21 17:42:56,2023-11-25 17:42:56,2023-11-27 20:42:56
ORD001131,CUST001436,delivered,2024-01-26 20:14:37,2024-01-28 18:14:37,2024-01-29 18:14:37,2024-02-12 18:14:37,2024-02-12 20:14:37
ORD001132,CUST001054,delivered,2023-08-31 17:25:50,2023-09-02 14:25:50,2023-09-05 14:25:50,2023-09-20 14:25:50,2023-09-13 17:25:50
ORD001133,CUST001934,approved,2023-03-10 19:56:00,2023-03-12 10:56:00,,,2023-03-21 19:56:00
ORD001134,CUST001853,delivered,2024-06-04 21:11:08,2024-06-05 09:11:08,2024-06-08 09:11:08,2024-06-14 09:11:08,2024-06-21 21:11:08
ORD001135,CUST000367,delivered,2023-11-15 01:56:41,2023-11-16 10:56:41,2023-11-17 10:56:41,2023-11-21 10:56:41,2023-12-07 01:56:41
ORD001136,CUST001231,delivered,2023-06-16 00:02:39,2023-06-17 12:02:39,2023-06-18 12:02:39,2023-06-29 12:02:39,2023-07-02 00:02:39
ORD001137,CUST001633,delivered,2024-07-03 04:38:26,2024-07-03 19:38:26,2024-07-04 19:38:26,2024-07-16 19:38:26,2024-07-14 04:38:26
ORD001138,CUST001352,delivered,2023-03-02 09:10:25,2023-03-03 03:10:25,2023-03-05 03:10:25,2023-03-11 03:10:25,2023-03-15 09:10:25
ORD001139,CUST000134,delivered,2023-05-15 19:06:39,2023-05-16 00:06:39,2023-05-18 00:06:39,2023-05-25 00:06:39,2023-06-09 19:06:39
ORD001140,CUST001289,delivered,2024-09-08 07:08:47,2024-09-10 03:08:47,2024-09-11 03:08:47,2024-09-24 03:08:47,2024-09-15 07:08:47
ORD001141,CUST001792,delivered,2023-05-11 01:18:53,2023-05-11 05:18:53,2023-05-13 05:18:53,2023-05-26 05:18:53,2023-05-22 01:18:53
ORD001142,CUST001245,delivered,2023-08-13 04:46:36,2023-08-14 09:46:36,2023-08-16 09:46:36,2023-08-23 09:46:36,2023-08-24 04:46:36
ORD001143,CUST000101,delivered,2024-12-13 03:45:31,2024-12-15 01:45:31,2024-12-16 01:45:31,2024-12-18 01:45:31,2024-12-24 03:45:31
ORD001144,CUST000773,delivered,2024-05-30 03:24:20,2024-05-30 07:24:20,2024-06-01 07:24:20,2024-06-07 07:24:20,2024-06-18 03:24:20
ORD001145,CUST001801,delivered,2023-07-21 00:06:18,2023-07-21 04:06:18,2023-07-23 04:06:18,2023-08-05 04:06:18,2023-08-04 00:06:18
ORD001146,CUST001595,delivered,2024-03-26 16:38:09,2024-03-27 18:38:09,2024-03-30 18:38:09,2024-04-02 18:38:09,2024-04-19 16:38:09
ORD001147,CUST000765,delivered,2023-08-18 04:48:24,2023-08-20 00:48:24,2023-08-21 00:48:24,2023-09-02 00:48:24,2023-08-30 04:48:24
ORD001148,CUST001176,delivered,2024-09-04 03:15:51,2024-09-05 23:15:51,2024-09-08 23:15:51,2024-09-11 23:15:51,2024-09-26 03:15:51
ORD001149,CUST000231,processing,2023-11-02 13:46:00,2023-11-02 16:46:00,,,2023-11-14 13:46:00
ORD001150,CUST001965,delivered,2024-08-19 19:19:44,2024-08-19 21:19:44,2024-08-21 21:19:44,2024-08-26 21:19:44,2024-09-12 19:19:44
ORD001151,CUST000818,delivered,2023-10-10 02:26:06,2023-10-11 04:26:06,2023-10-12 04:26:06,2023-10-16 04:26:06,2023-11-04 02:26:06
ORD001152,CUST000530,invoiced,2023-03-25 07:23:30,2023-03-26 10:23:30,,,2023-04-16 07:23:30
ORD001153,CUST001757,delivered,2023-01-15 18:14:38,2023-01-16 20:14:38,2023-01-19 20:14:38,2023-01-26 20:14:38,2023-02-04 18:14:38
ORD001154,CUST000701,invoiced,2024-02-07 16:45:59,2024-02-07 19:45:59,,,2024-02-26 16:45:59
ORD001155,CUST000957,canceled,2023-08-28 14:20:42,,,,2023-09-06 14:20:42
ORD001156,CUST001241,shipped,2024-08-07 18:38:47,2024-08-08 18:38:47,2024-08-10 18:38:47,,2024-08-15 18:38:47
ORD001157,CUST000365,delivered,2023-11-07 21:09:40,2023-11-08 14:09:40,2023-11-10 14:09:40,2023-11-22 14:09:40,2023-11-15 21:09:40
ORD001158,CUST000303,delivered,2024-03-27 15:42:35,2024-03-28 04:42:35,2024-03-31 04:42:35,2024-04-06 04:42:35,2024-04-09 15:42:35
ORD001159,CUST001219,delivered,2023-08-19 20:39:50,2023-08-19 21:39:50,2023-08-21 21:39:50,2023-09-02 21:39:50,2023-09-07 20:39:50
ORD001160,CUST001990,delivered,2023-06-21 16:30:56,2023-06-22 03:30:56,2023-06-24 03:30:56,2023-06-28 03:30:56,2023-07-11 16:30:56
ORD001161,CUST001403,delivered,2023-05-01 03:13:14,2023-05-01 13:13:14,2023-05-03 13:13:14,2023-05-08 13:13:14,2023-05-21 03:13:14
ORD001162,CUST001692,canceled,2024-11-12 05:00:15,,,,2024-11-29 05:00:15
ORD001163,CUST001256,delivered,2024-11-01 20:11:59,2024-11-02 14:11:59,2024-11-05 14:11:59,2024-11-09 14:11:59,2024-11-11 20:11:59
ORD001164,CUST001164,processing,2024-11-26 18:44:21,2024-11-28 11:44:21,,,2024-12-04 18:44:21
ORD001165,CUST000448,invoiced,2024-06-30 17:56:57,2024-07-02 08:56:57,,,2024-07-10 17:56:57
ORD001166,CUST000242,delivered,2024-09-29 14:50:20,2024-09-30 06:50:20,2024-10-03 06:50:20,2024-10-09 06:50:20,2024-10-08 14:50:20
ORD001167,CUST001589,delivered,2024-11-04 21:52:26,2024-11-05 22:52:26,2024-11-07 22:52:26,2024-11-12 22:52:26,2024-11-17 21:52:26
ORD001168,CUST001414,shipped,2024-07-27 12:20:11,2024-07-27 21:20:11,2024-07-30 21:20:11,,2024-08-12 12:20:11
ORD001169,CUST000407,processing,2024-04-16 06:47:45,2024-04-18 01:47:45,,,2024-04-24 06:47:45
ORD001170,CUST000509,delivered,2024-01-09 19:21:21,2024-01-10 11:21:21,2024-01-12 11:21:21,2024-01-17 11:21:21,2024-01-17 19:21:21
ORD001171,CUST001626,delivered,2024-12-07 08:46:13,2024-12-09 06:46:13,2024-12-11 06:46:13,2024-12-26 06:46:13,2024-12-30 08:46:13
ORD001172,CUST000953,delivered,2024-05-26 14:46:11,2024-05-28 13:46:11,2024-05-30 13:46:11,2024-06-06 13:46:11,2024-06-16 14:46:11
ORD001173,CUST001723,delivered,2024-02-04 20:31:27,2024-02-06 04:31:27,2024-02-08 04:31:27,2024-02-22 04:31:27,2024-02-25 20:31:27
ORD001174,CUST001581,delivered,2024-02-16 21:21:56,2024-02-18 20:21:56,2024-02-20 20:21:56,2024-03-04 20:21:56,2024-03-04 21:21:56
ORD001175,CUST000060,invoiced,2023-07-24 13:07:30,2023-07-25 17:07:30,,,2023-08-11 13:07:30
ORD001176,CUST001413,approved,2024-07-31 17:11:30,2024-08-01 11:11:30,,,2024-08-19 17:11:30
ORD001177,CUST000799,delivered,2024-01-31 21:39:01,2024-02-01 22:39:01,2024-02-02 22:39:01,2024-02-10 22:39:01,2024-02-13 21:39:01
ORD001178,CUST001071,delivered,2023-10-15 04:36:17,2023-10-16 02:36:17,2023-10-18 02:36:17,2023-10-25 02:36:17,2023-10-22 04:36:17
ORD001179,CUST000599,delivered,2024-07-02 00:17:18,2024-07-03 16:17:18,2024-07-05 16:17:18,2024-07-15 16:17:18,2024-07-11 00:17:18
ORD001180,CUST001132,delivered,2023-12-16 06:44:56,2023-12-17 21:44:56,2023-12-18 21:44:56,2023-12-25 21:44:56,2024-01-03 06:44:56
ORD001181,CUST001220,delivered,2024-08-12 13:52:56,2024-08-13 18:52:56,2024-08-14 18:52:56,2024-08-17 18:52:56,2024-08-26 13:52:56
ORD001182,CUST001217,processing,2023-01-14 16:30:01,2023-01-15 10:30:01,,,2023-01-25 16:30:01
ORD001183,CUST001598,delivered,2023-09-03 13:23:46,2023-09-05 03:23:46,2023-09-06 03:23:46,2023-09-12 03:23:46,2023-09-15 13:23:46
ORD001184,CUST001157,invoiced,2024-01-30 04:27:41,2024-01-30 23:27:41,,,2024-02-07 04:27:41
ORD001185,CUST000737,delivered,2024-11-14 09:38:24,2024-11-15 23:38:24,2024-11-16 23:38:24,2024-11-21 23:38:24,2024-11-26 09:38:24
ORD001186,CUST000747,delivered,2024-03-01 04:14:09,2024-03-02 01:14:09,2024-03-04 01:14:09,2024-03-09 01:14:09,2024-03-09 04:14:09
ORD001187,CUST000214,delivered,2024-04-08 20:37:41,2024-04-10 15:37:41,2024-04-12 15:37:41,2024-04-17 15:37:41,2024-04-18 20:37:41
ORD001188,CUST000789,delivered,2024-11-28 00:39:28,2024-11-29 18:39:28,2024-12-02 18:39:28,2024-12-15 18:39:28,2024-12-08 00:39:28
ORD001189,CUST000963,shipped,2024-05-22 19:19:36,2024-05-23 06:19:36,2024-05-24 06:19:36,,2024-06-01 19:19:36
ORD001190,CUST001176,delivered,2023-03-23 13:24:41,2023-03-24 18:24:41,2023-03-25 18:24:41,2023-04-04 18:24:41,2023-04-07 13:24:41
ORD001191,CUST000340,delivered,2023-11-22 05:41:42,2023-11-24 00:41:42,2023-11-26 00:41:42,2023-12-09 00:41:42,2023-12-04 05:41:42
ORD001192,CUST000472,shipped,2024-03-19 18:24:15,2024-03-20 11:24:15,2024-03-22 11:24:15,,2024-04-10 18:24:15
ORD001193,CUST001204,delivered,2023-02-19 04:05:36,2023-02-20 22:05:36,2023-02-21 22:05:36,2023-03-08 22:05:36,2023-02-26 04:05:36
ORD001194,CUST001960,delivered,2024-12-09 19:15:41,2024-12-10 17:15:41,2024-12-13 17:15:41,2024-12-28 17:15:41,2024-12-20 19:15:41
ORD001195,CUST001276,delivered,2023-08-16 16:11:28,2023-08-17 01:11:28,2023-08-20 01:11:28,2023-08-28 01:11:28,2023-09-04 16:11:28
ORD001196,CUST000606,delivered,2024-11-29 11:47:36,2024-11-30 00:47:36,2024-12-02 00:47:36,2024-12-04 00:47:36,2024-12-09 11:47:36
ORD001197,CUST000392,delivered,2023-10-13 02:15:19,2023-10-13 05:15:19,2023-10-16 05:15:19,2023-10-29 05:15:19,2023-10-31 02:15:19
ORD001198,CUST001056,invoiced,2023-06-06 15:59:43,2023-06-06 20:59:43,,,2023-06-13 15:59:43
ORD001199,CUST000716,delivered,2024-01-12 11:51:01,2024-01-14 06:51:01,2024-01-15 06:51:01,2024-01-17 06:51:01,2024-01-19 11:51:01
ORD001200,CUST001239,processing,2023-06-05 17:36:58,2023-06-06 05:36:58,,,2023-06-16 17:36:58
ORD001201,CUST001854,delivered,2023-03-09 11:15:25,2023-03-10 17:15:25,2023-03-13 17:15:25,2023-03-28 17:15:25,2023-03-22 11:15:25
ORD001202,CUST001844,delivered,2023-05-03 15:29:20,2023-05-04 11:29:20,2023-05-05 11:29:20,2023-05-16 11:29:20,2023-05-13 15:29:20
ORD001203,CUST001561,delivered,2023-08-11 14:29:26,2023-08-13 07:29:26,2023-08-16 07:29:26,2023-08-19 07:29:26,2023-09-02 14:29:26
ORD001204,CUST001684,delivered,2023-06-18 01:16:38,2023-06-18 14:16:38,2023-06-20 14:16:38,2023-07-01 14:16:38,2023-07-06 01:16:38
ORD001205,CUST001845,delivered,2023-12-26 05:36:47,2023-12-27 07:36:47,2023-12-28 07:36:47,2024-01-10 07:36:47,2024-01-02 05:36:47
ORD001206,CUST000472,delivered,2024-09-07 23:28:45,2024-09-09 22:28:45,2024-09-12 22:28:45,2024-09-27 22:28:45,2024-09-29 23:28:45
ORD001207,CUST000267,delivered,2023-09-10 12:31:24,2023-09-11 12:31:24,2023-09-14 12:31:24,2023-09-21 12:31:24,2023-09-23 12:31:24
ORD001208,CUST000153,delivered,2023-08-29 05:24:05,2023-08-30 22:24:05,2023-09-02 22:24:05,2023-09-16 22:24:05,2023-09-19 05:24:05
ORD001209,CUST000770,delivered,2023-08-21 22:25:33,2023-08-23 08:25:33,2023-08-26 08:25:33,2023-09-06 08:25:33,2023-09-02 22:25:33
ORD001210,CUST001182,delivered,2023-01-02 10:27:40,2023-01-03 17:27:40,2023-01-06 17:27:40,2023-01-19 17:27:40,2023-01-16 10:27:40
ORD001211,CUST001532,delivered,2023-12-29 08:12:36,2023-12-30 12:12:36,2024-01-01 12:12:36,2024-01-04 12:12:36,2024-01-21 08:12:36
ORD001212,CUST000563,delivered,2023-12-25 01:15:55,2023-12-25 07:15:55,2023-12-26 07:15:55,2024-01-05 07:15:55,2024-01-15 01:15:55
ORD001213,CUST001790,delivered,2023-02-16 18:37:16,2023-02-18 09:37:16,2023-02-20 09:37:16,2023-03-06 09:37:16,2023-02-26 18:37:16
ORD001214,CUST000801,shipped,2024-06-01 05:46:01,2024-06-01 18:46:01,2024-06-03 18:46:01,,2024-06-09 05:46:01
ORD001215,CUST001402,delivered,2023-04-12 00:30:55,2023-04-12 10:30:55,2023-04-14 10:30:55,2023-04-17 10:30:55,2023-04-30 00:30:55
ORD001216,CUST000889,delivered,2024-10-22 20:09:24,2024-10-24 08:09:24,2024-10-27 08:09:24,2024-11-06 08:09:24,2024-11-03 20:09:24
ORD001217,CUST000422,invoiced,2024-12-24 03:15:49,2024-12-25 11:15:49,,,2025-01-13 03:15:49
ORD001218,CUST001414,delivered,2024-12-25 09:32:39,2024-12-26 02:32:39,2024-12-28 02:32:39,2025-01-06 02:32:39,2025-01-07 09:32:39
ORD001219,CUST000093,delivered,2023-11-29 16:06:54,2023-11-30 01:06:54,2023-12-01 01:06:54,2023-12-06 01:06:54,2023-12-12 16:06:54
ORD001220,CUST001694,delivered,2024-12-08 05:33:43,2024-12-08 16:33:43,2024-12-11 16:33:43,2024-12-21 16:33:43,2024-12-15 05:33:43
ORD001221,CUST000187,delivered,2024-10-11 03:51:50,2024-10-11 22:51:50,2024-10-13 22:51:50,2024-10-17 22:51:50,2024-10-29 03:51:50
ORD001222,CUST001507,delivered,2024-07-27 20:36:36,2024-07-29 15:36:36,2024-08-01 15:36:36,2024-08-13 15:36:36,2024-08-08 20:36:36
ORD001223,CUST000509,delivered,2023-07-02 12:52:45,2023-07-03 13:52:45,2023-07-04 13:52:45,2023-07-19 13:52:45,2023-07-19 12:52:45
ORD001224,CUST001551,delivered,2023-08-05 13:31:45,2023-08-06 14:31:45,2023-08-07 14:31:45,2023-08-22 14:31:45,2023-08-27 13:31:45
ORD001225,CUST000906,processing,2023-09-08 02:25:38,2023-09-08 10:25:38,,,2023-10-02 02:25:38
ORD001226,CUST000271,delivered,2023-02-26 09:53:13,2023-02-27 17:53:13,2023-03-01 17:53:13,2023-03-04 17:53:13,2023-03-12 09:53:13
ORD001227,CUST001195,delivered,2023-01-07 17:40:44,2023-01-08 08:40:44,2023-01-11 08:40:44,2023-01-17 08:40:44,2023-01-17 17:40:44
ORD001228,CUST001960,delivered,2024-10-30 20:27:01,2024-10-30 21:27:01,2024-11-02 21:27:01,2024-11-05 21:27:01,2024-11-13 20:27:01
ORD001229,CUST001964,delivered,2024-01-30 06:21:14,2024-01-30 10:21:14,2024-02-02 10:21:14,2024-02-16 10:21:14,2024-02-15 06:21:14
ORD001230,CUST000984,delivered,2024-11-10 14:32:16,2024-11-12 13:32:16,2024-11-14 13:32:16,2024-11-26 13:32:16,2024-11-28 14:32:16
ORD001231,CUST000108,delivered,2024-01-31 02:18:11,2024-01-31 20:18:11,2024-02-02 20:18:11,2024-02-04 20:18:11,2024-02-18 02:18:11
ORD001232,CUST000420,delivered,2023-11-23 09:09:15,2023-11-23 21:09:15,2023-11-26 21:09:15,2023-12-08 21:09:15,2023-12-02 09:09:15
ORD001233,CUST001681,delivered,2024-01-13 03:08:54,2024-01-15 02:08:54,2024-01-17 02:08:54,2024-01-20 02:08:54,2024-01-22 03:08:54
ORD001234,CUST000711,delivered,2024-08-02 12:27:35,2024-08-03 06:27:35,2024-08-04 06:27:35,2024-08-15 06:27:35,2024-08-11 12:27:35
ORD001235,CUST001851,delivered,2024-08-13 13:41:19,2024-08-14 03:41:19,2024-08-17 03:41:19,2024-08-24 03:41:19,2024-09-03 13:41:19
ORD001236,CUST000837,delivered,2024-07-14 18:04:57,2024-07-15 06:04:57,2024-07-16 06:04:57,2024-07-25 06:04:57,2024-07-21 18:04:57
ORD001237,CUST001050,delivered,2023-05-21 00:39:40,2023-05-22 04:39:40,2023-05-23 04:39:40,2023-06-04 04:39:40,2023-05-28 00:39:40
ORD001238,CUST000888,processing,2023-03-14 22:40:25,2023-03-16 06:40:25,,,2023-03-24 22:40:25
ORD001239,CUST001084,delivered,2023-05-20 03:16:10,2023-05-20 08:16:10,2023-05-21 08:16:10,2023-06-01 08:16:10,2023-06-03 03:16:10
ORD001240,CUST001489,delivered,2024-03-16 22:35:04,2024-03-18 09:35:04,2024-03-21 09:35:04,2024-04-02 09:35:04,2024-04-06 22:35:04
ORD001241,CUST000120,delivered,2024-02-20 01:19:22,2024-02-21 11:19:22,2024-02-23 11:19:22,2024-02-28 11:19:22,2024-02-29 01:19:22
ORD001242,CUST000172,delivered,2023-06-18 15:31:24,2023-06-19 22:31:24,2023-06-20 22:31:24,2023-06-23 22:31:24,2023-06-30 15:31:24
ORD001243,CUST001458,delivered,2023-05-16 15:56:29,2023-05-18 11:56:29,2023-05-19 11:56:29,2023-05-28 11:56:29,2023-06-02 15:56:29
ORD001244,CUST000692,invoiced,2024-12-13 20:59:59,2024-12-15 07:59:59,,,2025-01-04 20:59:59
ORD001245,CUST000206,delivered,2024-10-26 19:49:54,2024-10-27 11:49:54,2024-10-30 11:49:54,2024-11-04 11:49:54,2024-11-20 19:49:54
ORD001246,CUST000652,delivered,2024-12-16 11:14:30,2024-12-18 02:14:30,2024-12-19 02:14:30,2024-12-31 02:14:30,2025-01-04 11:14:30
ORD001247,CUST001477,delivered,2023-12-03 11:14:30,2023-12-04 20:14:30,2023-12-07 20:14:30,2023-12-20 20:14:30,2023-12-28 11:14:30
ORD001248,CUST001144,delivered,2024-10-14 12:11:32,2024-10-14 20:11:32,2024-10-15 20:11:32,2024-10-17 20:11:32,2024-10-26 12:11:32
ORD001249,CUST001959,delivered,2023-05-04 21:20:20,2023-05-04 23:20:20,2023-05-06 23:20:20,2023-05-15 23:20:20,2023-05-23 21:20:20
ORD001250,CUST000992,delivered,2023-10-06 10:17:45,2023-10-07 16:17:45,2023-10-09 16:17:45,2023-10-18 16:17:45,2023-10-13 10:17:45
ORD001251,CUST000886,delivered,2024-12-29 01:49:05,2024-12-30 04:49:05,2025-01-02 04:49:05,2025-01-11 04:49:05,2025-01-17 01:49:05
ORD001252,CUST001784,delivered,2023-11-10 11:15:25,2023-11-11 15:15:25,2023-11-13 15:15:25,2023-11-21 15:15:25,2023-11-26 11:15:25
ORD001253,CUST000912,delivered,2024-08-09 16:18:17,2024-08-10 12:18:17,2024-08-11 12:18:17,2024-08-19 12:18:17,2024-08-22 16:18:17
ORD001254,CUST000572,delivered,2024-01-30 12:39:15,2024-01-30 15:39:15,2024-02-01 15:39:15,2024-02-16 15:39:15,2024-02-16 12:39:15
ORD001255,CUST001047,delivered,2023-02-03 00:50:21,2023-02-03 23:50:21,2023-02-05 23:50:21,2023-02-18 23:50:21,2023-02-17 00:50:21
ORD001256,CUST000331,delivered,2024-04-26 07:15:06,2024-04-28 07:15:06,2024-04-30 07:15:06,2024-05-06 07:15:06,2024-05-21 07:15:06
ORD001257,CUST000226,delivered,2024-03-12 22:26:40,2024-03-14 04:26:40,2024-03-16 04:26:40,2024-03-19 04:26:40,2024-03-22 22:26:40
ORD001258,CUST000176,delivered,2024-10-12 20:35:12,2024-10-13 05:35:12,2024-10-16 05:35:12,2024-10-29 05:35:12,2024-10-31 20:35:12
ORD001259,CUST000038,delivered,2023-08-17 11:41:26,2023-08-19 08:41:26,2023-08-21 08:41:26,2023-09-01 08:41:26,2023-09-07 11:41:26
ORD001260,CUST001529,delivered,2023-01-09 06:31:34,2023-01-09 14:31:34,2023-01-10 14:31:34,2023-01-20 14:31:34,2023-01-21 06:31:34
ORD001261,CUST000885,delivered,2024-04-18 15:03:21,2024-04-19 19:03:21,2024-04-21 19:03:21,2024-04-26 19:03:21,2024-04-27 15:03:21
ORD001262,CUST001945,delivered,2023-11-18 22:21:28,2023-11-20 08:21:28,2023-11-23 08:21:28,2023-12-08 08:21:28,2023-12-12 22:21:28
ORD001263,CUST000419,delivered,2024-08-06 12:12:41,2024-08-07 11:12:41,2024-08-09 11:12:41,2024-08-17 11:12:41,2024-08-26 12:12:41
ORD001264,CUST001711,approved,2023-09-11 10:52:09,2023-09-12 03:52:09,,,2023-09-27 10:52:09
ORD001265,CUST001877,delivered,2023-08-15 11:11:30,2023-08-15 16:11:30,2023-08-17 16:11:30,2023-08-28 16:11:30,2023-08-25 11:11:30
ORD001266,CUST001004,canceled,2024-02-10 20:43:50,,,,2024-03-06 20:43:50
ORD001267,CUST000003,delivered,2023-09-08 22:07:01,2023-09-10 20:07:01,2023-09-12 20:07:01,2023-09-18 20:07:01,2023-10-03 22:07:01
ORD001268,CUST000199,delivered,2024-04-06 10:22:47,2024-04-07 04:22:47,2024-04-09 04:22:47,2024-04-15 04:22:47,2024-04-13 10:22:47
ORD001269,CUST000369,delivered,2024-06-22 23:56:04,2024-06-23 10:56:04,2024-06-24 10:56:04,2024-06-29 10:56:04,2024-06-30 23:56:04
ORD001270,CUST000793,delivered,2024-08-30 11:56:56,2024-08-30 20:56:56,2024-09-02 20:56:56,2024-09-15 20:56:56,2024-09-21 11:56:56
ORD001271,CUST001390,delivered,2023-08-12 20:57:27,2023-08-14 07:57:27,2023-08-17 07:57:27,2023-08-31 07:57:27,2023-09-04 20:57:27
ORD001272,CUST000898,delivered,2024-08-19 09:48:58,2024-08-19 20:48:58,2024-08-20 20:48:58,2024-08-22 20:48:58,2024-09-13 09:48:58
ORD001273,CUST000635,delivered,2024-04-01 04:41:59,2024-04-01 16:41:59,2024-04-02 16:41:59,2024-04-17 16:41:59,2024-04-23 04:41:59
ORD001274,CUST000153,delivered,2023-02-14 17:26:14,2023-02-16 03:26:14,2023-02-18 03:26:14,2023-02-23 03:26:14,2023-03-02 17:26:14
ORD001275,CUST000571,delivered,2024-10-07 15:01:46,2024-10-08 22:01:46,2024-10-11 22:01:46,2024-10-15 22:01:46,2024-10-18 15:01:46
ORD001276,CUST001534,delivered,2023-02-08 08:53:58,2023-02-09 04:53:58,2023-02-11 04:53:58,2023-02-22 04:53:58,2023-02-28 08:53:58
ORD001277,CUST001180,canceled,2023-11-08 13:53:24,,,,2023-11-19 13:53:24
ORD001278,CUST001764,delivered,2024-09-17 08:08:07,2024-09-17 10:08:07,2024-09-18 10:08:07,2024-10-01 10:08:07,2024-10-05 08:08:07
ORD001279,CUST001692,delivered,2023-04-20 04:57:53,2023-04-20 18:57:53,2023-04-23 18:57:53,2023-05-08 18:57:53,2023-05-11 04:57:53
ORD001280,CUST000615,processing,2023-12-08 14:19:34,2023-12-10 00:19:34,,,2023-12-27 14:19:34
ORD001281,CUST000657,delivered,2023-07-14 12:02:34,2023-07-16 05:02:34,2023-07-19 05:02:34,2023-08-03 05:02:34,2023-08-05 12:02:34
ORD001282,CUST000775,invoiced,2023-01-03 20:13:14,2023-01-04 02:13:14,,,2023-01-28 20:13:14
ORD001283,CUST001036,invoiced,2024-09-16 07:57:06,2024-09-17 00:57:06,,,2024-10-04 07:57:06
ORD001284,CUST000896,delivered,2024-07-19 10:51:44,2024-07-21 07:51:44,2024-07-23 07:51:44,2024-07-31 07:51:44,2024-08-07 10:51:44
ORD001285,CUST000589,delivered,2023-08-15 03:04:54,2023-08-16 14:04:54,2023-08-19 14:04:54,2023-08-26 14:04:54,2023-08-23 03:04:54
ORD001286,CUST001348,canceled,2023-07-29 10:47:59,,,,2023-08-11 10:47:59
ORD001287,CUST001981,invoiced,2024-02-22 05:44:13,2024-02-24 05:44:13,,,2024-03-04 05:44:13
ORD001288,CUST001068,delivered,2023-02-04 09:03:12,2023-02-05 15:03:12,2023-02-07 15:03:12,2023-02-11 15:03:12,2023-02-19 09:03:12
ORD001289,CUST001315,delivered,2024-02-21 07:34:11,2024-02-21 09:34:11,2024-02-23 09:34:11,2024-02-28 09:34:11,2024-03-13 07:34:11
ORD001290,CUST000390,delivered,2024-08-16 15:08:04,2024-08-18 12:08:04,2024-08-21 12:08:04,2024-09-04 12:08:04,2024-09-04 15:08:04
ORD001291,CUST000050,delivered,2024-07-07 01:01:12,2024-07-08 19:01:12,2024-07-10 19:01:12,2024-07-23 19:01:12,2024-07-18 01:01:12
ORD001292,CUST000491,delivered,2024-08-05 10:12:56,2024-08-07 00:12:56,2024-08-08 00:12:56,2024-08-12 00:12:56,2024-08-14 10:12:56
ORD001293,CUST000146,delivered,2024-10-24 17:44:30,2024-10-25 12:44:30,2024-10-26 12:44:30,2024-11-04 12:44:30,2024-11-08 17:44:30
ORD001294,CUST000115,delivered,2023-07-12 01:22:00,2023-07-12 22:22:00,2023-07-13 22:22:00,2023-07-17 22:22:00,2023-07-26 01:22:00
ORD001295,CUST000505,invoiced,2024-07-03 13:20:52,2024-07-04 00:20:52,,,2024-07-15 13:20:52
ORD001296,CUST001145,invoiced,2024-07-26 22:11:28,2024-07-28 02:11:28,,,2024-08-14 22:11:28
ORD001297,CUST000338,delivered,2023-12-13 06:35:46,2023-12-14 04:35:46,2023-12-17 04:35:46,2024-01-01 04:35:46,2023-12-25 06:35:46
ORD001298,CUST000174,delivered,2023-07-23 07:19:10,2023-07-23 17:19:10,2023-07-26 17:19:10,2023-08-09 17:19:10,2023-08-06 07:19:10
ORD001299,CUST000809,delivered,2023-01-10 04:57:44,2023-01-11 02:57:44,2023-01-13 02:57:44,2023-01-24 02:57:44,2023-01-20 04:57:44
ORD001300,CUST000803,processing,2023-08-09 07:26:32,2023-08-09 22:26:32,,,2023-08-16 07:26:32
ORD001301,CUST001870,delivered,2023-08-13 07:10:56,2023-08-14 13:10:56,2023-08-16 13:10:56,2023-08-19 13:10:56,2023-08-23 07:10:56
ORD001302,CUST000302,shipped,2024-11-17 15:34:29,2024-11-18 15:34:29,2024-11-19 15:34:29,,2024-12-08 15:34:29
ORD001303,CUST001825,delivered,2024-03-13 05:10:11,2024-03-14 21:10:11,2024-03-17 21:10:11,2024-03-24 21:10:11,2024-03-30 05:10:11
ORD001304,CUST001392,delivered,2023-09-13 02:03:47,2023-09-14 20:03:47,2023-09-16 20:03:47,2023-09-21 20:03:47,2023-09-21 02:03:47
ORD001305,CUST000667,canceled,2023-03-22 06:18:00,,,,2023-04-16 06:18:00
ORD001306,CUST000844,shipped,2024-07-23 09:24:17,2024-07-23 20:24:17,2024-07-24 20:24:17,,2024-07-30 09:24:17
ORD001307,CUST001714,delivered,2023-08-10 09:51:41,2023-08-10 18:51:41,2023-08-11 18:51:41,2023-08-15 18:51:41,2023-09-03 09:51:41
ORD001308,CUST000179,delivered,2023-10-31 16:41:30,2023-11-02 06:41:30,2023-11-05 06:41:30,2023-11-19 06:41:30,2023-11-07 16:41:30
ORD001309,CUST000170,delivered,2023-04-04 16:32:15,2023-04-05 03:32:15,2023-04-08 03:32:15,2023-04-22 03:32:15,2023-04-15 16:32:15
ORD001310,CUST001106,processing,2023-10-27 01:53:51,2023-10-27 05:53:51,,,2023-11-17 01:53:51
ORD001311,CUST000259,delivered,2024-02-28 09:25:40,2024-02-29 20:25:40,2024-03-02 20:25:40,2024-03-15 20:25:40,2024-03-09 09:25:40
ORD001312,CUST001504,delivered,2024-05-02 23:22:53,2024-05-04 07:22:53,2024-05-06 07:22:53,2024-05-21 07:22:53,2024-05-17 23:22:53
ORD001313,CUST001137,delivered,2024-02-28 03:51:16,2024-02-29 18:51:16,2024-03-01 18:51:16,2024-03-07 18:51:16,2024-03-07 03:51:16
ORD001314,CUST001147,delivered,2024-01-31 13:05:54,2024-02-01 04:05:54,2024-02-04 04:05:54,2024-02-19 04:05:54,2024-02-21 13:05:54
ORD001315,CUST000082,delivered,2023-06-07 17:04:53,2023-06-08 15:04:53,2023-06-11 15:04:53,2023-06-26 15:04:53,2023-06-16 17:04:53
ORD001316,CUST001972,delivered,2023-07-04 05:39:48,2023-07-04 08:39:48,2023-07-07 08:39:48,2023-07-21 08:39:48,2023-07-21 05:39:48
ORD001317,CUST001747,delivered,2024-01-30 14:21:08,2024-01-31 09:21:08,2024-02-03 09:21:08,2024-02-09 09:21:08,2024-02-22 14:21:08
ORD001318,CUST000889,delivered,2023-05-31 09:00:27,2023-06-02 02:00:27,2023-06-03 02:00:27,2023-06-12 02:00:27,2023-06-25 09:00:27
ORD001319,CUST000342,delivered,2023-03-20 06:46:59,2023-03-20 12:46:59,2023-03-21 12:46:59,2023-03-23 12:46:59,2023-03-30 06:46:59
ORD001320,CUST000730,invoiced,2024-06-27 16:40:16,2024-06-27 19:40:16,,,2024-07-11 16:40:16
ORD001321,CUST001577,approved,2024-12-14 12:37:16,2024-12-16 00:37:16,,,2025-01-03 12:37:16
ORD001322,CUST001850,delivered,2024-09-20 01:49:13,2024-09-20 06:49:13,2024-09-22 06:49:13,2024-10-07 06:49:13,2024-09-28 01:49:13
ORD001323,CUST000578,delivered,2024-05-11 10:36:27,2024-05-13 03:36:27,2024-05-14 03:36:27,2024-05-25 03:36:27,2024-05-22 10:36:27
ORD001324,CUST001362,delivered,2023-12-27 03:46:14,2023-12-28 19:46:14,2023-12-31 19:46:14,2024-01-06 19:46:14,2024-01-14 03:46:14
ORD001325,CUST000097,delivered,2023-07-02 21:46:44,2023-07-03 05:46:44,2023-07-05 05:46:44,2023-07-08 05:46:44,2023-07-14 21:46:44
ORD001326,CUST000910,canceled,2023-06-29 05:10:25,,,,2023-07-18 05:10:25
ORD001327,CUST000535,delivered,2023-09-18 09:05:38,2023-09-19 15:05:38,2023-09-20 15:05:38,2023-09-24 15:05:38,2023-09-25 09:05:38
ORD001328,CUST000840,delivered,2024-01-05 10:31:54,2024-01-05 18:31:54,2024-01-07 18:31:54,2024-01-11 18:31:54,2024-01-24 10:31:54
ORD001329,CUST000056,delivered,2024-11-26 11:40:08,2024-11-27 04:40:08,2024-11-30 04:40:08,2024-12-12 04:40:08,2024-12-15 11:40:08
ORD001330,CUST000220,delivered,2023-07-16 07:06:38,2023-07-16 08:06:38,2023-07-19 08:06:38,2023-07-29 08:06:38,2023-07-29 07:06:38
ORD001331,CUST001728,delivered,2023-07-27 10:33:17,2023-07-28 15:33:17,2023-07-29 15:33:17,2023-08-04 15:33:17,2023-08-19 10:33:17
ORD001332,CUST001621,delivered,2024-06-15 18:10:17,2024-06-17 08:10:17,2024-06-19 08:10:17,2024-06-21 08:10:17,2024-06-30 18:10:17
ORD001333,CUST000992,shipped,2024-04-20 00:45:27,2024-04-20 01:45:27,2024-04-22 01:45:27,,2024-05-09 00:45:27
ORD001334,CUST000289,delivered,2024-06-03 12:43:11,2024-06-04 09:43:11,2024-06-05 09:43:11,2024-06-19 09:43:11,2024-06-24 12:43:11
ORD001335,CUST000968,delivered,2024-05-23 09:22:15,2024-05-23 21:22:15,2024-05-25 21:22:15,2024-06-02 21:22:15,2024-06-05 09:22:15
ORD001336,CUST001884,delivered,2023-06-13 21:45:46,2023-06-15 00:45:46,2023-06-16 00:45:46,2023-06-22 00:45:46,2023-06-25 21:45:46
ORD001337,CUST001417,delivered,2024-04-08 18:07:54,2024-04-09 05:07:54,2024-04-10 05:07:54,2024-04-17 05:07:54,2024-05-03 18:07:54
ORD001338,CUST000594,delivered,2023-06-07 00:38:18,2023-06-08 02:38:18,2023-06-10 02:38:18,2023-06-20 02:38:18,2023-06-16 00:38:18
ORD001339,CUST000599,delivered,2023-05-26 22:00:44,2023-05-28 16:00:44,2023-05-30 16:00:44,2023-06-10 16:00:44,2023-06-07 22:00:44
ORD001340,CUST000234,delivered,2023-06-04 21:34:23,2023-06-05 02:34:23,2023-06-07 02:34:23,2023-06-22 02:34:23,2023-06-24 21:34:23
ORD001341,CUST001138,delivered,2023-08-12 01:31:50,2023-08-12 22:31:50,2023-08-14 22:31:50,2023-08-28 22:31:50,2023-09-06 01:31:50
ORD001342,CUST001575,delivered,2024-02-16 08:28:06,2024-02-17 14:28:06,2024-02-20 14:28:06,2024-03-04 14:28:06,2024-02-27 08:28:06
ORD001343,CUST001933,delivered,2024-10-23 14:52:36,2024-10-25 06:52:36,2024-10-28 06:52:36,2024-11-03 06:52:36,2024-11-04 14:52:36
ORD001344,CUST000544,delivered,2023-02-13 15:42:32,2023-02-14 13:42:32,2023-02-17 13:42:32,2023-02-23 13:42:32,2023-03-08 15:42:32
ORD001345,CUST001077,delivered,2023-01-28 23:31:52,2023-01-29 21:31:52,2023-01-30 21:31:52,2023-02-04 21:31:52,2023-02-10 23:31:52
ORD001346,CUST000782,delivered,2023-04-20 08:07:13,2023-04-20 11:07:13,2023-04-21 11:07:13,2023-04-27 11:07:13,2023-05-15 08:07:13
ORD001347,CUST000508,delivered,2024-07-01 08:10:19,2024-07-01 19:10:19,2024-07-02 19:10:19,2024-07-17 19:10:19,2024-07-10 08:10:19
ORD001348,CUST000308,delivered,2023-07-01 05:31:41,2023-07-01 17:31:41,2023-07-02 17:31:41,2023-07-09 17:31:41,2023-07-17 05:31:41
ORD001349,CUST000422,delivered,2024-06-07 04:06:05,2024-06-08 15:06:05,2024-06-09 15:06:05,2024-06-24 15:06:05,2024-06-27 04:06:05
ORD001350,CUST000986,delivered,2024-07-10 15:11:17,2024-07-11 17:11:17,2024-07-13 17:11:17,2024-07-15 17:11:17,2024-07-20 15:11:17
ORD001351,CUST000815,delivered,2024-08-19 03:59:43,2024-08-19 20:59:43,2024-08-22 20:59:43,2024-09-01 20:59:43,2024-08-27 03:59:43
ORD001352,CUST001703,approved,2024-02-03 11:15:41,2024-02-03 20:15:41,,,2024-02-10 11:15:41
ORD001353,CUST000966,delivered,2023-02-13 14:08:10,2023-02-14 23:08:10,2023-02-16 23:08:10,2023-02-25 23:08:10,2023-03-08 14:08:10
ORD001354,CUST001446,shipped,2024-05-06 08:54:13,2024-05-07 18:54:13,2024-05-09 18:54:13,,2024-05-25 08:54:13
ORD001355,CUST000683,delivered,2024-10-15 14:37:35,2024-10-16 16:37:35,2024-10-19 16:37:35,2024-10-25 16:37:35,2024-10-25 14:37:35
ORD001356,CUST001941,delivered,2024-09-02 15:51:01,2024-09-03 05:51:01,2024-09-05 05:51:01,2024-09-17 05:51:01,2024-09-14 15:51:01
ORD001357,CUST001930,delivered,2023-04-25 22:13:41,2023-04-27 02:13:41,2023-04-28 02:13:41,2023-05-02 02:13:41,2023-05-04 22:13:41
ORD001358,CUST001625,delivered,2023-07-17 06:39:49,2023-07-19 03:39:49,2023-07-20 03:39:49,2023-07-22 03:39:49,2023-08-02 06:39:49
ORD001359,CUST000730,delivered,2023-06-17 22:16:21,2023-06-18 12:16:21,2023-06-19 12:16:21,2023-06-25 12:16:21,2023-07-09 22:16:21
ORD001360,CUST001750,delivered,2024-06-07 20:41:35,2024-06-09 17:41:35,2024-06-10 17:41:35,2024-06-13 17:41:35,2024-06-29 20:41:35
ORD001361,CUST001743,delivered,2024-09-21 16:15:25,2024-09-22 19:15:25,2024-09-25 19:15:25,2024-10-06 19:15:25,2024-10-06 16:15:25
ORD001362,CUST000389,delivered,2024-08-12 19:10:54,2024-08-13 06:10:54,2024-08-16 06:10:54,2024-08-29 06:10:54,2024-08-25 19:10:54
ORD001363,CUST001141,delivered,2023-04-24 20:00:30,2023-04-25 11:00:30,2023-04-27 11:00:30,2023-05-05 11:00:30,2023-05-14 20:00:30
ORD001364,CUST001158,delivered,2023-01-22 06:07:12,2023-01-22 10:07:12,2023-01-23 10:07:12,2023-01-30 10:07:12,2023-02-04 06:07:12
ORD001365,CUST001033,delivered,2023-06-15 19:37:59,2023-06-17 06:37:59,2023-06-19 06:37:59,2023-06-24 06:37:59,2023-06-25 19:37:59
ORD001366,CUST001335,delivered,2023-01-04 11:42:54,2023-01-05 08:42:54,2023-01-06 08:42:54,2023-01-12 08:42:54,2023-01-18 11:42:54
ORD001367,CUST000666,delivered,2024-06-26 08:33:14,2024-06-26 09:33:14,2024-06-28 09:33:14,2024-07-08 09:33:14,2024-07-08 08:33:14
ORD001368,CUST000397,delivered,2024-03-03 22:25:33,2024-03-05 11:25:33,2024-03-08 11:25:33,2024-03-10 11:25:33,2024-03-11 22:25:33
ORD001369,CUST001306,delivered,2024-04-06 14:29:40,2024-04-07 18:29:40,2024-04-08 18:29:40,2024-04-23 18:29:40,2024-04-27 14:29:40
ORD001370,CUST000505,processing,2024-03-22 08:53:10,2024-03-22 20:53:10,,,2024-04-15 08:53:10
ORD001371,CUST000136,delivered,2023-07-31 18:15:45,2023-08-01 19:15:45,2023-08-04 19:15:45,2023-08-18 19:15:45,2023-08-13 18:15:45
ORD001372,CUST001732,delivered,2023-08-08 17:36:33,2023-08-10 17:36:33,2023-08-11 17:36:33,2023-08-21 17:36:33,2023-08-25 17:36:33
ORD001373,CUST000557,processing,2024-10-12 04:09:08,2024-10-13 15:09:08,,,2024-10-31 04:09:08
ORD001374,CUST001852,delivered,2023-07-01 14:28:40,2023-07-02 06:28:40,2023-07-04 06:28:40,2023-07-14 06:28:40,2023-07-17 14:28:40
ORD001375,CUST000422,approved,2023-04-22 00:01:47,2023-04-22 13:01:47,,,2023-05-03 00:01:47
ORD001376,CUST000234,shipped,2024-11-10 18:25:01,2024-11-11 07:25:01,2024-11-12 07:25:01,,2024-11-21 18:25:01
ORD001377,CUST000130,processing,2023-04-12 19:40:52,2023-04-14 18:40:52,,,2023-04-26 19:40:52
ORD001378,CUST001472,delivered,2023-12-24 06:48:08,2023-12-25 21:48:08,2023-12-28 21:48:08,2024-01-12 21:48:08,2024-01-02 06:48:08
ORD001379,CUST000747,delivered,2024-06-25 17:21:44,2024-06-27 17:21:44,2024-06-30 17:21:44,2024-07-02 17:21:44,2024-07-14 17:21:44
ORD001380,CUST000538,delivered,2024-05-08 17:56:59,2024-05-10 11:56:59,2024-05-11 11:56:59,2024-05-19 11:56:59,2024-05-26 17:56:59
ORD001381,CUST001991,delivered,2024-08-18 06:04:55,2024-08-19 17:04:55,2024-08-22 17:04:55,2024-08-25 17:04:55,2024-09-02 06:04:55
ORD001382,CUST001215,delivered,2023-09-11 02:43:58,2023-09-12 08:43:58,2023-09-15 08:43:58,2023-09-24 08:43:58,2023-10-01 02:43:58
ORD001383,CUST000519,canceled,2023-04-30 16:46:17,,,,2023-05-10 16:46:17
ORD001384,CUST000136,delivered,2023-12-27 21:36:20,2023-12-29 08:36:20,2024-01-01 08:36:20,2024-01-06 08:36:20,2024-01-20 21:36:20
ORD001385,CUST001550,delivered,2024-12-10 10:52:58,2024-12-11 18:52:58,2024-12-12 18:52:58,2024-12-25 18:52:58,2024-12-17 10:52:58
ORD001386,CUST001722,delivered,2023-06-04 14:13:41,2023-06-06 11:13:41,2023-06-08 11:13:41,2023-06-18 11:13:41,2023-06-23 14:13:41
ORD001387,CUST001911,processing,2023-06-24 22:16:08,2023-06-26 11:16:08,,,2023-07-04 22:16:08
ORD001388,CUST001406,delivered,2023-05-22 11:47:04,2023-05-23 07:47:04,2023-05-26 07:47:04,2023-06-05 07:47:04,2023-06-16 11:47:04
ORD001389,CUST000269,delivered,2024-08-02 05:55:00,2024-08-02 20:55:00,2024-08-05 20:55:00,2024-08-11 20:55:00,2024-08-22 05:55:00
ORD001390,CUST000553,delivered,2024-10-05 23:10:22,2024-10-07 04:10:22,2024-10-10 04:10:22,2024-10-16 04:10:22,2024-10-16 23:10:22
ORD001391,CUST000727,delivered,2024-08-16 22:07:49,2024-08-17 16:07:49,2024-08-20 16:07:49,2024-08-29 16:07:49,2024-08-27 22:07:49
ORD001392,CUST000305,delivered,2024-09-24 15:00:02,2024-09-25 11:00:02,2024-09-26 11:00:02,2024-10-10 11:00:02,2024-10-15 15:00:02
ORD001393,CUST000115,delivered,2024-08-10 22:31:38,2024-08-11 00:31:38,2024-08-14 00:31:38,2024-08-16 00:31:38,2024-09-03 22:31:38
ORD001394,CUST001084,delivered,2024-09-01 16:38:57,2024-09-03 12:38:57,2024-09-05 12:38:57,2024-09-11 12:38:57,2024-09-25 16:38:57
ORD001395,CUST000982,processing,2023-12-27 22:29:37,2023-12-28 17:29:37,,,2024-01-15 22:29:37
ORD001396,CUST001335,invoiced,2023-10-10 02:44:25,2023-10-10 15:44:25,,,2023-11-02 02:44:25
ORD001397,CUST001710,delivered,2023-11-06 04:05:51,2023-11-06 20:05:51,2023-11-08 20:05:51,2023-11-23 20:05:51,2023-11-27 04:05:51
ORD001398,CUST001183,delivered,2024-06-15 22:56:04,2024-06-17 00:56:04,2024-06-20 00:56:04,2024-07-01 00:56:04,2024-07-09 22:56:04
ORD001399,CUST001022,approved,2024-06-30 03:53:20,2024-06-30 22:53:20,,,2024-07-25 03:53:20
ORD001400,CUST000218,delivered,2024-06-30 01:01:04,2024-06-30 22:01:04,2024-07-01 22:01:04,2024-07-15 22:01:04,2024-07-12 01:01:04
ORD001401,CUST001075,delivered,2024-11-09 23:18:07,2024-11-11 01:18:07,2024-11-12 01:18:07,2024-11-19 01:18:07,2024-11-21 23:18:07
ORD001402,CUST001484,delivered,2023-05-02 01:08:35,2023-05-02 10:08:35,2023-05-04 10:08:35,2023-05-06 10:08:35,2023-05-21 01:08:35
ORD001403,CUST001450,delivered,2024-02-14 10:33:14,2024-02-14 14:33:14,2024-02-15 14:33:14,2024-03-01 14:33:14,2024-03-09 10:33:14
ORD001404,CUST001661,delivered,2023-07-03 09:51:02,2023-07-04 02:51:02,2023-07-06 02:51:02,2023-07-16 02:51:02,2023-07-13 09:51:02
ORD001405,CUST001407,delivered,2023-08-15 00:01:11,2023-08-16 11:01:11,2023-08-19 11:01:11,2023-08-29 11:01:11,2023-08-28 00:01:11
ORD001406,CUST000003,delivered,2024-11-12 01:29:53,2024-11-12 21:29:53,2024-11-15 21:29:53,2024-11-30 21:29:53,2024-12-06 01:29:53
ORD001407,CUST000064,delivered,2024-07-18 08:37:38,2024-07-20 08:37:38,2024-07-22 08:37:38,2024-07-28 08:37:38,2024-07-28 08:37:38
ORD001408,CUST000770,delivered,2024-07-20 12:39:24,2024-07-21 04:39:24,2024-07-22 04:39:24,2024-07-26 04:39:24,2024-08-10 12:39:24
ORD001409,CUST001268,delivered,2024-01-15 00:27:47,2024-01-15 14:27:47,2024-01-16 14:27:47,2024-01-28 14:27:47,2024-02-02 00:27:47
ORD001410,CUST001875,delivered,2024-02-04 14:41:00,2024-02-06 05:41:00,2024-02-08 05:41:00,2024-02-20 05:41:00,2024-02-17 14:41:00
ORD001411,CUST000367,delivered,2023-01-18 13:00:49,2023-01-18 20:00:49,2023-01-21 20:00:49,2023-01-27 20:00:49,2023-02-12 13:00:49
ORD001412,CUST000244,approved,2023-07-16 15:57:25,2023-07-18 10:57:25,,,2023-08-01 15:57:25
ORD001413,CUST000577,delivered,2024-03-18 16:20:28,2024-03-20 01:20:28,2024-03-22 01:20:28,2024-04-04 01:20:28,2024-03-25 16:20:28
ORD001414,CUST000673,delivered,2024-10-31 04:18:27,2024-10-31 15:18:27,2024-11-02 15:18:27,2024-11-14 15:18:27,2024-11-08 04:18:27
ORD001415,CUST000969,delivered,2023-02-01 04:06:50,2023-02-01 18:06:50,2023-02-03 18:06:50,2023-02-10 18:06:50,2023-02-11 04:06:50
ORD001416,CUST001773,delivered,2023-02-18 08:24:27,2023-02-19 03:24:27,2023-02-21 03:24:27,2023-02-27 03:24:27,2023-03-01 08:24:27
ORD001417,CUST001964,invoiced,2024-09-07 21:40:27,2024-09-08 23:40:27,,,2024-09-29 21:40:27
ORD001418,CUST001237,invoiced,2023-10-08 12:29:10,2023-10-10 00:29:10,,,2023-10-27 12:29:10
ORD001419,CUST000956,delivered,2024-01-19 06:00:05,2024-01-19 09:00:05,2024-01-21 09:00:05,2024-01-25 09:00:05,2024-01-30 06:00:05
ORD001420,CUST001778,canceled,2023-04-30 11:46:55,,,,2023-05-20 11:46:55
ORD001421,CUST001700,delivered,2024-05-04 04:59:07,2024-05-05 08:59:07,2024-05-06 08:59:07,2024-05-10 08:59:07,2024-05-16 04:59:07
ORD001422,CUST000274,delivered,2023-05-08 22:10:21,2023-05-09 14:10:21,2023-05-10 14:10:21,2023-05-22 14:10:21,2023-05-24 22:10:21
ORD001423,CUST001667,delivered,2024-03-26 01:04:13,2024-03-26 21:04:13,2024-03-28 21:04:13,2024-04-05 21:04:13,2024-04-11 01:04:13
ORD001424,CUST000308,delivered,2024-07-08 10:30:23,2024-07-09 07:30:23,2024-07-11 07:30:23,2024-07-22 07:30:23,2024-07-22 10:30:23
ORD001425,CUST001199,delivered,2024-09-07 15:54:48,2024-09-07 22:54:48,2024-09-08 22:54:48,2024-09-18 22:54:48,2024-09-21 15:54:48
ORD001426,CUST000541,delivered,2023-11-17 00:13:20,2023-11-17 06:13:20,2023-11-18 06:13:20,2023-11-24 06:13:20,2023-12-04 00:13:20
ORD001427,CUST000046,delivered,2023-12-23 07:56:34,2023-12-25 04:56:34,2023-12-28 04:56:34,2023-12-30 04:56:34,2023-12-30 07:56:34
ORD001428,CUST001880,delivered,2023-09-13 14:21:33,2023-09-14 02:21:33,2023-09-15 02:21:33,2023-09-30 02:21:33,2023-09-22 14:21:33
ORD001429,CUST000766,canceled,2024-04-28 08:37:21,,,,2024-05-09 08:37:21
ORD001430,CUST001234,delivered,2024-10-10 16:52:07,2024-10-11 20:52:07,2024-10-13 20:52:07,2024-10-23 20:52:07,2024-11-03 16:52:07
ORD001431,CUST000481,delivered,2023-09-10 22:28:55,2023-09-11 19:28:55,2023-09-14 19:28:55,2023-09-26 19:28:55,2023-09-27 22:28:55
ORD001432,CUST001790,delivered,2024-07-21 11:49:22,2024-07-23 01:49:22,2024-07-26 01:49:22,2024-08-01 01:49:22,2024-08-02 11:49:22
ORD001433,CUST000661,delivered,2024-11-28 12:36:27,2024-11-29 09:36:27,2024-11-30 09:36:27,2024-12-08 09:36:27,2024-12-08 12:36:27
ORD001434,CUST000270,delivered,2024-05-29 11:55:51,2024-05-31 03:55:51,2024-06-01 03:55:51,2024-06-10 03:55:51,2024-06-07 11:55:51
ORD001435,CUST001654,canceled,2023-02-26 12:13:58,,,,2023-03-21 12:13:58
ORD001436,CUST000957,delivered,2024-10-14 01:43:01,2024-10-15 16:43:01,2024-10-16 16:43:01,2024-10-22 16:43:01,2024-11-04 01:43:01
ORD001437,CUST000588,delivered,2024-04-10 11:11:12,2024-04-11 02:11:12,2024-04-13 02:11:12,2024-04-25 02:11:12,2024-04-23 11:11:12
ORD001438,CUST001426,delivered,2024-01-01 05:08:20,2024-01-02 15:08:20,2024-01-05 15:08:20,2024-01-18 15:08:20,2024-01-17 05:08:20
ORD001439,CUST000593,delivered,2023-04-25 16:47:36,2023-04-27 06:47:36,2023-04-29 06:47:36,2023-05-12 06:47:36,2023-05-20 16:47:36
ORD001440,CUST001101,delivered,2024-04-15 07:15:40,2024-04-16 22:15:40,2024-04-17 22:15:40,2024-04-19 22:15:40,2024-05-02 07:15:40
ORD001441,CUST001959,delivered,2023-08-25 17:46:46,2023-08-25 19:46:46,2023-08-26 19:46:46,2023-08-31 19:46:46,2023-09-04 17:46:46
ORD001442,CUST000441,delivered,2024-06-26 07:55:43,2024-06-26 12:55:43,2024-06-29 12:55:43,2024-07-04 12:55:43,2024-07-10 07:55:43
ORD001443,CUST000281,canceled,2024-10-21 18:58:30,,,,2024-11-02 18:58:30
ORD001444,CUST000662,delivered,2024-03-13 01:21:46,2024-03-14 10:21:46,2024-03-17 10:21:46,2024-03-21 10:21:46,2024-04-06 01:21:46
ORD001445,CUST000649,shipped,2023-03-11 12:50:19,2023-03-12 19:50:19,2023-03-15 19:50:19,,2023-04-02 12:50:19
ORD001446,CUST001046,delivered,2023-07-21 00:21:03,2023-07-22 12:21:03,2023-07-24 12:21:03,2023-07-28 12:21:03,2023-08-07 00:21:03
ORD001447,CUST001524,delivered,2024-12-01 02:16:44,2024-12-01 10:16:44,2024-12-03 10:16:44,2024-12-16 10:16:44,2024-12-17 02:16:44
ORD001448,CUST001318,shipped,2024-02-23 11:53:43,2024-02-24 01:53:43,2024-02-26 01:53:43,,2024-03-08 11:53:43
ORD001449,CUST001114,delivered,2024-05-09 18:38:10,2024-05-11 03:38:10,2024-05-14 03:38:10,2024-05-29 03:38:10,2024-05-19 18:38:10
ORD001450,CUST000762,delivered,2023-12-31 15:28:06,2024-01-01 04:28:06,2024-01-03 04:28:06,2024-01-09 04:28:06,2024-01-19 15:28:06
ORD001451,CUST001347,delivered,2024-05-23 03:11:24,2024-05-24 08:11:24,2024-05-27 08:11:24,2024-06-04 08:11:24,2024-06-04 03:11:24
ORD001452,CUST000076,delivered,2024-08-29 14:28:19,2024-08-29 19:28:19,2024-08-31 19:28:19,2024-09-05 19:28:19,2024-09-11 14:28:19
ORD001453,CUST001890,delivered,2024-02-10 04:58:18,2024-02-11 17:58:18,2024-02-13 17:58:18,2024-02-21 17:58:18,2024-03-01 04:58:18
ORD001454,CUST000135,delivered,2023-09-26 12:25:55,2023-09-28 02:25:55,2023-10-01 02:25:55,2023-10-12 02:25:55,2023-10-03 12:25:55
ORD001455,CUST000923,delivered,2024-12-07 01:20:40,2024-12-08 12:20:40,2024-12-11 12:20:40,2024-12-21 12:20:40,2024-12-24 01:20:40
ORD001456,CUST000767,delivered,2024-05-06 08:17:48,2024-05-07 19:17:48,2024-05-08 19:17:48,2024-05-23 19:17:48,2024-05-23 08:17:48
ORD001457,CUST000942,delivered,2023-06-17 03:27:58,2023-06-18 14:27:58,2023-06-21 14:27:58,2023-06-29 14:27:58,2023-07-10 03:27:58
ORD001458,CUST001978,delivered,2023-10-25 10:28:01,2023-10-26 05:28:01,2023-10-28 05:28:01,2023-11-03 05:28:01,2023-11-17 10:28:01
ORD001459,CUST000415,delivered,2024-06-13 10:49:59,2024-06-15 05:49:59,2024-06-18 05:49:59,2024-07-01 05:49:59,2024-07-04 10:49:59
ORD001460,CUST001532,delivered,2024-08-19 13:29:49,2024-08-21 01:29:49,2024-08-23 01:29:49,2024-09-07 01:29:49,2024-09-10 13:29:49
ORD001461,CUST001112,delivered,2023-12-03 23:07:25,2023-12-04 22:07:25,2023-12-07 22:07:25,2023-12-11 22:07:25,2023-12-26 23:07:25
ORD001462,CUST001641,delivered,2023-04-24 21:33:58,2023-04-25 07:33:58,2023-04-26 07:33:58,2023-05-05 07:33:58,2023-05-19 21:33:58
ORD001463,CUST001327,delivered,2024-04-18 19:37:03,2024-04-20 14:37:03,2024-04-23 14:37:03,2024-05-08 14:37:03,2024-04-27 19:37:03
ORD001464,CUST001616,delivered,2023-05-21 10:53:41,2023-05-21 23:53:41,2023-05-24 23:53:41,2023-06-04 23:53:41,2023-06-11 10:53:41
ORD001465,CUST000202,delivered,2023-03-25 16:49:31,2023-03-26 14:49:31,2023-03-29 14:49:31,2023-04-08 14:49:31,2023-04-10 16:49:31
ORD001466,CUST000484,shipped,2023-09-26 11:58:07,2023-09-27 05:58:07,2023-09-28 05:58:07,,2023-10-16 11:58:07
ORD001467,CUST001955,delivered,2024-05-23 05:49:15,2024-05-24 07:49:15,2024-05-27 07:49:15,2024-05-30 07:49:15,2024-06-01 05:49:15
ORD001468,CUST001822,delivered,2023-07-06 07:55:26,2023-07-06 21:55:26,2023-07-09 21:55:26,2023-07-19 21:55:26,2023-07-23 07:55:26
ORD001469,CUST001111,delivered,2024-03-20 19:31:43,2024-03-21 01:31:43,2024-03-24 01:31:43,2024-03-29 01:31:43,2024-04-11 19:31:43
ORD001470,CUST000056,delivered,2024-07-05 02:54:17,2024-07-06 00:54:17,2024-07-09 00:54:17,2024-07-11 00:54:17,2024-07-12 02:54:17
ORD001471,CUST000543,canceled,2024-09-24 23:54:33,,,,2024-10-19 23:54:33
ORD001472,CUST001231,shipped,2024-10-07 06:04:39,2024-10-08 11:04:39,2024-10-10 11:04:39,,2024-11-01 06:04:39
ORD001473,CUST001155,delivered,2023-02-18 13:29:09,2023-02-20 01:29:09,2023-02-22 01:29:09,2023-03-02 01:29:09,2023-03-15 13:29:09
ORD001474,CUST000505,shipped,2023-08-01 08:02:48,2023-08-02 08:02:48,2023-08-03 08:02:48,,2023-08-18 08:02:48
ORD001475,CUST000064,delivered,2024-05-31 19:36:17,2024-06-02 18:36:17,2024-06-04 18:36:17,2024-06-17 18:36:17,2024-06-07 19:36:17
ORD001476,CUST000759,delivered,2024-11-15 11:35:35,2024-11-17 07:35:35,2024-11-19 07:35:35,2024-11-21 07:35:35,2024-11-25 11:35:35
ORD001477,CUST001935,delivered,2023-05-05 20:57:34,2023-05-07 10:57:34,2023-05-08 10:57:34,2023-05-10 10:57:34,2023-05-19 20:57:34
ORD001478,CUST001687,processing,2024-06-29 04:34:29,2024-06-30 11:34:29,,,2024-07-15 04:34:29
ORD001479,CUST000551,processing,2023-05-18 23:31:54,2023-05-19 22:31:54,,,2023-05-28 23:31:54
ORD001480,CUST000318,delivered,2023-09-07 15:31:54,2023-09-07 19:31:54,2023-09-10 19:31:54,2023-09-20 19:31:54,2023-09-24 15:31:54
ORD001481,CUST000308,processing,2024-07-01 03:40:46,2024-07-03 01:40:46,,,2024-07-11 03:40:46
ORD001482,CUST001759,delivered,2023-02-13 10:19:06,2023-02-13 19:19:06,2023-02-15 19:19:06,2023-02-20 19:19:06,2023-03-06 10:19:06
ORD001483,CUST001837,delivered,2023-07-31 14:34:49,2023-08-01 12:34:49,2023-08-04 12:34:49,2023-08-18 12:34:49,2023-08-23 14:34:49
ORD001484,CUST001585,delivered,2024-05-23 07:29:13,2024-05-24 09:29:13,2024-05-25 09:29:13,2024-06-03 09:29:13,2024-06-01 07:29:13
ORD001485,CUST001722,delivered,2023-08-11 12:41:42,2023-08-13 03:41:42,2023-08-15 03:41:42,2023-08-26 03:41:42,2023-08-25 12:41:42
ORD001486,CUST001807,delivered,2023-08-03 12:51:38,2023-08-05 04:51:38,2023-08-06 04:51:38,2023-08-19 04:51:38,2023-08-10 12:51:38
ORD001487,CUST001780,delivered,2024-10-03 12:09:20,2024-10-04 16:09:20,2024-10-05 16:09:20,2024-10-12 16:09:20,2024-10-19 12:09:20
ORD001488,CUST000532,delivered,2024-04-06 08:58:04,2024-04-07 06:58:04,2024-04-09 06:58:04,2024-04-24 06:58:04,2024-04-25 08:58:04
ORD001489,CUST001323,delivered,2023-09-03 21:17:28,2023-09-04 09:17:28,2023-09-06 09:17:28,2023-09-13 09:17:28,2023-09-13 21:17:28
ORD001490,CUST001648,delivered,2023-04-14 13:49:45,2023-04-15 15:49:45,2023-04-18 15:49:45,2023-04-29 15:49:45,2023-04-22 13:49:45
ORD001491,CUST000902,shipped,2024-11-06 04:52:46,2024-11-06 20:52:46,2024-11-08 20:52:46,,2024-11-28 04:52:46
ORD001492,CUST001021,delivered,2023-07-06 16:38:11,2023-07-07 03:38:11,2023-07-10 03:38:11,2023-07-21 03:38:11,2023-07-26 16:38:11
ORD001493,CUST001758,delivered,2024-10-27 13:46:12,2024-10-28 11:46:12,2024-10-29 11:46:12,2024-11-04 11:46:12,2024-11-08 13:46:12
ORD001494,CUST000221,delivered,2024-06-17 02:59:35,2024-06-17 19:59:35,2024-06-19 19:59:35,2024-06-22 19:59:35,2024-07-07 02:59:35
ORD001495,CUST001117,canceled,2023-03-20 01:16:22,,,,2023-04-10 01:16:22
ORD001496,CUST001995,canceled,2023-11-28 23:06:19,,,,2023-12-15 23:06:19
ORD001497,CUST000505,canceled,2024-07-02 23:06:46,,,,2024-07-22 23:06:46
ORD001498,CUST000729,approved,2023-09-29 01:33:36,2023-09-29 09:33:36,,,2023-10-07 01:33:36
ORD001499,CUST000617,delivered,2023-07-13 20:23:48,2023-07-14 05:23:48,2023-07-16 05:23:48,2023-07-21 05:23:48,2023-07-20 20:23:48
ORD001500,CUST001429,delivered,2023-09-28 05:11:45,2023-09-28 19:11:45,2023-09-30 19:11:45,2023-10-04 19:11:45,2023-10-21 05:11:45
ORD001501,CUST001650,delivered,2023-04-15 09:35:10,2023-04-17 05:35:10,2023-04-19 05:35:10,2023-04-28 05:35:10,2023-04-25 09:35:10
ORD001502,CUST001914,delivered,2024-06-25 21:04:52,2024-06-26 18:04:52,2024-06-27 18:04:52,2024-06-29 18:04:52,2024-07-20 21:04:52
ORD001503,CUST000609,shipped,2024-02-26 20:56:23,2024-02-27 23:56:23,2024-02-29 23:56:23,,2024-03-16 20:56:23
ORD001504,CUST000773,delivered,2023-09-24 22:05:36,2023-09-26 19:05:36,2023-09-27 19:05:36,2023-10-08 19:05:36,2023-10-06 22:05:36
ORD001505,CUST001175,delivered,2023-06-27 18:24:37,2023-06-28 12:24:37,2023-07-01 12:24:37,2023-07-11 12:24:37,2023-07-18 18:24:37
ORD001506,CUST001042,delivered,2023-10-04 11:38:50,2023-10-05 10:38:50,2023-10-06 10:38:50,2023-10-21 10:38:50,2023-10-18 11:38:50
ORD001507,CUST000777,delivered,2023-12-03 19:34:29,2023-12-05 01:34:29,2023-12-06 01:34:29,2023-12-21 01:34:29,2023-12-25 19:34:29
ORD001508,CUST000525,delivered,2023-05-07 16:30:42,2023-05-08 05:30:42,2023-05-09 05:30:42,2023-05-21 05:30:42,2023-05-27 16:30:42
ORD001509,CUST001586,approved,2024-07-20 20:23:13,2024-07-21 03:23:13,,,2024-08-08 20:23:13
ORD001510,CUST000103,delivered,2023-10-05 01:16:42,2023-10-05 15:16:42,2023-10-08 15:16:42,2023-10-18 15:16:42,2023-10-28 01:16:42
ORD001511,CUST000734,delivered,2023-03-08 18:28:07,2023-03-10 06:28:07,2023-03-12 06:28:07,2023-03-21 06:28:07,2023-03-26 18:28:07
ORD001512,CUST000364,delivered,2024-06-08 08:05:56,2024-06-08 22:05:56,2024-06-10 22:05:56,2024-06-16 22:05:56,2024-06-30 08:05:56
ORD001513,CUST000832,shipped,2024-04-05 00:30:25,2024-04-05 07:30:25,2024-04-06 07:30:25,,2024-04-12 00:30:25
ORD001514,CUST000305,delivered,2024-09-11 00:27:12,2024-09-11 08:27:12,2024-09-13 08:27:12,2024-09-18 08:27:12,2024-10-04 00:27:12
ORD001515,CUST000612,invoiced,2024-10-14 15:15:36,2024-10-15 03:15:36,,,2024-11-07 15:15:36
ORD001516,CUST000167,delivered,2023-05-11 14:24:51,2023-05-12 07:24:51,2023-05-13 07:24:51,2023-05-15 07:24:51,2023-05-26 14:24:51
ORD001517,CUST001580,processing,2023-03-11 23:51:19,2023-03-12 14:51:19,,,2023-03-20 23:51:19
ORD001518,CUST001007,delivered,2024-09-17 01:16:07,2024-09-18 00:16:07,2024-09-20 00:16:07,2024-09-29 00:16:07,2024-09-28 01:16:07
ORD001519,CUST001211,delivered,2023-01-08 09:46:36,2023-01-08 14:46:36,2023-01-09 14:46:36,2023-01-11 14:46:36,2023-01-30 09:46:36
ORD001520,CUST000994,shipped,2024-12-07 21:32:17,2024-12-08 15:32:17,2024-12-09 15:32:17,,2025-01-01 21:32:17
ORD001521,CUST001566,delivered,2023-08-09 05:48:33,2023-08-09 21:48:33,2023-08-12 21:48:33,2023-08-24 21:48:33,2023-08-18 05:48:33
ORD001522,CUST000377,delivered,2023-03-02 22:37:26,2023-03-04 14:37:26,2023-03-06 14:37:26,2023-03-09 14:37:26,2023-03-13 22:37:26
ORD001523,CUST001173,delivered,2023-05-28 10:05:13,2023-05-29 16:05:13,2023-05-30 16:05:13,2023-06-10 16:05:13,2023-06-21 10:05:13
ORD001524,CUST001976,delivered,2024-05-01 05:29:54,2024-05-01 22:29:54,2024-05-04 22:29:54,2024-05-12 22:29:54,2024-05-14 05:29:54
ORD001525,CUST000763,delivered,2023-07-07 06:27:39,2023-07-08 14:27:39,2023-07-10 14:27:39,2023-07-24 14:27:39,2023-07-18 06:27:39
ORD001526,CUST001152,delivered,2023-07-09 10:32:40,2023-07-11 07:32:40,2023-07-14 07:32:40,2023-07-26 07:32:40,2023-07-22 10:32:40
ORD001527,CUST001879,delivered,2023-06-26 15:15:47,2023-06-28 02:15:47,2023-07-01 02:15:47,2023-07-03 02:15:47,2023-07-04 15:15:47
ORD001528,CUST001229,delivered,2023-07-17 11:07:19,2023-07-18 15:07:19,2023-07-19 15:07:19,2023-08-01 15:07:19,2023-08-05 11:07:19
ORD001529,CUST000847,delivered,2023-08-09 01:49:47,2023-08-09 11:49:47,2023-08-12 11:49:47,2023-08-20 11:49:47,2023-08-30 01:49:47
ORD001530,CUST001335,delivered,2024-12-12 23:46:03,2024-12-13 09:46:03,2024-12-14 09:46:03,2024-12-16 09:46:03,2024-12-29 23:46:03
ORD001531,CUST000772,canceled,2023-08-31 14:13:59,,,,2023-09-20 14:13:59
ORD001532,CUST001023,delivered,2023-05-19 02:33:05,2023-05-19 15:33:05,2023-05-21 15:33:05,2023-05-31 15:33:05,2023-06-13 02:33:05
ORD001533,CUST000491,delivered,2023-02-01 00:21:47,2023-02-02 07:21:47,2023-02-05 07:21:47,2023-02-12 07:21:47,2023-02-08 00:21:47
ORD001534,CUST001222,delivered,2023-03-03 03:29:14,2023-03-03 12:29:14,2023-03-05 12:29:14,2023-03-19 12:29:14,2023-03-28 03:29:14
ORD001535,CUST000239,shipped,2023-01-13 00:56:47,2023-01-13 14:56:47,2023-01-16 14:56:47,,2023-02-03 00:56:47
ORD001536,CUST001388,delivered,2023-04-02 06:53:59,2023-04-02 09:53:59,2023-04-05 09:53:59,2023-04-14 09:53:59,2023-04-14 06:53:59
ORD001537,CUST001393,delivered,2023-06-14 03:24:18,2023-06-15 14:24:18,2023-06-17 14:24:18,2023-06-28 14:24:18,2023-06-22 03:24:18
ORD001538,CUST001212,processing,2024-06-05 17:12:26,2024-06-07 11:12:26,,,2024-06-24 17:12:26
ORD001539,CUST001013,delivered,2024-05-22 05:11:22,2024-05-22 07:11:22,2024-05-24 07:11:22,2024-05-31 07:11:22,2024-06-06 05:11:22
ORD001540,CUST001183,approved,2024-02-22 04:04:23,2024-02-22 12:04:23,,,2024-03-18 04:04:23
ORD001541,CUST000935,shipped,2023-06-21 19:55:17,2023-06-22 00:55:17,2023-06-24 00:55:17,,2023-06-28 19:55:17
ORD001542,CUST000433,delivered,2024-04-10 09:21:03,2024-04-11 12:21:03,2024-04-12 12:21:03,2024-04-16 12:21:03,2024-04-24 09:21:03
ORD001543,CUST001157,processing,2023-11-05 10:40:21,2023-11-05 19:40:21,,,2023-11-17 10:40:21
ORD001544,CUST000700,delivered,2024-01-05 05:15:03,2024-01-06 07:15:03,2024-01-07 07:15:03,2024-01-11 07:15:03,2024-01-22 05:15:03
ORD001545,CUST001189,canceled,2023-07-05 07:48:57,,,,2023-07-20 07:48:57
ORD001546,CUST000413,invoiced,2023-03-26 05:10:01,2023-03-28 00:10:01,,,2023-04-02 05:10:01
ORD001547,CUST000828,delivered,2024-08-20 09:53:18,2024-08-21 14:53:18,2024-08-23 14:53:18,2024-08-27 14:53:18,2024-09-08 09:53:18
ORD001548,CUST001557,delivered,2024-09-23 00:49:22,2024-09-23 12:49:22,2024-09-25 12:49:22,2024-10-07 12:49:22,2024-10-11 00:49:22
ORD001549,CUST001903,delivered,2023-11-20 03:26:09,2023-11-20 12:26:09,2023-11-22 12:26:09,2023-11-30 12:26:09,2023-11-29 03:26:09
ORD001550,CUST000452,delivered,2024-10-29 16:57:09,2024-10-30 12:57:09,2024-11-02 12:57:09,2024-11-12 12:57:09,2024-11-05 16:57:09
ORD001551,CUST000742,delivered,2024-11-24 04:52:35,2024-11-25 03:52:35,2024-11-28 03:52:35,2024-12-05 03:52:35,2024-12-19 04:52:35
ORD001552,CUST000503,delivered,2024-07-07 12:46:14,2024-07-07 15:46:14,2024-07-08 15:46:14,2024-07-11 15:46:14,2024-07-17 12:46:14
ORD001553,CUST000605,delivered,2024-08-11 04:01:15,2024-08-12 15:01:15,2024-08-15 15:01:15,2024-08-30 15:01:15,2024-08-20 04:01:15
ORD001554,CUST001731,delivered,2023-06-24 15:39:03,2023-06-25 17:39:03,2023-06-28 17:39:03,2023-07-04 17:39:03,2023-07-18 15:39:03
ORD001555,CUST001954,delivered,2024-02-28 09:17:42,2024-02-29 13:17:42,2024-03-03 13:17:42,2024-03-15 13:17:42,2024-03-19 09:17:42
ORD001556,CUST000457,delivered,2023-05-10 07:47:15,2023-05-10 11:47:15,2023-05-11 11:47:15,2023-05-21 11:47:15,2023-06-02 07:47:15
ORD001557,CUST002000,delivered,2023-10-03 11:21:29,2023-10-03 13:21:29,2023-10-06 13:21:29,2023-10-19 13:21:29,2023-10-17 11:21:29
ORD001558,CUST000611,delivered,2024-03-24 23:56:00,2024-03-25 05:56:00,2024-03-28 05:56:00,2024-03-31 05:56:00,2024-04-18 23:56:00
ORD001559,CUST000510,delivered,2023-02-03 17:51:56,2023-02-05 06:51:56,2023-02-06 06:51:56,2023-02-09 06:51:56,2023-02-23 17:51:56
ORD001560,CUST000005,delivered,2023-11-04 01:35:16,2023-11-05 14:35:16,2023-11-08 14:35:16,2023-11-21 14:35:16,2023-11-27 01:35:16
ORD001561,CUST000070,delivered,2023-07-26 14:18:36,2023-07-28 13:18:36,2023-07-31 13:18:36,2023-08-04 13:18:36,2023-08-08 14:18:36
ORD001562,CUST001236,delivered,2023-11-30 08:23:27,2023-12-01 02:23:27,2023-12-04 02:23:27,2023-12-12 02:23:27,2023-12-15 08:23:27
ORD001563,CUST000791,delivered,2024-04-04 01:25:21,2024-04-04 09:25:21,2024-04-05 09:25:21,2024-04-16 09:25:21,2024-04-27 01:25:21
ORD001564,CUST001273,delivered,2024-02-25 11:35:54,2024-02-25 23:35:54,2024-02-26 23:35:54,2024-03-10 23:35:54,2024-03-03 11:35:54
ORD001565,CUST000458,approved,2023-06-22 02:24:00,2023-06-22 15:24:00,,,2023-07-14 02:24:00
ORD001566,CUST001819,processing,2024-12-03 05:24:09,2024-12-04 04:24:09,,,2024-12-20 05:24:09
ORD001567,CUST001788,delivered,2023-01-02 07:34:40,2023-01-02 08:34:40,2023-01-03 08:34:40,2023-01-05 08:34:40,2023-01-09 07:34:40
ORD001568,CUST000544,delivered,2024-07-15 18:53:45,2024-07-16 13:53:45,2024-07-19 13:53:45,2024-08-01 13:53:45,2024-08-03 18:53:45
ORD001569,CUST000563,delivered,2024-04-09 08:42:41,2024-04-11 00:42:41,2024-04-12 00:42:41,2024-04-14 00:42:41,2024-05-02 08:42:41
ORD001570,CUST000934,delivered,2024-06-17 20:48:58,2024-06-19 09:48:58,2024-06-20 09:48:58,2024-06-23 09:48:58,2024-07-02 20:48:58
ORD001571,CUST001009,shipped,2023-05-02 14:47:20,2023-05-02 16:47:20,2023-05-05 16:47:20,,2023-05-11 14:47:20
ORD001572,CUST000570,delivered,2024-01-29 20:40:11,2024-01-31 13:40:11,2024-02-01 13:40:11,2024-02-16 13:40:11,2024-02-12 20:40:11
ORD001573,CUST000027,delivered,2023-05-23 18:00:11,2023-05-25 00:00:11,2023-05-28 00:00:11,2023-06-12 00:00:11,2023-06-17 18:00:11
ORD001574,CUST000338,invoiced,2024-11-20 19:22:01,2024-11-22 08:22:01,,,2024-12-11 19:22:01
ORD001575,CUST001910,delivered,2024-09-24 01:37:42,2024-09-25 12:37:42,2024-09-28 12:37:42,2024-10-05 12:37:42,2024-10-10 01:37:42
ORD001576,CUST001501,invoiced,2024-07-10 02:59:34,2024-07-11 14:59:34,,,2024-07-30 02:59:34
ORD001577,CUST001993,delivered,2024-05-06 09:23:38,2024-05-06 12:23:38,2024-05-07 12:23:38,2024-05-09 12:23:38,2024-05-31 09:23:38
ORD001578,CUST000651,delivered,2024-06-11 10:05:50,2024-06-12 02:05:50,2024-06-14 02:05:50,2024-06-17 02:05:50,2024-06-21 10:05:50
ORD001579,CUST001465,delivered,2023-09-08 16:13:34,2023-09-08 23:13:34,2023-09-11 23:13:34,2023-09-14 23:13:34,2023-09-25 16:13:34
ORD001580,CUST001442,delivered,2023-04-05 21:59:44,2023-04-06 21:59:44,2023-04-09 21:59:44,2023-04-15 21:59:44,2023-04-22 21:59:44
ORD001581,CUST001694,delivered,2024-05-28 05:09:09,2024-05-29 01:09:09,2024-05-30 01:09:09,2024-06-01 01:09:09,2024-06-10 05:09:09
ORD001582,CUST000499,shipped,2024-10-13 09:27:29,2024-10-15 04:27:29,2024-10-16 04:27:29,,2024-10-22 09:27:29
ORD001583,CUST001181,delivered,2024-01-07 07:24:27,2024-01-07 23:24:27,2024-01-09 23:24:27,2024-01-17 23:24:27,2024-01-27 07:24:27
ORD001584,CUST001979,delivered,2023-01-31 16:15:20,2023-02-02 05:15:20,2023-02-05 05:15:20,2023-02-16 05:15:20,2023-02-15 16:15:20
ORD001585,CUST001506,canceled,2023-10-18 21:11:24,,,,2023-11-02 21:11:24
ORD001586,CUST001728,delivered,2024-02-19 15:43:35,2024-02-21 13:43:35,2024-02-22 13:43:35,2024-02-25 13:43:35,2024-02-27 15:43:35
ORD001587,CUST000749,delivered,2024-07-17 05:01:21,2024-07-18 23:01:21,2024-07-21 23:01:21,2024-07-23 23:01:21,2024-07-28 05:01:21
ORD001588,CUST000541,canceled,2024-12-24 19:37:37,,,,2025-01-16 19:37:37
ORD001589,CUST001671,delivered,2023-06-05 05:00:58,2023-06-06 14:00:58,2023-06-08 14:00:58,2023-06-19 14:00:58,2023-06-21 05:00:58
ORD001590,CUST001857,invoiced,2023-01-02 05:26:07,2023-01-03 07:26:07,,,2023-01-13 05:26:07
ORD001591,CUST000262,delivered,2023-02-04 19:19:43,2023-02-05 00:19:43,2023-02-07 00:19:43,2023-02-13 00:19:43,2023-02-21 19:19:43
ORD001592,CUST000514,delivered,2023-05-20 17:01:25,2023-05-21 16:01:25,2023-05-24 16:01:25,2023-05-29 16:01:25,2023-06-09 17:01:25
ORD001593,CUST001396,invoiced,2023-11-16 05:49:01,2023-11-16 20:49:01,,,2023-12-04 05:49:01
ORD001594,CUST001844,delivered,2024-04-10 00:38:00,2024-04-10 06:38:00,2024-04-11 06:38:00,2024-04-22 06:38:00,2024-04-20 00:38:00
ORD001595,CUST000251,delivered,2024-07-27 05:04:43,2024-07-28 03:04:43,2024-07-29 03:04:43,2024-08-08 03:04:43,2024-08-06 05:04:43
ORD001596,CUST000524,invoiced,2024-12-04 15:14:36,2024-12-06 08:14:36,,,2024-12-16 15:14:36
ORD001597,CUST001191,delivered,2024-10-08 11:55:08,2024-10-08 13:55:08,2024-10-10 13:55:08,2024-10-22 13:55:08,2024-10-27 11:55:08
ORD001598,CUST000597,delivered,2023-04-28 01:09:15,2023-04-29 16:09:15,2023-04-30 16:09:15,2023-05-05 16:09:15,2023-05-06 01:09:15
ORD001599,CUST001115,delivered,2023-09-28 15:31:38,2023-09-28 19:31:38,2023-09-29 19:31:38,2023-10-03 19:31:38,2023-10-22 15:31:38
ORD001600,CUST001945,delivered,2023-09-06 19:01:08,2023-09-07 01:01:08,2023-09-08 01:01:08,2023-09-11 01:01:08,2023-09-18 19:01:08
ORD001601,CUST001629,delivered,2023-07-25 04:37:46,2023-07-26 21:37:46,2023-07-28 21:37:46,2023-07-31 21:37:46,2023-08-12 04:37:46
ORD001602,CUST001751,delivered,2023-04-02 04:33:16,2023-04-02 21:33:16,2023-04-05 21:33:16,2023-04-18 21:33:16,2023-04-20 04:33:16
ORD001603,CUST001141,delivered,2023-01-12 18:07:22,2023-01-13 22:07:22,2023-01-15 22:07:22,2023-01-20 22:07:22,2023-01-27 18:07:22
ORD001604,CUST001122,delivered,2023-11-16 13:54:07,2023-11-17 09:54:07,2023-11-20 09:54:07,2023-11-24 09:54:07,2023-11-27 13:54:07
ORD001605,CUST001305,approved,2024-03-26 15:15:14,2024-03-28 08:15:14,,,2024-04-11 15:15:14
ORD001606,CUST000344,delivered,2024-01-28 00:54:56,2024-01-28 06:54:56,2024-01-30 06:54:56,2024-02-04 06:54:56,2024-02-04 00:54:56
ORD001607,CUST000725,delivered,2024-01-10 18:10:33,2024-01-12 11:10:33,2024-01-13 11:10:33,2024-01-26 11:10:33,2024-01-26 18:10:33
ORD001608,CUST000953,delivered,2024-05-18 05:25:16,2024-05-19 04:25:16,2024-05-22 04:25:16,2024-05-30 04:25:16,2024-05-27 05:25:16
ORD001609,CUST000369,delivered,2024-05-17 14:55:17,2024-05-18 01:55:17,2024-05-20 01:55:17,2024-06-03 01:55:17,2024-05-27 14:55:17
ORD001610,CUST000442,shipped,2024-11-26 04:35:43,2024-11-27 23:35:43,2024-11-28 23:35:43,,2024-12-15 04:35:43
ORD001611,CUST001129,delivered,2024-04-08 00:08:17,2024-04-09 03:08:17,2024-04-12 03:08:17,2024-04-26 03:08:17,2024-04-27 00:08:17
ORD001612,CUST001329,invoiced,2023-12-26 14:34:13,2023-12-26 23:34:13,,,2024-01-10 14:34:13
ORD001613,CUST001999,processing,2023-03-20 22:37:28,2023-03-22 01:37:28,,,2023-04-13 22:37:28
ORD001614,CUST001306,processing,2024-03-28 18:35:30,2024-03-29 12:35:30,,,2024-04-13 18:35:30
ORD001615,CUST001021,shipped,2024-04-29 17:00:21,2024-05-01 12:00:21,2024-05-02 12:00:21,,2024-05-24 17:00:21
ORD001616,CUST001139,delivered,2023-03-03 23:16:09,2023-03-04 00:16:09,2023-03-05 00:16:09,2023-03-13 00:16:09,2023-03-13 23:16:09
ORD001617,CUST000366,delivered,2024-06-06 11:02:35,2024-06-07 18:02:35,2024-06-09 18:02:35,2024-06-13 18:02:35,2024-06-17 11:02:35
ORD001618,CUST000457,processing,2023-08-29 11:24:12,2023-08-30 01:24:12,,,2023-09-14 11:24:12
ORD001619,CUST001776,delivered,2023-02-24 11:11:10,2023-02-26 11:11:10,2023-02-28 11:11:10,2023-03-10 11:11:10,2023-03-07 11:11:10
ORD001620,CUST000684,delivered,2023-04-24 05:29:27,2023-04-25 22:29:27,2023-04-27 22:29:27,2023-05-12 22:29:27,2023-05-09 05:29:27
ORD001621,CUST000445,delivered,2024-09-11 12:58:18,2024-09-12 05:58:18,2024-09-15 05:58:18,2024-09-29 05:58:18,2024-09-23 12:58:18
ORD001622,CUST000510,delivered,2023-01-18 14:33:05,2023-01-19 08:33:05,2023-01-21 08:33:05,2023-02-02 08:33:05,2023-01-27 14:33:05
ORD001623,CUST001064,delivered,2023-05-07 03:40:48,2023-05-08 19:40:48,2023-05-10 19:40:48,2023-05-24 19:40:48,2023-05-20 03:40:48
ORD001624,CUST000684,delivered,2024-07-13 20:02:26,2024-07-14 06:02:26,2024-07-16 06:02:26,2024-07-21 06:02:26,2024-07-20 20:02:26
ORD001625,CUST001878,delivered,2024-11-15 15:37:14,2024-11-16 06:37:14,2024-11-18 06:37:14,2024-11-30 06:37:14,2024-12-10 15:37:14
ORD001626,CUST000601,processing,2023-10-22 18:13:14,2023-10-24 03:13:14,,,2023-11-03 18:13:14
ORD001627,CUST001689,delivered,2023-03-08 19:13:56,2023-03-10 09:13:56,2023-03-12 09:13:56,2023-03-22 09:13:56,2023-03-15 19:13:56
ORD001628,CUST001219,delivered,2024-02-19 14:45:04,2024-02-19 16:45:04,2024-02-21 16:45:04,2024-03-07 16:45:04,2024-02-29 14:45:04
ORD001629,CUST001406,delivered,2023-04-14 01:35:33,2023-04-14 12:35:33,2023-04-16 12:35:33,2023-04-22 12:35:33,2023-04-27 01:35:33
ORD001630,CUST001896,delivered,2024-11-03 10:09:24,2024-11-05 09:09:24,2024-11-06 09:09:24,2024-11-11 09:09:24,2024-11-10 10:09:24
ORD001631,CUST001886,delivered,2023-05-02 14:36:58,2023-05-04 06:36:58,2023-05-07 06:36:58,2023-05-17 06:36:58,2023-05-22 14:36:58
ORD001632,CUST001451,delivered,2023-01-05 08:43:40,2023-01-05 15:43:40,2023-01-08 15:43:40,2023-01-21 15:43:40,2023-01-28 08:43:40
ORD001633,CUST000949,approved,2024-01-30 01:55:29,2024-01-30 14:55:29,,,2024-02-11 01:55:29
ORD001634,CUST001453,delivered,2023-03-05 07:20:29,2023-03-06 12:20:29,2023-03-09 12:20:29,2023-03-24 12:20:29,2023-03-30 07:20:29
ORD001635,CUST001665,canceled,2024-09-29 22:00:18,,,,2024-10-07 22:00:18
ORD001636,CUST000845,shipped,2023-03-24 03:15:26,2023-03-24 06:15:26,2023-03-25 06:15:26,,2023-04-06 03:15:26
ORD001637,CUST001895,shipped,2023-11-01 17:17:18,2023-11-02 09:17:18,2023-11-03 09:17:18,,2023-11-23 17:17:18
ORD001638,CUST000483,shipped,2023-04-12 21:28:12,2023-04-14 15:28:12,2023-04-17 15:28:12,,2023-05-02 21:28:12
ORD001639,CUST000885,processing,2023-02-16 03:49:17,2023-02-17 04:49:17,,,2023-02-27 03:49:17
ORD001640,CUST000425,approved,2023-12-30 22:27:30,2023-12-31 02:27:30,,,2024-01-22 22:27:30
ORD001641,CUST001604,delivered,2023-09-22 03:35:13,2023-09-22 22:35:13,2023-09-25 22:35:13,2023-10-04 22:35:13,2023-10-15 03:35:13
ORD001642,CUST001819,canceled,2023-12-03 13:16:36,,,,2023-12-13 13:16:36
ORD001643,CUST000083,invoiced,2023-03-20 07:30:05,2023-03-21 05:30:05,,,2023-04-03 07:30:05
ORD001644,CUST001375,delivered,2023-12-12 19:18:02,2023-12-13 03:18:02,2023-12-14 03:18:02,2023-12-23 03:18:02,2023-12-24 19:18:02
ORD001645,CUST001760,delivered,2024-07-25 19:14:29,2024-07-27 00:14:29,2024-07-30 00:14:29,2024-08-12 00:14:29,2024-08-01 19:14:29
ORD001646,CUST000817,delivered,2024-04-27 05:00:35,2024-04-28 20:00:35,2024-04-29 20:00:35,2024-05-12 20:00:35,2024-05-11 05:00:35
ORD001647,CUST000928,invoiced,2024-04-24 04:04:33,2024-04-24 11:04:33,,,2024-05-14 04:04:33
ORD001648,CUST000102,delivered,2023-01-29 20:07:00,2023-01-30 04:07:00,2023-02-02 04:07:00,2023-02-11 04:07:00,2023-02-09 20:07:00
ORD001649,CUST000619,delivered,2023-05-13 07:23:01,2023-05-14 21:23:01,2023-05-17 21:23:01,2023-05-25 21:23:01,2023-05-28 07:23:01
ORD001650,CUST001837,delivered,2024-05-07 17:51:19,2024-05-09 04:51:19,2024-05-10 04:51:19,2024-05-19 04:51:19,2024-05-24 17:51:19
ORD001651,CUST000590,delivered,2023-08-21 01:28:04,2023-08-22 04:28:04,2023-08-25 04:28:04,2023-09-09 04:28:04,2023-08-31 01:28:04
ORD001652,CUST001541,shipped,2023-01-08 06:37:43,2023-01-09 18:37:43,2023-01-10 18:37:43,,2023-02-01 06:37:43
ORD001653,CUST001298,delivered,2024-01-11 12:48:43,2024-01-12 21:48:43,2024-01-13 21:48:43,2024-01-15 21:48:43,2024-01-23 12:48:43
ORD001654,CUST001462,delivered,2024-10-28 09:21:11,2024-10-29 04:21:11,2024-10-30 04:21:11,2024-11-13 04:21:11,2024-11-08 09:21:11
ORD001655,CUST001400,invoiced,2023-08-07 14:23:27,2023-08-08 01:23:27,,,2023-08-17 14:23:27
ORD001656,CUST000205,delivered,2024-02-05 21:18:07,2024-02-06 22:18:07,2024-02-09 22:18:07,2024-02-21 22:18:07,2024-02-24 21:18:07
ORD001657,CUST000557,processing,2024-07-18 12:49:51,2024-07-19 05:49:51,,,2024-08-06 12:49:51
ORD001658,CUST000452,delivered,2024-11-13 17:11:26,2024-11-14 22:11:26,2024-11-17 22:11:26,2024-11-29 22:11:26,2024-12-01 17:11:26
ORD001659,CUST001723,delivered,2023-03-09 15:54:29,2023-03-09 23:54:29,2023-03-10 23:54:29,2023-03-21 23:54:29,2023-03-27 15:54:29
ORD001660,CUST001104,delivered,2024-12-14 05:10:17,2024-12-14 09:10:17,2024-12-17 09:10:17,2024-12-20 09:10:17,2025-01-03 05:10:17
ORD001661,CUST001444,delivered,2023-11-02 05:17:10,2023-11-02 06:17:10,2023-11-04 06:17:10,2023-11-06 06:17:10,2023-11-15 05:17:10
ORD001662,CUST001346,delivered,2023-07-22 13:15:07,2023-07-24 07:15:07,2023-07-27 07:15:07,2023-08-10 07:15:07,2023-08-06 13:15:07
ORD001663,CUST001280,processing,2023-06-10 10:16:11,2023-06-12 07:16:11,,,2023-06-20 10:16:11
ORD001664,CUST000598,processing,2024-09-26 19:35:42,2024-09-28 08:35:42,,,2024-10-07 19:35:42
ORD001665,CUST001372,processing,2023-10-23 19:43:38,2023-10-25 04:43:38,,,2023-11-01 19:43:38
ORD001666,CUST000874,delivered,2023-08-14 00:51:31,2023-08-14 07:51:31,2023-08-17 07:51:31,2023-08-25 07:51:31,2023-08-23 00:51:31
ORD001667,CUST001048,processing,2023-01-16 11:31:10,2023-01-16 14:31:10,,,2023-01-27 11:31:10
ORD001668,CUST001933,canceled,2023-04-14 13:24:33,,,,2023-05-03 13:24:33
ORD001669,CUST001595,delivered,2024-05-02 13:16:45,2024-05-04 11:16:45,2024-05-07 11:16:45,2024-05-15 11:16:45,2024-05-18 13:16:45
ORD001670,CUST000271,delivered,2024-02-18 08:55:21,2024-02-20 00:55:21,2024-02-22 00:55:21,2024-02-27 00:55:21,2024-03-05 08:55:21
ORD001671,CUST000239,delivered,2024-07-17 03:18:10,2024-07-18 00:18:10,2024-07-19 00:18:10,2024-08-03 00:18:10,2024-07-27 03:18:10
ORD001672,CUST001665,delivered,2023-10-10 18:09:21,2023-10-11 04:09:21,2023-10-13 04:09:21,2023-10-23 04:09:21,2023-11-04 18:09:21
ORD001673,CUST000102,delivered,2024-03-10 04:27:07,2024-03-10 20:27:07,2024-03-13 20:27:07,2024-03-20 20:27:07,2024-03-27 04:27:07
ORD001674,CUST000273,delivered,2023-04-24 04:58:52,2023-04-24 09:58:52,2023-04-26 09:58:52,2023-05-05 09:58:52,2023-05-11 04:58:52
ORD001675,CUST001440,delivered,2023-04-11 04:52:41,2023-04-12 04:52:41,2023-04-15 04:52:41,2023-04-24 04:52:41,2023-05-04 04:52:41
ORD001676,CUST000151,delivered,2023-04-11 12:25:43,2023-04-11 22:25:43,2023-04-13 22:25:43,2023-04-28 22:25:43,2023-04-19 12:25:43
ORD001677,CUST000227,delivered,2024-11-18 21:47:34,2024-11-19 12:47:34,2024-11-22 12:47:34,2024-11-30 12:47:34,2024-11-25 21:47:34
ORD001678,CUST001213,shipped,2023-06-07 10:45:49,2023-06-08 14:45:49,2023-06-11 14:45:49,,2023-06-25 10:45:49
ORD001679,CUST001121,delivered,2023-10-14 15:23:43,2023-10-15 21:23:43,2023-10-16 21:23:43,2023-10-18 21:23:43,2023-11-01 15:23:43
ORD001680,CUST000963,delivered,2023-03-08 16:04:33,2023-03-09 22:04:33,2023-03-10 22:04:33,2023-03-12 22:04:33,2023-03-31 16:04:33
ORD001681,CUST001051,delivered,2024-04-19 04:27:36,2024-04-19 21:27:36,2024-04-22 21:27:36,2024-05-01 21:27:36,2024-05-13 04:27:36
ORD001682,CUST001309,delivered,2024-10-18 08:22:10,2024-10-20 07:22:10,2024-10-21 07:22:10,2024-10-26 07:22:10,2024-10-28 08:22:10
ORD001683,CUST000880,delivered,2024-05-13 11:34:47,2024-05-14 02:34:47,2024-05-17 02:34:47,2024-05-19 02:34:47,2024-05-25 11:34:47
ORD001684,CUST001737,shipped,2024-03-28 10:47:43,2024-03-29 06:47:43,2024-04-01 06:47:43,,2024-04-14 10:47:43
ORD001685,CUST001254,delivered,2024-12-23 16:42:44,2024-12-24 17:42:44,2024-12-25 17:42:44,2024-12-29 17:42:44,2025-01-17 16:42:44
ORD001686,CUST001964,delivered,2023-06-26 12:05:59,2023-06-27 14:05:59,2023-06-30 14:05:59,2023-07-10 14:05:59,2023-07-15 12:05:59
ORD001687,CUST001224,delivered,2023-06-01 16:24:56,2023-06-03 02:24:56,2023-06-05 02:24:56,2023-06-07 02:24:56,2023-06-22 16:24:56
ORD001688,CUST001607,delivered,2024-03-02 15:36:18,2024-03-02 16:36:18,2024-03-04 16:36:18,2024-03-16 16:36:18,2024-03-21 15:36:18
ORD001689,CUST001891,delivered,2024-11-30 07:31:55,2024-11-30 12:31:55,2024-12-03 12:31:55,2024-12-08 12:31:55,2024-12-17 07:31:55
ORD001690,CUST000966,invoiced,2023-08-02 19:58:11,2023-08-03 21:58:11,,,2023-08-24 19:58:11
ORD001691,CUST001566,delivered,2024-03-03 05:02:15,2024-03-03 14:02:15,2024-03-04 14:02:15,2024-03-14 14:02:15,2024-03-23 05:02:15
ORD001692,CUST001282,delivered,2024-05-31 17:18:03,2024-06-01 20:18:03,2024-06-04 20:18:03,2024-06-17 20:18:03,2024-06-07 17:18:03
ORD001693,CUST001380,canceled,2023-09-27 18:49:25,,,,2023-10-20 18:49:25
ORD001694,CUST000706,delivered,2024-02-07 21:31:45,2024-02-08 09:31:45,2024-02-09 09:31:45,2024-02-22 09:31:45,2024-02-24 21:31:45
ORD001695,CUST001687,delivered,2024-01-15 08:34:03,2024-01-16 07:34:03,2024-01-17 07:34:03,2024-01-29 07:34:03,2024-02-07 08:34:03
ORD001696,CUST001382,delivered,2024-09-10 05:16:17,2024-09-11 18:16:17,2024-09-13 18:16:17,2024-09-26 18:16:17,2024-09-19 05:16:17
ORD001697,CUST000963,processing,2023-12-02 21:42:22,2023-12-04 01:42:22,,,2023-12-17 21:42:22
ORD001698,CUST001188,delivered,2023-01-10 11:26:32,2023-01-12 05:26:32,2023-01-15 05:26:32,2023-01-22 05:26:32,2023-01-30 11:26:32
ORD001699,CUST001508,delivered,2024-04-06 02:06:12,2024-04-07 11:06:12,2024-04-10 11:06:12,2024-04-19 11:06:12,2024-04-28 02:06:12
ORD001700,CUST000492,delivered,2024-12-28 12:20:33,2024-12-28 23:20:33,2024-12-30 23:20:33,2025-01-14 23:20:33,2025-01-06 12:20:33
ORD001701,CUST000411,delivered,2024-08-23 01:00:20,2024-08-24 11:00:20,2024-08-26 11:00:20,2024-08-30 11:00:20,2024-09-04 01:00:20
ORD001702,CUST001998,processing,2024-05-03 07:38:52,2024-05-05 07:38:52,,,2024-05-14 07:38:52
ORD001703,CUST001858,delivered,2024-04-11 07:30:32,2024-04-13 05:30:32,2024-04-14 05:30:32,2024-04-18 05:30:32,2024-04-22 07:30:32
ORD001704,CUST000891,delivered,2024-05-08 03:45:38,2024-05-08 08:45:38,2024-05-10 08:45:38,2024-05-25 08:45:38,2024-05-26 03:45:38
ORD001705,CUST001043,delivered,2024-10-28 17:50:37,2024-10-29 01:50:37,2024-10-31 01:50:37,2024-11-03 01:50:37,2024-11-17 17:50:37
ORD001706,CUST000721,delivered,2023-06-18 02:04:58,2023-06-18 13:04:58,2023-06-21 13:04:58,2023-07-01 13:04:58,2023-07-06 02:04:58
ORD001707,CUST000399,delivered,2023-04-27 10:31:13,2023-04-28 22:31:13,2023-04-30 22:31:13,2023-05-11 22:31:13,2023-05-21 10:31:13
ORD001708,CUST000484,delivered,2023-08-27 01:10:44,2023-08-27 08:10:44,2023-08-29 08:10:44,2023-09-09 08:10:44,2023-09-03 01:10:44
ORD001709,CUST001684,processing,2023-08-01 21:16:53,2023-08-02 09:16:53,,,2023-08-13 21:16:53
ORD001710,CUST000243,delivered,2023-01-31 06:33:36,2023-02-01 19:33:36,2023-02-04 19:33:36,2023-02-06 19:33:36,2023-02-10 06:33:36
ORD001711,CUST001346,delivered,2023-09-30 06:42:47,2023-10-01 00:42:47,2023-10-03 00:42:47,2023-10-18 00:42:47,2023-10-09 06:42:47
ORD001712,CUST001377,delivered,2023-03-04 15:22:32,2023-03-04 20:22:32,2023-03-06 20:22:32,2023-03-15 20:22:32,2023-03-11 15:22:32
ORD001713,CUST001599,delivered,2023-08-10 02:55:36,2023-08-10 15:55:36,2023-08-12 15:55:36,2023-08-26 15:55:36,2023-08-18 02:55:36
ORD001714,CUST001637,invoiced,2023-12-17 00:23:32,2023-12-17 19:23:32,,,2024-01-11 00:23:32
ORD001715,CUST001026,delivered,2023-07-23 07:35:51,2023-07-24 13:35:51,2023-07-25 13:35:51,2023-07-31 13:35:51,2023-08-07 07:35:51
ORD001716,CUST000677,delivered,2024-01-21 21:01:43,2024-01-22 05:01:43,2024-01-24 05:01:43,2024-01-28 05:01:43,2024-02-15 21:01:43
ORD001717,CUST000525,delivered,2023-10-13 16:09:03,2023-10-14 08:09:03,2023-10-17 08:09:03,2023-10-19 08:09:03,2023-11-06 16:09:03
ORD001718,CUST001778,delivered,2023-08-16 20:29:30,2023-08-17 22:29:30,2023-08-19 22:29:30,2023-08-25 22:29:30,2023-08-24 20:29:30
ORD001719,CUST001494,delivered,2023-06-10 12:44:08,2023-06-12 04:44:08,2023-06-15 04:44:08,2023-06-22 04:44:08,2023-06-20 12:44:08
ORD001720,CUST001315,delivered,2024-12-16 21:58:38,2024-12-18 12:58:38,2024-12-19 12:58:38,2024-12-23 12:58:38,2025-01-06 21:58:38
ORD001721,CUST001588,approved,2024-12-18 05:45:09,2024-12-19 13:45:09,,,2024-12-30 05:45:09
ORD001722,CUST000306,delivered,2024-07-07 03:10:04,2024-07-08 16:10:04,2024-07-09 16:10:04,2024-07-24 16:10:04,2024-07-26 03:10:04
ORD001723,CUST000814,delivered,2023-08-16 12:40:21,2023-08-17 08:40:21,2023-08-20 08:40:21,2023-09-04 08:40:21,2023-09-05 12:40:21
ORD001724,CUST000563,shipped,2023-03-02 04:34:01,2023-03-04 02:34:01,2023-03-06 02:34:01,,2023-03-23 04:34:01
ORD001725,CUST000026,delivered,2024-02-09 23:30:57,2024-02-10 10:30:57,2024-02-12 10:30:57,2024-02-27 10:30:57,2024-02-21 23:30:57
ORD001726,CUST000260,delivered,2024-07-20 23:27:58,2024-07-21 13:27:58,2024-07-24 13:27:58,2024-08-02 13:27:58,2024-08-04 23:27:58
ORD001727,CUST000333,delivered,2024-09-30 22:48:49,2024-10-01 00:48:49,2024-10-03 00:48:49,2024-10-16 00:48:49,2024-10-07 22:48:49
ORD001728,CUST001372,delivered,2024-06-01 19:53:02,2024-06-01 20:53:02,2024-06-03 20:53:02,2024-06-16 20:53:02,2024-06-23 19:53:02
ORD001729,CUST000804,processing,2024-01-08 15:01:44,2024-01-08 17:01:44,,,2024-01-20 15:01:44
ORD001730,CUST001193,delivered,2023-02-15 19:51:58,2023-02-17 17:51:58,2023-02-18 17:51:58,2023-03-01 17:51:58,2023-02-27 19:51:58
ORD001731,CUST000151,delivered,2024-09-01 01:41:29,2024-09-01 06:41:29,2024-09-03 06:41:29,2024-09-17 06:41:29,2024-09-17 01:41:29
ORD001732,CUST000261,delivered,2023-09-01 22:33:44,2023-09-02 15:33:44,2023-09-05 15:33:44,2023-09-16 15:33:44,2023-09-09 22:33:44
ORD001733,CUST000559,delivered,2024-08-21 08:11:53,2024-08-21 19:11:53,2024-08-23 19:11:53,2024-08-28 19:11:53,2024-09-04 08:11:53
ORD001734,CUST001983,delivered,2023-07-31 06:18:36,2023-07-31 17:18:36,2023-08-01 17:18:36,2023-08-08 17:18:36,2023-08-09 06:18:36
ORD001735,CUST000941,shipped,2023-02-11 05:36:20,2023-02-12 23:36:20,2023-02-14 23:36:20,,2023-03-01 05:36:20
ORD001736,CUST000155,delivered,2023-03-02 04:07:59,2023-03-04 03:07:59,2023-03-05 03:07:59,2023-03-12 03:07:59,2023-03-18 04:07:59
ORD001737,CUST000055,delivered,2023-12-03 01:12:56,2023-12-04 03:12:56,2023-12-07 03:12:56,2023-12-17 03:12:56,2023-12-27 01:12:56
ORD001738,CUST000480,delivered,2024-07-27 10:22:14,2024-07-28 00:22:14,2024-07-31 00:22:14,2024-08-05 00:22:14,2024-08-10 10:22:14
ORD001739,CUST001217,delivered,2023-07-17 05:54:20,2023-07-17 21:54:20,2023-07-19 21:54:20,2023-07-23 21:54:20,2023-08-11 05:54:20
ORD001740,CUST001591,delivered,2024-03-12 04:48:55,2024-03-13 15:48:55,2024-03-14 15:48:55,2024-03-21 15:48:55,2024-04-06 04:48:55
ORD001741,CUST001751,delivered,2024-07-05 23:29:15,2024-07-06 08:29:15,2024-07-08 08:29:15,2024-07-22 08:29:15,2024-07-20 23:29:15
ORD001742,CUST000468,processing,2023-04-03 05:53:13,2023-04-03 09:53:13,,,2023-04-24 05:53:13
ORD001743,CUST000104,delivered,2023-12-08 21:47:19,2023-12-10 13:47:19,2023-12-13 13:47:19,2023-12-24 13:47:19,2023-12-19 21:47:19
ORD001744,CUST001121,delivered,2023-02-27 04:17:33,2023-02-28 12:17:33,2023-03-02 12:17:33,2023-03-07 12:17:33,2023-03-08 04:17:33
ORD001745,CUST001178,delivered,2024-05-07 16:44:25,2024-05-08 16:44:25,2024-05-10 16:44:25,2024-05-14 16:44:25,2024-05-16 16:44:25
ORD001746,CUST001665,delivered,2023-01-16 13:58:42,2023-01-17 07:58:42,2023-01-20 07:58:42,2023-01-23 07:58:42,2023-02-10 13:58:42
ORD001747,CUST001193,delivered,2023-07-28 16:18:58,2023-07-28 23:18:58,2023-07-31 23:18:58,2023-08-04 23:18:58,2023-08-09 16:18:58
ORD001748,CUST000372,delivered,2024-02-10 16:15:02,2024-02-11 07:15:02,2024-02-12 07:15:02,2024-02-21 07:15:02,2024-02-28 16:15:02
ORD001749,CUST001748,delivered,2023-08-26 14:35:31,2023-08-27 18:35:31,2023-08-29 18:35:31,2023-09-07 18:35:31,2023-09-12 14:35:31
ORD001750,CUST000910,delivered,2023-06-04 18:31:15,2023-06-05 20:31:15,2023-06-07 20:31:15,2023-06-15 20:31:15,2023-06-14 18:31:15
ORD001751,CUST000453,canceled,2023-05-26 00:55:29,,,,2023-06-15 00:55:29
ORD001752,CUST000887,shipped,2023-05-04 16:19:54,2023-05-05 07:19:54,2023-05-06 07:19:54,,2023-05-11 16:19:54
ORD001753,CUST001698,delivered,2024-08-07 21:35:37,2024-08-09 21:35:37,2024-08-12 21:35:37,2024-08-18 21:35:37,2024-08-24 21:35:37
ORD001754,CUST000636,delivered,2023-05-21 09:50:52,2023-05-21 20:50:52,2023-05-24 20:50:52,2023-05-27 20:50:52,2023-05-30 09:50:52
ORD001755,CUST000242,processing,2023-12-29 08:23:02,2023-12-30 07:23:02,,,2024-01-05 08:23:02
ORD001756,CUST000853,delivered,2023-11-22 03:25:32,2023-11-24 02:25:32,2023-11-25 02:25:32,2023-11-28 02:25:32,2023-12-17 03:25:32
ORD001757,CUST000509,delivered,2024-10-17 03:49:31,2024-10-18 22:49:31,2024-10-19 22:49:31,2024-10-29 22:49:31,2024-11-07 03:49:31
ORD001758,CUST000083,delivered,2024-05-11 21:31:40,2024-05-12 06:31:40,2024-05-14 06:31:40,2024-05-23 06:31:40,2024-05-22 21:31:40
ORD001759,CUST001486,processing,2024-01-19 09:09:01,2024-01-19 19:09:01,,,2024-01-28 09:09:01
ORD001760,CUST000273,delivered,2024-05-28 19:51:07,2024-05-29 12:51:07,2024-06-01 12:51:07,2024-06-15 12:51:07,2024-06-14 19:51:07
ORD001761,CUST000094,shipped,2024-12-18 19:38:59,2024-12-20 09:38:59,2024-12-21 09:38:59,,2024-12-25 19:38:59
ORD001762,CUST001990,delivered,2023-11-06 19:45:36,2023-11-06 22:45:36,2023-11-08 22:45:36,2023-11-17 22:45:36,2023-11-25 19:45:36
ORD001763,CUST001279,invoiced,2024-08-11 07:13:08,2024-08-11 23:13:08,,,2024-08-23 07:13:08
ORD001764,CUST001905,approved,2024-08-26 21:27:55,2024-08-28 01:27:55,,,2024-09-13 21:27:55
ORD001765,CUST000989,processing,2023-04-08 13:01:59,2023-04-08 17:01:59,,,2023-04-20 13:01:59
ORD001766,CUST001906,delivered,2023-12-15 17:00:46,2023-12-17 12:00:46,2023-12-19 12:00:46,2023-12-27 12:00:46,2023-12-30 17:00:46
ORD001767,CUST001595,delivered,2023-02-28 18:55:26,2023-03-02 03:55:26,2023-03-04 03:55:26,2023-03-17 03:55:26,2023-03-23 18:55:26
ORD001768,CUST001067,shipped,2024-06-27 06:59:39,2024-06-28 17:59:39,2024-06-29 17:59:39,,2024-07-14 06:59:39
ORD001769,CUST001829,delivered,2024-12-17 15:55:10,2024-12-18 22:55:10,2024-12-19 22:55:10,2024-12-27 22:55:10,2024-12-29 15:55:10
ORD001770,CUST001943,delivered,2023-01-19 18:29:33,2023-01-21 01:29:33,2023-01-22 01:29:33,2023-02-03 01:29:33,2023-02-13 18:29:33
ORD001771,CUST001673,delivered,2023-06-22 13:11:42,2023-06-23 03:11:42,2023-06-26 03:11:42,2023-07-11 03:11:42,2023-07-09 13:11:42
ORD001772,CUST001350,shipped,2024-01-18 02:55:05,2024-01-19 04:55:05,2024-01-20 04:55:05,,2024-02-11 02:55:05
ORD001773,CUST001044,delivered,2023-06-12 06:17:04,2023-06-13 05:17:04,2023-06-14 05:17:04,2023-06-28 05:17:04,2023-06-22 06:17:04
ORD001774,CUST001145,delivered,2024-06-30 06:40:32,2024-07-02 01:40:32,2024-07-05 01:40:32,2024-07-13 01:40:32,2024-07-12 06:40:32
ORD001775,CUST000729,delivered,2023-11-04 16:16:58,2023-11-05 19:16:58,2023-11-06 19:16:58,2023-11-17 19:16:58,2023-11-19 16:16:58
ORD001776,CUST001072,delivered,2023-07-04 23:31:28,2023-07-05 10:31:28,2023-07-06 10:31:28,2023-07-11 10:31:28,2023-07-19 23:31:28
ORD001777,CUST000958,delivered,2023-03-31 10:27:59,2023-03-31 22:27:59,2023-04-03 22:27:59,2023-04-05 22:27:59,2023-04-07 10:27:59
ORD001778,CUST001480,delivered,2024-09-12 23:51:08,2024-09-13 10:51:08,2024-09-16 10:51:08,2024-09-25 10:51:08,2024-09-20 23:51:08
ORD001779,CUST000670,delivered,2023-05-18 14:55:27,2023-05-19 07:55:27,2023-05-21 07:55:27,2023-06-05 07:55:27,2023-05-26 14:55:27
ORD001780,CUST001781,delivered,2024-08-17 13:09:17,2024-08-18 01:09:17,2024-08-19 01:09:17,2024-08-28 01:09:17,2024-09-02 13:09:17
ORD001781,CUST001367,delivered,2024-10-24 01:25:56,2024-10-24 16:25:56,2024-10-27 16:25:56,2024-10-30 16:25:56,2024-11-01 01:25:56
ORD001782,CUST000213,delivered,2023-03-28 20:55:56,2023-03-29 20:55:56,2023-03-30 20:55:56,2023-04-09 20:55:56,2023-04-09 20:55:56
ORD001783,CUST000352,delivered,2023-05-18 05:50:13,2023-05-19 11:50:13,2023-05-20 11:50:13,2023-05-23 11:50:13,2023-06-12 05:50:13
ORD001784,CUST000194,processing,2023-08-16 13:55:11,2023-08-18 10:55:11,,,2023-08-24 13:55:11
ORD001785,CUST001421,invoiced,2024-03-05 00:46:27,2024-03-05 10:46:27,,,2024-03-26 00:46:27
ORD001786,CUST001355,delivered,2024-05-12 23:59:46,2024-05-14 01:59:46,2024-05-16 01:59:46,2024-05-24 01:59:46,2024-05-22 23:59:46
ORD001787,CUST001364,shipped,2024-12-02 15:13:06,2024-12-02 19:13:06,2024-12-04 19:13:06,,2024-12-22 15:13:06
ORD001788,CUST001342,delivered,2023-05-13 14:13:58,2023-05-15 12:13:58,2023-05-18 12:13:58,2023-05-31 12:13:58,2023-05-31 14:13:58
ORD001789,CUST000518,delivered,2023-01-11 00:32:10,2023-01-11 15:32:10,2023-01-13 15:32:10,2023-01-17 15:32:10,2023-01-24 00:32:10
ORD001790,CUST001160,delivered,2023-10-05 15:25:29,2023-10-06 19:25:29,2023-10-09 19:25:29,2023-10-13 19:25:29,2023-10-19 15:25:29
ORD001791,CUST001393,delivered,2024-11-20 04:03:11,2024-11-20 17:03:11,2024-11-22 17:03:11,2024-11-25 17:03:11,2024-11-27 04:03:11
ORD001792,CUST001266,delivered,2024-10-20 22:28:20,2024-10-22 20:28:20,2024-10-23 20:28:20,2024-10-31 20:28:20,2024-11-05 22:28:20
ORD001793,CUST000797,delivered,2023-05-21 07:17:00,2023-05-22 08:17:00,2023-05-24 08:17:00,2023-05-30 08:17:00,2023-06-06 07:17:00
ORD001794,CUST000952,delivered,2023-04-30 07:09:32,2023-05-01 13:09:32,2023-05-03 13:09:32,2023-05-15 13:09:32,2023-05-19 07:09:32
ORD001795,CUST001834,delivered,2024-06-19 13:10:49,2024-06-20 16:10:49,2024-06-21 16:10:49,2024-06-29 16:10:49,2024-07-02 13:10:49
ORD001796,CUST001933,delivered,2023-09-15 22:00:20,2023-09-17 14:00:20,2023-09-18 14:00:20,2023-10-03 14:00:20,2023-09-30 22:00:20
ORD001797,CUST000843,delivered,2024-03-14 02:31:44,2024-03-15 00:31:44,2024-03-16 00:31:44,2024-03-26 00:31:44,2024-04-07 02:31:44
ORD001798,CUST001300,approved,2024-03-27 00:43:11,2024-03-28 08:43:11,,,2024-04-21 00:43:11
ORD001799,CUST000021,delivered,2023-07-13 06:16:41,2023-07-13 18:16:41,2023-07-14 18:16:41,2023-07-18 18:16:41,2023-07-29 06:16:41
ORD001800,CUST000110,delivered,2024-07-27 07:58:50,2024-07-28 01:58:50,2024-07-30 01:58:50,2024-08-02 01:58:50,2024-08-18 07:58:50
ORD001801,CUST001750,delivered,2023-06-22 07:58:27,2023-06-23 11:58:27,2023-06-25 11:58:27,2023-07-09 11:58:27,2023-07-05 07:58:27
ORD001802,CUST001527,delivered,2024-05-28 14:09:10,2024-05-29 19:09:10,2024-06-01 19:09:10,2024-06-15 19:09:10,2024-06-04 14:09:10
ORD001803,CUST000079,processing,2023-06-19 13:04:06,2023-06-21 00:04:06,,,2023-07-07 13:04:06
ORD001804,CUST000169,processing,2023-08-19 13:46:50,2023-08-19 22:46:50,,,2023-09-08 13:46:50
ORD001805,CUST000230,delivered,2024-07-26 20:40:25,2024-07-28 17:40:25,2024-07-30 17:40:25,2024-08-03 17:40:25,2024-08-08 20:40:25
ORD001806,CUST000020,delivered,2024-06-12 15:47:48,2024-06-13 09:47:48,2024-06-14 09:47:48,2024-06-26 09:47:48,2024-06-19 15:47:48
ORD001807,CUST001368,delivered,2023-01-04 21:41:09,2023-01-06 06:41:09,2023-01-08 06:41:09,2023-01-20 06:41:09,2023-01-21 21:41:09
ORD001808,CUST000044,delivered,2024-05-08 09:45:16,2024-05-09 11:45:16,2024-05-12 11:45:16,2024-05-18 11:45:16,2024-05-22 09:45:16
ORD001809,CUST000299,delivered,2023-11-25 21:28:48,2023-11-26 00:28:48,2023-11-29 00:28:48,2023-12-13 00:28:48,2023-12-09 21:28:48
ORD001810,CUST000046,delivered,2024-05-03 19:25:44,2024-05-05 15:25:44,2024-05-07 15:25:44,2024-05-09 15:25:44,2024-05-19 19:25:44
ORD001811,CUST000710,delivered,2024-05-15 23:34:34,2024-05-17 23:34:34,2024-05-18 23:34:34,2024-05-24 23:34:34,2024-05-29 23:34:34
ORD001812,CUST000130,invoiced,2024-04-11 18:23:36,2024-04-13 04:23:36,,,2024-04-26 18:23:36
ORD001813,CUST000564,delivered,2023-10-10 07:43:43,2023-10-11 09:43:43,2023-10-14 09:43:43,2023-10-22 09:43:43,2023-10-19 07:43:43
ORD001814,CUST000494,processing,2024-07-09 16:26:02,2024-07-10 15:26:02,,,2024-07-29 16:26:02
ORD001815,CUST000616,processing,2023-09-20 15:04:36,2023-09-21 00:04:36,,,2023-10-09 15:04:36
ORD001816,CUST000961,delivered,2023-08-28 14:42:50,2023-08-28 19:42:50,2023-08-30 19:42:50,2023-09-11 19:42:50,2023-09-13 14:42:50
ORD001817,CUST001781,delivered,2024-12-11 03:10:20,2024-12-12 13:10:20,2024-12-15 13:10:20,2024-12-26 13:10:20,2025-01-05 03:10:20
ORD001818,CUST001603,delivered,2023-02-04 02:10:39,2023-02-05 09:10:39,2023-02-08 09:10:39,2023-02-12 09:10:39,2023-03-01 02:10:39
ORD001819,CUST000881,delivered,2023-04-23 00:24:13,2023-04-23 20:24:13,2023-04-25 20:24:13,2023-04-27 20:24:13,2023-05-14 00:24:13
ORD001820,CUST000155,delivered,2024-10-27 20:27:55,2024-10-28 15:27:55,2024-10-29 15:27:55,2024-11-05 15:27:55,2024-11-16 20:27:55
ORD001821,CUST001950,delivered,2024-03-14 01:12:40,2024-03-14 04:12:40,2024-03-15 04:12:40,2024-03-28 04:12:40,2024-03-28 01:12:40
ORD001822,CUST001571,canceled,2024-03-30 09:43:17,,,,2024-04-24 09:43:17
ORD001823,CUST000607,delivered,2024-06-05 08:56:37,2024-06-06 10:56:37,2024-06-08 10:56:37,2024-06-20 10:56:37,2024-06-26 08:56:37
ORD001824,CUST000572,delivered,2024-11-12 07:40:54,2024-11-13 09:40:54,2024-11-15 09:40:54,2024-11-28 09:40:54,2024-11-22 07:40:54
ORD001825,CUST000950,delivered,2024-07-15 04:56:18,2024-07-15 16:56:18,2024-07-17 16:56:18,2024-07-25 16:56:18,2024-08-06 04:56:18
ORD001826,CUST000149,delivered,2024-08-11 23:23:17,2024-08-12 05:23:17,2024-08-15 05:23:17,2024-08-17 05:23:17,2024-09-03 23:23:17
ORD001827,CUST000212,delivered,2024-04-07 18:29:55,2024-04-08 22:29:55,2024-04-10 22:29:55,2024-04-15 22:29:55,2024-04-30 18:29:55
ORD001828,CUST001196,shipped,2023-12-04 21:45:54,2023-12-05 00:45:54,2023-12-07 00:45:54,,2023-12-26 21:45:54
ORD001829,CUST001277,delivered,2023-07-30 20:50:57,2023-07-31 16:50:57,2023-08-03 16:50:57,2023-08-18 16:50:57,2023-08-11 20:50:57
ORD001830,CUST001990,delivered,2024-12-14 18:45:06,2024-12-16 03:45:06,2024-12-18 03:45:06,2024-12-26 03:45:06,2024-12-21 18:45:06
ORD001831,CUST000228,delivered,2023-11-19 23:13:02,2023-11-20 01:13:02,2023-11-23 01:13:02,2023-12-05 01:13:02,2023-12-05 23:13:02
ORD001832,CUST001986,delivered,2024-08-07 05:01:34,2024-08-07 13:01:34,2024-08-10 13:01:34,2024-08-19 13:01:34,2024-08-15 05:01:34
ORD001833,CUST000060,processing,2023-09-26 23:35:23,2023-09-28 03:35:23,,,2023-10-05 23:35:23
ORD001834,CUST001901,delivered,2024-07-12 14:37:01,2024-07-13 19:37:01,2024-07-14 19:37:01,2024-07-22 19:37:01,2024-07-31 14:37:01
ORD001835,CUST000180,shipped,2023-07-30 06:48:06,2023-07-30 11:48:06,2023-08-01 11:48:06,,2023-08-11 06:48:06
ORD001836,CUST001520,delivered,2024-08-14 00:32:23,2024-08-15 14:32:23,2024-08-18 14:32:23,2024-08-22 14:32:23,2024-09-06 00:32:23
ORD001837,CUST001419,delivered,2024-09-22 02:54:57,2024-09-23 15:54:57,2024-09-26 15:54:57,2024-09-30 15:54:57,2024-10-14 02:54:57
ORD001838,CUST000636,delivered,2023-05-03 20:27:23,2023-05-05 17:27:23,2023-05-07 17:27:23,2023-05-21 17:27:23,2023-05-16 20:27:23
ORD001839,CUST001457,delivered,2023-08-27 16:52:51,2023-08-29 16:52:51,2023-08-30 16:52:51,2023-09-09 16:52:51,2023-09-16 16:52:51
ORD001840,CUST001131,delivered,2023-11-12 22:14:11,2023-11-14 00:14:11,2023-11-17 00:14:11,2023-11-23 00:14:11,2023-11-24 22:14:11
ORD001841,CUST001635,delivered,2023-01-31 07:30:33,2023-02-01 21:30:33,2023-02-04 21:30:33,2023-02-16 21:30:33,2023-02-14 07:30:33
ORD001842,CUST000674,invoiced,2023-03-31 08:38:37,2023-04-01 04:38:37,,,2023-04-07 08:38:37
ORD001843,CUST000523,delivered,2023-04-26 10:16:38,2023-04-27 23:16:38,2023-04-30 23:16:38,2023-05-08 23:16:38,2023-05-17 10:16:38
ORD001844,CUST001974,delivered,2023-01-28 13:50:57,2023-01-28 18:50:57,2023-01-31 18:50:57,2023-02-07 18:50:57,2023-02-21 13:50:57
ORD001845,CUST000749,delivered,2024-03-25 06:54:44,2024-03-25 23:54:44,2024-03-28 23:54:44,2024-04-07 23:54:44,2024-04-06 06:54:44
ORD001846,CUST000681,delivered,2023-10-06 08:26:48,2023-10-07 17:26:48,2023-10-10 17:26:48,2023-10-24 17:26:48,2023-10-21 08:26:48
ORD001847,CUST001253,shipped,2024-11-05 08:55:59,2024-11-07 05:55:59,2024-11-08 05:55:59,,2024-11-14 08:55:59
ORD001848,CUST001504,delivered,2024-04-22 19:36:58,2024-04-24 02:36:58,2024-04-27 02:36:58,2024-05-12 02:36:58,2024-04-29 19:36:58
ORD001849,CUST001300,delivered,2024-01-31 23:05:01,2024-02-02 17:05:01,2024-02-04 17:05:01,2024-02-16 17:05:01,2024-02-14 23:05:01
ORD001850,CUST001532,delivered,2024-11-25 04:08:48,2024-11-26 22:08:48,2024-11-29 22:08:48,2024-12-10 22:08:48,2024-12-03 04:08:48
ORD001851,CUST000269,delivered,2023-04-16 13:49:16,2023-04-17 06:49:16,2023-04-20 06:49:16,2023-05-03 06:49:16,2023-04-27 13:49:16
ORD001852,CUST001713,delivered,2024-10-31 18:36:18,2024-10-31 19:36:18,2024-11-01 19:36:18,2024-11-10 19:36:18,2024-11-08 18:36:18
ORD001853,CUST000171,delivered,2023-04-28 17:19:44,2023-04-30 08:19:44,2023-05-01 08:19:44,2023-05-09 08:19:44,2023-05-14 17:19:44
ORD001854,CUST000972,processing,2023-02-13 16:14:53,2023-02-14 06:14:53,,,2023-02-20 16:14:53
ORD001855,CUST001412,delivered,2024-06-09 22:54:17,2024-06-11 08:54:17,2024-06-14 08:54:17,2024-06-29 08:54:17,2024-06-18 22:54:17
ORD001856,CUST001954,delivered,2024-04-10 05:48:04,2024-04-11 15:48:04,2024-04-12 15:48:04,2024-04-23 15:48:04,2024-04-30 05:48:04
ORD001857,CUST001970,delivered,2024-07-17 06:19:47,2024-07-18 01:19:47,2024-07-20 01:19:47,2024-08-04 01:19:47,2024-08-09 06:19:47
ORD001858,CUST001879,delivered,2023-12-01 01:05:57,2023-12-01 03:05:57,2023-12-03 03:05:57,2023-12-07 03:05:57,2023-12-24 01:05:57
ORD001859,CUST001754,invoiced,2024-06-03 21:05:50,2024-06-05 10:05:50,,,2024-06-15 21:05:50
ORD001860,CUST001950,delivered,2024-10-18 23:33:03,2024-10-19 17:33:03,2024-10-20 17:33:03,2024-10-23 17:33:03,2024-11-07 23:33:03
ORD001861,CUST001657,delivered,2024-07-06 00:04:46,2024-07-07 14:04:46,2024-07-10 14:04:46,2024-07-13 14:04:46,2024-07-25 00:04:46
ORD001862,CUST000145,shipped,2023-04-23 06:14:37,2023-04-24 08:14:37,2023-04-26 08:14:37,,2023-05-04 06:14:37
ORD001863,CUST001919,delivered,2023-01-16 20:17:48,2023-01-17 05:17:48,2023-01-18 05:17:48,2023-01-23 05:17:48,2023-01-26 20:17:48
ORD001864,CUST000030,delivered,2024-04-12 02:04:07,2024-04-12 14:04:07,2024-04-14 14:04:07,2024-04-19 14:04:07,2024-04-27 02:04:07
ORD001865,CUST001429,delivered,2023-10-15 09:48:20,2023-10-17 00:48:20,2023-10-19 00:48:20,2023-10-31 00:48:20,2023-10-27 09:48:20
ORD001866,CUST001559,delivered,2024-10-19 09:12:51,2024-10-20 19:12:51,2024-10-23 19:12:51,2024-11-07 19:12:51,2024-11-10 09:12:51
ORD001867,CUST000538,delivered,2023-01-07 02:57:26,2023-01-09 02:57:26,2023-01-12 02:57:26,2023-01-18 02:57:26,2023-01-18 02:57:26
ORD001868,CUST000965,delivered,2023-11-02 05:54:33,2023-11-03 05:54:33,2023-11-04 05:54:33,2023-11-12 05:54:33,2023-11-09 05:54:33
ORD001869,CUST000354,invoiced,2024-08-22 03:16:39,2024-08-22 13:16:39,,,2024-09-05 03:16:39
ORD001870,CUST001717,delivered,2024-04-14 13:15:40,2024-04-15 01:15:40,2024-04-18 01:15:40,2024-04-24 01:15:40,2024-05-09 13:15:40
ORD001871,CUST000570,shipped,2024-04-07 14:44:53,2024-04-09 12:44:53,2024-04-10 12:44:53,,2024-04-21 14:44:53
ORD001872,CUST001405,delivered,2024-09-16 13:42:57,2024-09-17 18:42:57,2024-09-18 18:42:57,2024-09-22 18:42:57,2024-10-02 13:42:57
ORD001873,CUST000020,delivered,2023-09-06 13:40:08,2023-09-08 10:40:08,2023-09-10 10:40:08,2023-09-12 10:40:08,2023-09-24 13:40:08
ORD001874,CUST000789,delivered,2023-12-30 08:05:38,2023-12-31 12:05:38,2024-01-02 12:05:38,2024-01-12 12:05:38,2024-01-08 08:05:38
ORD001875,CUST000200,shipped,2024-12-17 19:23:53,2024-12-18 19:23:53,2024-12-20 19:23:53,,2024-12-24 19:23:53
ORD001876,CUST001545,shipped,2023-09-06 14:34:02,2023-09-07 08:34:02,2023-09-10 08:34:02,,2023-09-30 14:34:02
ORD001877,CUST001788,delivered,2023-05-31 04:19:38,2023-06-02 02:19:38,2023-06-05 02:19:38,2023-06-14 02:19:38,2023-06-22 04:19:38
ORD001878,CUST000557,delivered,2023-09-12 18:51:05,2023-09-14 16:51:05,2023-09-16 16:51:05,2023-09-24 16:51:05,2023-09-23 18:51:05
ORD001879,CUST001276,delivered,2023-07-22 04:37:48,2023-07-22 07:37:48,2023-07-24 07:37:48,2023-08-01 07:37:48,2023-08-12 04:37:48
ORD001880,CUST001535,approved,2024-09-10 22:45:10,2024-09-12 01:45:10,,,2024-09-26 22:45:10
ORD001881,CUST000679,delivered,2024-08-22 02:40:58,2024-08-23 16:40:58,2024-08-25 16:40:58,2024-09-05 16:40:58,2024-09-13 02:40:58
ORD001882,CUST000960,delivered,2024-11-13 06:20:30,2024-11-13 10:20:30,2024-11-15 10:20:30,2024-11-19 10:20:30,2024-12-06 06:20:30
ORD001883,CUST001269,delivered,2024-02-01 06:43:05,2024-02-02 09:43:05,2024-02-05 09:43:05,2024-02-16 09:43:05,2024-02-12 06:43:05
ORD001884,CUST000186,delivered,2023-01-12 13:58:29,2023-01-12 18:58:29,2023-01-14 18:58:29,2023-01-25 18:58:29,2023-02-06 13:58:29
ORD001885,CUST000190,delivered,2024-02-22 06:26:29,2024-02-23 05:26:29,2024-02-25 05:26:29,2024-03-07 05:26:29,2024-03-18 06:26:29
ORD001886,CUST001795,shipped,2024-09-07 23:55:54,2024-09-09 13:55:54,2024-09-12 13:55:54,,2024-10-01 23:55:54
ORD001887,CUST001139,delivered,2023-09-11 07:50:24,2023-09-12 19:50:24,2023-09-15 19:50:24,2023-09-24 19:50:24,2023-09-30 07:50:24
ORD001888,CUST001441,delivered,2024-07-23 18:44:31,2024-07-25 02:44:31,2024-07-27 02:44:31,2024-08-07 02:44:31,2024-08-04 18:44:31
ORD001889,CUST001565,delivered,2024-01-17 15:47:42,2024-01-17 23:47:42,2024-01-18 23:47:42,2024-01-24 23:47:42,2024-02-09 15:47:42
ORD001890,CUST001065,delivered,2023-06-26 01:46:43,2023-06-26 18:46:43,2023-06-29 18:46:43,2023-07-14 18:46:43,2023-07-10 01:46:43
ORD001891,CUST001985,delivered,2023-04-08 11:55:09,2023-04-09 21:55:09,2023-04-12 21:55:09,2023-04-17 21:55:09,2023-04-17 11:55:09
ORD001892,CUST000747,delivered,2023-06-08 04:35:22,2023-06-08 06:35:22,2023-06-09 06:35:22,2023-06-12 06:35:22,2023-06-24 04:35:22
ORD001893,CUST000382,delivered,2023-11-01 01:48:30,2023-11-02 20:48:30,2023-11-05 20:48:30,2023-11-14 20:48:30,2023-11-20 01:48:30
ORD001894,CUST001572,delivered,2023-05-31 22:27:43,2023-06-01 03:27:43,2023-06-03 03:27:43,2023-06-16 03:27:43,2023-06-14 22:27:43
ORD001895,CUST001391,delivered,2023-02-04 10:20:56,2023-02-05 23:20:56,2023-02-06 23:20:56,2023-02-11 23:20:56,2023-02-20 10:20:56
ORD001896,CUST001218,delivered,2023-05-02 00:36:26,2023-05-03 13:36:26,2023-05-05 13:36:26,2023-05-12 13:36:26,2023-05-13 00:36:26
ORD001897,CUST001886,delivered,2024-10-12 19:47:26,2024-10-12 22:47:26,2024-10-15 22:47:26,2024-10-26 22:47:26,2024-11-05 19:47:26
ORD001898,CUST000516,delivered,2024-03-21 23:27:46,2024-03-23 18:27:46,2024-03-25 18:27:46,2024-03-31 18:27:46,2024-04-02 23:27:46
ORD001899,CUST001622,delivered,2024-11-14 04:55:51,2024-11-14 05:55:51,2024-11-16 05:55:51,2024-11-27 05:55:51,2024-11-25 04:55:51
ORD001900,CUST000867,delivered,2023-02-26 18:52:52,2023-02-27 16:52:52,2023-02-28 16:52:52,2023-03-02 16:52:52,2023-03-23 18:52:52
ORD001901,CUST000958,delivered,2024-05-11 15:31:58,2024-05-11 22:31:58,2024-05-14 22:31:58,2024-05-20 22:31:58,2024-06-04 15:31:58
ORD001902,CUST000973,delivered,2024-09-27 14:35:17,2024-09-29 03:35:17,2024-10-02 03:35:17,2024-10-17 03:35:17,2024-10-05 14:35:17
ORD001903,CUST000529,delivered,2024-10-26 13:28:19,2024-10-26 22:28:19,2024-10-27 22:28:19,2024-10-30 22:28:19,2024-11-17 13:28:19
ORD001904,CUST000335,delivered,2024-11-05 13:16:15,2024-11-05 14:16:15,2024-11-07 14:16:15,2024-11-18 14:16:15,2024-11-25 13:16:15
ORD001905,CUST000699,invoiced,2024-02-23 03:39:33,2024-02-24 07:39:33,,,2024-03-19 03:39:33
ORD001906,CUST000781,delivered,2023-12-08 17:29:12,2023-12-10 11:29:12,2023-12-13 11:29:12,2023-12-25 11:29:12,2023-12-24 17:29:12
ORD001907,CUST001802,delivered,2023-01-07 11:16:22,2023-01-08 07:16:22,2023-01-10 07:16:22,2023-01-16 07:16:22,2023-01-17 11:16:22
ORD001908,CUST000584,delivered,2024-12-28 05:56:52,2024-12-28 10:56:52,2024-12-31 10:56:52,2025-01-05 10:56:52,2025-01-19 05:56:52
ORD001909,CUST000376,delivered,2024-11-07 22:31:30,2024-11-09 00:31:30,2024-11-10 00:31:30,2024-11-12 00:31:30,2024-11-15 22:31:30
ORD001910,CUST000903,delivered,2024-05-23 17:50:50,2024-05-25 11:50:50,2024-05-26 11:50:50,2024-05-29 11:50:50,2024-06-14 17:50:50
ORD001911,CUST001022,delivered,2023-12-25 02:15:40,2023-12-25 08:15:40,2023-12-28 08:15:40,2024-01-11 08:15:40,2024-01-06 02:15:40
ORD001912,CUST000548,delivered,2023-02-16 05:20:16,2023-02-17 21:20:16,2023-02-20 21:20:16,2023-03-07 21:20:16,2023-03-13 05:20:16
ORD001913,CUST001662,delivered,2024-09-03 02:35:03,2024-09-04 12:35:03,2024-09-06 12:35:03,2024-09-11 12:35:03,2024-09-16 02:35:03
ORD001914,CUST000848,delivered,2024-04-15 01:28:04,2024-04-17 00:28:04,2024-04-18 00:28:04,2024-05-02 00:28:04,2024-05-01 01:28:04
ORD001915,CUST001059,processing,2023-11-14 10:00:52,2023-11-15 05:00:52,,,2023-12-08 10:00:52
ORD001916,CUST001206,delivered,2024-09-15 00:00:11,2024-09-16 08:00:11,2024-09-18 08:00:11,2024-09-20 08:00:11,2024-10-06 00:00:11
ORD001917,CUST000975,processing,2024-07-01 15:08:43,2024-07-02 06:08:43,,,2024-07-18 15:08:43
ORD001918,CUST000466,delivered,2023-03-09 00:11:13,2023-03-10 07:11:13,2023-03-12 07:11:13,2023-03-19 07:11:13,2023-03-18 00:11:13
ORD001919,CUST000343,shipped,2024-09-14 02:35:44,2024-09-15 19:35:44,2024-09-16 19:35:44,,2024-10-08 02:35:44
ORD001920,CUST000828,delivered,2024-01-01 03:16:13,2024-01-01 19:16:13,2024-01-04 19:16:13,2024-01-08 19:16:13,2024-01-25 03:16:13
ORD001921,CUST001328,delivered,2024-08-30 12:38:16,2024-08-31 11:38:16,2024-09-02 11:38:16,2024-09-07 11:38:16,2024-09-14 12:38:16
ORD001922,CUST000196,shipped,2023-02-07 22:01:40,2023-02-09 10:01:40,2023-02-11 10:01:40,,2023-03-02 22:01:40
ORD001923,CUST000657,delivered,2023-01-02 12:32:09,2023-01-04 12:32:09,2023-01-05 12:32:09,2023-01-18 12:32:09,2023-01-12 12:32:09
ORD001924,CUST001763,delivered,2023-11-25 16:27:10,2023-11-27 14:27:10,2023-11-30 14:27:10,2023-12-08 14:27:10,2023-12-13 16:27:10
ORD001925,CUST000959,delivered,2023-09-12 21:55:41,2023-09-13 23:55:41,2023-09-14 23:55:41,2023-09-26 23:55:41,2023-10-04 21:55:41
ORD001926,CUST001051,delivered,2024-04-29 00:05:52,2024-04-29 01:05:52,2024-05-02 01:05:52,2024-05-07 01:05:52,2024-05-06 00:05:52
ORD001927,CUST001321,canceled,2023-11-15 11:36:43,,,,2023-11-25 11:36:43
ORD001928,CUST001242,approved,2024-07-06 10:03:34,2024-07-07 02:03:34,,,2024-07-30 10:03:34
ORD001929,CUST000136,delivered,2023-06-03 06:29:18,2023-06-04 17:29:18,2023-06-05 17:29:18,2023-06-17 17:29:18,2023-06-16 06:29:18
ORD001930,CUST000820,delivered,2024-08-25 13:55:50,2024-08-26 00:55:50,2024-08-29 00:55:50,2024-09-11 00:55:50,2024-09-02 13:55:50
ORD001931,CUST000004,delivered,2023-09-02 18:42:17,2023-09-04 05:42:17,2023-09-07 05:42:17,2023-09-15 05:42:17,2023-09-17 18:42:17
ORD001932,CUST000584,delivered,2024-10-05 00:45:57,2024-10-06 11:45:57,2024-10-09 11:45:57,2024-10-11 11:45:57,2024-10-16 00:45:57
ORD001933,CUST000698,delivered,2024-02-06 11:42:45,2024-02-08 08:42:45,2024-02-10 08:42:45,2024-02-13 08:42:45,2024-02-25 11:42:45
ORD001934,CUST001173,delivered,2023-10-17 15:55:21,2023-10-18 05:55:21,2023-10-19 05:55:21,2023-11-01 05:55:21,2023-10-31 15:55:21
ORD001935,CUST001625,delivered,2023-12-17 15:12:05,2023-12-17 19:12:05,2023-12-18 19:12:05,2023-12-29 19:12:05,2024-01-07 15:12:05
ORD001936,CUST001712,processing,2023-11-04 09:35:56,2023-11-05 18:35:56,,,2023-11-27 09:35:56
ORD001937,CUST001734,delivered,2023-02-24 15:43:43,2023-02-26 00:43:43,2023-03-01 00:43:43,2023-03-12 00:43:43,2023-03-20 15:43:43
ORD001938,CUST000038,delivered,2024-05-09 01:32:58,2024-05-09 04:32:58,2024-05-12 04:32:58,2024-05-25 04:32:58,2024-05-19 01:32:58
ORD001939,CUST001576,delivered,2024-09-05 22:23:46,2024-09-07 21:23:46,2024-09-10 21:23:46,2024-09-22 21:23:46,2024-09-21 22:23:46
ORD001940,CUST000383,delivered,2023-08-16 02:52:16,2023-08-17 22:52:16,2023-08-18 22:52:16,2023-09-01 22:52:16,2023-09-04 02:52:16
ORD001941,CUST000027,delivered,2024-01-23 03:39:01,2024-01-24 14:39:01,2024-01-26 14:39:01,2024-02-05 14:39:01,2024-02-09 03:39:01
ORD001942,CUST000352,delivered,2024-07-28 01:42:46,2024-07-29 03:42:46,2024-07-30 03:42:46,2024-08-03 03:42:46,2024-08-07 01:42:46
ORD001943,CUST000116,delivered,2023-04-25 21:37:36,2023-04-26 00:37:36,2023-04-28 00:37:36,2023-05-07 00:37:36,2023-05-07 21:37:36
ORD001944,CUST000467,delivered,2023-05-31 00:39:31,2023-06-01 15:39:31,2023-06-03 15:39:31,2023-06-15 15:39:31,2023-06-07 00:39:31
ORD001945,CUST000972,invoiced,2024-05-02 17:22:54,2024-05-03 17:22:54,,,2024-05-17 17:22:54
ORD001946,CUST001988,delivered,2023-10-31 17:29:07,2023-10-31 21:29:07,2023-11-03 21:29:07,2023-11-15 21:29:07,2023-11-11 17:29:07
ORD001947,CUST000730,delivered,2024-10-17 07:09:40,2024-10-17 12:09:40,2024-10-19 12:09:40,2024-10-27 12:09:40,2024-10-26 07:09:40
ORD001948,CUST000246,delivered,2024-09-24 20:50:11,2024-09-25 12:50:11,2024-09-28 12:50:11,2024-10-04 12:50:11,2024-10-14 20:50:11
ORD001949,CUST000391,approved,2024-05-12 14:06:28,2024-05-12 23:06:28,,,2024-06-01 14:06:28
ORD001950,CUST001150,delivered,2023-07-04 09:02:11,2023-07-05 22:02:11,2023-07-07 22:02:11,2023-07-09 22:02:11,2023-07-22 09:02:11
ORD001951,CUST001461,delivered,2023-08-26 00:29:43,2023-08-27 01:29:43,2023-08-28 01:29:43,2023-09-10 01:29:43,2023-09-19 00:29:43
ORD001952,CUST000450,delivered,2023-11-05 00:35:55,2023-11-06 08:35:55,2023-11-09 08:35:55,2023-11-18 08:35:55,2023-11-12 00:35:55
ORD001953,CUST000984,delivered,2023-08-10 14:08:10,2023-08-10 18:08:10,2023-08-12 18:08:10,2023-08-27 18:08:10,2023-08-18 14:08:10
ORD001954,CUST000930,delivered,2024-02-07 08:36:39,2024-02-08 10:36:39,2024-02-09 10:36:39,2024-02-17 10:36:39,2024-02-14 08:36:39
ORD001955,CUST001825,delivered,2024-01-15 01:36:09,2024-01-16 11:36:09,2024-01-19 11:36:09,2024-01-22 11:36:09,2024-02-04 01:36:09
ORD001956,CUST000159,delivered,2023-09-30 00:17:30,2023-10-01 14:17:30,2023-10-02 14:17:30,2023-10-04 14:17:30,2023-10-13 00:17:30
ORD001957,CUST000877,delivered,2024-08-23 01:35:41,2024-08-23 12:35:41,2024-08-24 12:35:41,2024-09-07 12:35:41,2024-09-06 01:35:41
ORD001958,CUST001246,delivered,2024-10-16 01:02:56,2024-10-16 10:02:56,2024-10-17 10:02:56,2024-10-28 10:02:56,2024-10-31 01:02:56
ORD001959,CUST001687,delivered,2023-12-14 05:45:19,2023-12-15 11:45:19,2023-12-17 11:45:19,2023-12-28 11:45:19,2024-01-04 05:45:19
ORD001960,CUST000792,delivered,2024-12-13 21:45:09,2024-12-14 05:45:09,2024-12-17 05:45:09,2024-12-29 05:45:09,2024-12-25 21:45:09
ORD001961,CUST001275,delivered,2024-02-06 01:31:00,2024-02-07 23:31:00,2024-02-10 23:31:00,2024-02-18 23:31:00,2024-02-14 01:31:00
ORD001962,CUST000386,delivered,2023-05-17 16:52:27,2023-05-19 00:52:27,2023-05-21 00:52:27,2023-06-02 00:52:27,2023-06-03 16:52:27
ORD001963,CUST001400,approved,2023-09-21 09:57:09,2023-09-22 23:57:09,,,2023-10-02 09:57:09
ORD001964,CUST000552,delivered,2023-02-14 11:36:54,2023-02-15 23:36:54,2023-02-18 23:36:54,2023-02-24 23:36:54,2023-03-02 11:36:54
ORD001965,CUST000926,delivered,2023-12-04 08:11:48,2023-12-04 16:11:48,2023-12-07 16:11:48,2023-12-09 16:11:48,2023-12-28 08:11:48
ORD001966,CUST000035,delivered,2023-05-04 19:57:10,2023-05-05 18:57:10,2023-05-08 18:57:10,2023-05-15 18:57:10,2023-05-27 19:57:10
ORD001967,CUST001853,processing,2023-08-05 10:19:04,2023-08-06 05:19:04,,,2023-08-22 10:19:04
ORD001968,CUST001381,delivered,2024-02-12 14:47:14,2024-02-13 01:47:14,2024-02-16 01:47:14,2024-03-01 01:47:14,2024-03-01 14:47:14
ORD001969,CUST000427,delivered,2023-06-02 04:29:27,2023-06-03 12:29:27,2023-06-04 12:29:27,2023-06-11 12:29:27,2023-06-22 04:29:27
ORD001970,CUST001837,delivered,2024-01-25 00:26:22,2024-01-26 03:26:22,2024-01-27 03:26:22,2024-02-10 03:26:22,2024-02-14 00:26:22
ORD001971,CUST000877,delivered,2023-05-23 11:16:19,2023-05-23 13:16:19,2023-05-25 13:16:19,2023-05-27 13:16:19,2023-06-08 11:16:19
ORD001972,CUST001500,delivered,2024-04-04 23:18:51,2024-04-06 02:18:51,2024-04-08 02:18:51,2024-04-10 02:18:51,2024-04-15 23:18:51
ORD001973,CUST001065,shipped,2023-07-21 12:51:50,2023-07-21 17:51:50,2023-07-23 17:51:50,,2023-08-13 12:51:50
ORD001974,CUST001979,delivered,2024-01-09 00:59:21,2024-01-09 13:59:21,2024-01-12 13:59:21,2024-01-14 13:59:21,2024-01-18 00:59:21
ORD001975,CUST000971,delivered,2024-03-27 08:23:18,2024-03-29 01:23:18,2024-03-30 01:23:18,2024-04-07 01:23:18,2024-04-18 08:23:18
ORD001976,CUST001635,delivered,2023-04-07 11:30:23,2023-04-08 10:30:23,2023-04-11 10:30:23,2023-04-20 10:30:23,2023-05-02 11:30:23
ORD001977,CUST000587,delivered,2023-03-05 13:35:44,2023-03-06 06:35:44,2023-03-08 06:35:44,2023-03-11 06:35:44,2023-03-18 13:35:44
ORD001978,CUST000047,delivered,2023-09-09 21:30:28,2023-09-11 02:30:28,2023-09-14 02:30:28,2023-09-20 02:30:28,2023-09-17 21:30:28
ORD001979,CUST001500,invoiced,2024-12-27 13:40:01,2024-12-29 12:40:01,,,2025-01-14 13:40:01
ORD001980,CUST000812,delivered,2023-08-07 03:32:03,2023-08-08 00:32:03,2023-08-11 00:32:03,2023-08-20 00:32:03,2023-09-01 03:32:03
ORD001981,CUST001955,delivered,2023-02-25 11:37:33,2023-02-25 19:37:33,2023-02-28 19:37:33,2023-03-13 19:37:33,2023-03-06 11:37:33
ORD001982,CUST000297,delivered,2024-10-20 19:06:15,2024-10-22 06:06:15,2024-10-24 06:06:15,2024-11-01 06:06:15,2024-11-05 19:06:15
ORD001983,CUST001169,delivered,2024-02-19 21:08:38,2024-02-20 19:08:38,2024-02-22 19:08:38,2024-02-25 19:08:38,2024-03-14 21:08:38
ORD001984,CUST001970,processing,2023-08-29 07:05:33,2023-08-31 05:05:33,,,2023-09-20 07:05:33
ORD001985,CUST000573,delivered,2023-09-28 22:50:08,2023-09-30 04:50:08,2023-10-02 04:50:08,2023-10-12 04:50:08,2023-10-05 22:50:08
ORD001986,CUST000814,delivered,2024-01-19 17:03:54,2024-01-20 05:03:54,2024-01-21 05:03:54,2024-02-03 05:03:54,2024-02-10 17:03:54
ORD001987,CUST001122,delivered,2024-04-30 03:13:46,2024-04-30 19:13:46,2024-05-01 19:13:46,2024-05-15 19:13:46,2024-05-10 03:13:46
ORD001988,CUST000022,delivered,2024-07-31 06:45:28,2024-08-01 21:45:28,2024-08-03 21:45:28,2024-08-11 21:45:28,2024-08-22 06:45:28
ORD001989,CUST000056,delivered,2023-09-05 07:54:04,2023-09-05 17:54:04,2023-09-08 17:54:04,2023-09-21 17:54:04,2023-09-27 07:54:04
ORD001990,CUST000958,delivered,2023-08-06 04:51:06,2023-08-07 06:51:06,2023-08-09 06:51:06,2023-08-15 06:51:06,2023-08-14 04:51:06
ORD001991,CUST000832,canceled,2023-07-10 20:24:48,,,,2023-07-27 20:24:48
ORD001992,CUST001084,shipped,2023-09-03 05:57:58,2023-09-04 11:57:58,2023-09-06 11:57:58,,2023-09-28 05:57:58
ORD001993,CUST001010,delivered,2024-10-30 06:48:08,2024-10-31 11:48:08,2024-11-02 11:48:08,2024-11-07 11:48:08,2024-11-11 06:48:08
ORD001994,CUST000663,processing,2023-08-18 19:28:32,2023-08-20 13:28:32,,,2023-08-29 19:28:32
ORD001995,CUST000045,delivered,2023-02-17 04:58:32,2023-02-17 16:58:32,2023-02-18 16:58:32,2023-03-01 16:58:32,2023-02-27 04:58:32
ORD001996,CUST000218,delivered,2023-09-15 00:00:17,2023-09-16 16:00:17,2023-09-17 16:00:17,2023-09-22 16:00:17,2023-09-27 00:00:17
ORD001997,CUST001790,delivered,2024-06-12 10:09:16,2024-06-13 00:09:16,2024-06-15 00:09:16,2024-06-24 00:09:16,2024-06-21 10:09:16
ORD001998,CUST001552,delivered,2024-09-11 21:31:02,2024-09-13 12:31:02,2024-09-14 12:31:02,2024-09-28 12:31:02,2024-10-03 21:31:02
ORD001999,CUST000673,processing,2023-12-06 11:41:24,2023-12-07 09:41:24,,,2023-12-21 11:41:24
ORD002000,CUST001201,delivered,2024-12-07 12:27:19,2024-12-08 13:27:19,2024-12-09 13:27:19,2024-12-18 13:27:19,2024-12-24 12:27:19
ORD002001,CUST001224,delivered,2024-03-22 20:41:40,2024-03-24 12:41:40,2024-03-25 12:41:40,2024-03-30 12:41:40,2024-04-15 20:41:40
ORD002002,CUST001693,delivered,2023-08-15 04:31:34,2023-08-17 02:31:34,2023-08-19 02:31:34,2023-09-02 02:31:34,2023-08-31 04:31:34
ORD002003,CUST001741,delivered,2023-09-09 07:46:16,2023-09-09 19:46:16,2023-09-11 19:46:16,2023-09-23 19:46:16,2023-09-20 07:46:16
ORD002004,CUST000235,delivered,2023-05-12 17:56:27,2023-05-13 23:56:27,2023-05-14 23:56:27,2023-05-19 23:56:27,2023-05-21 17:56:27
ORD002005,CUST001677,delivered,2024-02-29 18:25:52,2024-02-29 21:25:52,2024-03-02 21:25:52,2024-03-10 21:25:52,2024-03-16 18:25:52
ORD002006,CUST000410,canceled,2024-05-04 01:01:46,,,,2024-05-25 01:01:46
ORD002007,CUST000442,delivered,2023-01-04 07:32:55,2023-01-04 11:32:55,2023-01-05 11:32:55,2023-01-13 11:32:55,2023-01-12 07:32:55
ORD002008,CUST001752,delivered,2023-12-10 22:22:05,2023-12-12 14:22:05,2023-12-15 14:22:05,2023-12-29 14:22:05,2023-12-26 22:22:05
ORD002009,CUST000872,delivered,2023-05-19 22:56:38,2023-05-21 21:56:38,2023-05-22 21:56:38,2023-06-03 21:56:38,2023-06-10 22:56:38
ORD002010,CUST000051,delivered,2024-12-26 10:49:55,2024-12-26 19:49:55,2024-12-28 19:49:55,2025-01-03 19:49:55,2025-01-02 10:49:55
ORD002011,CUST000694,processing,2024-11-22 23:35:35,2024-11-24 06:35:35,,,2024-12-10 23:35:35
ORD002012,CUST000662,delivered,2024-06-02 06:04:49,2024-06-03 09:04:49,2024-06-04 09:04:49,2024-06-11 09:04:49,2024-06-27 06:04:49
ORD002013,CUST001963,shipped,2023-01-03 15:38:41,2023-01-03 16:38:41,2023-01-04 16:38:41,,2023-01-17 15:38:41
ORD002014,CUST001804,delivered,2024-12-24 14:44:22,2024-12-25 23:44:22,2024-12-28 23:44:22,2025-01-04 23:44:22,2025-01-12 14:44:22
ORD002015,CUST000750,delivered,2023-09-26 14:59:12,2023-09-27 09:59:12,2023-09-30 09:59:12,2023-10-09 09:59:12,2023-10-11 14:59:12
ORD002016,CUST001832,delivered,2023-11-19 21:39:49,2023-11-21 11:39:49,2023-11-22 11:39:49,2023-11-25 11:39:49,2023-12-12 21:39:49
ORD002017,CUST000888,delivered,2023-08-11 21:22:29,2023-08-13 10:22:29,2023-08-16 10:22:29,2023-08-25 10:22:29,2023-09-05 21:22:29
ORD002018,CUST000605,processing,2024-07-08 10:06:51,2024-07-10 01:06:51,,,2024-07-17 10:06:51
ORD002019,CUST000548,canceled,2023-09-21 21:47:58,,,,2023-10-14 21:47:58
ORD002020,CUST001153,delivered,2024-03-13 01:15:06,2024-03-14 17:15:06,2024-03-16 17:15:06,2024-03-31 17:15:06,2024-03-30 01:15:06
ORD002021,CUST001218,delivered,2023-01-15 10:16:14,2023-01-17 05:16:14,2023-01-18 05:16:14,2023-01-22 05:16:14,2023-02-04 10:16:14
ORD002022,CUST001642,delivered,2024-03-22 10:47:55,2024-03-22 19:47:55,2024-03-25 19:47:55,2024-03-30 19:47:55,2024-04-16 10:47:55
ORD002023,CUST000071,delivered,2023-09-21 13:52:19,2023-09-21 20:52:19,2023-09-22 20:52:19,2023-10-05 20:52:19,2023-10-15 13:52:19
ORD002024,CUST000050,shipped,2024-08-22 19:25:48,2024-08-23 00:25:48,2024-08-26 00:25:48,,2024-09-01 19:25:48
ORD002025,CUST000408,delivered,2023-12-04 22:25:29,2023-12-05 20:25:29,2023-12-06 20:25:29,2023-12-12 20:25:29,2023-12-11 22:25:29
ORD002026,CUST001837,delivered,2023-01-05 02:39:58,2023-01-06 07:39:58,2023-01-08 07:39:58,2023-01-21 07:39:58,2023-01-17 02:39:58
ORD002027,CUST000450,shipped,2023-05-21 07:01:51,2023-05-22 17:01:51,2023-05-25 17:01:51,,2023-06-06 07:01:51
ORD002028,CUST000189,delivered,2024-05-24 10:55:44,2024-05-26 03:55:44,2024-05-27 03:55:44,2024-06-03 03:55:44,2024-06-12 10:55:44
ORD002029,CUST001285,delivered,2024-04-17 18:21:02,2024-04-17 23:21:02,2024-04-20 23:21:02,2024-05-04 23:21:02,2024-05-10 18:21:02
ORD002030,CUST001465,canceled,2024-06-22 05:08:46,,,,2024-07-03 05:08:46
ORD002031,CUST000956,delivered,2023-07-29 16:23:35,2023-07-31 03:23:35,2023-08-03 03:23:35,2023-08-12 03:23:35,2023-08-06 16:23:35
ORD002032,CUST001547,delivered,2023-12-04 23:55:48,2023-12-05 18:55:48,2023-12-06 18:55:48,2023-12-14 18:55:48,2023-12-27 23:55:48
ORD002033,CUST000306,delivered,2023-02-20 13:59:46,2023-02-22 12:59:46,2023-02-23 12:59:46,2023-03-08 12:59:46,2023-03-07 13:59:46
ORD002034,CUST000184,delivered,2024-08-12 23:23:25,2024-08-13 19:23:25,2024-08-15 19:23:25,2024-08-28 19:23:25,2024-09-06 23:23:25
ORD002035,CUST001668,approved,2024-09-05 19:31:57,2024-09-06 13:31:57,,,2024-09-24 19:31:57
ORD002036,CUST000457,delivered,2023-01-26 11:49:01,2023-01-28 07:49:01,2023-01-30 07:49:01,2023-02-10 07:49:01,2023-02-10 11:49:01
ORD002037,CUST001831,delivered,2024-08-03 14:05:01,2024-08-05 10:05:01,2024-08-08 10:05:01,2024-08-13 10:05:01,2024-08-10 14:05:01
ORD002038,CUST000436,delivered,2024-09-27 16:11:37,2024-09-28 18:11:37,2024-09-29 18:11:37,2024-10-01 18:11:37,2024-10-21 16:11:37
ORD002039,CUST000273,processing,2023-03-02 20:53:46,2023-03-03 23:53:46,,,2023-03-11 20:53:46
ORD002040,CUST001302,delivered,2024-01-29 14:35:30,2024-01-29 21:35:30,2024-01-31 21:35:30,2024-02-07 21:35:30,2024-02-16 14:35:30
ORD002041,CUST001128,delivered,2023-11-23 16:22:12,2023-11-24 19:22:12,2023-11-26 19:22:12,2023-12-03 19:22:12,2023-12-15 16:22:12
ORD002042,CUST001538,invoiced,2024-11-12 19:01:56,2024-11-13 16:01:56,,,2024-11-29 19:01:56
ORD002043,CUST001519,delivered,2024-01-03 17:58:08,2024-01-04 05:58:08,2024-01-06 05:58:08,2024-01-15 05:58:08,2024-01-23 17:58:08
ORD002044,CUST000572,delivered,2023-10-09 00:12:29,2023-10-10 01:12:29,2023-10-13 01:12:29,2023-10-22 01:12:29,2023-10-26 00:12:29
ORD002045,CUST001014,shipped,2024-06-17 15:06:25,2024-06-18 00:06:25,2024-06-20 00:06:25,,2024-06-25 15:06:25
ORD002046,CUST000761,delivered,2024-01-01 02:35:44,2024-01-02 01:35:44,2024-01-04 01:35:44,2024-01-11 01:35:44,2024-01-11 02:35:44
ORD002047,CUST000044,canceled,2023-06-07 06:22:33,,,,2023-06-23 06:22:33
ORD002048,CUST001279,delivered,2023-09-24 02:30:06,2023-09-25 16:30:06,2023-09-28 16:30:06,2023-10-07 16:30:06,2023-10-10 02:30:06
ORD002049,CUST000345,shipped,2023-01-06 05:13:57,2023-01-06 18:13:57,2023-01-07 18:13:57,,2023-01-29 05:13:57
ORD002050,CUST001156,approved,2024-02-21 19:27:26,2024-02-21 21:27:26,,,2024-03-15 19:27:26
ORD002051,CUST000072,shipped,2023-08-27 11:35:17,2023-08-27 14:35:17,2023-08-30 14:35:17,,2023-09-05 11:35:17
ORD002052,CUST000976,invoiced,2024-04-08 00:43:25,2024-04-09 03:43:25,,,2024-04-21 00:43:25
ORD002053,CUST000628,delivered,2023-02-16 22:39:14,2023-02-17 16:39:14,2023-02-18 16:39:14,2023-02-23 16:39:14,2023-03-11 22:39:14
ORD002054,CUST000075,delivered,2024-10-20 14:58:18,2024-10-20 17:58:18,2024-10-23 17:58:18,2024-10-30 17:58:18,2024-10-28 14:58:18
ORD002055,CUST000841,delivered,2024-07-07 22:15:45,2024-07-08 13:15:45,2024-07-09 13:15:45,2024-07-20 13:15:45,2024-07-22 22:15:45
ORD002056,CUST000563,delivered,2023-03-12 07:44:24,2023-03-13 21:44:24,2023-03-14 21:44:24,2023-03-25 21:44:24,2023-04-01 07:44:24
ORD002057,CUST000822,shipped,2024-10-15 02:24:38,2024-10-16 09:24:38,2024-10-19 09:24:38,,2024-11-06 02:24:38
ORD002058,CUST000901,delivered,2024-08-12 17:43:49,2024-08-13 11:43:49,2024-08-15 11:43:49,2024-08-19 11:43:49,2024-09-05 17:43:49
ORD002059,CUST000410,delivered,2023-10-03 03:59:14,2023-10-04 04:59:14,2023-10-07 04:59:14,2023-10-13 04:59:14,2023-10-26 03:59:14
ORD002060,CUST000706,delivered,2023-01-14 10:52:47,2023-01-14 13:52:47,2023-01-16 13:52:47,2023-01-21 13:52:47,2023-02-01 10:52:47
ORD002061,CUST000773,delivered,2024-01-22 17:55:06,2024-01-24 02:55:06,2024-01-25 02:55:06,2024-02-05 02:55:06,2024-02-08 17:55:06
ORD002062,CUST001044,delivered,2024-05-25 23:18:34,2024-05-26 14:18:34,2024-05-29 14:18:34,2024-06-04 14:18:34,2024-06-01 23:18:34
ORD002063,CUST000433,shipped,2023-12-11 21:16:48,2023-12-13 09:16:48,2023-12-14 09:16:48,,2023-12-22 21:16:48
ORD002064,CUST000333,delivered,2024-11-04 15:44:08,2024-11-06 13:44:08,2024-11-09 13:44:08,2024-11-15 13:44:08,2024-11-19 15:44:08
ORD002065,CUST001870,processing,2023-05-31 23:41:25,2023-06-01 02:41:25,,,2023-06-14 23:41:25
ORD002066,CUST000894,canceled,2023-04-03 12:52:49,,,,2023-04-14 12:52:49
ORD002067,CUST001822,delivered,2023-12-07 18:57:14,2023-12-07 20:57:14,2023-12-09 20:57:14,2023-12-14 20:57:14,2023-12-23 18:57:14
ORD002068,CUST000617,delivered,2023-06-07 01:29:16,2023-06-08 14:29:16,2023-06-11 14:29:16,2023-06-20 14:29:16,2023-06-28 01:29:16
ORD002069,CUST001781,delivered,2024-04-27 10:24:07,2024-04-28 16:24:07,2024-04-30 16:24:07,2024-05-11 16:24:07,2024-05-15 10:24:07
ORD002070,CUST001776,delivered,2023-04-27 23:53:43,2023-04-29 08:53:43,2023-05-01 08:53:43,2023-05-14 08:53:43,2023-05-12 23:53:43
ORD002071,CUST000773,delivered,2024-12-04 19:01:48,2024-12-05 08:01:48,2024-12-06 08:01:48,2024-12-16 08:01:48,2024-12-27 19:01:48
ORD002072,CUST001935,delivered,2023-05-13 22:04:38,2023-05-15 16:04:38,2023-05-18 16:04:38,2023-06-02 16:04:38,2023-06-01 22:04:38
ORD002073,CUST001352,shipped,2024-12-14 18:43:30,2024-12-15 12:43:30,2024-12-16 12:43:30,,2025-01-08 18:43:30
ORD002074,CUST000728,delivered,2024-03-06 05:47:43,2024-03-06 20:47:43,2024-03-07 20:47:43,2024-03-15 20:47:43,2024-03-13 05:47:43
ORD002075,CUST001032,delivered,2024-10-20 13:07:43,2024-10-21 14:07:43,2024-10-24 14:07:43,2024-11-04 14:07:43,2024-11-04 13:07:43
ORD002076,CUST000331,delivered,2023-06-19 16:43:14,2023-06-20 23:43:14,2023-06-22 23:43:14,2023-07-02 23:43:14,2023-07-02 16:43:14
ORD002077,CUST001621,delivered,2023-04-12 16:08:44,2023-04-12 17:08:44,2023-04-14 17:08:44,2023-04-22 17:08:44,2023-04-24 16:08:44
ORD002078,CUST001507,delivered,2024-08-27 07:46:41,2024-08-29 01:46:41,2024-09-01 01:46:41,2024-09-04 01:46:41,2024-09-14 07:46:41
ORD002079,CUST000256,canceled,2023-04-05 19:16:59,,,,2023-04-14 19:16:59
ORD002080,CUST001466,delivered,2024-04-24 19:41:34,2024-04-25 14:41:34,2024-04-26 14:41:34,2024-05-04 14:41:34,2024-05-12 19:41:34
ORD002081,CUST001851,delivered,2023-12-15 20:30:10,2023-12-17 12:30:10,2023-12-20 12:30:10,2023-12-31 12:30:10,2023-12-22 20:30:10
ORD002082,CUST000313,delivered,2024-03-06 05:33:42,2024-03-07 11:33:42,2024-03-10 11:33:42,2024-03-14 11:33:42,2024-03-20 05:33:42
ORD002083,CUST000015,delivered,2024-10-31 17:14:56,2024-11-02 09:14:56,2024-11-05 09:14:56,2024-11-16 09:14:56,2024-11-07 17:14:56
ORD002084,CUST000692,delivered,2023-06-05 06:14:07,2023-06-07 02:14:07,2023-06-10 02:14:07,2023-06-12 02:14:07,2023-06-13 06:14:07
ORD002085,CUST000603,delivered,2024-12-26 15:35:52,2024-12-27 09:35:52,2024-12-30 09:35:52,2025-01-09 09:35:52,2025-01-16 15:35:52
ORD002086,CUST001451,delivered,2023-02-26 20:06:16,2023-02-28 02:06:16,2023-03-02 02:06:16,2023-03-13 02:06:16,2023-03-15 20:06:16
ORD002087,CUST001987,delivered,2024-12-21 09:26:51,2024-12-22 14:26:51,2024-12-24 14:26:51,2025-01-02 14:26:51,2025-01-07 09:26:51
ORD002088,CUST001450,delivered,2023-11-18 07:22:25,2023-11-18 12:22:25,2023-11-21 12:22:25,2023-12-01 12:22:25,2023-11-26 07:22:25
ORD002089,CUST001528,delivered,2024-04-08 07:39:02,2024-04-08 12:39:02,2024-04-10 12:39:02,2024-04-21 12:39:02,2024-04-17 07:39:02
ORD002090,CUST001879,delivered,2023-11-25 17:59:24,2023-11-27 05:59:24,2023-11-30 05:59:24,2023-12-06 05:59:24,2023-12-13 17:59:24
ORD002091,CUST001316,delivered,2024-06-06 22:09:20,2024-06-08 15:09:20,2024-06-10 15:09:20,2024-06-14 15:09:20,2024-06-25 22:09:20
ORD002092,CUST000408,delivered,2024-07-17 07:38:57,2024-07-18 19:38:57,2024-07-21 19:38:57,2024-07-30 19:38:57,2024-08-06 07:38:57
ORD002093,CUST000152,delivered,2023-07-30 19:07:09,2023-07-31 05:07:09,2023-08-01 05:07:09,2023-08-13 05:07:09,2023-08-21 19:07:09
ORD002094,CUST001549,delivered,2024-02-13 02:53:10,2024-02-14 16:53:10,2024-02-16 16:53:10,2024-02-28 16:53:10,2024-02-23 02:53:10
ORD002095,CUST001477,invoiced,2023-07-04 04:10:09,2023-07-05 23:10:09,,,2023-07-11 04:10:09
ORD002096,CUST001943,delivered,2024-10-09 12:09:03,2024-10-11 00:09:03,2024-10-14 00:09:03,2024-10-17 00:09:03,2024-10-20 12:09:03
ORD002097,CUST000433,shipped,2024-08-03 23:33:28,2024-08-05 09:33:28,2024-08-08 09:33:28,,2024-08-22 23:33:28
ORD002098,CUST000656,delivered,2024-11-02 03:34:43,2024-11-02 12:34:43,2024-11-03 12:34:43,2024-11-15 12:34:43,2024-11-24 03:34:43
ORD002099,CUST001241,delivered,2023-01-08 14:37:43,2023-01-10 05:37:43,2023-01-11 05:37:43,2023-01-26 05:37:43,2023-01-18 14:37:43
ORD002100,CUST001366,delivered,2023-02-18 16:33:16,2023-02-19 07:33:16,2023-02-21 07:33:16,2023-03-07 07:33:16,2023-03-01 16:33:16
ORD002101,CUST000459,delivered,2024-08-26 20:12:03,2024-08-28 08:12:03,2024-08-31 08:12:03,2024-09-05 08:12:03,2024-09-09 20:12:03
ORD002102,CUST000614,delivered,2023-10-09 18:37:07,2023-10-10 22:37:07,2023-10-13 22:37:07,2023-10-19 22:37:07,2023-10-30 18:37:07
ORD002103,CUST000057,delivered,2023-02-17 08:49:59,2023-02-17 11:49:59,2023-02-19 11:49:59,2023-02-28 11:49:59,2023-03-06 08:49:59
ORD002104,CUST001457,delivered,2024-04-16 18:36:22,2024-04-18 04:36:22,2024-04-21 04:36:22,2024-05-06 04:36:22,2024-04-30 18:36:22
ORD002105,CUST001905,delivered,2023-07-15 12:19:04,2023-07-16 17:19:04,2023-07-17 17:19:04,2023-07-31 17:19:04,2023-08-06 12:19:04
ORD002106,CUST001914,delivered,2024-03-28 08:35:49,2024-03-28 19:35:49,2024-03-31 19:35:49,2024-04-05 19:35:49,2024-04-07 08:35:49
ORD002107,CUST000058,delivered,2023-11-27 11:59:18,2023-11-27 14:59:18,2023-11-30 14:59:18,2023-12-15 14:59:18,2023-12-14 11:59:18
ORD002108,CUST000669,delivered,2024-03-26 01:11:30,2024-03-27 19:11:30,2024-03-28 19:11:30,2024-04-07 19:11:30,2024-04-17 01:11:30
ORD002109,CUST000370,delivered,2024-09-24 21:58:22,2024-09-26 21:58:22,2024-09-27 21:58:22,2024-10-07 21:58:22,2024-10-09 21:58:22
ORD002110,CUST001637,delivered,2024-12-28 10:12:00,2024-12-29 06:12:00,2024-12-31 06:12:00,2025-01-10 06:12:00,2025-01-21 10:12:00
ORD002111,CUST001826,approved,2023-08-03 03:48:39,2023-08-03 23:48:39,,,2023-08-12 03:48:39
ORD002112,CUST001391,invoiced,2023-11-12 17:35:59,2023-11-14 11:35:59,,,2023-11-22 17:35:59
ORD002113,CUST001954,approved,2023-06-06 08:15:29,2023-06-07 05:15:29,,,2023-06-14 08:15:29
ORD002114,CUST001599,delivered,2023-07-23 14:35:06,2023-07-24 19:35:06,2023-07-25 19:35:06,2023-08-01 19:35:06,2023-08-11 14:35:06
ORD002115,CUST001438,delivered,2024-06-30 21:54:31,2024-07-01 00:54:31,2024-07-04 00:54:31,2024-07-16 00:54:31,2024-07-21 21:54:31
ORD002116,CUST000948,delivered,2024-04-06 22:29:50,2024-04-07 02:29:50,2024-04-08 02:29:50,2024-04-13 02:29:50,2024-04-22 22:29:50
ORD002117,CUST001694,delivered,2024-10-04 09:43:17,2024-10-05 18:43:17,2024-10-07 18:43:17,2024-10-13 18:43:17,2024-10-24 09:43:17
ORD002118,CUST001575,shipped,2024-04-29 20:55:01,2024-04-29 22:55:01,2024-04-30 22:55:01,,2024-05-19 20:55:01
ORD002119,CUST001710,shipped,2024-03-13 10:51:20,2024-03-13 15:51:20,2024-03-15 15:51:20,,2024-03-26 10:51:20
ORD002120,CUST001741,delivered,2023-05-18 22:19:27,2023-05-19 12:19:27,2023-05-21 12:19:27,2023-05-31 12:19:27,2023-05-31 22:19:27
ORD002121,CUST000516,delivered,2023-05-02 12:55:39,2023-05-03 20:55:39,2023-05-05 20:55:39,2023-05-14 20:55:39,2023-05-14 12:55:39
ORD002122,CUST001004,delivered,2024-09-07 05:21:47,2024-09-07 20:21:47,2024-09-08 20:21:47,2024-09-18 20:21:47,2024-09-26 05:21:47
ORD002123,CUST000480,delivered,2024-07-26 07:35:12,2024-07-26 16:35:12,2024-07-29 16:35:12,2024-08-13 16:35:12,2024-08-04 07:35:12
ORD002124,CUST001031,delivered,2023-12-06 20:21:36,2023-12-08 18:21:36,2023-12-11 18:21:36,2023-12-17 18:21:36,2023-12-18 20:21:36
ORD002125,CUST001769,delivered,2023-08-21 08:15:06,2023-08-21 14:15:06,2023-08-23 14:15:06,2023-09-07 14:15:06,2023-09-08 08:15:06
ORD002126,CUST001579,delivered,2023-03-12 20:01:28,2023-03-14 20:01:28,2023-03-16 20:01:28,2023-03-26 20:01:28,2023-03-26 20:01:28
ORD002127,CUST000528,shipped,2024-08-20 15:45:35,2024-08-20 17:45:35,2024-08-22 17:45:35,,2024-09-02 15:45:35
ORD002128,CUST001311,shipped,2023-11-04 10:37:05,2023-11-05 17:37:05,2023-11-08 17:37:05,,2023-11-19 10:37:05
ORD002129,CUST001778,delivered,2024-02-03 06:25:58,2024-02-04 05:25:58,2024-02-07 05:25:58,2024-02-19 05:25:58,2024-02-28 06:25:58
ORD002130,CUST000664,delivered,2024-01-01 19:50:04,2024-01-02 01:50:04,2024-01-05 01:50:04,2024-01-14 01:50:04,2024-01-16 19:50:04
ORD002131,CUST000744,delivered,2024-09-16 04:11:00,2024-09-17 09:11:00,2024-09-18 09:11:00,2024-09-25 09:11:00,2024-09-23 04:11:00
ORD002132,CUST000392,delivered,2023-06-15 06:01:43,2023-06-17 01:01:43,2023-06-18 01:01:43,2023-06-26 01:01:43,2023-07-10 06:01:43
ORD002133,CUST001668,delivered,2024-07-19 02:36:51,2024-07-19 21:36:51,2024-07-20 21:36:51,2024-07-25 21:36:51,2024-08-04 02:36:51
ORD002134,CUST001867,delivered,2023-10-08 17:27:30,2023-10-08 21:27:30,2023-10-11 21:27:30,2023-10-22 21:27:30,2023-10-23 17:27:30
ORD002135,CUST001618,delivered,2024-07-29 07:24:19,2024-07-30 12:24:19,2024-08-01 12:24:19,2024-08-03 12:24:19,2024-08-09 07:24:19
ORD002136,CUST001738,delivered,2024-08-28 04:33:53,2024-08-28 23:33:53,2024-08-31 23:33:53,2024-09-12 23:33:53,2024-09-11 04:33:53
ORD002137,CUST001091,shipped,2023-07-26 01:02:38,2023-07-27 05:02:38,2023-07-30 05:02:38,,2023-08-13 01:02:38
ORD002138,CUST001762,delivered,2023-01-31 20:56:24,2023-02-02 10:56:24,2023-02-04 10:56:24,2023-02-17 10:56:24,2023-02-12 20:56:24
ORD002139,CUST001937,canceled,2023-04-30 20:18:35,,,,2023-05-20 20:18:35
ORD002140,CUST001184,delivered,2024-01-22 16:28:19,2024-01-24 07:28:19,2024-01-27 07:28:19,2024-02-04 07:28:19,2024-02-11 16:28:19
ORD002141,CUST001360,invoiced,2024-02-28 15:51:22,2024-02-28 16:51:22,,,2024-03-10 15:51:22
ORD002142,CUST001420,canceled,2023-11-17 14:21:02,,,,2023-12-02 14:21:02
ORD002143,CUST001448,delivered,2023-06-28 01:10:03,2023-06-28 10:10:03,2023-06-29 10:10:03,2023-07-11 10:10:03,2023-07-12 01:10:03
ORD002144,CUST001313,delivered,2023-10-03 22:20:41,2023-10-04 01:20:41,2023-10-05 01:20:41,2023-10-10 01:20:41,2023-10-24 22:20:41
ORD002145,CUST001736,delivered,2024-03-09 20:09:38,2024-03-10 23:09:38,2024-03-12 23:09:38,2024-03-19 23:09:38,2024-03-16 20:09:38
ORD002146,CUST001296,processing,2023-04-07 17:16:14,2023-04-09 09:16:14,,,2023-04-16 17:16:14
ORD002147,CUST001949,delivered,2023-12-02 05:27:04,2023-12-02 23:27:04,2023-12-04 23:27:04,2023-12-07 23:27:04,2023-12-17 05:27:04
ORD002148,CUST001765,delivered,2023-10-28 00:58:46,2023-10-28 14:58:46,2023-10-29 14:58:46,2023-11-12 14:58:46,2023-11-15 00:58:46
ORD002149,CUST001048,delivered,2023-03-06 16:40:20,2023-03-07 18:40:20,2023-03-09 18:40:20,2023-03-17 18:40:20,2023-03-22 16:40:20
ORD002150,CUST000500,shipped,2023-05-24 13:43:20,2023-05-24 21:43:20,2023-05-27 21:43:20,,2023-06-12 13:43:20
ORD002151,CUST001852,delivered,2023-09-10 17:49:34,2023-09-11 18:49:34,2023-09-12 18:49:34,2023-09-15 18:49:34,2023-10-05 17:49:34
ORD002152,CUST000408,delivered,2024-08-21 12:59:13,2024-08-23 06:59:13,2024-08-25 06:59:13,2024-09-05 06:59:13,2024-09-07 12:59:13
ORD002153,CUST001187,delivered,2023-12-31 21:12:48,2024-01-02 14:12:48,2024-01-03 14:12:48,2024-01-12 14:12:48,2024-01-21 21:12:48
ORD002154,CUST000002,shipped,2024-01-20 09:33:53,2024-01-21 05:33:53,2024-01-24 05:33:53,,2024-01-28 09:33:53
ORD002155,CUST000345,canceled,2023-01-27 07:52:35,,,,2023-02-20 07:52:35
ORD002156,CUST000694,approved,2023-11-28 00:05:25,2023-11-30 00:05:25,,,2023-12-15 00:05:25
ORD002157,CUST001972,delivered,2023-12-18 02:18:49,2023-12-18 16:18:49,2023-12-20 16:18:49,2024-01-03 16:18:49,2024-01-03 02:18:49
ORD002158,CUST000689,processing,2024-11-30 09:18:50,2024-12-01 11:18:50,,,2024-12-22 09:18:50
ORD002159,CUST001848,delivered,2023-05-25 06:34:27,2023-05-26 17:34:27,2023-05-27 17:34:27,2023-06-07 17:34:27,2023-06-01 06:34:27
ORD002160,CUST000959,delivered,2023-11-04 17:04:09,2023-11-05 08:04:09,2023-11-06 08:04:09,2023-11-12 08:04:09,2023-11-22 17:04:09
ORD002161,CUST000411,delivered,2023-10-10 13:45:41,2023-10-12 10:45:41,2023-10-13 10:45:41,2023-10-20 10:45:41,2023-11-01 13:45:41
ORD002162,CUST000459,shipped,2023-10-27 21:07:35,2023-10-28 07:07:35,2023-10-30 07:07:35,,2023-11-05 21:07:35
ORD002163,CUST001373,delivered,2023-04-28 09:29:32,2023-04-29 23:29:32,2023-05-01 23:29:32,2023-05-11 23:29:32,2023-05-21 09:29:32
ORD002164,CUST000835,shipped,2024-04-22 21:28:06,2024-04-23 11:28:06,2024-04-24 11:28:06,,2024-05-03 21:28:06
ORD002165,CUST000700,delivered,2024-12-05 00:17:38,2024-12-06 14:17:38,2024-12-08 14:17:38,2024-12-14 14:17:38,2024-12-19 00:17:38
ORD002166,CUST001637,delivered,2024-03-27 18:02:32,2024-03-28 22:02:32,2024-03-29 22:02:32,2024-04-08 22:02:32,2024-04-09 18:02:32
ORD002167,CUST000726,shipped,2023-02-23 19:14:10,2023-02-25 04:14:10,2023-02-26 04:14:10,,2023-03-03 19:14:10
ORD002168,CUST000014,delivered,2023-04-13 19:30:43,2023-04-14 11:30:43,2023-04-15 11:30:43,2023-04-21 11:30:43,2023-04-26 19:30:43
ORD002169,CUST000497,delivered,2024-08-19 03:04:10,2024-08-19 08:04:10,2024-08-21 08:04:10,2024-08-26 08:04:10,2024-09-08 03:04:10
ORD002170,CUST000700,delivered,2024-05-07 19:28:25,2024-05-09 12:28:25,2024-05-10 12:28:25,2024-05-24 12:28:25,2024-05-14 19:28:25
ORD002171,CUST000720,delivered,2024-05-12 19:58:13,2024-05-14 01:58:13,2024-05-15 01:58:13,2024-05-17 01:58:13,2024-05-31 19:58:13
ORD002172,CUST000410,delivered,2024-10-08 19:05:47,2024-10-09 15:05:47,2024-10-10 15:05:47,2024-10-17 15:05:47,2024-10-29 19:05:47
ORD002173,CUST000543,delivered,2023-02-24 14:48:06,2023-02-26 08:48:06,2023-02-27 08:48:06,2023-03-03 08:48:06,2023-03-16 14:48:06
ORD002174,CUST001067,delivered,2024-08-15 23:54:14,2024-08-17 22:54:14,2024-08-18 22:54:14,2024-08-25 22:54:14,2024-08-30 23:54:14
ORD002175,CUST000578,delivered,2023-07-03 07:08:33,2023-07-03 10:08:33,2023-07-04 10:08:33,2023-07-08 10:08:33,2023-07-16 07:08:33
ORD002176,CUST001627,invoiced,2023-02-25 06:44:10,2023-02-26 10:44:10,,,2023-03-14 06:44:10
ORD002177,CUST000792,canceled,2024-10-24 12:12:07,,,,2024-10-31 12:12:07
ORD002178,CUST001175,canceled,2024-11-22 11:53:07,,,,2024-12-03 11:53:07
ORD002179,CUST001630,delivered,2023-06-22 10:29:48,2023-06-22 17:29:48,2023-06-24 17:29:48,2023-07-08 17:29:48,2023-07-03 10:29:48
ORD002180,CUST000877,delivered,2023-01-28 14:41:55,2023-01-28 17:41:55,2023-01-29 17:41:55,2023-02-05 17:41:55,2023-02-06 14:41:55
ORD002181,CUST001376,delivered,2023-09-20 11:38:31,2023-09-22 00:38:31,2023-09-23 00:38:31,2023-09-25 00:38:31,2023-09-30 11:38:31
ORD002182,CUST000502,canceled,2024-02-16 15:27:08,,,,2024-02-29 15:27:08
ORD002183,CUST000027,delivered,2024-06-15 05:07:15,2024-06-15 14:07:15,2024-06-17 14:07:15,2024-06-19 14:07:15,2024-06-23 05:07:15
ORD002184,CUST001962,processing,2023-11-24 08:27:02,2023-11-25 22:27:02,,,2023-12-05 08:27:02
ORD002185,CUST000338,delivered,2023-07-08 06:24:41,2023-07-09 07:24:41,2023-07-10 07:24:41,2023-07-22 07:24:41,2023-07-15 06:24:41
ORD002186,CUST001373,delivered,2023-04-08 22:21:11,2023-04-09 03:21:11,2023-04-10 03:21:11,2023-04-24 03:21:11,2023-04-21 22:21:11
ORD002187,CUST001060,delivered,2023-09-20 19:26:56,2023-09-21 10:26:56,2023-09-24 10:26:56,2023-09-27 10:26:56,2023-10-03 19:26:56
ORD002188,CUST000879,delivered,2023-08-22 23:21:54,2023-08-23 11:21:54,2023-08-26 11:21:54,2023-09-03 11:21:54,2023-09-01 23:21:54
ORD002189,CUST000612,delivered,2023-08-08 05:45:51,2023-08-09 20:45:51,2023-08-11 20:45:51,2023-08-18 20:45:51,2023-08-28 05:45:51
ORD002190,CUST001803,delivered,2024-11-26 10:18:53,2024-11-27 00:18:53,2024-11-29 00:18:53,2024-12-03 00:18:53,2024-12-19 10:18:53
ORD002191,CUST001199,delivered,2024-02-14 10:51:52,2024-02-15 06:51:52,2024-02-18 06:51:52,2024-02-27 06:51:52,2024-03-05 10:51:52
ORD002192,CUST001209,delivered,2023-01-06 06:18:29,2023-01-07 15:18:29,2023-01-09 15:18:29,2023-01-17 15:18:29,2023-01-19 06:18:29
ORD002193,CUST001014,delivered,2023-10-02 06:19:49,2023-10-04 05:19:49,2023-10-07 05:19:49,2023-10-14 05:19:49,2023-10-16 06:19:49
ORD002194,CUST001823,delivered,2024-03-23 16:31:22,2024-03-24 23:31:22,2024-03-27 23:31:22,2024-04-11 23:31:22,2024-04-06 16:31:22
ORD002195,CUST001959,delivered,2023-10-11 20:51:24,2023-10-13 13:51:24,2023-10-15 13:51:24,2023-10-19 13:51:24,2023-11-02 20:51:24
ORD002196,CUST001762,delivered,2023-08-26 12:58:09,2023-08-26 18:58:09,2023-08-28 18:58:09,2023-09-10 18:58:09,2023-09-07 12:58:09
ORD002197,CUST001763,delivered,2024-01-28 14:43:10,2024-01-29 12:43:10,2024-02-01 12:43:10,2024-02-16 12:43:10,2024-02-06 14:43:10
ORD002198,CUST000328,delivered,2023-10-01 17:45:53,2023-10-02 18:45:53,2023-10-03 18:45:53,2023-10-10 18:45:53,2023-10-15 17:45:53
ORD002199,CUST000364,delivered,2024-10-16 18:36:04,2024-10-17 21:36:04,2024-10-19 21:36:04,2024-10-25 21:36:04,2024-10-26 18:36:04
ORD002200,CUST000560,shipped,2023-09-30 17:12:41,2023-10-01 17:12:41,2023-10-02 17:12:41,,2023-10-14 17:12:41
ORD002201,CUST000874,delivered,2024-02-19 21:10:32,2024-02-20 08:10:32,2024-02-22 08:10:32,2024-03-02 08:10:32,2024-03-05 21:10:32
ORD002202,CUST001703,delivered,2024-02-08 15:48:44,2024-02-10 10:48:44,2024-02-11 10:48:44,2024-02-18 10:48:44,2024-02-21 15:48:44
ORD002203,CUST000431,delivered,2024-07-28 21:08:15,2024-07-30 18:08:15,2024-08-01 18:08:15,2024-08-05 18:08:15,2024-08-22 21:08:15
ORD002204,CUST001234,delivered,2024-07-18 12:20:44,2024-07-18 22:20:44,2024-07-20 22:20:44,2024-07-25 22:20:44,2024-08-06 12:20:44
ORD002205,CUST001404,delivered,2024-05-20 21:34:05,2024-05-21 04:34:05,2024-05-23 04:34:05,2024-06-01 04:34:05,2024-05-29 21:34:05
ORD002206,CUST001455,delivered,2023-06-10 23:20:11,2023-06-12 17:20:11,2023-06-15 17:20:11,2023-06-23 17:20:11,2023-06-23 23:20:11
ORD002207,CUST000806,invoiced,2024-10-02 19:55:03,2024-10-03 16:55:03,,,2024-10-17 19:55:03
ORD002208,CUST001138,delivered,2023-08-06 10:26:07,2023-08-07 08:26:07,2023-08-10 08:26:07,2023-08-23 08:26:07,2023-08-26 10:26:07
ORD002209,CUST001896,delivered,2023-09-10 21:02:06,2023-09-11 04:02:06,2023-09-13 04:02:06,2023-09-26 04:02:06,2023-10-04 21:02:06
ORD002210,CUST001465,delivered,2023-05-31 10:46:41,2023-06-02 00:46:41,2023-06-05 00:46:41,2023-06-10 00:46:41,2023-06-24 10:46:41
ORD002211,CUST001633,delivered,2024-11-04 02:48:34,2024-11-05 01:48:34,2024-11-06 01:48:34,2024-11-18 01:48:34,2024-11-27 02:48:34
ORD002212,CUST000516,delivered,2023-03-27 03:41:44,2023-03-28 12:41:44,2023-03-31 12:41:44,2023-04-05 12:41:44,2023-04-17 03:41:44
ORD002213,CUST000382,delivered,2023-04-01 01:03:50,2023-04-02 09:03:50,2023-04-03 09:03:50,2023-04-12 09:03:50,2023-04-12 01:03:50
ORD002214,CUST001856,delivered,2024-01-24 02:08:44,2024-01-24 13:08:44,2024-01-25 13:08:44,2024-01-28 13:08:44,2024-02-08 02:08:44
ORD002215,CUST001394,delivered,2024-07-03 22:20:18,2024-07-05 05:20:18,2024-07-08 05:20:18,2024-07-21 05:20:18,2024-07-10 22:20:18
ORD002216,CUST000611,delivered,2024-07-23 05:05:41,2024-07-23 23:05:41,2024-07-26 23:05:41,2024-07-31 23:05:41,2024-08-02 05:05:41
ORD002217,CUST001397,approved,2023-05-15 04:27:34,2023-05-16 06:27:34,,,2023-05-28 04:27:34
ORD002218,CUST001321,shipped,2024-08-29 10:50:39,2024-08-30 15:50:39,2024-09-01 15:50:39,,2024-09-10 10:50:39
ORD002219,CUST001369,delivered,2023-11-28 23:23:26,2023-11-29 09:23:26,2023-12-02 09:23:26,2023-12-13 09:23:26,2023-12-10 23:23:26
ORD002220,CUST000843,delivered,2024-02-02 10:47:47,2024-02-03 12:47:47,2024-02-04 12:47:47,2024-02-19 12:47:47,2024-02-15 10:47:47
ORD002221,CUST001240,delivered,2024-09-04 03:57:51,2024-09-06 03:57:51,2024-09-09 03:57:51,2024-09-24 03:57:51,2024-09-29 03:57:51
ORD002222,CUST001602,delivered,2024-10-07 10:56:36,2024-10-08 12:56:36,2024-10-11 12:56:36,2024-10-17 12:56:36,2024-10-30 10:56:36
ORD002223,CUST000931,approved,2024-11-11 02:54:35,2024-11-11 10:54:35,,,2024-11-23 02:54:35
ORD002224,CUST000065,delivered,2024-10-19 15:03:32,2024-10-20 16:03:32,2024-10-23 16:03:32,2024-10-29 16:03:32,2024-11-13 15:03:32
ORD002225,CUST000928,delivered,2024-04-16 03:13:10,2024-04-17 08:13:10,2024-04-20 08:13:10,2024-04-22 08:13:10,2024-05-06 03:13:10
ORD002226,CUST000113,delivered,2024-11-29 20:03:01,2024-11-30 18:03:01,2024-12-01 18:03:01,2024-12-12 18:03:01,2024-12-09 20:03:01
ORD002227,CUST000675,invoiced,2023-02-03 03:49:06,2023-02-03 10:49:06,,,2023-02-15 03:49:06
ORD002228,CUST000109,delivered,2023-12-25 20:47:50,2023-12-26 22:47:50,2023-12-29 22:47:50,2024-01-03 22:47:50,2024-01-19 20:47:50
ORD002229,CUST000447,delivered,2024-09-08 09:54:25,2024-09-08 12:54:25,2024-09-09 12:54:25,2024-09-14 12:54:25,2024-09-22 09:54:25
ORD002230,CUST001625,approved,2023-08-26 09:54:34,2023-08-26 23:54:34,,,2023-09-17 09:54:34
ORD002231,CUST001837,shipped,2024-11-12 15:15:53,2024-11-14 10:15:53,2024-11-15 10:15:53,,2024-11-27 15:15:53
ORD002232,CUST000259,delivered,2024-06-30 03:39:18,2024-07-01 16:39:18,2024-07-04 16:39:18,2024-07-18 16:39:18,2024-07-15 03:39:18
ORD002233,CUST000052,invoiced,2023-04-01 02:15:36,2023-04-02 06:15:36,,,2023-04-23 02:15:36
ORD002234,CUST001853,delivered,2024-09-06 07:52:58,2024-09-07 00:52:58,2024-09-10 00:52:58,2024-09-13 00:52:58,2024-09-16 07:52:58
ORD002235,CUST001017,approved,2024-02-15 00:22:46,2024-02-16 14:22:46,,,2024-03-11 00:22:46
ORD002236,CUST000784,delivered,2024-11-09 23:56:45,2024-11-10 01:56:45,2024-11-11 01:56:45,2024-11-26 01:56:45,2024-11-25 23:56:45
ORD002237,CUST000583,canceled,2024-11-02 05:52:54,,,,2024-11-10 05:52:54
ORD002238,CUST000944,delivered,2023-06-04 19:17:00,2023-06-05 22:17:00,2023-06-07 22:17:00,2023-06-10 22:17:00,2023-06-23 19:17:00
ORD002239,CUST000298,delivered,2024-07-11 01:12:02,2024-07-11 06:12:02,2024-07-14 06:12:02,2024-07-25 06:12:02,2024-07-19 01:12:02
ORD002240,CUST001253,delivered,2023-09-10 10:37:50,2023-09-10 23:37:50,2023-09-12 23:37:50,2023-09-22 23:37:50,2023-09-27 10:37:50
ORD002241,CUST001883,delivered,2023-11-06 20:09:10,2023-11-07 06:09:10,2023-11-08 06:09:10,2023-11-13 06:09:10,2023-11-23 20:09:10
ORD002242,CUST001044,delivered,2023-07-22 02:43:09,2023-07-23 23:43:09,2023-07-25 23:43:09,2023-08-05 23:43:09,2023-08-01 02:43:09
ORD002243,CUST001180,delivered,2024-05-12 21:32:32,2024-05-14 08:32:32,2024-05-16 08:32:32,2024-05-18 08:32:32,2024-05-21 21:32:32
ORD002244,CUST001781,delivered,2023-11-28 17:29:46,2023-11-30 14:29:46,2023-12-01 14:29:46,2023-12-15 14:29:46,2023-12-20 17:29:46
ORD002245,CUST001686,processing,2023-04-29 07:24:04,2023-05-01 05:24:04,,,2023-05-09 07:24:04
ORD002246,CUST001983,canceled,2024-08-19 11:15:58,,,,2024-08-26 11:15:58
ORD002247,CUST001461,canceled,2023-05-19 11:02:54,,,,2023-05-26 11:02:54
ORD002248,CUST000231,delivered,2023-06-15 18:57:36,2023-06-17 12:57:36,2023-06-18 12:57:36,2023-06-24 12:57:36,2023-06-24 18:57:36
ORD002249,CUST001190,processing,2023-05-03 04:49:29,2023-05-04 10:49:29,,,2023-05-19 04:49:29
ORD002250,CUST001574,canceled,2023-11-21 04:58:39,,,,2023-11-30 04:58:39
ORD002251,CUST000312,invoiced,2024-09-14 07:45:34,2024-09-15 14:45:34,,,2024-10-07 07:45:34
ORD002252,CUST001237,delivered,2024-01-13 17:52:17,2024-01-14 21:52:17,2024-01-15 21:52:17,2024-01-26 21:52:17,2024-01-22 17:52:17
ORD002253,CUST000294,shipped,2023-09-02 20:10:28,2023-09-03 02:10:28,2023-09-04 02:10:28,,2023-09-24 20:10:28
ORD002254,CUST000683,approved,2023-11-05 22:22:45,2023-11-07 17:22:45,,,2023-11-24 22:22:45
ORD002255,CUST000819,approved,2023-05-06 21:01:46,2023-05-07 08:01:46,,,2023-05-20 21:01:46
ORD002256,CUST000740,delivered,2024-10-18 05:31:30,2024-10-19 00:31:30,2024-10-20 00:31:30,2024-10-23 00:31:30,2024-11-01 05:31:30
ORD002257,CUST000157,delivered,2023-03-26 12:12:56,2023-03-26 16:12:56,2023-03-28 16:12:56,2023-04-08 16:12:56,2023-04-15 12:12:56
ORD002258,CUST001988,delivered,2024-11-08 06:45:19,2024-11-09 09:45:19,2024-11-12 09:45:19,2024-11-18 09:45:19,2024-11-26 06:45:19
ORD002259,CUST000534,approved,2023-12-12 06:05:17,2023-12-12 18:05:17,,,2024-01-03 06:05:17
ORD002260,CUST001056,delivered,2023-11-16 02:43:57,2023-11-17 19:43:57,2023-11-19 19:43:57,2023-11-25 19:43:57,2023-12-08 02:43:57
ORD002261,CUST001419,delivered,2023-03-08 16:59:10,2023-03-10 07:59:10,2023-03-13 07:59:10,2023-03-24 07:59:10,2023-03-23 16:59:10
ORD002262,CUST000953,canceled,2024-06-17 19:08:26,,,,2024-07-05 19:08:26
ORD002263,CUST001720,delivered,2024-03-12 14:12:54,2024-03-13 23:12:54,2024-03-16 23:12:54,2024-03-27 23:12:54,2024-03-26 14:12:54
ORD002264,CUST000939,delivered,2023-03-01 01:06:54,2023-03-02 15:06:54,2023-03-05 15:06:54,2023-03-18 15:06:54,2023-03-18 01:06:54
ORD002265,CUST001550,delivered,2024-03-19 16:26:08,2024-03-21 11:26:08,2024-03-23 11:26:08,2024-03-28 11:26:08,2024-04-06 16:26:08
ORD002266,CUST000552,delivered,2024-01-08 18:22:53,2024-01-09 04:22:53,2024-01-10 04:22:53,2024-01-19 04:22:53,2024-01-17 18:22:53
ORD002267,CUST001211,delivered,2024-04-11 05:40:55,2024-04-11 14:40:55,2024-04-14 14:40:55,2024-04-21 14:40:55,2024-04-30 05:40:55
ORD002268,CUST000024,delivered,2024-01-11 00:56:33,2024-01-11 01:56:33,2024-01-13 01:56:33,2024-01-15 01:56:33,2024-01-19 00:56:33
ORD002269,CUST001186,processing,2023-03-26 10:42:23,2023-03-28 04:42:23,,,2023-04-10 10:42:23
ORD002270,CUST000437,delivered,2023-04-24 08:06:01,2023-04-25 09:06:01,2023-04-28 09:06:01,2023-05-10 09:06:01,2023-05-14 08:06:01
ORD002271,CUST000639,delivered,2023-07-04 09:29:27,2023-07-06 06:29:27,2023-07-09 06:29:27,2023-07-18 06:29:27,2023-07-14 09:29:27
ORD002272,CUST001762,invoiced,2023-01-06 00:07:29,2023-01-07 03:07:29,,,2023-01-26 00:07:29
ORD002273,CUST001873,delivered,2024-07-08 21:49:38,2024-07-09 15:49:38,2024-07-10 15:49:38,2024-07-19 15:49:38,2024-07-19 21:49:38
ORD002274,CUST001260,delivered,2024-07-03 05:07:24,2024-07-04 08:07:24,2024-07-05 08:07:24,2024-07-10 08:07:24,2024-07-26 05:07:24
ORD002275,CUST000342,delivered,2023-04-24 04:25:53,2023-04-25 23:25:53,2023-04-26 23:25:53,2023-04-30 23:25:53,2023-05-08 04:25:53
ORD002276,CUST001075,delivered,2023-05-27 20:06:19,2023-05-28 08:06:19,2023-05-31 08:06:19,2023-06-04 08:06:19,2023-06-12 20:06:19
ORD002277,CUST000630,delivered,2023-01-14 19:31:01,2023-01-15 16:31:01,2023-01-16 16:31:01,2023-01-26 16:31:01,2023-01-27 19:31:01
ORD002278,CUST001037,delivered,2024-01-02 22:03:49,2024-01-03 18:03:49,2024-01-04 18:03:49,2024-01-06 18:03:49,2024-01-17 22:03:49
ORD002279,CUST000390,delivered,2023-04-05 01:25:13,2023-04-06 13:25:13,2023-04-08 13:25:13,2023-04-17 13:25:13,2023-04-15 01:25:13
ORD002280,CUST001987,processing,2023-08-22 13:34:53,2023-08-22 20:34:53,,,2023-09-01 13:34:53
ORD002281,CUST001739,delivered,2023-09-10 12:38:05,2023-09-11 09:38:05,2023-09-12 09:38:05,2023-09-19 09:38:05,2023-10-01 12:38:05
ORD002282,CUST001042,delivered,2023-05-30 05:59:51,2023-05-31 15:59:51,2023-06-03 15:59:51,2023-06-07 15:59:51,2023-06-06 05:59:51
ORD002283,CUST000582,delivered,2024-03-23 10:31:54,2024-03-25 07:31:54,2024-03-28 07:31:54,2024-04-04 07:31:54,2024-04-14 10:31:54
ORD002284,CUST001304,delivered,2024-07-23 01:29:25,2024-07-24 07:29:25,2024-07-27 07:29:25,2024-08-01 07:29:25,2024-07-30 01:29:25
ORD002285,CUST001321,delivered,2023-05-11 19:40:37,2023-05-12 00:40:37,2023-05-13 00:40:37,2023-05-19 00:40:37,2023-05-21 19:40:37
ORD002286,CUST000296,canceled,2024-09-28 10:28:29,,,,2024-10-15 10:28:29
ORD002287,CUST001850,delivered,2023-09-06 10:58:09,2023-09-07 08:58:09,2023-09-08 08:58:09,2023-09-22 08:58:09,2023-09-29 10:58:09
ORD002288,CUST000746,delivered,2023-04-08 23:52:35,2023-04-10 06:52:35,2023-04-13 06:52:35,2023-04-21 06:52:35,2023-04-29 23:52:35
ORD002289,CUST000363,delivered,2023-10-22 22:53:39,2023-10-23 01:53:39,2023-10-24 01:53:39,2023-10-27 01:53:39,2023-11-14 22:53:39
ORD002290,CUST001220,canceled,2024-11-21 20:13:25,,,,2024-12-05 20:13:25
ORD002291,CUST000764,delivered,2023-01-24 14:02:11,2023-01-25 13:02:11,2023-01-27 13:02:11,2023-02-06 13:02:11,2023-01-31 14:02:11
ORD002292,CUST001008,delivered,2024-11-20 08:16:38,2024-11-21 22:16:38,2024-11-22 22:16:38,2024-12-04 22:16:38,2024-12-01 08:16:38
ORD002293,CUST001960,shipped,2023-04-10 08:04:47,2023-04-12 00:04:47,2023-04-15 00:04:47,,2023-05-01 08:04:47
ORD002294,CUST001416,shipped,2023-09-14 08:43:18,2023-09-15 10:43:18,2023-09-18 10:43:18,,2023-10-09 08:43:18
ORD002295,CUST001303,shipped,2023-01-15 11:36:43,2023-01-16 23:36:43,2023-01-18 23:36:43,,2023-02-02 11:36:43
ORD002296,CUST001054,delivered,2024-05-19 13:32:49,2024-05-20 09:32:49,2024-05-23 09:32:49,2024-06-06 09:32:49,2024-05-26 13:32:49
ORD002297,CUST001103,delivered,2024-07-11 10:07:51,2024-07-13 10:07:51,2024-07-14 10:07:51,2024-07-29 10:07:51,2024-07-31 10:07:51
ORD002298,CUST000502,delivered,2024-09-09 15:39:11,2024-09-09 19:39:11,2024-09-12 19:39:11,2024-09-18 19:39:11,2024-09-27 15:39:11
ORD002299,CUST001433,delivered,2023-06-06 18:55:34,2023-06-08 05:55:34,2023-06-10 05:55:34,2023-06-12 05:55:34,2023-06-25 18:55:34
ORD002300,CUST000915,delivered,2023-03-10 01:45:53,2023-03-11 04:45:53,2023-03-13 04:45:53,2023-03-18 04:45:53,2023-03-24 01:45:53
ORD002301,CUST001454,delivered,2024-04-08 09:57:10,2024-04-08 12:57:10,2024-04-09 12:57:10,2024-04-17 12:57:10,2024-04-25 09:57:10
ORD002302,CUST000885,delivered,2023-05-28 16:10:16,2023-05-29 07:10:16,2023-05-31 07:10:16,2023-06-12 07:10:16,2023-06-21 16:10:16
ORD002303,CUST000354,delivered,2023-03-12 10:52:49,2023-03-13 22:52:49,2023-03-14 22:52:49,2023-03-18 22:52:49,2023-03-30 10:52:49
ORD002304,CUST001908,delivered,2023-08-14 23:07:13,2023-08-15 17:07:13,2023-08-16 17:07:13,2023-08-25 17:07:13,2023-09-02 23:07:13
ORD002305,CUST001911,delivered,2024-09-22 22:20:49,2024-09-24 14:20:49,2024-09-26 14:20:49,2024-10-02 14:20:49,2024-10-07 22:20:49
ORD002306,CUST001979,delivered,2023-11-05 16:44:31,2023-11-07 00:44:31,2023-11-08 00:44:31,2023-11-15 00:44:31,2023-11-12 16:44:31
ORD002307,CUST000643,delivered,2024-06-28 10:16:00,2024-06-29 02:16:00,2024-07-02 02:16:00,2024-07-06 02:16:00,2024-07-13 10:16:00
ORD002308,CUST001130,delivered,2023-06-28 07:44:24,2023-06-28 08:44:24,2023-06-29 08:44:24,2023-07-05 08:44:24,2023-07-07 07:44:24
ORD002309,CUST000320,delivered,2024-04-10 04:35:17,2024-04-12 03:35:17,2024-04-14 03:35:17,2024-04-21 03:35:17,2024-04-24 04:35:17
ORD002310,CUST000132,delivered,2024-02-12 21:51:29,2024-02-14 08:51:29,2024-02-16 08:51:29,2024-02-23 08:51:29,2024-03-04 21:51:29
ORD002311,CUST000336,canceled,2023-10-16 21:17:51,,,,2023-11-04 21:17:51
ORD002312,CUST000364,delivered,2023-06-28 18:10:03,2023-06-29 19:10:03,2023-06-30 19:10:03,2023-07-04 19:10:03,2023-07-13 18:10:03
ORD002313,CUST000943,delivered,2023-06-18 13:25:55,2023-06-19 05:25:55,2023-06-20 05:25:55,2023-06-25 05:25:55,2023-06-29 13:25:55
ORD002314,CUST000307,delivered,2024-09-27 12:18:14,2024-09-28 07:18:14,2024-09-30 07:18:14,2024-10-04 07:18:14,2024-10-11 12:18:14
ORD002315,CUST000646,delivered,2023-03-26 11:43:45,2023-03-26 20:43:45,2023-03-29 20:43:45,2023-04-06 20:43:45,2023-04-09 11:43:45
ORD002316,CUST000004,delivered,2023-02-17 10:10:39,2023-02-17 19:10:39,2023-02-20 19:10:39,2023-02-28 19:10:39,2023-03-08 10:10:39
ORD002317,CUST001726,delivered,2023-07-08 22:28:22,2023-07-10 03:28:22,2023-07-11 03:28:22,2023-07-14 03:28:22,2023-07-30 22:28:22
ORD002318,CUST000010,delivered,2023-10-30 05:42:54,2023-10-30 14:42:54,2023-10-31 14:42:54,2023-11-06 14:42:54,2023-11-08 05:42:54
ORD002319,CUST001905,delivered,2024-02-22 16:53:38,2024-02-23 04:53:38,2024-02-24 04:53:38,2024-03-02 04:53:38,2024-03-07 16:53:38
ORD002320,CUST000419,canceled,2024-08-27 06:24:40,,,,2024-09-15 06:24:40
ORD002321,CUST001585,delivered,2024-09-10 07:38:34,2024-09-10 08:38:34,2024-09-12 08:38:34,2024-09-17 08:38:34,2024-09-21 07:38:34
ORD002322,CUST000365,approved,2023-12-30 01:12:07,2023-12-30 09:12:07,,,2024-01-13 01:12:07
ORD002323,CUST000078,delivered,2024-08-23 05:42:44,2024-08-24 01:42:44,2024-08-27 01:42:44,2024-09-10 01:42:44,2024-09-10 05:42:44
ORD002324,CUST001503,delivered,2023-01-08 06:44:01,2023-01-09 09:44:01,2023-01-10 09:44:01,2023-01-22 09:44:01,2023-02-02 06:44:01
ORD002325,CUST000806,delivered,2023-02-19 03:52:05,2023-02-20 21:52:05,2023-02-21 21:52:05,2023-02-26 21:52:05,2023-03-09 03:52:05
ORD002326,CUST001524,delivered,2024-09-25 08:13:02,2024-09-26 16:13:02,2024-09-27 16:13:02,2024-10-08 16:13:02,2024-10-03 08:13:02
ORD002327,CUST000952,delivered,2023-01-03 02:06:59,2023-01-03 14:06:59,2023-01-06 14:06:59,2023-01-17 14:06:59,2023-01-20 02:06:59
ORD002328,CUST000942,delivered,2024-03-16 03:37:15,2024-03-16 15:37:15,2024-03-18 15:37:15,2024-03-26 15:37:15,2024-03-31 03:37:15
ORD002329,CUST001099,delivered,2024-12-17 17:55:17,2024-12-19 17:55:17,2024-12-21 17:55:17,2024-12-28 17:55:17,2025-01-02 17:55:17
ORD002330,CUST001359,delivered,2023-01-03 16:21:56,2023-01-05 08:21:56,2023-01-06 08:21:56,2023-01-11 08:21:56,2023-01-10 16:21:56
ORD002331,CUST000020,delivered,2023-10-20 12:31:45,2023-10-21 02:31:45,2023-10-22 02:31:45,2023-11-04 02:31:45,2023-11-03 12:31:45
ORD002332,CUST001016,delivered,2023-03-26 14:01:11,2023-03-27 20:01:11,2023-03-29 20:01:11,2023-04-12 20:01:11,2023-04-19 14:01:11
ORD002333,CUST001051,delivered,2023-03-19 10:22:17,2023-03-20 05:22:17,2023-03-22 05:22:17,2023-04-04 05:22:17,2023-04-04 10:22:17
ORD002334,CUST001693,delivered,2023-09-08 16:09:47,2023-09-10 16:09:47,2023-09-11 16:09:47,2023-09-22 16:09:47,2023-09-24 16:09:47
ORD002335,CUST001522,delivered,2023-12-28 07:07:45,2023-12-30 04:07:45,2023-12-31 04:07:45,2024-01-03 04:07:45,2024-01-18 07:07:45
ORD002336,CUST000695,invoiced,2024-05-25 15:34:46,2024-05-27 13:34:46,,,2024-06-14 15:34:46
ORD002337,CUST001873,delivered,2023-12-15 02:07:36,2023-12-16 21:07:36,2023-12-18 21:07:36,2023-12-30 21:07:36,2024-01-04 02:07:36
ORD002338,CUST000539,delivered,2023-03-10 04:33:06,2023-03-11 17:33:06,2023-03-12 17:33:06,2023-03-22 17:33:06,2023-03-19 04:33:06
ORD002339,CUST000484,delivered,2024-12-18 23:35:35,2024-12-20 11:35:35,2024-12-21 11:35:35,2024-12-29 11:35:35,2024-12-27 23:35:35
ORD002340,CUST001241,delivered,2024-10-01 02:10:47,2024-10-01 18:10:47,2024-10-02 18:10:47,2024-10-14 18:10:47,2024-10-11 02:10:47
ORD002341,CUST000761,delivered,2024-02-05 17:25:12,2024-02-07 13:25:12,2024-02-09 13:25:12,2024-02-11 13:25:12,2024-02-24 17:25:12
ORD002342,CUST001092,delivered,2024-10-06 17:23:49,2024-10-07 07:23:49,2024-10-09 07:23:49,2024-10-14 07:23:49,2024-10-17 17:23:49
ORD002343,CUST001519,delivered,2023-06-04 07:13:27,2023-06-04 15:13:27,2023-06-07 15:13:27,2023-06-14 15:13:27,2023-06-29 07:13:27
ORD002344,CUST000521,processing,2023-06-09 02:36:26,2023-06-10 03:36:26,,,2023-07-02 02:36:26
ORD002345,CUST001354,delivered,2023-10-19 23:33:39,2023-10-21 02:33:39,2023-10-22 02:33:39,2023-10-31 02:33:39,2023-10-28 23:33:39
ORD002346,CUST000285,processing,2023-03-27 10:24:55,2023-03-29 01:24:55,,,2023-04-12 10:24:55
ORD002347,CUST000241,delivered,2023-07-17 00:47:07,2023-07-19 00:47:07,2023-07-20 00:47:07,2023-07-29 00:47:07,2023-08-03 00:47:07
ORD002348,CUST001656,delivered,2023-09-09 20:44:44,2023-09-11 09:44:44,2023-09-14 09:44:44,2023-09-18 09:44:44,2023-09-23 20:44:44
ORD002349,CUST001239,delivered,2024-12-20 02:39:47,2024-12-20 19:39:47,2024-12-22 19:39:47,2024-12-29 19:39:47,2025-01-12 02:39:47
ORD002350,CUST001723,delivered,2024-01-25 13:50:05,2024-01-25 22:50:05,2024-01-27 22:50:05,2024-02-10 22:50:05,2024-02-18 13:50:05
ORD002351,CUST000716,delivered,2024-12-31 09:23:17,2025-01-02 04:23:17,2025-01-05 04:23:17,2025-01-10 04:23:17,2025-01-22 09:23:17
ORD002352,CUST001716,delivered,2024-02-27 12:28:11,2024-02-28 10:28:11,2024-02-29 10:28:11,2024-03-10 10:28:11,2024-03-09 12:28:11
ORD002353,CUST001300,delivered,2023-02-12 03:25:53,2023-02-12 21:25:53,2023-02-15 21:25:53,2023-03-02 21:25:53,2023-02-19 03:25:53
ORD002354,CUST000023,delivered,2024-02-02 12:51:21,2024-02-03 16:51:21,2024-02-05 16:51:21,2024-02-11 16:51:21,2024-02-14 12:51:21
ORD002355,CUST001625,processing,2024-03-17 16:12:22,2024-03-18 07:12:22,,,2024-04-04 16:12:22
ORD002356,CUST001481,delivered,2023-03-07 05:15:39,2023-03-07 23:15:39,2023-03-09 23:15:39,2023-03-16 23:15:39,2023-03-21 05:15:39
ORD002357,CUST001202,invoiced,2023-09-12 17:48:15,2023-09-13 17:48:15,,,2023-10-01 17:48:15
ORD002358,CUST000900,delivered,2023-11-18 14:03:01,2023-11-19 17:03:01,2023-11-21 17:03:01,2023-12-01 17:03:01,2023-12-09 14:03:01
ORD002359,CUST000774,delivered,2024-06-07 10:41:10,2024-06-07 21:41:10,2024-06-08 21:41:10,2024-06-14 21:41:10,2024-07-02 10:41:10
ORD002360,CUST001096,shipped,2023-10-22 13:23:03,2023-10-22 15:23:03,2023-10-24 15:23:03,,2023-11-11 13:23:03
ORD002361,CUST001791,delivered,2024-10-02 05:01:39,2024-10-03 08:01:39,2024-10-06 08:01:39,2024-10-10 08:01:39,2024-10-27 05:01:39
ORD002362,CUST001825,delivered,2024-03-04 11:54:19,2024-03-05 09:54:19,2024-03-06 09:54:19,2024-03-10 09:54:19,2024-03-12 11:54:19
ORD002363,CUST001536,delivered,2024-03-07 04:36:04,2024-03-08 07:36:04,2024-03-11 07:36:04,2024-03-20 07:36:04,2024-03-19 04:36:04
ORD002364,CUST000539,delivered,2024-09-03 08:25:32,2024-09-05 05:25:32,2024-09-06 05:25:32,2024-09-17 05:25:32,2024-09-24 08:25:32
ORD002365,CUST001873,delivered,2024-08-21 07:50:47,2024-08-22 01:50:47,2024-08-23 01:50:47,2024-08-26 01:50:47,2024-09-01 07:50:47
ORD002366,CUST001275,delivered,2024-08-12 04:00:50,2024-08-13 23:00:50,2024-08-15 23:00:50,2024-08-17 23:00:50,2024-08-24 04:00:50
ORD002367,CUST000300,delivered,2023-05-31 07:07:54,2023-06-01 15:07:54,2023-06-03 15:07:54,2023-06-13 15:07:54,2023-06-07 07:07:54
ORD002368,CUST000271,approved,2023-10-21 12:33:25,2023-10-23 11:33:25,,,2023-11-15 12:33:25
ORD002369,CUST001035,delivered,2024-04-19 04:59:09,2024-04-20 14:59:09,2024-04-22 14:59:09,2024-05-05 14:59:09,2024-04-27 04:59:09
ORD002370,CUST001040,delivered,2024-04-14 00:52:55,2024-04-15 18:52:55,2024-04-18 18:52:55,2024-04-28 18:52:55,2024-04-25 00:52:55
ORD002371,CUST000579,delivered,2023-04-06 10:39:12,2023-04-08 06:39:12,2023-04-09 06:39:12,2023-04-23 06:39:12,2023-04-20 10:39:12
ORD002372,CUST000939,delivered,2023-07-17 16:11:28,2023-07-18 02:11:28,2023-07-21 02:11:28,2023-07-23 02:11:28,2023-08-11 16:11:28
ORD002373,CUST001068,delivered,2024-12-16 09:49:13,2024-12-18 07:49:13,2024-12-20 07:49:13,2024-12-29 07:49:13,2025-01-04 09:49:13
ORD002374,CUST000065,delivered,2024-03-31 00:25:40,2024-04-01 03:25:40,2024-04-04 03:25:40,2024-04-09 03:25:40,2024-04-11 00:25:40
ORD002375,CUST001907,delivered,2024-06-16 15:31:21,2024-06-16 23:31:21,2024-06-17 23:31:21,2024-06-21 23:31:21,2024-06-27 15:31:21
ORD002376,CUST001085,canceled,2023-01-28 01:47:03,,,,2023-02-20 01:47:03
ORD002377,CUST000842,canceled,2023-10-27 18:19:38,,,,2023-11-07 18:19:38
ORD002378,CUST001627,delivered,2024-02-02 09:12:57,2024-02-03 20:12:57,2024-02-04 20:12:57,2024-02-09 20:12:57,2024-02-15 09:12:57
ORD002379,CUST001524,delivered,2024-03-09 16:26:00,2024-03-10 17:26:00,2024-03-11 17:26:00,2024-03-25 17:26:00,2024-04-01 16:26:00
ORD002380,CUST001273,delivered,2023-06-20 19:40:12,2023-06-22 03:40:12,2023-06-25 03:40:12,2023-07-08 03:40:12,2023-06-29 19:40:12
ORD002381,CUST000977,delivered,2024-12-15 07:31:51,2024-12-16 05:31:51,2024-12-19 05:31:51,2024-12-31 05:31:51,2024-12-30 07:31:51
ORD002382,CUST001798,canceled,2024-09-13 10:24:51,,,,2024-09-24 10:24:51
ORD002383,CUST000842,approved,2023-01-25 20:28:20,2023-01-26 23:28:20,,,2023-02-09 20:28:20
ORD002384,CUST000913,delivered,2024-08-04 01:53:35,2024-08-04 14:53:35,2024-08-05 14:53:35,2024-08-11 14:53:35,2024-08-22 01:53:35
ORD002385,CUST000420,invoiced,2023-04-06 20:31:54,2023-04-07 20:31:54,,,2023-04-14 20:31:54
ORD002386,CUST001657,delivered,2024-10-30 00:01:59,2024-10-30 22:01:59,2024-11-01 22:01:59,2024-11-09 22:01:59,2024-11-09 00:01:59
ORD002387,CUST001134,shipped,2024-05-01 12:33:37,2024-05-02 22:33:37,2024-05-05 22:33:37,,2024-05-09 12:33:37
ORD002388,CUST001259,delivered,2024-07-07 01:46:34,2024-07-08 11:46:34,2024-07-11 11:46:34,2024-07-21 11:46:34,2024-08-01 01:46:34
ORD002389,CUST001056,delivered,2024-10-16 01:18:02,2024-10-17 18:18:02,2024-10-18 18:18:02,2024-10-20 18:18:02,2024-11-01 01:18:02
ORD002390,CUST001007,delivered,2023-03-04 09:54:03,2023-03-05 08:54:03,2023-03-07 08:54:03,2023-03-15 08:54:03,2023-03-27 09:54:03
ORD002391,CUST000506,delivered,2023-12-15 02:45:41,2023-12-16 00:45:41,2023-12-17 00:45:41,2023-12-27 00:45:41,2023-12-25 02:45:41
ORD002392,CUST000635,delivered,2023-10-09 18:45:08,2023-10-11 01:45:08,2023-10-13 01:45:08,2023-10-22 01:45:08,2023-10-26 18:45:08
ORD002393,CUST000495,delivered,2023-12-27 18:24:41,2023-12-27 21:24:41,2023-12-30 21:24:41,2024-01-11 21:24:41,2024-01-03 18:24:41
ORD002394,CUST001902,delivered,2023-04-16 14:41:03,2023-04-17 11:41:03,2023-04-19 11:41:03,2023-04-25 11:41:03,2023-05-07 14:41:03
ORD002395,CUST000006,processing,2023-04-23 17:43:59,2023-04-24 22:43:59,,,2023-05-17 17:43:59
ORD002396,CUST000276,delivered,2023-09-26 01:18:50,2023-09-27 16:18:50,2023-09-28 16:18:50,2023-10-02 16:18:50,2023-10-17 01:18:50
ORD002397,CUST001489,delivered,2024-11-03 03:44:22,2024-11-04 18:44:22,2024-11-07 18:44:22,2024-11-20 18:44:22,2024-11-27 03:44:22
ORD002398,CUST001606,delivered,2024-10-23 07:26:05,2024-10-23 14:26:05,2024-10-25 14:26:05,2024-10-28 14:26:05,2024-11-02 07:26:05
ORD002399,CUST001902,canceled,2024-01-10 18:47:07,,,,2024-01-30 18:47:07
ORD002400,CUST000953,delivered,2024-06-13 15:22:44,2024-06-15 04:22:44,2024-06-18 04:22:44,2024-06-27 04:22:44,2024-07-02 15:22:44
ORD002401,CUST001483,delivered,2024-03-25 12:58:14,2024-03-27 10:58:14,2024-03-30 10:58:14,2024-04-04 10:58:14,2024-04-07 12:58:14
ORD002402,CUST001640,delivered,2023-06-13 15:04:00,2023-06-13 18:04:00,2023-06-16 18:04:00,2023-06-23 18:04:00,2023-06-20 15:04:00
ORD002403,CUST001591,delivered,2023-12-07 19:31:35,2023-12-08 08:31:35,2023-12-10 08:31:35,2023-12-17 08:31:35,2023-12-31 19:31:35
ORD002404,CUST001105,delivered,2023-03-10 21:24:38,2023-03-11 18:24:38,2023-03-13 18:24:38,2023-03-26 18:24:38,2023-03-21 21:24:38
ORD002405,CUST001832,delivered,2024-07-12 13:27:26,2024-07-13 05:27:26,2024-07-14 05:27:26,2024-07-25 05:27:26,2024-08-06 13:27:26
ORD002406,CUST001082,delivered,2024-06-05 05:56:17,2024-06-06 06:56:17,2024-06-08 06:56:17,2024-06-20 06:56:17,2024-06-16 05:56:17
ORD002407,CUST000509,canceled,2023-04-07 17:02:38,,,,2023-04-29 17:02:38
ORD002408,CUST000314,delivered,2023-12-10 20:22:22,2023-12-12 16:22:22,2023-12-14 16:22:22,2023-12-24 16:22:22,2023-12-25 20:22:22
ORD002409,CUST000187,delivered,2024-03-11 15:34:26,2024-03-13 06:34:26,2024-03-14 06:34:26,2024-03-16 06:34:26,2024-03-24 15:34:26
ORD002410,CUST001876,shipped,2023-01-07 05:31:13,2023-01-08 03:31:13,2023-01-09 03:31:13,,2023-01-19 05:31:13
ORD002411,CUST001556,delivered,2024-04-18 06:30:31,2024-04-19 07:30:31,2024-04-21 07:30:31,2024-05-02 07:30:31,2024-05-12 06:30:31
ORD002412,CUST001991,delivered,2024-10-24 08:04:55,2024-10-24 13:04:55,2024-10-27 13:04:55,2024-11-03 13:04:55,2024-11-01 08:04:55
ORD002413,CUST000422,delivered,2023-06-18 11:38:54,2023-06-19 21:38:54,2023-06-21 21:38:54,2023-06-27 21:38:54,2023-07-08 11:38:54
ORD002414,CUST001537,delivered,2023-04-20 08:41:07,2023-04-21 19:41:07,2023-04-23 19:41:07,2023-05-08 19:41:07,2023-05-03 08:41:07
ORD002415,CUST001989,canceled,2023-01-08 19:29:05,,,,2023-01-30 19:29:05
ORD002416,CUST001373,delivered,2023-05-09 00:17:25,2023-05-09 15:17:25,2023-05-12 15:17:25,2023-05-27 15:17:25,2023-05-21 00:17:25
ORD002417,CUST001025,delivered,2024-05-10 17:17:54,2024-05-12 17:17:54,2024-05-13 17:17:54,2024-05-16 17:17:54,2024-06-02 17:17:54
ORD002418,CUST000579,delivered,2023-10-27 05:06:17,2023-10-29 02:06:17,2023-11-01 02:06:17,2023-11-10 02:06:17,2023-11-19 05:06:17
ORD002419,CUST001295,delivered,2024-02-04 07:13:27,2024-02-05 22:13:27,2024-02-06 22:13:27,2024-02-08 22:13:27,2024-02-25 07:13:27
ORD002420,CUST001955,delivered,2023-03-26 05:19:52,2023-03-26 15:19:52,2023-03-29 15:19:52,2023-04-13 15:19:52,2023-04-10 05:19:52
ORD002421,CUST000823,delivered,2023-05-25 07:02:37,2023-05-26 02:02:37,2023-05-28 02:02:37,2023-06-02 02:02:37,2023-06-02 07:02:37
ORD002422,CUST000808,delivered,2023-12-24 23:58:50,2023-12-26 20:58:50,2023-12-29 20:58:50,2024-01-07 20:58:50,2024-01-15 23:58:50
ORD002423,CUST001878,shipped,2023-04-07 22:32:19,2023-04-09 20:32:19,2023-04-11 20:32:19,,2023-04-17 22:32:19
ORD002424,CUST000378,delivered,2024-11-25 21:06:12,2024-11-27 04:06:12,2024-11-28 04:06:12,2024-12-06 04:06:12,2024-12-13 21:06:12
ORD002425,CUST000083,delivered,2024-12-27 22:12:22,2024-12-29 00:12:22,2024-12-31 00:12:22,2025-01-14 00:12:22,2025-01-17 22:12:22
ORD002426,CUST001181,delivered,2024-02-21 10:46:36,2024-02-23 02:46:36,2024-02-26 02:46:36,2024-03-09 02:46:36,2024-03-11 10:46:36
ORD002427,CUST001507,delivered,2024-06-20 08:32:20,2024-06-21 02:32:20,2024-06-22 02:32:20,2024-06-24 02:32:20,2024-07-08 08:32:20
ORD002428,CUST001911,invoiced,2023-06-05 05:52:45,2023-06-06 00:52:45,,,2023-06-16 05:52:45
ORD002429,CUST001947,delivered,2024-11-21 13:49:49,2024-11-22 13:49:49,2024-11-23 13:49:49,2024-12-07 13:49:49,2024-12-12 13:49:49
ORD002430,CUST000332,invoiced,2024-10-01 07:17:32,2024-10-01 19:17:32,,,2024-10-12 07:17:32
ORD002431,CUST001352,delivered,2023-04-01 21:05:50,2023-04-02 14:05:50,2023-04-03 14:05:50,2023-04-14 14:05:50,2023-04-08 21:05:50
ORD002432,CUST000537,delivered,2024-04-14 00:46:25,2024-04-14 19:46:25,2024-04-16 19:46:25,2024-04-28 19:46:25,2024-04-28 00:46:25
ORD002433,CUST001092,delivered,2024-03-07 01:49:22,2024-03-07 23:49:22,2024-03-09 23:49:22,2024-03-23 23:49:22,2024-04-01 01:49:22
ORD002434,CUST000991,canceled,2023-04-28 03:00:28,,,,2023-05-15 03:00:28
ORD002435,CUST000357,delivered,2023-02-08 03:30:06,2023-02-09 05:30:06,2023-02-12 05:30:06,2023-02-27 05:30:06,2023-02-19 03:30:06
ORD002436,CUST000444,delivered,2024-03-05 00:19:28,2024-03-05 03:19:28,2024-03-06 03:19:28,2024-03-14 03:19:28,2024-03-23 00:19:28
ORD002437,CUST001771,delivered,2024-07-27 20:49:09,2024-07-29 15:49:09,2024-07-31 15:49:09,2024-08-15 15:49:09,2024-08-17 20:49:09
ORD002438,CUST001854,delivered,2023-12-11 21:46:04,2023-12-13 09:46:04,2023-12-14 09:46:04,2023-12-19 09:46:04,2023-12-28 21:46:04
ORD002439,CUST001184,delivered,2023-10-23 18:28:52,2023-10-24 08:28:52,2023-10-26 08:28:52,2023-11-04 08:28:52,2023-11-01 18:28:52
ORD002440,CUST000892,delivered,2024-09-06 06:48:16,2024-09-07 19:48:16,2024-09-09 19:48:16,2024-09-18 19:48:16,2024-10-01 06:48:16
ORD002441,CUST000827,delivered,2023-04-04 09:10:49,2023-04-06 07:10:49,2023-04-09 07:10:49,2023-04-17 07:10:49,2023-04-23 09:10:49
ORD002442,CUST001465,shipped,2023-10-18 08:44:25,2023-10-18 10:44:25,2023-10-19 10:44:25,,2023-10-27 08:44:25
ORD002443,CUST001242,shipped,2024-05-21 05:03:00,2024-05-22 08:03:00,2024-05-24 08:03:00,,2024-06-08 05:03:00
ORD002444,CUST001191,delivered,2023-05-30 18:52:33,2023-05-31 20:52:33,2023-06-03 20:52:33,2023-06-10 20:52:33,2023-06-14 18:52:33
ORD002445,CUST000308,approved,2024-08-29 06:03:36,2024-08-30 14:03:36,,,2024-09-09 06:03:36
ORD002446,CUST000257,delivered,2023-10-25 00:05:42,2023-10-25 03:05:42,2023-10-28 03:05:42,2023-11-10 03:05:42,2023-11-05 00:05:42
ORD002447,CUST000122,delivered,2023-01-22 19:52:58,2023-01-22 23:52:58,2023-01-23 23:52:58,2023-01-29 23:52:58,2023-02-10 19:52:58
ORD002448,CUST001170,delivered,2023-01-18 11:38:14,2023-01-18 13:38:14,2023-01-21 13:38:14,2023-02-04 13:38:14,2023-02-04 11:38:14
ORD002449,CUST001231,shipped,2023-10-14 07:35:24,2023-10-15 15:35:24,2023-10-16 15:35:24,,2023-11-02 07:35:24
ORD002450,CUST000734,delivered,2024-10-29 07:23:16,2024-10-31 01:23:16,2024-11-03 01:23:16,2024-11-16 01:23:16,2024-11-11 07:23:16
ORD002451,CUST001570,canceled,2023-08-29 11:39:38,,,,2023-09-11 11:39:38
ORD002452,CUST001457,delivered,2024-01-26 21:46:56,2024-01-27 10:46:56,2024-01-28 10:46:56,2024-01-31 10:46:56,2024-02-03 21:46:56
ORD002453,CUST000815,delivered,2023-02-28 01:22:23,2023-03-01 11:22:23,2023-03-04 11:22:23,2023-03-15 11:22:23,2023-03-14 01:22:23
ORD002454,CUST000854,delivered,2023-03-09 20:08:08,2023-03-10 04:08:08,2023-03-13 04:08:08,2023-03-15 04:08:08,2023-03-25 20:08:08
ORD002455,CUST000498,delivered,2024-06-28 01:37:59,2024-06-29 19:37:59,2024-06-30 19:37:59,2024-07-07 19:37:59,2024-07-13 01:37:59
ORD002456,CUST000893,delivered,2023-03-08 12:12:02,2023-03-10 03:12:02,2023-03-11 03:12:02,2023-03-22 03:12:02,2023-03-16 12:12:02
ORD002457,CUST000749,delivered,2024-09-28 08:22:41,2024-09-29 01:22:41,2024-10-02 01:22:41,2024-10-07 01:22:41,2024-10-19 08:22:41
ORD002458,CUST000665,delivered,2024-03-03 15:27:45,2024-03-04 18:27:45,2024-03-06 18:27:45,2024-03-10 18:27:45,2024-03-27 15:27:45
ORD002459,CUST001014,delivered,2024-10-20 00:54:01,2024-10-20 06:54:01,2024-10-21 06:54:01,2024-10-25 06:54:01,2024-11-09 00:54:01
ORD002460,CUST001452,delivered,2024-06-16 02:25:52,2024-06-17 15:25:52,2024-06-19 15:25:52,2024-07-03 15:25:52,2024-07-07 02:25:52
ORD002461,CUST001444,delivered,2024-12-15 09:20:11,2024-12-15 10:20:11,2024-12-17 10:20:11,2024-12-30 10:20:11,2024-12-29 09:20:11
ORD002462,CUST001379,delivered,2023-03-17 03:12:50,2023-03-18 02:12:50,2023-03-21 02:12:50,2023-03-31 02:12:50,2023-03-30 03:12:50
ORD002463,CUST000129,delivered,2024-11-21 08:54:08,2024-11-23 00:54:08,2024-11-25 00:54:08,2024-12-04 00:54:08,2024-12-04 08:54:08
ORD002464,CUST000482,delivered,2024-09-11 16:18:22,2024-09-12 11:18:22,2024-09-13 11:18:22,2024-09-16 11:18:22,2024-10-05 16:18:22
ORD002465,CUST000931,delivered,2024-08-21 04:32:36,2024-08-21 13:32:36,2024-08-24 13:32:36,2024-09-01 13:32:36,2024-09-04 04:32:36
ORD002466,CUST001760,delivered,2024-04-30 14:51:42,2024-05-01 13:51:42,2024-05-04 13:51:42,2024-05-06 13:51:42,2024-05-10 14:51:42
ORD002467,CUST000864,delivered,2024-02-20 17:41:17,2024-02-22 14:41:17,2024-02-23 14:41:17,2024-03-04 14:41:17,2024-03-13 17:41:17
ORD002468,CUST000649,processing,2024-05-05 14:29:43,2024-05-05 23:29:43,,,2024-05-28 14:29:43
ORD002469,CUST000475,delivered,2024-07-09 07:53:29,2024-07-09 23:53:29,2024-07-11 23:53:29,2024-07-21 23:53:29,2024-08-01 07:53:29
ORD002470,CUST000560,delivered,2024-11-11 13:01:02,2024-11-13 12:01:02,2024-11-16 12:01:02,2024-11-24 12:01:02,2024-11-23 13:01:02
ORD002471,CUST000203,delivered,2024-04-15 14:37:07,2024-04-16 01:37:07,2024-04-17 01:37:07,2024-04-25 01:37:07,2024-05-05 14:37:07
ORD002472,CUST001569,delivered,2024-03-21 16:09:36,2024-03-23 13:09:36,2024-03-26 13:09:36,2024-03-28 13:09:36,2024-04-15 16:09:36
ORD002473,CUST000041,delivered,2024-12-17 07:05:21,2024-12-18 09:05:21,2024-12-19 09:05:21,2024-12-27 09:05:21,2025-01-03 07:05:21
ORD002474,CUST000381,delivered,2023-06-23 06:49:04,2023-06-25 00:49:04,2023-06-28 00:49:04,2023-07-10 00:49:04,2023-07-17 06:49:04
ORD002475,CUST000551,delivered,2024-09-15 00:01:28,2024-09-16 14:01:28,2024-09-19 14:01:28,2024-09-24 14:01:28,2024-10-02 00:01:28
ORD002476,CUST001990,delivered,2024-08-02 19:29:43,2024-08-03 16:29:43,2024-08-05 16:29:43,2024-08-16 16:29:43,2024-08-24 19:29:43
ORD002477,CUST000896,delivered,2024-05-06 16:55:29,2024-05-07 13:55:29,2024-05-10 13:55:29,2024-05-25 13:55:29,2024-05-28 16:55:29
ORD002478,CUST001616,delivered,2024-01-25 10:47:27,2024-01-25 23:47:27,2024-01-28 23:47:27,2024-02-04 23:47:27,2024-02-18 10:47:27
ORD002479,CUST000752,delivered,2023-01-26 11:32:41,2023-01-26 16:32:41,2023-01-29 16:32:41,2023-02-04 16:32:41,2023-02-05 11:32:41
ORD002480,CUST001111,canceled,2024-03-27 03:58:54,,,,2024-04-15 03:58:54
ORD002481,CUST001011,delivered,2023-12-04 17:34:47,2023-12-05 06:34:47,2023-12-08 06:34:47,2023-12-11 06:34:47,2023-12-15 17:34:47
ORD002482,CUST001943,processing,2024-08-27 12:50:00,2024-08-28 11:50:00,,,2024-09-05 12:50:00
ORD002483,CUST000031,delivered,2024-07-01 19:24:05,2024-07-03 13:24:05,2024-07-04 13:24:05,2024-07-19 13:24:05,2024-07-17 19:24:05
ORD002484,CUST000439,delivered,2024-06-22 15:36:08,2024-06-24 09:36:08,2024-06-26 09:36:08,2024-07-10 09:36:08,2024-06-30 15:36:08
ORD002485,CUST000812,delivered,2023-01-05 21:58:17,2023-01-06 15:58:17,2023-01-09 15:58:17,2023-01-22 15:58:17,2023-01-17 21:58:17
ORD002486,CUST000224,delivered,2024-06-19 16:16:56,2024-06-21 00:16:56,2024-06-23 00:16:56,2024-07-05 00:16:56,2024-07-10 16:16:56
ORD002487,CUST001504,delivered,2023-02-20 22:48:31,2023-02-21 00:48:31,2023-02-22 00:48:31,2023-03-05 00:48:31,2023-03-05 22:48:31
ORD002488,CUST001410,delivered,2023-01-19 04:29:46,2023-01-19 14:29:46,2023-01-21 14:29:46,2023-02-02 14:29:46,2023-01-26 04:29:46
ORD002489,CUST001120,delivered,2023-03-07 23:26:17,2023-03-09 16:26:17,2023-03-10 16:26:17,2023-03-19 16:26:17,2023-03-22 23:26:17
ORD002490,CUST000837,delivered,2023-06-25 20:48:43,2023-06-25 22:48:43,2023-06-27 22:48:43,2023-07-09 22:48:43,2023-07-13 20:48:43
ORD002491,CUST000254,delivered,2023-06-02 06:35:44,2023-06-02 19:35:44,2023-06-04 19:35:44,2023-06-15 19:35:44,2023-06-15 06:35:44
ORD002492,CUST001771,delivered,2023-05-02 23:04:58,2023-05-04 00:04:58,2023-05-05 00:04:58,2023-05-07 00:04:58,2023-05-09 23:04:58
ORD002493,CUST001385,delivered,2024-05-25 23:15:46,2024-05-26 08:15:46,2024-05-28 08:15:46,2024-06-11 08:15:46,2024-06-06 23:15:46
ORD002494,CUST001713,delivered,2024-01-30 23:42:35,2024-01-31 08:42:35,2024-02-02 08:42:35,2024-02-15 08:42:35,2024-02-24 23:42:35
ORD002495,CUST000688,delivered,2024-04-07 13:14:02,2024-04-09 13:14:02,2024-04-12 13:14:02,2024-04-18 13:14:02,2024-04-14 13:14:02
ORD002496,CUST000738,delivered,2024-12-15 11:53:32,2024-12-17 08:53:32,2024-12-18 08:53:32,2025-01-01 08:53:32,2024-12-30 11:53:32
ORD002497,CUST000566,invoiced,2023-11-09 14:14:12,2023-11-11 05:14:12,,,2023-11-27 14:14:12
ORD002498,CUST000405,delivered,2024-02-22 18:03:36,2024-02-24 17:03:36,2024-02-26 17:03:36,2024-03-07 17:03:36,2024-03-15 18:03:36
ORD002499,CUST001747,delivered,2023-08-02 13:10:33,2023-08-03 06:10:33,2023-08-05 06:10:33,2023-08-10 06:10:33,2023-08-17 13:10:33
ORD002500,CUST001046,delivered,2023-12-05 02:23:16,2023-12-06 20:23:16,2023-12-08 20:23:16,2023-12-18 20:23:16,2023-12-29 02:23:16
ORD002501,CUST001897,delivered,2024-11-09 15:14:57,2024-11-11 00:14:57,2024-11-12 00:14:57,2024-11-24 00:14:57,2024-11-24 15:14:57
ORD002502,CUST000221,shipped,2024-06-02 07:13:11,2024-06-03 19:13:11,2024-06-06 19:13:11,,2024-06-16 07:13:11
ORD002503,CUST001441,delivered,2024-11-08 12:51:31,2024-11-09 16:51:31,2024-11-12 16:51:31,2024-11-16 16:51:31,2024-11-28 12:51:31
ORD002504,CUST001561,delivered,2024-05-21 07:51:29,2024-05-22 09:51:29,2024-05-24 09:51:29,2024-06-03 09:51:29,2024-06-07 07:51:29
ORD002505,CUST000129,delivered,2023-09-04 05:36:58,2023-09-06 00:36:58,2023-09-08 00:36:58,2023-09-17 00:36:58,2023-09-22 05:36:58
ORD002506,CUST000142,delivered,2024-06-21 17:08:54,2024-06-23 02:08:54,2024-06-26 02:08:54,2024-07-02 02:08:54,2024-07-05 17:08:54
ORD002507,CUST001859,delivered,2023-06-12 23:40:55,2023-06-14 15:40:55,2023-06-17 15:40:55,2023-06-22 15:40:55,2023-06-27 23:40:55
ORD002508,CUST000842,processing,2023-11-04 08:52:42,2023-11-06 07:52:42,,,2023-11-24 08:52:42
ORD002509,CUST001681,processing,2024-09-03 12:16:39,2024-09-03 15:16:39,,,2024-09-21 12:16:39
ORD002510,CUST000683,delivered,2023-01-25 11:07:35,2023-01-25 15:07:35,2023-01-27 15:07:35,2023-02-09 15:07:35,2023-02-02 11:07:35
ORD002511,CUST001757,delivered,2024-09-02 06:22:00,2024-09-03 08:22:00,2024-09-05 08:22:00,2024-09-09 08:22:00,2024-09-09 06:22:00
ORD002512,CUST001775,delivered,2023-02-22 16:40:15,2023-02-23 04:40:15,2023-02-26 04:40:15,2023-03-12 04:40:15,2023-03-07 16:40:15
ORD002513,CUST000857,delivered,2024-08-03 01:39:47,2024-08-04 06:39:47,2024-08-05 06:39:47,2024-08-18 06:39:47,2024-08-25 01:39:47
ORD002514,CUST000204,delivered,2023-05-26 21:29:30,2023-05-28 14:29:30,2023-05-30 14:29:30,2023-06-11 14:29:30,2023-06-02 21:29:30
ORD002515,CUST000274,canceled,2023-09-05 20:28:12,,,,2023-09-14 20:28:12
ORD002516,CUST000498,delivered,2024-03-07 05:00:49,2024-03-08 04:00:49,2024-03-09 04:00:49,2024-03-16 04:00:49,2024-03-15 05:00:49
ORD002517,CUST001216,delivered,2024-11-23 04:49:47,2024-11-24 21:49:47,2024-11-25 21:49:47,2024-12-01 21:49:47,2024-12-10 04:49:47
ORD002518,CUST001259,delivered,2023-01-24 23:57:16,2023-01-26 11:57:16,2023-01-27 11:57:16,2023-02-02 11:57:16,2023-02-06 23:57:16
ORD002519,CUST001321,processing,2023-12-18 08:15:50,2023-12-18 17:15:50,,,2024-01-08 08:15:50
ORD002520,CUST001076,delivered,2024-09-02 09:38:30,2024-09-04 05:38:30,2024-09-07 05:38:30,2024-09-19 05:38:30,2024-09-16 09:38:30
ORD002521,CUST001437,delivered,2023-08-18 17:53:38,2023-08-19 15:53:38,2023-08-20 15:53:38,2023-08-23 15:53:38,2023-08-28 17:53:38
ORD002522,CUST001032,delivered,2023-04-25 05:10:43,2023-04-26 04:10:43,2023-04-29 04:10:43,2023-05-01 04:10:43,2023-05-10 05:10:43
ORD002523,CUST001731,delivered,2023-06-20 14:36:13,2023-06-21 20:36:13,2023-06-23 20:36:13,2023-06-27 20:36:13,2023-07-14 14:36:13
ORD002524,CUST000133,canceled,2024-03-20 13:50:47,,,,2024-04-07 13:50:47
ORD002525,CUST000412,delivered,2023-04-24 01:51:39,2023-04-25 09:51:39,2023-04-26 09:51:39,2023-05-06 09:51:39,2023-05-07 01:51:39
ORD002526,CUST000154,delivered,2024-07-21 12:44:47,2024-07-22 10:44:47,2024-07-23 10:44:47,2024-07-29 10:44:47,2024-08-10 12:44:47
ORD002527,CUST001995,shipped,2023-02-11 21:58:38,2023-02-13 14:58:38,2023-02-14 14:58:38,,2023-03-08 21:58:38
ORD002528,CUST000085,delivered,2023-08-26 11:48:10,2023-08-27 18:48:10,2023-08-30 18:48:10,2023-09-05 18:48:10,2023-09-13 11:48:10
ORD002529,CUST000377,delivered,2024-01-02 11:23:01,2024-01-03 02:23:01,2024-01-06 02:23:01,2024-01-15 02:23:01,2024-01-10 11:23:01
ORD002530,CUST000427,delivered,2024-03-03 04:56:28,2024-03-04 15:56:28,2024-03-05 15:56:28,2024-03-13 15:56:28,2024-03-24 04:56:28
ORD002531,CUST001239,delivered,2023-07-24 09:00:33,2023-07-25 10:00:33,2023-07-26 10:00:33,2023-08-10 10:00:33,2023-08-04 09:00:33
ORD002532,CUST000296,shipped,2023-03-30 11:33:30,2023-03-31 11:33:30,2023-04-02 11:33:30,,2023-04-11 11:33:30
ORD002533,CUST001156,processing,2024-03-11 09:22:08,2024-03-11 21:22:08,,,2024-03-31 09:22:08
ORD002534,CUST000374,delivered,2023-01-30 18:42:11,2023-01-31 02:42:11,2023-02-03 02:42:11,2023-02-17 02:42:11,2023-02-20 18:42:11
ORD002535,CUST000371,delivered,2024-02-06 05:49:03,2024-02-07 21:49:03,2024-02-08 21:49:03,2024-02-16 21:49:03,2024-03-02 05:49:03
ORD002536,CUST001106,delivered,2023-08-28 03:03:08,2023-08-29 07:03:08,2023-08-30 07:03:08,2023-09-01 07:03:08,2023-09-11 03:03:08
ORD002537,CUST001821,delivered,2024-09-25 21:45:43,2024-09-26 02:45:43,2024-09-28 02:45:43,2024-10-11 02:45:43,2024-10-17 21:45:43
ORD002538,CUST001149,delivered,2023-03-02 11:18:52,2023-03-04 09:18:52,2023-03-06 09:18:52,2023-03-19 09:18:52,2023-03-27 11:18:52
ORD002539,CUST000154,canceled,2024-07-06 05:12:02,,,,2024-07-17 05:12:02
ORD002540,CUST000515,delivered,2024-11-24 15:14:49,2024-11-26 11:14:49,2024-11-27 11:14:49,2024-12-01 11:14:49,2024-12-07 15:14:49
ORD002541,CUST001380,shipped,2023-10-15 08:20:35,2023-10-16 18:20:35,2023-10-19 18:20:35,,2023-11-07 08:20:35
ORD002542,CUST001424,delivered,2023-02-09 11:14:05,2023-02-09 17:14:05,2023-02-12 17:14:05,2023-02-18 17:14:05,2023-02-20 11:14:05
ORD002543,CUST000168,delivered,2023-02-28 05:17:18,2023-02-28 21:17:18,2023-03-02 21:17:18,2023-03-08 21:17:18,2023-03-18 05:17:18
ORD002544,CUST001139,delivered,2023-02-17 05:16:13,2023-02-19 04:16:13,2023-02-20 04:16:13,2023-02-23 04:16:13,2023-03-03 05:16:13
ORD002545,CUST000140,delivered,2023-09-19 04:49:28,2023-09-20 04:49:28,2023-09-22 04:49:28,2023-09-30 04:49:28,2023-10-10 04:49:28
ORD002546,CUST000809,delivered,2023-07-09 22:04:39,2023-07-10 06:04:39,2023-07-13 06:04:39,2023-07-20 06:04:39,2023-07-25 22:04:39
ORD002547,CUST001560,delivered,2024-08-27 00:53:02,2024-08-28 17:53:02,2024-08-30 17:53:02,2024-09-04 17:53:02,2024-09-05 00:53:02
ORD002548,CUST001539,delivered,2024-06-17 07:23:43,2024-06-17 23:23:43,2024-06-19 23:23:43,2024-06-30 23:23:43,2024-07-05 07:23:43
ORD002549,CUST001507,processing,2023-08-19 03:04:42,2023-08-20 23:04:42,,,2023-08-31 03:04:42
ORD002550,CUST001708,delivered,2024-11-11 21:18:30,2024-11-12 05:18:30,2024-11-15 05:18:30,2024-11-27 05:18:30,2024-11-21 21:18:30
ORD002551,CUST001113,delivered,2023-11-25 00:34:30,2023-11-26 20:34:30,2023-11-29 20:34:30,2023-12-02 20:34:30,2023-12-16 00:34:30
ORD002552,CUST001379,delivered,2024-09-11 04:36:21,2024-09-12 02:36:21,2024-09-13 02:36:21,2024-09-22 02:36:21,2024-09-24 04:36:21
ORD002553,CUST001260,delivered,2023-06-15 18:32:26,2023-06-16 22:32:26,2023-06-17 22:32:26,2023-06-29 22:32:26,2023-06-24 18:32:26
ORD002554,CUST000652,delivered,2023-02-24 18:19:44,2023-02-26 10:19:44,2023-02-27 10:19:44,2023-03-03 10:19:44,2023-03-06 18:19:44
ORD002555,CUST001724,delivered,2024-08-30 20:01:22,2024-09-01 09:01:22,2024-09-02 09:01:22,2024-09-16 09:01:22,2024-09-16 20:01:22
ORD002556,CUST000740,delivered,2024-03-29 07:55:51,2024-03-30 11:55:51,2024-04-01 11:55:51,2024-04-04 11:55:51,2024-04-05 07:55:51
ORD002557,CUST000019,delivered,2024-01-03 04:59:04,2024-01-05 00:59:04,2024-01-07 00:59:04,2024-01-16 00:59:04,2024-01-10 04:59:04
ORD002558,CUST001092,delivered,2024-03-28 23:25:40,2024-03-30 14:25:40,2024-04-02 14:25:40,2024-04-13 14:25:40,2024-04-06 23:25:40
ORD002559,CUST001460,delivered,2024-01-18 07:09:15,2024-01-19 01:09:15,2024-01-21 01:09:15,2024-01-23 01:09:15,2024-01-25 07:09:15
ORD002560,CUST001527,delivered,2023-07-01 00:12:50,2023-07-02 18:12:50,2023-07-04 18:12:50,2023-07-17 18:12:50,2023-07-24 00:12:50
ORD002561,CUST001274,delivered,2023-09-07 20:24:20,2023-09-09 12:24:20,2023-09-10 12:24:20,2023-09-15 12:24:20,2023-09-23 20:24:20
ORD002562,CUST001900,processing,2024-10-15 12:36:19,2024-10-15 23:36:19,,,2024-11-01 12:36:19
ORD002563,CUST000773,delivered,2024-05-30 14:33:18,2024-05-31 16:33:18,2024-06-01 16:33:18,2024-06-06 16:33:18,2024-06-07 14:33:18
ORD002564,CUST000827,delivered,2023-10-06 00:18:35,2023-10-07 23:18:35,2023-10-08 23:18:35,2023-10-14 23:18:35,2023-10-26 00:18:35
ORD002565,CUST000135,delivered,2024-12-02 16:43:13,2024-12-03 12:43:13,2024-12-06 12:43:13,2024-12-09 12:43:13,2024-12-26 16:43:13
ORD002566,CUST000233,delivered,2024-12-29 05:19:22,2024-12-30 09:19:22,2025-01-02 09:19:22,2025-01-12 09:19:22,2025-01-08 05:19:22
ORD002567,CUST001012,processing,2023-02-15 02:44:58,2023-02-16 14:44:58,,,2023-02-26 02:44:58
ORD002568,CUST001541,delivered,2024-04-02 06:16:52,2024-04-03 03:16:52,2024-04-04 03:16:52,2024-04-09 03:16:52,2024-04-16 06:16:52
ORD002569,CUST000340,delivered,2023-10-15 13:39:50,2023-10-17 00:39:50,2023-10-19 00:39:50,2023-10-23 00:39:50,2023-10-26 13:39:50
ORD002570,CUST001847,delivered,2023-01-03 03:35:15,2023-01-04 22:35:15,2023-01-07 22:35:15,2023-01-11 22:35:15,2023-01-21 03:35:15
ORD002571,CUST001876,delivered,2023-08-30 06:19:41,2023-08-31 18:19:41,2023-09-03 18:19:41,2023-09-08 18:19:41,2023-09-08 06:19:41
ORD002572,CUST001526,delivered,2024-11-19 14:04:50,2024-11-21 13:04:50,2024-11-24 13:04:50,2024-12-02 13:04:50,2024-12-03 14:04:50
ORD002573,CUST000004,delivered,2024-03-01 00:19:44,2024-03-02 13:19:44,2024-03-05 13:19:44,2024-03-17 13:19:44,2024-03-10 00:19:44
ORD002574,CUST000366,approved,2024-10-26 17:26:08,2024-10-28 17:26:08,,,2024-11-14 17:26:08
ORD002575,CUST001048,delivered,2024-09-06 00:27:35,2024-09-07 09:27:35,2024-09-10 09:27:35,2024-09-23 09:27:35,2024-09-22 00:27:35
ORD002576,CUST001972,delivered,2024-10-25 17:41:53,2024-10-26 05:41:53,2024-10-27 05:41:53,2024-10-29 05:41:53,2024-11-01 17:41:53
ORD002577,CUST001181,delivered,2023-12-29 04:42:40,2023-12-31 01:42:40,2024-01-03 01:42:40,2024-01-06 01:42:40,2024-01-06 04:42:40
ORD002578,CUST000883,delivered,2024-04-30 00:19:18,2024-05-01 04:19:18,2024-05-02 04:19:18,2024-05-08 04:19:18,2024-05-24 00:19:18
ORD002579,CUST001116,shipped,2024-01-09 01:00:15,2024-01-10 20:00:15,2024-01-13 20:00:15,,2024-01-26 01:00:15
ORD002580,CUST000332,delivered,2023-04-17 06:33:52,2023-04-17 07:33:52,2023-04-20 07:33:52,2023-04-27 07:33:52,2023-04-26 06:33:52
ORD002581,CUST001973,delivered,2023-04-23 21:16:04,2023-04-25 13:16:04,2023-04-27 13:16:04,2023-05-11 13:16:04,2023-05-09 21:16:04
ORD002582,CUST000547,invoiced,2024-01-06 09:26:58,2024-01-07 12:26:58,,,2024-01-28 09:26:58
ORD002583,CUST000413,delivered,2023-05-26 22:27:29,2023-05-27 20:27:29,2023-05-29 20:27:29,2023-06-13 20:27:29,2023-06-05 22:27:29
ORD002584,CUST000712,delivered,2024-09-06 06:46:27,2024-09-07 14:46:27,2024-09-08 14:46:27,2024-09-13 14:46:27,2024-09-27 06:46:27
ORD002585,CUST000117,delivered,2024-04-01 04:14:07,2024-04-03 00:14:07,2024-04-06 00:14:07,2024-04-16 00:14:07,2024-04-21 04:14:07
ORD002586,CUST000273,delivered,2023-05-25 15:29:51,2023-05-26 14:29:51,2023-05-28 14:29:51,2023-05-31 14:29:51,2023-06-05 15:29:51
ORD002587,CUST001901,canceled,2024-02-16 13:53:47,,,,2024-03-08 13:53:47
ORD002588,CUST000005,invoiced,2024-07-10 07:57:53,2024-07-11 07:57:53,,,2024-07-28 07:57:53
ORD002589,CUST001531,delivered,2024-05-21 07:33:13,2024-05-21 20:33:13,2024-05-24 20:33:13,2024-06-08 20:33:13,2024-06-13 07:33:13
ORD002590,CUST000530,shipped,2024-05-04 10:25:51,2024-05-04 13:25:51,2024-05-05 13:25:51,,2024-05-15 10:25:51
ORD002591,CUST001503,canceled,2023-08-11 23:51:28,,,,2023-08-27 23:51:28
ORD002592,CUST000286,invoiced,2024-11-14 13:51:49,2024-11-15 09:51:49,,,2024-11-30 13:51:49
ORD002593,CUST001155,delivered,2024-02-05 13:52:52,2024-02-06 17:52:52,2024-02-07 17:52:52,2024-02-20 17:52:52,2024-02-18 13:52:52
ORD002594,CUST000685,invoiced,2023-01-01 10:48:29,2023-01-01 18:48:29,,,2023-01-10 10:48:29
ORD002595,CUST000228,delivered,2024-04-13 15:08:58,2024-04-15 11:08:58,2024-04-17 11:08:58,2024-04-21 11:08:58,2024-04-23 15:08:58
ORD002596,CUST000383,delivered,2024-01-19 06:45:22,2024-01-19 21:45:22,2024-01-20 21:45:22,2024-01-31 21:45:22,2024-02-07 06:45:22
ORD002597,CUST000444,delivered,2024-06-28 15:20:46,2024-06-29 18:20:46,2024-07-01 18:20:46,2024-07-10 18:20:46,2024-07-05 15:20:46
ORD002598,CUST000752,delivered,2023-09-14 14:08:15,2023-09-16 01:08:15,2023-09-19 01:08:15,2023-09-27 01:08:15,2023-10-09 14:08:15
ORD002599,CUST001999,canceled,2024-06-06 17:35:12,,,,2024-06-19 17:35:12
ORD002600,CUST000150,delivered,2024-01-22 20:04:07,2024-01-23 11:04:07,2024-01-24 11:04:07,2024-01-26 11:04:07,2024-02-06 20:04:07
ORD002601,CUST001458,delivered,2024-07-08 08:00:21,2024-07-09 23:00:21,2024-07-12 23:00:21,2024-07-17 23:00:21,2024-07-27 08:00:21
ORD002602,CUST001080,delivered,2023-08-21 02:52:02,2023-08-22 15:52:02,2023-08-23 15:52:02,2023-09-05 15:52:02,2023-09-01 02:52:02
ORD002603,CUST001984,delivered,2024-12-24 21:37:18,2024-12-26 15:37:18,2024-12-27 15:37:18,2025-01-05 15:37:18,2025-01-01 21:37:18
ORD002604,CUST001962,delivered,2024-01-28 12:00:31,2024-01-29 06:00:31,2024-01-30 06:00:31,2024-02-01 06:00:31,2024-02-12 12:00:31
ORD002605,CUST001919,delivered,2023-02-21 13:43:49,2023-02-23 09:43:49,2023-02-24 09:43:49,2023-03-07 09:43:49,2023-03-03 13:43:49
ORD002606,CUST001444,delivered,2023-03-25 19:46:40,2023-03-26 04:46:40,2023-03-29 04:46:40,2023-04-02 04:46:40,2023-04-09 19:46:40
ORD002607,CUST000442,delivered,2024-05-06 04:31:03,2024-05-06 06:31:03,2024-05-07 06:31:03,2024-05-17 06:31:03,2024-05-16 04:31:03
ORD002608,CUST001403,delivered,2024-04-02 21:14:25,2024-04-03 23:14:25,2024-04-06 23:14:25,2024-04-08 23:14:25,2024-04-24 21:14:25
ORD002609,CUST000536,delivered,2023-12-09 16:19:06,2023-12-11 15:19:06,2023-12-14 15:19:06,2023-12-24 15:19:06,2023-12-24 16:19:06
ORD002610,CUST001409,canceled,2024-08-13 17:22:09,,,,2024-09-07 17:22:09
ORD002611,CUST001917,delivered,2024-09-21 16:20:24,2024-09-21 20:20:24,2024-09-23 20:20:24,2024-09-27 20:20:24,2024-10-02 16:20:24
ORD002612,CUST000376,delivered,2023-04-20 17:51:08,2023-04-21 11:51:08,2023-04-24 11:51:08,2023-05-09 11:51:08,2023-05-10 17:51:08
ORD002613,CUST000172,delivered,2023-12-10 15:12:03,2023-12-12 15:12:03,2023-12-13 15:12:03,2023-12-23 15:12:03,2024-01-03 15:12:03
ORD002614,CUST001040,approved,2024-11-09 03:42:50,2024-11-09 04:42:50,,,2024-11-29 03:42:50
ORD002615,CUST000705,delivered,2023-03-20 17:55:55,2023-03-22 13:55:55,2023-03-25 13:55:55,2023-04-01 13:55:55,2023-04-09 17:55:55
ORD002616,CUST000277,approved,2023-09-07 03:26:54,2023-09-07 16:26:54,,,2023-09-17 03:26:54
ORD002617,CUST001800,delivered,2023-06-22 21:42:48,2023-06-23 21:42:48,2023-06-25 21:42:48,2023-07-04 21:42:48,2023-07-04 21:42:48
ORD002618,CUST001268,delivered,2024-02-29 03:45:47,2024-02-29 23:45:47,2024-03-03 23:45:47,2024-03-11 23:45:47,2024-03-13 03:45:47
ORD002619,CUST001059,delivered,2024-05-14 20:24:32,2024-05-15 02:24:32,2024-05-18 02:24:32,2024-06-02 02:24:32,2024-05-27 20:24:32
ORD002620,CUST001908,delivered,2024-06-22 21:28:49,2024-06-24 11:28:49,2024-06-25 11:28:49,2024-07-03 11:28:49,2024-07-15 21:28:49
ORD002621,CUST000124,delivered,2023-06-20 01:43:27,2023-06-20 15:43:27,2023-06-23 15:43:27,2023-07-08 15:43:27,2023-06-27 01:43:27
ORD002622,CUST001762,delivered,2024-05-26 02:47:54,2024-05-27 10:47:54,2024-05-29 10:47:54,2024-06-03 10:47:54,2024-06-07 02:47:54
ORD002623,CUST000568,delivered,2023-04-28 14:09:49,2023-04-30 11:09:49,2023-05-01 11:09:49,2023-05-09 11:09:49,2023-05-08 14:09:49
ORD002624,CUST000415,delivered,2023-09-05 02:47:57,2023-09-06 12:47:57,2023-09-08 12:47:57,2023-09-14 12:47:57,2023-09-30 02:47:57
ORD002625,CUST001246,delivered,2023-02-07 01:39:11,2023-02-08 16:39:11,2023-02-09 16:39:11,2023-02-14 16:39:11,2023-03-01 01:39:11
ORD002626,CUST001622,delivered,2024-11-19 05:56:49,2024-11-21 05:56:49,2024-11-23 05:56:49,2024-11-30 05:56:49,2024-12-12 05:56:49
ORD002627,CUST000993,delivered,2023-12-07 18:19:57,2023-12-09 15:19:57,2023-12-11 15:19:57,2023-12-26 15:19:57,2023-12-21 18:19:57
ORD002628,CUST000747,canceled,2024-11-27 21:45:41,,,,2024-12-21 21:45:41
ORD002629,CUST001731,delivered,2023-05-07 05:34:33,2023-05-07 23:34:33,2023-05-10 23:34:33,2023-05-15 23:34:33,2023-05-18 05:34:33
ORD002630,CUST001361,delivered,2023-05-29 11:43:45,2023-05-30 09:43:45,2023-05-31 09:43:45,2023-06-09 09:43:45,2023-06-13 11:43:45
ORD002631,CUST000245,delivered,2023-03-13 21:51:09,2023-03-14 09:51:09,2023-03-16 09:51:09,2023-03-26 09:51:09,2023-03-22 21:51:09
ORD002632,CUST001459,shipped,2024-10-06 09:15:00,2024-10-07 12:15:00,2024-10-08 12:15:00,,2024-10-16 09:15:00
ORD002633,CUST001399,delivered,2024-12-21 06:38:00,2024-12-22 08:38:00,2024-12-23 08:38:00,2024-12-26 08:38:00,2025-01-14 06:38:00
ORD002634,CUST000713,delivered,2024-02-09 08:29:35,2024-02-10 01:29:35,2024-02-12 01:29:35,2024-02-18 01:29:35,2024-02-19 08:29:35
ORD002635,CUST000768,delivered,2023-08-01 20:12:06,2023-08-02 11:12:06,2023-08-03 11:12:06,2023-08-10 11:12:06,2023-08-20 20:12:06
ORD002636,CUST001519,delivered,2023-08-11 01:55:10,2023-08-11 02:55:10,2023-08-13 02:55:10,2023-08-24 02:55:10,2023-08-30 01:55:10
ORD002637,CUST001440,delivered,2024-06-17 12:17:39,2024-06-19 04:17:39,2024-06-20 04:17:39,2024-07-02 04:17:39,2024-07-12 12:17:39
ORD002638,CUST000595,delivered,2024-03-14 11:08:08,2024-03-16 01:08:08,2024-03-19 01:08:08,2024-03-28 01:08:08,2024-03-25 11:08:08
ORD002639,CUST000142,canceled,2024-10-06 10:06:21,,,,2024-10-14 10:06:21
ORD002640,CUST000509,delivered,2024-07-29 22:15:21,2024-07-30 10:15:21,2024-08-02 10:15:21,2024-08-05 10:15:21,2024-08-19 22:15:21
ORD002641,CUST001437,delivered,2024-05-10 23:09:28,2024-05-11 12:09:28,2024-05-13 12:09:28,2024-05-25 12:09:28,2024-05-19 23:09:28
ORD002642,CUST001409,delivered,2024-03-04 14:34:49,2024-03-04 19:34:49,2024-03-05 19:34:49,2024-03-10 19:34:49,2024-03-26 14:34:49
ORD002643,CUST001579,delivered,2023-07-16 15:36:42,2023-07-17 22:36:42,2023-07-20 22:36:42,2023-07-24 22:36:42,2023-07-26 15:36:42
ORD002644,CUST001594,delivered,2024-05-05 23:54:56,2024-05-06 18:54:56,2024-05-07 18:54:56,2024-05-20 18:54:56,2024-05-17 23:54:56
ORD002645,CUST000626,delivered,2023-11-09 04:49:40,2023-11-10 22:49:40,2023-11-11 22:49:40,2023-11-24 22:49:40,2023-11-24 04:49:40
ORD002646,CUST000467,delivered,2023-04-07 22:27:15,2023-04-09 21:27:15,2023-04-10 21:27:15,2023-04-24 21:27:15,2023-04-15 22:27:15
ORD002647,CUST000653,delivered,2024-02-26 08:56:35,2024-02-27 00:56:35,2024-02-29 00:56:35,2024-03-07 00:56:35,2024-03-13 08:56:35
ORD002648,CUST001190,canceled,2023-01-15 03:25:39,,,,2023-01-25 03:25:39
ORD002649,CUST000698,delivered,2024-10-26 11:17:12,2024-10-26 22:17:12,2024-10-28 22:17:12,2024-11-11 22:17:12,2024-11-19 11:17:12
ORD002650,CUST000706,delivered,2023-10-05 05:39:15,2023-10-07 00:39:15,2023-10-08 00:39:15,2023-10-12 00:39:15,2023-10-20 05:39:15
ORD002651,CUST001982,delivered,2023-09-08 13:23:35,2023-09-10 04:23:35,2023-09-12 04:23:35,2023-09-21 04:23:35,2023-09-28 13:23:35
ORD002652,CUST001657,delivered,2023-12-26 03:18:29,2023-12-28 03:18:29,2023-12-31 03:18:29,2024-01-08 03:18:29,2024-01-04 03:18:29
ORD002653,CUST000184,approved,2023-12-11 15:09:55,2023-12-11 16:09:55,,,2024-01-05 15:09:55
ORD002654,CUST000983,delivered,2023-10-19 03:45:06,2023-10-20 02:45:06,2023-10-21 02:45:06,2023-11-01 02:45:06,2023-11-12 03:45:06
ORD002655,CUST000318,canceled,2024-09-26 02:21:53,,,,2024-10-17 02:21:53
ORD002656,CUST000621,delivered,2023-02-09 11:38:52,2023-02-11 04:38:52,2023-02-12 04:38:52,2023-02-18 04:38:52,2023-02-26 11:38:52
ORD002657,CUST001409,delivered,2023-04-06 23:03:45,2023-04-08 08:03:45,2023-04-09 08:03:45,2023-04-17 08:03:45,2023-04-15 23:03:45
ORD002658,CUST000645,delivered,2024-11-14 02:34:13,2024-11-14 15:34:13,2024-11-16 15:34:13,2024-11-24 15:34:13,2024-12-01 02:34:13
ORD002659,CUST001696,delivered,2024-09-23 09:43:38,2024-09-24 22:43:38,2024-09-27 22:43:38,2024-10-01 22:43:38,2024-10-01 09:43:38
ORD002660,CUST000729,delivered,2024-10-11 06:21:12,2024-10-12 07:21:12,2024-10-15 07:21:12,2024-10-23 07:21:12,2024-10-31 06:21:12
ORD002661,CUST000284,delivered,2024-08-20 15:24:59,2024-08-21 02:24:59,2024-08-24 02:24:59,2024-08-31 02:24:59,2024-09-03 15:24:59
ORD002662,CUST000226,delivered,2023-08-26 19:33:39,2023-08-28 08:33:39,2023-08-30 08:33:39,2023-09-02 08:33:39,2023-09-04 19:33:39
ORD002663,CUST001085,shipped,2024-10-02 19:43:30,2024-10-03 08:43:30,2024-10-06 08:43:30,,2024-10-09 19:43:30
ORD002664,CUST001763,shipped,2024-09-28 08:23:31,2024-09-29 04:23:31,2024-09-30 04:23:31,,2024-10-13 08:23:31
ORD002665,CUST000953,processing,2024-10-31 22:58:16,2024-11-01 17:58:16,,,2024-11-07 22:58:16
ORD002666,CUST001054,delivered,2024-01-23 15:27:38,2024-01-25 00:27:38,2024-01-28 00:27:38,2024-02-02 00:27:38,2024-02-07 15:27:38
ORD002667,CUST000246,delivered,2024-02-24 06:57:56,2024-02-25 02:57:56,2024-02-28 02:57:56,2024-03-09 02:57:56,2024-03-19 06:57:56
ORD002668,CUST000140,invoiced,2024-09-11 08:22:36,2024-09-12 01:22:36,,,2024-09-24 08:22:36
ORD002669,CUST001882,delivered,2024-04-28 13:30:18,2024-04-30 13:30:18,2024-05-03 13:30:18,2024-05-11 13:30:18,2024-05-18 13:30:18
ORD002670,CUST001469,delivered,2024-09-18 09:15:44,2024-09-19 18:15:44,2024-09-21 18:15:44,2024-10-05 18:15:44,2024-10-06 09:15:44
ORD002671,CUST000063,delivered,2023-10-22 06:23:53,2023-10-24 05:23:53,2023-10-27 05:23:53,2023-10-31 05:23:53,2023-11-10 06:23:53
ORD002672,CUST001218,delivered,2024-09-27 04:51:44,2024-09-28 02:51:44,2024-09-29 02:51:44,2024-10-08 02:51:44,2024-10-12 04:51:44
ORD002673,CUST001590,shipped,2023-07-29 12:22:47,2023-07-29 14:22:47,2023-08-01 14:22:47,,2023-08-16 12:22:47
ORD002674,CUST001928,delivered,2023-06-17 20:22:07,2023-06-19 06:22:07,2023-06-22 06:22:07,2023-06-29 06:22:07,2023-07-02 20:22:07
ORD002675,CUST001368,processing,2024-05-06 22:59:39,2024-05-07 14:59:39,,,2024-05-31 22:59:39
ORD002676,CUST000553,processing,2024-03-13 22:01:45,2024-03-15 02:01:45,,,2024-03-29 22:01:45
ORD002677,CUST000329,delivered,2023-12-01 07:37:43,2023-12-01 14:37:43,2023-12-03 14:37:43,2023-12-11 14:37:43,2023-12-18 07:37:43
ORD002678,CUST000934,delivered,2023-02-15 09:24:57,2023-02-16 21:24:57,2023-02-19 21:24:57,2023-02-24 21:24:57,2023-02-22 09:24:57
ORD002679,CUST001005,shipped,2023-02-08 21:33:03,2023-02-09 19:33:03,2023-02-11 19:33:03,,2023-02-19 21:33:03
ORD002680,CUST001535,invoiced,2024-07-17 18:31:10,2024-07-18 08:31:10,,,2024-08-01 18:31:10
ORD002681,CUST001034,delivered,2023-10-19 22:13:42,2023-10-21 17:13:42,2023-10-23 17:13:42,2023-11-02 17:13:42,2023-11-08 22:13:42
ORD002682,CUST001214,delivered,2024-03-16 16:22:58,2024-03-18 08:22:58,2024-03-21 08:22:58,2024-03-27 08:22:58,2024-04-06 16:22:58
ORD002683,CUST001506,delivered,2023-01-17 14:52:33,2023-01-18 20:52:33,2023-01-21 20:52:33,2023-02-05 20:52:33,2023-01-24 14:52:33
ORD002684,CUST000784,delivered,2024-03-19 21:16:17,2024-03-20 14:16:17,2024-03-23 14:16:17,2024-04-01 14:16:17,2024-03-28 21:16:17
ORD002685,CUST000604,invoiced,2023-03-24 00:57:29,2023-03-24 14:57:29,,,2023-04-16 00:57:29
ORD002686,CUST000278,delivered,2023-09-24 16:18:44,2023-09-25 18:18:44,2023-09-27 18:18:44,2023-10-12 18:18:44,2023-10-12 16:18:44
ORD002687,CUST000370,delivered,2024-03-04 15:44:00,2024-03-04 16:44:00,2024-03-07 16:44:00,2024-03-14 16:44:00,2024-03-13 15:44:00
ORD002688,CUST000435,delivered,2024-07-09 18:23:35,2024-07-09 20:23:35,2024-07-12 20:23:35,2024-07-15 20:23:35,2024-07-28 18:23:35
ORD002689,CUST001361,delivered,2024-05-18 10:39:02,2024-05-20 09:39:02,2024-05-23 09:39:02,2024-05-27 09:39:02,2024-05-31 10:39:02
ORD002690,CUST001751,invoiced,2023-10-18 07:33:15,2023-10-19 07:33:15,,,2023-11-07 07:33:15
ORD002691,CUST001732,delivered,2024-08-12 18:49:40,2024-08-13 12:49:40,2024-08-15 12:49:40,2024-08-29 12:49:40,2024-08-19 18:49:40
ORD002692,CUST000481,shipped,2024-10-23 12:12:05,2024-10-24 15:12:05,2024-10-27 15:12:05,,2024-11-17 12:12:05
ORD002693,CUST000311,delivered,2023-08-23 17:38:20,2023-08-23 20:38:20,2023-08-24 20:38:20,2023-09-08 20:38:20,2023-09-07 17:38:20
ORD002694,CUST001873,delivered,2023-07-02 20:25:30,2023-07-04 03:25:30,2023-07-07 03:25:30,2023-07-17 03:25:30,2023-07-27 20:25:30
ORD002695,CUST000158,shipped,2023-06-21 12:03:22,2023-06-21 20:03:22,2023-06-23 20:03:22,,2023-06-29 12:03:22
ORD002696,CUST001895,delivered,2023-05-14 12:01:51,2023-05-16 08:01:51,2023-05-17 08:01:51,2023-05-27 08:01:51,2023-05-31 12:01:51
ORD002697,CUST001989,delivered,2024-12-23 17:51:31,2024-12-24 05:51:31,2024-12-26 05:51:31,2025-01-10 05:51:31,2025-01-08 17:51:31
ORD002698,CUST001308,delivered,2024-06-10 02:35:51,2024-06-10 18:35:51,2024-06-13 18:35:51,2024-06-25 18:35:51,2024-06-26 02:35:51
ORD002699,CUST000334,delivered,2024-08-09 08:54:06,2024-08-10 11:54:06,2024-08-13 11:54:06,2024-08-28 11:54:06,2024-08-17 08:54:06
ORD002700,CUST000776,delivered,2024-11-18 14:01:50,2024-11-19 23:01:50,2024-11-21 23:01:50,2024-11-26 23:01:50,2024-11-25 14:01:50
ORD002701,CUST001534,delivered,2023-03-28 00:47:28,2023-03-28 10:47:28,2023-03-30 10:47:28,2023-04-09 10:47:28,2023-04-22 00:47:28
ORD002702,CUST001019,delivered,2024-01-22 21:53:05,2024-01-24 13:53:05,2024-01-27 13:53:05,2024-02-01 13:53:05,2024-01-29 21:53:05
ORD002703,CUST000127,canceled,2023-10-29 23:24:00,,,,2023-11-16 23:24:00
ORD002704,CUST001021,delivered,2023-05-31 17:49:49,2023-06-02 03:49:49,2023-06-04 03:49:49,2023-06-18 03:49:49,2023-06-22 17:49:49
ORD002705,CUST000190,delivered,2023-02-19 07:52:22,2023-02-20 10:52:22,2023-02-21 10:52:22,2023-02-23 10:52:22,2023-03-04 07:52:22
ORD002706,CUST000786,delivered,2024-03-08 07:51:03,2024-03-10 03:51:03,2024-03-12 03:51:03,2024-03-17 03:51:03,2024-03-23 07:51:03
ORD002707,CUST001168,shipped,2024-02-17 18:31:12,2024-02-18 19:31:12,2024-02-21 19:31:12,,2024-03-02 18:31:12
ORD002708,CUST000475,delivered,2023-08-27 03:49:16,2023-08-28 23:49:16,2023-08-29 23:49:16,2023-09-03 23:49:16,2023-09-10 03:49:16
ORD002709,CUST001125,delivered,2024-01-15 16:00:38,2024-01-15 22:00:38,2024-01-17 22:00:38,2024-01-30 22:00:38,2024-01-23 16:00:38
ORD002710,CUST001218,shipped,2024-04-04 08:00:14,2024-04-05 13:00:14,2024-04-07 13:00:14,,2024-04-19 08:00:14
ORD002711,CUST001976,delivered,2024-01-01 16:47:02,2024-01-02 20:47:02,2024-01-03 20:47:02,2024-01-15 20:47:02,2024-01-21 16:47:02
ORD002712,CUST001560,delivered,2023-05-20 14:07:52,2023-05-21 16:07:52,2023-05-23 16:07:52,2023-06-02 16:07:52,2023-06-06 14:07:52
ORD002713,CUST000127,delivered,2024-12-14 01:29:52,2024-12-15 13:29:52,2024-12-18 13:29:52,2024-12-27 13:29:52,2025-01-05 01:29:52
ORD002714,CUST000679,invoiced,2023-09-29 18:03:04,2023-09-30 18:03:04,,,2023-10-14 18:03:04
ORD002715,CUST000643,delivered,2024-12-01 10:26:38,2024-12-02 05:26:38,2024-12-05 05:26:38,2024-12-18 05:26:38,2024-12-18 10:26:38
ORD002716,CUST000426,delivered,2023-05-22 21:23:16,2023-05-23 10:23:16,2023-05-25 10:23:16,2023-06-07 10:23:16,2023-06-12 21:23:16
ORD002717,CUST000001,invoiced,2023-09-17 01:00:04,2023-09-17 17:00:04,,,2023-10-09 01:00:04
ORD002718,CUST000254,delivered,2024-02-03 16:57:24,2024-02-04 23:57:24,2024-02-06 23:57:24,2024-02-08 23:57:24,2024-02-18 16:57:24
ORD002719,CUST001727,invoiced,2023-06-03 00:49:12,2023-06-04 07:49:12,,,2023-06-23 00:49:12
ORD002720,CUST000576,delivered,2024-04-23 12:54:50,2024-04-25 03:54:50,2024-04-27 03:54:50,2024-05-04 03:54:50,2024-05-06 12:54:50
ORD002721,CUST001036,delivered,2023-11-02 03:12:49,2023-11-03 10:12:49,2023-11-04 10:12:49,2023-11-16 10:12:49,2023-11-15 03:12:49
ORD002722,CUST000618,delivered,2023-03-02 22:38:45,2023-03-03 01:38:45,2023-03-06 01:38:45,2023-03-19 01:38:45,2023-03-10 22:38:45
ORD002723,CUST001373,delivered,2024-08-07 10:06:46,2024-08-08 13:06:46,2024-08-10 13:06:46,2024-08-18 13:06:46,2024-08-25 10:06:46
ORD002724,CUST001037,delivered,2024-06-02 05:27:42,2024-06-03 00:27:42,2024-06-06 00:27:42,2024-06-12 00:27:42,2024-06-19 05:27:42
ORD002725,CUST000117,approved,2023-09-08 19:07:36,2023-09-09 17:07:36,,,2023-09-28 19:07:36
ORD002726,CUST000977,delivered,2024-01-10 08:57:23,2024-01-10 20:57:23,2024-01-11 20:57:23,2024-01-26 20:57:23,2024-01-21 08:57:23
ORD002727,CUST001356,approved,2024-02-26 15:38:59,2024-02-28 08:38:59,,,2024-03-04 15:38:59
ORD002728,CUST001686,delivered,2023-02-07 09:28:28,2023-02-08 22:28:28,2023-02-11 22:28:28,2023-02-14 22:28:28,2023-02-16 09:28:28
ORD002729,CUST000236,shipped,2023-03-03 08:56:20,2023-03-04 22:56:20,2023-03-07 22:56:20,,2023-03-21 08:56:20
ORD002730,CUST001042,delivered,2024-03-07 02:49:56,2024-03-08 23:49:56,2024-03-11 23:49:56,2024-03-21 23:49:56,2024-04-01 02:49:56
ORD002731,CUST001974,shipped,2024-08-28 14:31:51,2024-08-28 20:31:51,2024-08-29 20:31:51,,2024-09-21 14:31:51
ORD002732,CUST001567,delivered,2023-04-15 11:35:17,2023-04-17 11:35:17,2023-04-19 11:35:17,2023-05-03 11:35:17,2023-04-30 11:35:17
ORD002733,CUST001090,delivered,2024-02-16 15:31:27,2024-02-18 14:31:27,2024-02-20 14:31:27,2024-02-29 14:31:27,2024-03-08 15:31:27
ORD002734,CUST001157,delivered,2024-03-11 03:23:10,2024-03-12 21:23:10,2024-03-14 21:23:10,2024-03-24 21:23:10,2024-04-02 03:23:10
ORD002735,CUST000743,delivered,2024-11-15 00:00:07,2024-11-16 06:00:07,2024-11-19 06:00:07,2024-11-30 06:00:07,2024-12-05 00:00:07
ORD002736,CUST001272,processing,2024-02-14 23:41:54,2024-02-16 00:41:54,,,2024-03-09 23:41:54
ORD002737,CUST000652,delivered,2023-05-31 22:21:32,2023-06-01 22:21:32,2023-06-04 22:21:32,2023-06-08 22:21:32,2023-06-18 22:21:32
ORD002738,CUST000152,approved,2024-02-18 12:29:29,2024-02-20 02:29:29,,,2024-03-07 12:29:29
ORD002739,CUST001289,delivered,2023-01-18 19:10:42,2023-01-19 00:10:42,2023-01-21 00:10:42,2023-02-03 00:10:42,2023-01-30 19:10:42
ORD002740,CUST001146,delivered,2024-12-19 08:28:16,2024-12-19 09:28:16,2024-12-22 09:28:16,2024-12-26 09:28:16,2025-01-13 08:28:16
ORD002741,CUST000572,delivered,2024-12-22 06:46:10,2024-12-23 01:46:10,2024-12-24 01:46:10,2024-12-31 01:46:10,2025-01-06 06:46:10
ORD002742,CUST000074,delivered,2024-05-07 08:48:35,2024-05-08 12:48:35,2024-05-09 12:48:35,2024-05-13 12:48:35,2024-05-16 08:48:35
ORD002743,CUST000027,delivered,2023-09-17 01:59:42,2023-09-17 15:59:42,2023-09-18 15:59:42,2023-09-28 15:59:42,2023-10-06 01:59:42
ORD002744,CUST000605,delivered,2024-01-21 01:10:24,2024-01-21 21:10:24,2024-01-23 21:10:24,2024-02-07 21:10:24,2024-02-04 01:10:24
ORD002745,CUST000487,delivered,2023-08-07 20:05:20,2023-08-08 02:05:20,2023-08-10 02:05:20,2023-08-19 02:05:20,2023-08-30 20:05:20
ORD002746,CUST000203,delivered,2023-12-14 06:06:15,2023-12-15 02:06:15,2023-12-17 02:06:15,2024-01-01 02:06:15,2023-12-25 06:06:15
ORD002747,CUST001244,delivered,2023-01-03 06:50:38,2023-01-03 23:50:38,2023-01-05 23:50:38,2023-01-08 23:50:38,2023-01-10 06:50:38
ORD002748,CUST001034,canceled,2024-11-19 06:03:41,,,,2024-12-03 06:03:41
ORD002749,CUST001542,delivered,2024-05-31 17:30:26,2024-06-01 16:30:26,2024-06-02 16:30:26,2024-06-12 16:30:26,2024-06-20 17:30:26
ORD002750,CUST000995,canceled,2024-02-28 11:17:24,,,,2024-03-21 11:17:24
ORD002751,CUST000401,delivered,2024-05-05 11:00:42,2024-05-05 17:00:42,2024-05-06 17:00:42,2024-05-13 17:00:42,2024-05-14 11:00:42
ORD002752,CUST000778,delivered,2024-06-01 06:50:28,2024-06-02 05:50:28,2024-06-05 05:50:28,2024-06-12 05:50:28,2024-06-14 06:50:28
ORD002753,CUST001585,delivered,2023-10-01 15:14:01,2023-10-03 02:14:01,2023-10-04 02:14:01,2023-10-11 02:14:01,2023-10-14 15:14:01
ORD002754,CUST001629,delivered,2024-09-28 19:11:44,2024-09-29 19:11:44,2024-10-02 19:11:44,2024-10-06 19:11:44,2024-10-08 19:11:44
ORD002755,CUST001984,delivered,2024-05-15 20:02:19,2024-05-16 18:02:19,2024-05-19 18:02:19,2024-06-02 18:02:19,2024-05-23 20:02:19
ORD002756,CUST000631,delivered,2024-08-14 19:01:27,2024-08-16 15:01:27,2024-08-17 15:01:27,2024-08-21 15:01:27,2024-09-07 19:01:27
ORD002757,CUST001662,delivered,2024-01-20 12:01:32,2024-01-21 22:01:32,2024-01-22 22:01:32,2024-01-30 22:01:32,2024-02-10 12:01:32
ORD002758,CUST001059,delivered,2023-12-20 22:36:13,2023-12-22 09:36:13,2023-12-23 09:36:13,2024-01-07 09:36:13,2023-12-30 22:36:13
ORD002759,CUST001654,delivered,2024-08-24 08:01:20,2024-08-25 21:01:20,2024-08-26 21:01:20,2024-09-05 21:01:20,2024-09-01 08:01:20
ORD002760,CUST001854,invoiced,2023-02-26 07:08:20,2023-02-26 12:08:20,,,2023-03-13 07:08:20
ORD002761,CUST000764,delivered,2024-01-30 06:53:02,2024-02-01 04:53:02,2024-02-04 04:53:02,2024-02-19 04:53:02,2024-02-11 06:53:02
ORD002762,CUST001293,delivered,2023-11-16 05:42:56,2023-11-17 20:42:56,2023-11-19 20:42:56,2023-11-30 20:42:56,2023-12-07 05:42:56
ORD002763,CUST001334,processing,2023-09-05 01:53:38,2023-09-07 01:53:38,,,2023-09-15 01:53:38
ORD002764,CUST001697,delivered,2023-06-27 02:18:18,2023-06-27 12:18:18,2023-06-29 12:18:18,2023-07-04 12:18:18,2023-07-13 02:18:18
ORD002765,CUST001318,delivered,2023-04-03 03:10:23,2023-04-04 05:10:23,2023-04-05 05:10:23,2023-04-10 05:10:23,2023-04-17 03:10:23
ORD002766,CUST001370,processing,2023-03-27 12:06:00,2023-03-28 11:06:00,,,2023-04-14 12:06:00
ORD002767,CUST000657,invoiced,2023-07-20 01:57:54,2023-07-20 22:57:54,,,2023-08-03 01:57:54
ORD002768,CUST001242,delivered,2023-02-09 06:54:38,2023-02-10 02:54:38,2023-02-12 02:54:38,2023-02-14 02:54:38,2023-03-02 06:54:38
ORD002769,CUST001521,delivered,2024-03-27 19:23:58,2024-03-29 17:23:58,2024-03-30 17:23:58,2024-04-01 17:23:58,2024-04-16 19:23:58
ORD002770,CUST000980,delivered,2024-01-05 22:21:06,2024-01-07 17:21:06,2024-01-09 17:21:06,2024-01-16 17:21:06,2024-01-26 22:21:06
ORD002771,CUST000363,delivered,2024-02-21 15:44:03,2024-02-22 11:44:03,2024-02-24 11:44:03,2024-03-01 11:44:03,2024-03-02 15:44:03
ORD002772,CUST000063,delivered,2024-07-25 06:41:26,2024-07-25 13:41:26,2024-07-26 13:41:26,2024-08-03 13:41:26,2024-08-09 06:41:26
ORD002773,CUST000040,delivered,2023-12-16 05:33:34,2023-12-17 01:33:34,2023-12-20 01:33:34,2023-12-23 01:33:34,2023-12-26 05:33:34
ORD002774,CUST001700,approved,2023-01-24 15:16:05,2023-01-26 12:16:05,,,2023-02-12 15:16:05
ORD002775,CUST000842,delivered,2024-10-18 13:51:17,2024-10-18 19:51:17,2024-10-19 19:51:17,2024-10-21 19:51:17,2024-11-10 13:51:17
ORD002776,CUST000970,delivered,2024-10-13 04:49:15,2024-10-13 21:49:15,2024-10-14 21:49:15,2024-10-28 21:49:15,2024-10-23 04:49:15
ORD002777,CUST001368,delivered,2024-02-19 19:29:55,2024-02-21 04:29:55,2024-02-22 04:29:55,2024-02-26 04:29:55,2024-02-28 19:29:55
ORD002778,CUST000034,delivered,2024-10-10 18:10:33,2024-10-12 11:10:33,2024-10-14 11:10:33,2024-10-18 11:10:33,2024-10-29 18:10:33
ORD002779,CUST000276,delivered,2024-09-25 20:41:51,2024-09-26 06:41:51,2024-09-27 06:41:51,2024-10-07 06:41:51,2024-10-08 20:41:51
ORD002780,CUST001736,delivered,2024-10-08 09:51:59,2024-10-10 07:51:59,2024-10-11 07:51:59,2024-10-24 07:51:59,2024-10-15 09:51:59
ORD002781,CUST000090,delivered,2023-01-12 12:34:14,2023-01-12 21:34:14,2023-01-15 21:34:14,2023-01-29 21:34:14,2023-01-30 12:34:14
ORD002782,CUST001055,delivered,2024-05-19 04:42:54,2024-05-20 16:42:54,2024-05-23 16:42:54,2024-06-01 16:42:54,2024-05-27 04:42:54
ORD002783,CUST001028,delivered,2024-12-21 07:19:36,2024-12-21 09:19:36,2024-12-22 09:19:36,2025-01-03 09:19:36,2025-01-11 07:19:36
ORD002784,CUST000760,delivered,2023-10-01 20:20:50,2023-10-03 04:20:50,2023-10-06 04:20:50,2023-10-10 04:20:50,2023-10-16 20:20:50
ORD002785,CUST001538,delivered,2023-07-15 20:15:41,2023-07-16 04:15:41,2023-07-17 04:15:41,2023-07-28 04:15:41,2023-08-02 20:15:41
ORD002786,CUST001386,delivered,2023-04-01 10:44:57,2023-04-03 08:44:57,2023-04-04 08:44:57,2023-04-11 08:44:57,2023-04-24 10:44:57
ORD002787,CUST000315,delivered,2024-10-19 00:50:23,2024-10-19 10:50:23,2024-10-22 10:50:23,2024-11-01 10:50:23,2024-11-07 00:50:23
ORD002788,CUST000886,delivered,2023-01-17 13:50:20,2023-01-19 01:50:20,2023-01-20 01:50:20,2023-01-24 01:50:20,2023-01-29 13:50:20
ORD002789,CUST000685,delivered,2023-09-26 00:27:56,2023-09-26 23:27:56,2023-09-28 23:27:56,2023-10-07 23:27:56,2023-10-11 00:27:56
ORD002790,CUST000388,delivered,2024-04-06 14:31:55,2024-04-08 05:31:55,2024-04-10 05:31:55,2024-04-12 05:31:55,2024-05-01 14:31:55
ORD002791,CUST000766,processing,2023-01-24 09:21:48,2023-01-26 02:21:48,,,2023-02-16 09:21:48
ORD002792,CUST001470,delivered,2024-08-21 18:23:19,2024-08-22 20:23:19,2024-08-25 20:23:19,2024-08-31 20:23:19,2024-09-03 18:23:19
ORD002793,CUST000078,canceled,2023-02-06 03:24:50,,,,2023-02-23 03:24:50
ORD002794,CUST001716,delivered,2024-10-04 12:54:14,2024-10-04 21:54:14,2024-10-05 21:54:14,2024-10-15 21:54:14,2024-10-28 12:54:14
ORD002795,CUST000532,delivered,2024-05-18 19:19:38,2024-05-20 04:19:38,2024-05-22 04:19:38,2024-06-04 04:19:38,2024-06-06 19:19:38
ORD002796,CUST001384,delivered,2023-12-22 15:29:40,2023-12-24 07:29:40,2023-12-27 07:29:40,2024-01-11 07:29:40,2024-01-05 15:29:40
ORD002797,CUST001224,delivered,2023-03-17 07:30:01,2023-03-17 11:30:01,2023-03-19 11:30:01,2023-03-31 11:30:01,2023-03-28 07:30:01
ORD002798,CUST000307,delivered,2023-05-22 21:32:19,2023-05-23 03:32:19,2023-05-24 03:32:19,2023-06-07 03:32:19,2023-06-04 21:32:19
ORD002799,CUST000062,delivered,2024-07-23 13:54:54,2024-07-24 07:54:54,2024-07-26 07:54:54,2024-08-10 07:54:54,2024-08-17 13:54:54
ORD002800,CUST000108,canceled,2023-10-11 16:16:57,,,,2023-10-20 16:16:57
ORD002801,CUST000260,delivered,2024-08-14 22:24:21,2024-08-16 07:24:21,2024-08-17 07:24:21,2024-08-22 07:24:21,2024-08-31 22:24:21
ORD002802,CUST000051,processing,2023-05-05 09:20:00,2023-05-06 19:20:00,,,2023-05-30 09:20:00
ORD002803,CUST001274,delivered,2023-11-27 08:57:09,2023-11-29 06:57:09,2023-12-02 06:57:09,2023-12-08 06:57:09,2023-12-13 08:57:09
ORD002804,CUST001688,delivered,2023-03-17 21:26:57,2023-03-18 05:26:57,2023-03-20 05:26:57,2023-03-29 05:26:57,2023-04-11 21:26:57
ORD002805,CUST000680,delivered,2023-02-18 13:10:07,2023-02-19 18:10:07,2023-02-20 18:10:07,2023-03-02 18:10:07,2023-03-04 13:10:07
ORD002806,CUST000972,processing,2024-08-25 13:02:57,2024-08-27 13:02:57,,,2024-09-14 13:02:57
ORD002807,CUST001594,delivered,2024-04-30 07:49:47,2024-05-01 20:49:47,2024-05-03 20:49:47,2024-05-16 20:49:47,2024-05-14 07:49:47
ORD002808,CUST000171,delivered,2023-05-10 23:56:20,2023-05-12 07:56:20,2023-05-13 07:56:20,2023-05-27 07:56:20,2023-06-03 23:56:20
ORD002809,CUST000514,delivered,2023-09-19 18:35:16,2023-09-20 20:35:16,2023-09-23 20:35:16,2023-10-03 20:35:16,2023-10-09 18:35:16
ORD002810,CUST000884,delivered,2023-12-06 13:50:07,2023-12-06 23:50:07,2023-12-09 23:50:07,2023-12-13 23:50:07,2023-12-24 13:50:07
ORD002811,CUST001311,delivered,2024-11-10 19:28:16,2024-11-11 06:28:16,2024-11-14 06:28:16,2024-11-18 06:28:16,2024-12-04 19:28:16
ORD002812,CUST001314,delivered,2023-01-02 04:02:00,2023-01-02 14:02:00,2023-01-03 14:02:00,2023-01-10 14:02:00,2023-01-15 04:02:00
ORD002813,CUST000404,canceled,2023-02-12 15:54:10,,,,2023-03-07 15:54:10
ORD002814,CUST000858,delivered,2023-12-18 15:33:00,2023-12-19 11:33:00,2023-12-22 11:33:00,2024-01-06 11:33:00,2024-01-07 15:33:00
ORD002815,CUST000162,delivered,2024-05-11 14:54:34,2024-05-12 23:54:34,2024-05-13 23:54:34,2024-05-24 23:54:34,2024-05-30 14:54:34
ORD002816,CUST000126,shipped,2023-10-13 11:47:40,2023-10-14 02:47:40,2023-10-16 02:47:40,,2023-10-28 11:47:40
ORD002817,CUST000011,delivered,2023-10-15 20:55:05,2023-10-17 09:55:05,2023-10-19 09:55:05,2023-10-26 09:55:05,2023-10-26 20:55:05
ORD002818,CUST000541,delivered,2023-03-23 08:24:44,2023-03-23 21:24:44,2023-03-24 21:24:44,2023-04-02 21:24:44,2023-04-09 08:24:44
ORD002819,CUST001904,delivered,2023-12-19 12:00:21,2023-12-19 23:00:21,2023-12-22 23:00:21,2024-01-04 23:00:21,2024-01-10 12:00:21
ORD002820,CUST000850,delivered,2023-10-09 19:34:04,2023-10-10 13:34:04,2023-10-11 13:34:04,2023-10-23 13:34:04,2023-10-18 19:34:04
ORD002821,CUST001731,delivered,2024-12-23 23:09:36,2024-12-25 09:09:36,2024-12-27 09:09:36,2025-01-08 09:09:36,2025-01-04 23:09:36
ORD002822,CUST001176,delivered,2024-03-14 16:09:24,2024-03-15 00:09:24,2024-03-18 00:09:24,2024-03-30 00:09:24,2024-03-24 16:09:24
ORD002823,CUST000802,delivered,2024-09-23 22:31:49,2024-09-24 15:31:49,2024-09-26 15:31:49,2024-10-01 15:31:49,2024-10-08 22:31:49
ORD002824,CUST000723,delivered,2024-09-19 14:47:29,2024-09-20 11:47:29,2024-09-21 11:47:29,2024-10-05 11:47:29,2024-10-07 14:47:29
ORD002825,CUST000292,delivered,2024-10-18 15:52:05,2024-10-18 23:52:05,2024-10-21 23:52:05,2024-10-29 23:52:05,2024-11-08 15:52:05
ORD002826,CUST001767,delivered,2024-06-26 21:48:12,2024-06-28 20:48:12,2024-06-29 20:48:12,2024-07-13 20:48:12,2024-07-04 21:48:12
ORD002827,CUST001339,delivered,2024-08-02 07:31:12,2024-08-03 16:31:12,2024-08-04 16:31:12,2024-08-06 16:31:12,2024-08-12 07:31:12
ORD002828,CUST001680,shipped,2024-02-10 06:58:42,2024-02-10 12:58:42,2024-02-13 12:58:42,,2024-02-27 06:58:42
ORD002829,CUST000095,delivered,2024-08-12 17:18:31,2024-08-13 03:18:31,2024-08-14 03:18:31,2024-08-20 03:18:31,2024-08-23 17:18:31
ORD002830,CUST000617,delivered,2023-05-10 19:05:24,2023-05-12 06:05:24,2023-05-15 06:05:24,2023-05-20 06:05:24,2023-05-26 19:05:24
ORD002831,CUST001874,delivered,2024-11-09 21:51:09,2024-11-10 22:51:09,2024-11-12 22:51:09,2024-11-22 22:51:09,2024-11-17 21:51:09
ORD002832,CUST000043,delivered,2024-08-04 22:52:49,2024-08-05 15:52:49,2024-08-07 15:52:49,2024-08-19 15:52:49,2024-08-12 22:52:49
ORD002833,CUST001575,processing,2023-03-26 23:04:29,2023-03-27 02:04:29,,,2023-04-10 23:04:29
ORD002834,CUST000359,delivered,2023-01-09 07:25:36,2023-01-10 03:25:36,2023-01-13 03:25:36,2023-01-15 03:25:36,2023-01-18 07:25:36
ORD002835,CUST000336,delivered,2023-12-08 07:58:47,2023-12-08 23:58:47,2023-12-10 23:58:47,2023-12-24 23:58:47,2023-12-31 07:58:47
ORD002836,CUST001281,approved,2024-02-13 14:34:20,2024-02-14 22:34:20,,,2024-02-23 14:34:20
ORD002837,CUST001004,delivered,2023-12-21 11:52:48,2023-12-22 14:52:48,2023-12-23 14:52:48,2023-12-30 14:52:48,2024-01-04 11:52:48
ORD002838,CUST001158,canceled,2024-08-22 05:36:56,,,,2024-08-30 05:36:56
ORD002839,CUST001042,delivered,2024-09-21 15:55:33,2024-09-22 09:55:33,2024-09-25 09:55:33,2024-10-10 09:55:33,2024-10-10 15:55:33
ORD002840,CUST000746,delivered,2024-10-10 05:00:59,2024-10-10 09:00:59,2024-10-13 09:00:59,2024-10-20 09:00:59,2024-10-23 05:00:59
ORD002841,CUST000830,delivered,2024-02-09 10:52:59,2024-02-09 15:52:59,2024-02-10 15:52:59,2024-02-21 15:52:59,2024-02-20 10:52:59
ORD002842,CUST000816,shipped,2024-12-28 19:19:21,2024-12-29 18:19:21,2024-12-31 18:19:21,,2025-01-18 19:19:21
ORD002843,CUST001794,shipped,2024-10-03 05:35:27,2024-10-04 05:35:27,2024-10-07 05:35:27,,2024-10-11 05:35:27
ORD002844,CUST001026,processing,2023-06-24 03:06:45,2023-06-25 02:06:45,,,2023-07-11 03:06:45
ORD002845,CUST000065,delivered,2024-10-26 23:53:50,2024-10-27 15:53:50,2024-10-28 15:53:50,2024-11-09 15:53:50,2024-11-17 23:53:50
ORD002846,CUST000347,processing,2024-04-09 12:23:08,2024-04-11 00:23:08,,,2024-04-20 12:23:08
ORD002847,CUST000839,delivered,2023-04-02 05:46:43,2023-04-03 08:46:43,2023-04-05 08:46:43,2023-04-10 08:46:43,2023-04-20 05:46:43
ORD002848,CUST000804,delivered,2024-02-12 17:23:32,2024-02-13 11:23:32,2024-02-15 11:23:32,2024-02-28 11:23:32,2024-03-02 17:23:32
ORD002849,CUST001931,delivered,2023-01-03 16:13:53,2023-01-03 18:13:53,2023-01-05 18:13:53,2023-01-20 18:13:53,2023-01-20 16:13:53
ORD002850,CUST001504,delivered,2023-03-26 20:28:58,2023-03-27 03:28:58,2023-03-30 03:28:58,2023-04-09 03:28:58,2023-04-04 20:28:58
ORD002851,CUST001753,delivered,2024-04-12 17:35:43,2024-04-12 22:35:43,2024-04-13 22:35:43,2024-04-24 22:35:43,2024-04-27 17:35:43
ORD002852,CUST000593,shipped,2023-11-03 03:29:39,2023-11-04 18:29:39,2023-11-05 18:29:39,,2023-11-20 03:29:39
ORD002853,CUST000369,delivered,2023-07-30 03:39:07,2023-07-30 21:39:07,2023-08-02 21:39:07,2023-08-12 21:39:07,2023-08-11 03:39:07
ORD002854,CUST000243,delivered,2024-06-16 08:54:11,2024-06-18 02:54:11,2024-06-20 02:54:11,2024-07-02 02:54:11,2024-07-11 08:54:11
ORD002855,CUST001401,delivered,2024-05-02 09:54:26,2024-05-03 13:54:26,2024-05-05 13:54:26,2024-05-13 13:54:26,2024-05-19 09:54:26
ORD002856,CUST001161,delivered,2024-08-19 01:20:10,2024-08-20 01:20:10,2024-08-22 01:20:10,2024-08-28 01:20:10,2024-09-03 01:20:10
ORD002857,CUST001079,delivered,2024-10-26 07:39:17,2024-10-27 03:39:17,2024-10-28 03:39:17,2024-11-11 03:39:17,2024-11-15 07:39:17
ORD002858,CUST001899,delivered,2024-07-03 17:08:22,2024-07-04 00:08:22,2024-07-06 00:08:22,2024-07-21 00:08:22,2024-07-23 17:08:22
ORD002859,CUST001282,invoiced,2024-07-31 06:21:41,2024-08-02 05:21:41,,,2024-08-07 06:21:41
ORD002860,CUST000962,delivered,2024-08-19 09:40:16,2024-08-19 13:40:16,2024-08-21 13:40:16,2024-08-29 13:40:16,2024-09-02 09:40:16
ORD002861,CUST000044,delivered,2023-11-02 04:05:52,2023-11-03 04:05:52,2023-11-06 04:05:52,2023-11-15 04:05:52,2023-11-23 04:05:52
ORD002862,CUST001225,delivered,2023-05-08 01:51:18,2023-05-08 09:51:18,2023-05-09 09:51:18,2023-05-16 09:51:18,2023-05-23 01:51:18
ORD002863,CUST001583,processing,2024-04-18 16:33:38,2024-04-19 11:33:38,,,2024-05-03 16:33:38
ORD002864,CUST000056,shipped,2023-09-04 02:36:45,2023-09-05 21:36:45,2023-09-07 21:36:45,,2023-09-28 02:36:45
ORD002865,CUST001891,delivered,2024-05-10 04:51:37,2024-05-11 04:51:37,2024-05-13 04:51:37,2024-05-23 04:51:37,2024-05-27 04:51:37
ORD002866,CUST000307,delivered,2024-02-15 09:16:05,2024-02-16 07:16:05,2024-02-18 07:16:05,2024-03-01 07:16:05,2024-03-08 09:16:05
ORD002867,CUST001067,delivered,2023-11-13 03:28:02,2023-11-14 01:28:02,2023-11-17 01:28:02,2023-11-24 01:28:02,2023-12-04 03:28:02
ORD002868,CUST000589,delivered,2023-08-08 22:33:28,2023-08-09 08:33:28,2023-08-10 08:33:28,2023-08-25 08:33:28,2023-08-19 22:33:28
ORD002869,CUST001298,invoiced,2024-07-03 13:21:06,2024-07-04 12:21:06,,,2024-07-27 13:21:06
ORD002870,CUST000255,shipped,2023-01-19 21:11:33,2023-01-20 20:11:33,2023-01-22 20:11:33,,2023-02-04 21:11:33
ORD002871,CUST000495,canceled,2024-05-14 13:11:04,,,,2024-05-24 13:11:04
ORD002872,CUST000048,delivered,2024-10-31 14:53:00,2024-11-01 00:53:00,2024-11-04 00:53:00,2024-11-18 00:53:00,2024-11-15 14:53:00
ORD002873,CUST000305,delivered,2024-10-05 23:18:42,2024-10-06 12:18:42,2024-10-08 12:18:42,2024-10-12 12:18:42,2024-10-19 23:18:42
ORD002874,CUST000313,shipped,2023-08-07 23:51:18,2023-08-09 16:51:18,2023-08-11 16:51:18,,2023-08-28 23:51:18
ORD002875,CUST001902,delivered,2023-01-02 10:56:38,2023-01-02 17:56:38,2023-01-04 17:56:38,2023-01-12 17:56:38,2023-01-27 10:56:38
ORD002876,CUST001996,delivered,2024-03-31 23:04:07,2024-04-01 16:04:07,2024-04-04 16:04:07,2024-04-13 16:04:07,2024-04-25 23:04:07
ORD002877,CUST001859,approved,2024-05-15 08:56:25,2024-05-15 16:56:25,,,2024-06-08 08:56:25
ORD002878,CUST001601,delivered,2023-12-24 11:37:36,2023-12-24 14:37:36,2023-12-27 14:37:36,2024-01-09 14:37:36,2024-01-06 11:37:36
ORD002879,CUST000713,delivered,2024-05-26 10:19:05,2024-05-27 12:19:05,2024-05-28 12:19:05,2024-05-31 12:19:05,2024-06-16 10:19:05
ORD002880,CUST000858,delivered,2023-01-27 06:57:09,2023-01-28 07:57:09,2023-01-29 07:57:09,2023-01-31 07:57:09,2023-02-05 06:57:09
ORD002881,CUST001041,delivered,2024-04-16 12:40:04,2024-04-16 14:40:04,2024-04-19 14:40:04,2024-05-04 14:40:04,2024-04-24 12:40:04
ORD002882,CUST000628,delivered,2023-04-18 15:57:32,2023-04-19 16:57:32,2023-04-21 16:57:32,2023-05-02 16:57:32,2023-05-03 15:57:32
ORD002883,CUST000639,delivered,2024-08-11 01:13:03,2024-08-12 05:13:03,2024-08-15 05:13:03,2024-08-26 05:13:03,2024-08-23 01:13:03
ORD002884,CUST000021,delivered,2024-06-25 11:22:53,2024-06-25 18:22:53,2024-06-27 18:22:53,2024-07-10 18:22:53,2024-07-06 11:22:53
ORD002885,CUST001243,delivered,2023-04-23 13:17:42,2023-04-24 05:17:42,2023-04-27 05:17:42,2023-05-07 05:17:42,2023-05-18 13:17:42
ORD002886,CUST000959,delivered,2024-03-10 16:12:29,2024-03-11 08:12:29,2024-03-13 08:12:29,2024-03-18 08:12:29,2024-03-30 16:12:29
ORD002887,CUST001488,delivered,2024-05-13 08:44:37,2024-05-15 04:44:37,2024-05-17 04:44:37,2024-05-30 04:44:37,2024-06-05 08:44:37
ORD002888,CUST000540,delivered,2024-08-31 14:50:14,2024-08-31 18:50:14,2024-09-02 18:50:14,2024-09-06 18:50:14,2024-09-11 14:50:14
ORD002889,CUST000932,delivered,2024-06-30 19:36:00,2024-07-01 01:36:00,2024-07-02 01:36:00,2024-07-07 01:36:00,2024-07-18 19:36:00
ORD002890,CUST000314,delivered,2023-04-20 07:03:28,2023-04-20 12:03:28,2023-04-22 12:03:28,2023-04-27 12:03:28,2023-04-28 07:03:28
ORD002891,CUST001099,canceled,2024-09-10 17:02:34,,,,2024-09-26 17:02:34
ORD002892,CUST001678,delivered,2023-06-18 17:55:52,2023-06-20 09:55:52,2023-06-21 09:55:52,2023-06-29 09:55:52,2023-07-07 17:55:52
ORD002893,CUST001709,delivered,2024-11-19 08:11:33,2024-11-21 06:11:33,2024-11-24 06:11:33,2024-12-05 06:11:33,2024-12-09 08:11:33
ORD002894,CUST001710,invoiced,2024-03-28 02:16:39,2024-03-28 20:16:39,,,2024-04-20 02:16:39
ORD002895,CUST001799,delivered,2023-01-23 07:08:12,2023-01-25 02:08:12,2023-01-26 02:08:12,2023-02-07 02:08:12,2023-01-31 07:08:12
ORD002896,CUST000641,shipped,2024-04-12 08:18:47,2024-04-14 01:18:47,2024-04-16 01:18:47,,2024-04-30 08:18:47
ORD002897,CUST001670,delivered,2024-07-28 05:35:02,2024-07-28 07:35:02,2024-07-31 07:35:02,2024-08-04 07:35:02,2024-08-14 05:35:02
ORD002898,CUST000176,delivered,2023-07-05 15:06:45,2023-07-07 14:06:45,2023-07-09 14:06:45,2023-07-23 14:06:45,2023-07-30 15:06:45
ORD002899,CUST000649,delivered,2023-09-28 02:29:13,2023-09-29 11:29:13,2023-10-02 11:29:13,2023-10-10 11:29:13,2023-10-18 02:29:13
ORD002900,CUST000390,delivered,2024-08-20 03:46:30,2024-08-20 12:46:30,2024-08-23 12:46:30,2024-08-27 12:46:30,2024-09-02 03:46:30
ORD002901,CUST000203,delivered,2023-06-20 02:45:03,2023-06-21 21:45:03,2023-06-22 21:45:03,2023-06-29 21:45:03,2023-07-02 02:45:03
ORD002902,CUST000265,canceled,2024-01-22 03:00:27,,,,2024-02-16 03:00:27
ORD002903,CUST000328,delivered,2024-05-15 23:22:16,2024-05-16 09:22:16,2024-05-18 09:22:16,2024-06-01 09:22:16,2024-05-31 23:22:16
ORD002904,CUST000185,delivered,2024-02-08 11:35:42,2024-02-09 04:35:42,2024-02-12 04:35:42,2024-02-24 04:35:42,2024-02-23 11:35:42
ORD002905,CUST000098,delivered,2024-01-22 13:33:18,2024-01-23 01:33:18,2024-01-25 01:33:18,2024-02-06 01:33:18,2024-02-08 13:33:18
ORD002906,CUST000715,canceled,2023-10-14 10:25:40,,,,2023-10-24 10:25:40
ORD002907,CUST001813,shipped,2024-06-17 03:33:06,2024-06-19 00:33:06,2024-06-22 00:33:06,,2024-07-04 03:33:06
ORD002908,CUST000637,delivered,2023-03-29 07:47:07,2023-03-30 12:47:07,2023-03-31 12:47:07,2023-04-10 12:47:07,2023-04-05 07:47:07
ORD002909,CUST001907,delivered,2024-12-04 12:18:39,2024-12-05 02:18:39,2024-12-08 02:18:39,2024-12-23 02:18:39,2024-12-28 12:18:39
ORD002910,CUST001526,delivered,2023-04-13 21:35:40,2023-04-15 20:35:40,2023-04-17 20:35:40,2023-04-27 20:35:40,2023-04-29 21:35:40
ORD002911,CUST001525,delivered,2023-04-13 19:33:13,2023-04-14 13:33:13,2023-04-16 13:33:13,2023-04-19 13:33:13,2023-04-28 19:33:13
ORD002912,CUST001424,delivered,2024-01-27 04:53:59,2024-01-27 09:53:59,2024-01-29 09:53:59,2024-02-10 09:53:59,2024-02-19 04:53:59
ORD002913,CUST000531,delivered,2023-09-07 07:13:15,2023-09-08 01:13:15,2023-09-09 01:13:15,2023-09-12 01:13:15,2023-09-17 07:13:15
ORD002914,CUST001909,delivered,2023-07-09 16:07:33,2023-07-10 06:07:33,2023-07-12 06:07:33,2023-07-14 06:07:33,2023-07-22 16:07:33
ORD002915,CUST000709,delivered,2023-01-02 18:30:05,2023-01-03 20:30:05,2023-01-05 20:30:05,2023-01-14 20:30:05,2023-01-24 18:30:05
ORD002916,CUST001187,delivered,2023-02-17 20:51:45,2023-02-18 23:51:45,2023-02-21 23:51:45,2023-03-05 23:51:45,2023-03-11 20:51:45
ORD002917,CUST001864,approved,2024-03-21 03:56:49,2024-03-21 19:56:49,,,2024-04-11 03:56:49
ORD002918,CUST001614,delivered,2024-01-22 05:15:24,2024-01-23 05:15:24,2024-01-24 05:15:24,2024-02-02 05:15:24,2024-02-11 05:15:24
ORD002919,CUST001725,delivered,2024-10-31 17:34:38,2024-10-31 22:34:38,2024-11-03 22:34:38,2024-11-11 22:34:38,2024-11-12 17:34:38
ORD002920,CUST000372,delivered,2023-04-07 18:10:03,2023-04-08 13:10:03,2023-04-11 13:10:03,2023-04-21 13:10:03,2023-04-30 18:10:03
ORD002921,CUST001280,delivered,2024-02-09 20:25:20,2024-02-10 16:25:20,2024-02-11 16:25:20,2024-02-21 16:25:20,2024-02-28 20:25:20
ORD002922,CUST000344,delivered,2024-08-11 08:05:46,2024-08-13 03:05:46,2024-08-14 03:05:46,2024-08-22 03:05:46,2024-08-27 08:05:46
ORD002923,CUST001852,shipped,2024-11-01 11:57:38,2024-11-02 04:57:38,2024-11-05 04:57:38,,2024-11-21 11:57:38
ORD002924,CUST000227,delivered,2024-04-23 10:52:06,2024-04-25 02:52:06,2024-04-26 02:52:06,2024-05-04 02:52:06,2024-05-01 10:52:06
ORD002925,CUST000876,delivered,2023-11-27 08:23:57,2023-11-27 10:23:57,2023-11-29 10:23:57,2023-12-13 10:23:57,2023-12-12 08:23:57
ORD002926,CUST000885,invoiced,2024-08-05 01:12:30,2024-08-07 00:12:30,,,2024-08-27 01:12:30
ORD002927,CUST001680,delivered,2024-10-22 00:33:47,2024-10-22 09:33:47,2024-10-24 09:33:47,2024-11-08 09:33:47,2024-11-01 00:33:47
ORD002928,CUST000044,delivered,2024-12-23 21:42:22,2024-12-24 01:42:22,2024-12-25 01:42:22,2025-01-04 01:42:22,2025-01-01 21:42:22
ORD002929,CUST000175,delivered,2024-01-18 20:20:23,2024-01-19 09:20:23,2024-01-21 09:20:23,2024-01-31 09:20:23,2024-01-29 20:20:23
ORD002930,CUST001588,delivered,2024-08-16 14:14:43,2024-08-16 15:14:43,2024-08-18 15:14:43,2024-08-24 15:14:43,2024-08-28 14:14:43
ORD002931,CUST000064,canceled,2023-05-01 12:05:30,,,,2023-05-10 12:05:30
ORD002932,CUST000342,delivered,2024-09-04 09:03:52,2024-09-05 11:03:52,2024-09-08 11:03:52,2024-09-12 11:03:52,2024-09-21 09:03:52
ORD002933,CUST000501,shipped,2023-06-25 14:37:09,2023-06-25 23:37:09,2023-06-26 23:37:09,,2023-07-05 14:37:09
ORD002934,CUST001488,delivered,2024-03-09 20:48:12,2024-03-09 22:48:12,2024-03-12 22:48:12,2024-03-25 22:48:12,2024-04-01 20:48:12
ORD002935,CUST000974,shipped,2024-04-11 13:21:22,2024-04-12 22:21:22,2024-04-13 22:21:22,,2024-04-22 13:21:22
ORD002936,CUST001215,delivered,2024-09-09 08:26:36,2024-09-10 08:26:36,2024-09-13 08:26:36,2024-09-18 08:26:36,2024-10-02 08:26:36
ORD002937,CUST000482,delivered,2023-11-02 06:59:42,2023-11-03 22:59:42,2023-11-06 22:59:42,2023-11-09 22:59:42,2023-11-09 06:59:42
ORD002938,CUST001501,delivered,2024-02-23 13:10:59,2024-02-24 10:10:59,2024-02-25 10:10:59,2024-03-05 10:10:59,2024-03-10 13:10:59
ORD002939,CUST000664,delivered,2023-12-13 09:14:15,2023-12-13 23:14:15,2023-12-16 23:14:15,2023-12-29 23:14:15,2023-12-31 09:14:15
ORD002940,CUST000705,processing,2023-05-06 00:56:47,2023-05-08 00:56:47,,,2023-05-15 00:56:47
ORD002941,CUST000543,canceled,2023-11-08 01:42:51,,,,2023-11-17 01:42:51
ORD002942,CUST001101,delivered,2023-06-04 19:46:22,2023-06-05 01:46:22,2023-06-08 01:46:22,2023-06-15 01:46:22,2023-06-22 19:46:22
ORD002943,CUST001197,delivered,2024-06-09 23:06:42,2024-06-11 06:06:42,2024-06-14 06:06:42,2024-06-25 06:06:42,2024-06-16 23:06:42
ORD002944,CUST001469,shipped,2023-08-14 12:20:16,2023-08-16 03:20:16,2023-08-18 03:20:16,,2023-08-24 12:20:16
ORD002945,CUST000443,delivered,2024-05-19 17:56:51,2024-05-21 01:56:51,2024-05-24 01:56:51,2024-05-26 01:56:51,2024-06-01 17:56:51
ORD002946,CUST000848,delivered,2023-02-03 12:34:32,2023-02-04 17:34:32,2023-02-05 17:34:32,2023-02-16 17:34:32,2023-02-19 12:34:32
ORD002947,CUST000539,delivered,2023-03-17 04:43:02,2023-03-19 01:43:02,2023-03-21 01:43:02,2023-03-23 01:43:02,2023-04-03 04:43:02
ORD002948,CUST000641,delivered,2023-04-06 14:16:41,2023-04-07 05:16:41,2023-04-10 05:16:41,2023-04-22 05:16:41,2023-04-30 14:16:41
ORD002949,CUST000907,delivered,2024-08-27 11:40:42,2024-08-28 16:40:42,2024-08-30 16:40:42,2024-09-09 16:40:42,2024-09-11 11:40:42
ORD002950,CUST001274,delivered,2023-04-29 20:17:33,2023-04-30 22:17:33,2023-05-02 22:17:33,2023-05-11 22:17:33,2023-05-19 20:17:33
ORD002951,CUST001913,delivered,2023-03-04 00:20:30,2023-03-04 15:20:30,2023-03-06 15:20:30,2023-03-13 15:20:30,2023-03-29 00:20:30
ORD002952,CUST001012,delivered,2024-04-10 23:07:13,2024-04-11 14:07:13,2024-04-12 14:07:13,2024-04-24 14:07:13,2024-05-02 23:07:13
ORD002953,CUST001973,delivered,2023-08-31 01:37:26,2023-08-31 13:37:26,2023-09-02 13:37:26,2023-09-13 13:37:26,2023-09-20 01:37:26
ORD002954,CUST001627,canceled,2024-04-07 12:08:10,,,,2024-04-29 12:08:10
ORD002955,CUST000952,delivered,2023-09-28 12:23:21,2023-09-28 13:23:21,2023-09-30 13:23:21,2023-10-10 13:23:21,2023-10-13 12:23:21
ORD002956,CUST000294,delivered,2024-06-30 01:34:20,2024-07-01 22:34:20,2024-07-03 22:34:20,2024-07-16 22:34:20,2024-07-13 01:34:20
ORD002957,CUST001735,delivered,2023-04-30 19:42:42,2023-05-01 18:42:42,2023-05-03 18:42:42,2023-05-05 18:42:42,2023-05-17 19:42:42
ORD002958,CUST000125,delivered,2023-10-24 05:54:19,2023-10-25 11:54:19,2023-10-28 11:54:19,2023-11-11 11:54:19,2023-11-18 05:54:19
ORD002959,CUST001701,delivered,2024-01-04 21:06:25,2024-01-05 17:06:25,2024-01-07 17:06:25,2024-01-15 17:06:25,2024-01-14 21:06:25
ORD002960,CUST000895,delivered,2023-04-18 03:54:50,2023-04-19 16:54:50,2023-04-21 16:54:50,2023-04-29 16:54:50,2023-05-04 03:54:50
ORD002961,CUST000516,delivered,2024-04-05 13:10:55,2024-04-07 13:10:55,2024-04-09 13:10:55,2024-04-17 13:10:55,2024-04-22 13:10:55
ORD002962,CUST000097,delivered,2024-04-17 05:27:22,2024-04-18 11:27:22,2024-04-19 11:27:22,2024-04-23 11:27:22,2024-05-06 05:27:22
ORD002963,CUST000876,delivered,2024-11-30 20:59:38,2024-12-02 05:59:38,2024-12-04 05:59:38,2024-12-10 05:59:38,2024-12-07 20:59:38
ORD002964,CUST001263,delivered,2023-07-28 21:06:57,2023-07-30 06:06:57,2023-08-01 06:06:57,2023-08-13 06:06:57,2023-08-16 21:06:57
ORD002965,CUST000045,delivered,2024-06-25 12:42:07,2024-06-25 13:42:07,2024-06-27 13:42:07,2024-07-05 13:42:07,2024-07-20 12:42:07
ORD002966,CUST000142,canceled,2024-09-03 06:37:34,,,,2024-09-23 06:37:34
ORD002967,CUST001515,delivered,2023-03-11 07:57:17,2023-03-12 10:57:17,2023-03-15 10:57:17,2023-03-24 10:57:17,2023-03-19 07:57:17
ORD002968,CUST001980,processing,2024-10-01 16:07:26,2024-10-02 22:07:26,,,2024-10-22 16:07:26
ORD002969,CUST001526,delivered,2024-09-02 13:38:17,2024-09-04 07:38:17,2024-09-05 07:38:17,2024-09-16 07:38:17,2024-09-27 13:38:17
ORD002970,CUST001181,delivered,2024-02-21 05:15:15,2024-02-22 13:15:15,2024-02-24 13:15:15,2024-03-06 13:15:15,2024-03-04 05:15:15
ORD002971,CUST001910,delivered,2024-03-30 02:32:23,2024-03-30 08:32:23,2024-03-31 08:32:23,2024-04-09 08:32:23,2024-04-13 02:32:23
ORD002972,CUST001803,delivered,2024-01-02 04:29:08,2024-01-03 19:29:08,2024-01-05 19:29:08,2024-01-09 19:29:08,2024-01-14 04:29:08
ORD002973,CUST001962,delivered,2024-11-07 01:10:57,2024-11-08 19:10:57,2024-11-09 19:10:57,2024-11-15 19:10:57,2024-11-20 01:10:57
ORD002974,CUST000460,delivered,2023-06-17 08:26:26,2023-06-18 00:26:26,2023-06-19 00:26:26,2023-07-03 00:26:26,2023-06-28 08:26:26
ORD002975,CUST001886,delivered,2023-08-09 22:27:22,2023-08-10 13:27:22,2023-08-12 13:27:22,2023-08-18 13:27:22,2023-08-28 22:27:22
ORD002976,CUST000904,shipped,2023-01-24 14:36:17,2023-01-24 16:36:17,2023-01-26 16:36:17,,2023-02-18 14:36:17
ORD002977,CUST000924,delivered,2023-09-22 08:14:56,2023-09-22 09:14:56,2023-09-24 09:14:56,2023-10-05 09:14:56,2023-10-10 08:14:56
ORD002978,CUST000546,delivered,2024-11-01 04:45:06,2024-11-02 09:45:06,2024-11-05 09:45:06,2024-11-13 09:45:06,2024-11-18 04:45:06
ORD002979,CUST001700,delivered,2023-05-24 21:48:04,2023-05-25 06:48:04,2023-05-28 06:48:04,2023-06-04 06:48:04,2023-06-07 21:48:04
ORD002980,CUST000205,delivered,2024-05-08 01:46:04,2024-05-09 02:46:04,2024-05-11 02:46:04,2024-05-17 02:46:04,2024-05-31 01:46:04
ORD002981,CUST000814,delivered,2024-07-23 12:14:43,2024-07-24 19:14:43,2024-07-26 19:14:43,2024-07-31 19:14:43,2024-08-02 12:14:43
ORD002982,CUST001994,delivered,2023-04-30 21:04:05,2023-05-02 07:04:05,2023-05-03 07:04:05,2023-05-09 07:04:05,2023-05-12 21:04:05
ORD002983,CUST000380,invoiced,2024-01-06 12:44:43,2024-01-06 22:44:43,,,2024-01-29 12:44:43
ORD002984,CUST001723,delivered,2023-01-07 11:47:45,2023-01-08 16:47:45,2023-01-10 16:47:45,2023-01-24 16:47:45,2023-01-23 11:47:45
ORD002985,CUST000886,delivered,2023-05-16 13:17:42,2023-05-16 15:17:42,2023-05-18 15:17:42,2023-05-28 15:17:42,2023-06-05 13:17:42
ORD002986,CUST000581,delivered,2024-07-17 19:17:52,2024-07-19 00:17:52,2024-07-22 00:17:52,2024-07-30 00:17:52,2024-07-24 19:17:52
ORD002987,CUST001009,delivered,2024-11-26 06:34:08,2024-11-28 05:34:08,2024-12-01 05:34:08,2024-12-05 05:34:08,2024-12-08 06:34:08
ORD002988,CUST001713,processing,2023-05-06 09:04:10,2023-05-07 16:04:10,,,2023-05-14 09:04:10
ORD002989,CUST001607,invoiced,2023-04-06 22:37:32,2023-04-07 19:37:32,,,2023-04-30 22:37:32
ORD002990,CUST000221,canceled,2024-02-15 15:05:56,,,,2024-03-11 15:05:56
ORD002991,CUST000126,delivered,2024-08-13 04:47:44,2024-08-14 11:47:44,2024-08-17 11:47:44,2024-08-27 11:47:44,2024-09-04 04:47:44
ORD002992,CUST001975,delivered,2023-06-13 18:54:38,2023-06-15 15:54:38,2023-06-16 15:54:38,2023-06-22 15:54:38,2023-06-25 18:54:38
ORD002993,CUST000626,delivered,2023-11-14 20:39:28,2023-11-15 23:39:28,2023-11-16 23:39:28,2023-11-27 23:39:28,2023-11-24 20:39:28
ORD002994,CUST001424,delivered,2024-04-30 21:01:25,2024-05-01 17:01:25,2024-05-02 17:01:25,2024-05-10 17:01:25,2024-05-07 21:01:25
ORD002995,CUST001962,delivered,2023-08-29 07:05:19,2023-08-30 18:05:19,2023-09-02 18:05:19,2023-09-12 18:05:19,2023-09-05 07:05:19
ORD002996,CUST000920,delivered,2024-04-27 00:09:48,2024-04-27 06:09:48,2024-04-30 06:09:48,2024-05-02 06:09:48,2024-05-09 00:09:48
ORD002997,CUST001123,delivered,2024-06-23 17:45:19,2024-06-25 13:45:19,2024-06-26 13:45:19,2024-06-30 13:45:19,2024-06-30 17:45:19
ORD002998,CUST000429,delivered,2023-05-31 05:47:48,2023-06-01 23:47:48,2023-06-02 23:47:48,2023-06-05 23:47:48,2023-06-22 05:47:48
ORD002999,CUST000567,delivered,2024-01-05 10:50:01,2024-01-06 04:50:01,2024-01-07 04:50:01,2024-01-15 04:50:01,2024-01-20 10:50:01
ORD003000,CUST000719,delivered,2024-06-26 18:08:31,2024-06-28 13:08:31,2024-07-01 13:08:31,2024-07-04 13:08:31,2024-07-04 18:08:31
