document_number,line_item,gl_account,debit_credit_indicator,amount,cost_center,profit_center,order_id
JE0000001,1,110000,D,1228.62,,PC010,ORD001958
JE0000001,2,500000,C,1228.62,,PC010,ORD001958
JE0000002,1,110000,D,787.55,,PC011,ORD002088
JE0000002,2,500000,C,787.55,,PC011,ORD002088
JE0000003,1,110000,D,1912.04,,PC002,ORD001395
JE0000003,2,500000,C,1912.04,,PC002,ORD001395
JE0000004,1,110000,D,608.07,,PC003,ORD001521
JE0000004,2,500000,C,608.07,,PC003,ORD001521
JE0000005,1,110000,D,829.72,,PC011,ORD001099
JE0000005,2,500000,C,829.72,,PC011,ORD001099
JE0000006,1,110000,D,1202.54,,PC005,ORD000394
JE0000006,2,500000,C,1202.54,,PC005,ORD000394
JE0000007,1,110000,D,263.13,,PC014,ORD000029
JE0000007,2,500000,C,263.13,,PC014,ORD000029
JE0000008,1,110000,D,168.29,,PC002,ORD000100
JE0000008,2,500000,C,168.29,,PC002,ORD000100
JE0000009,1,110000,D,2522.54,,PC003,ORD000352
JE0000009,2,500000,C,2522.54,,PC003,ORD000352
JE0000010,1,110000,D,575.01,,PC004,ORD002021
JE0000010,2,500000,C,575.01,,PC004,ORD002021
JE0000011,1,110000,D,477.97,,PC013,ORD001353
JE0000011,2,500000,C,477.97,,PC013,ORD001353
JE0000012,1,110000,D,184.93,,PC006,ORD001145
JE0000012,2,500000,C,184.93,,PC006,ORD001145
JE0000013,1,110000,D,585.79,,PC001,ORD002856
JE0000013,2,500000,C,585.79,,PC001,ORD002856
JE0000014,1,110000,D,566.01,,PC002,ORD001226
JE0000014,2,500000,C,566.01,,PC002,ORD001226
JE0000015,1,110000,D,2520.75,,PC013,ORD000298
JE0000015,2,500000,C,2520.75,,PC013,ORD000298
JE0000016,1,110000,D,768.16,,PC007,ORD001786
JE0000016,2,500000,C,768.16,,PC007,ORD001786
JE0000017,1,110000,D,399.75,,PC015,ORD000127
JE0000017,2,500000,C,399.75,,PC015,ORD000127
JE0000018,1,110000,D,611.73,,PC014,ORD002758
JE0000018,2,500000,C,611.73,,PC014,ORD002758
JE0000019,1,110000,D,198.1,,PC005,ORD001597
JE0000019,2,500000,C,198.1,,PC005,ORD001597
JE0000020,1,110000,D,191.62,,PC006,ORD002028
JE0000020,2,500000,C,191.62,,PC006,ORD002028
JE0000021,1,110000,D,602.49,,PC011,ORD002997
JE0000021,2,500000,C,602.49,,PC011,ORD002997
JE0000022,1,110000,D,794.73,,PC002,ORD000682
JE0000022,2,500000,C,794.73,,PC002,ORD000682
JE0000023,1,110000,D,814.05,,PC007,ORD000046
JE0000023,2,500000,C,814.05,,PC007,ORD000046
JE0000024,1,110000,D,446.77,,PC015,ORD001437
JE0000024,2,500000,C,446.77,,PC015,ORD001437
JE0000025,1,110000,D,776.58,,PC014,ORD002748
JE0000025,2,500000,C,776.58,,PC014,ORD002748
JE0000026,1,110000,D,1083.28,,PC007,ORD000302
JE0000026,2,500000,C,1083.28,,PC007,ORD000302
JE0000027,1,110000,D,1871.66,,PC011,ORD002649
JE0000027,2,500000,C,1871.66,,PC011,ORD002649
JE0000028,1,110000,D,1067.18,,PC006,ORD001608
JE0000028,2,500000,C,1067.18,,PC006,ORD001608
JE0000029,1,110000,D,1150.71,,PC013,ORD000637
JE0000029,2,500000,C,1150.71,,PC013,ORD000637
JE0000030,1,110000,D,1534.87,,PC014,ORD000548
JE0000030,2,500000,C,1534.87,,PC014,ORD000548
JE0000031,1,110000,D,389.6,,PC002,ORD001266
JE0000031,2,500000,C,389.6,,PC002,ORD001266
JE0000032,1,110000,D,1243.43,,PC001,ORD001271
JE0000032,2,500000,C,1243.43,,PC001,ORD001271
JE0000033,1,110000,D,139.18,,PC002,ORD000679
JE0000033,2,500000,C,139.18,,PC002,ORD000679
JE0000034,1,110000,D,2278.7,,PC011,ORD002613
JE0000034,2,500000,C,2278.7,,PC011,ORD002613
JE0000035,1,110000,D,581.19,,PC014,ORD002157
JE0000035,2,500000,C,581.19,,PC014,ORD002157
JE0000036,1,110000,D,166.88,,PC012,ORD000706
JE0000036,2,500000,C,166.88,,PC012,ORD000706
JE0000037,1,110000,D,113.59,,PC002,ORD001509
JE0000037,2,500000,C,113.59,,PC002,ORD001509
JE0000038,1,110000,D,182.45,,PC006,ORD000111
JE0000038,2,500000,C,182.45,,PC006,ORD000111
JE0000039,1,110000,D,515.3,,PC007,ORD002354
JE0000039,2,500000,C,515.3,,PC007,ORD002354
JE0000040,1,110000,D,108.12,,PC010,ORD002178
JE0000040,2,500000,C,108.12,,PC010,ORD002178
JE0000041,1,110000,D,1253.82,,PC004,ORD002049
JE0000041,2,500000,C,1253.82,,PC004,ORD002049
JE0000042,1,110000,D,616.94,,PC009,ORD000283
JE0000042,2,500000,C,616.94,,PC009,ORD000283
JE0000043,1,110000,D,345.98,,PC007,ORD001101
JE0000043,2,500000,C,345.98,,PC007,ORD001101
JE0000044,1,110000,D,416.51,,PC013,ORD000561
JE0000044,2,500000,C,416.51,,PC013,ORD000561
JE0000045,1,110000,D,805.67,,PC002,ORD000564
JE0000045,2,500000,C,805.67,,PC002,ORD000564
JE0000046,1,110000,D,322.76,,PC002,ORD000578
JE0000046,2,500000,C,322.76,,PC002,ORD000578
JE0000047,1,110000,D,693.05,,PC008,ORD001820
JE0000047,2,500000,C,693.05,,PC008,ORD001820
JE0000048,1,110000,D,143.07,,PC003,ORD001951
JE0000048,2,500000,C,143.07,,PC003,ORD001951
JE0000049,1,110000,D,1632.7,,PC012,ORD001560
JE0000049,2,500000,C,1632.7,,PC012,ORD001560
JE0000050,1,110000,D,465.95,,PC001,ORD000300
JE0000050,2,500000,C,465.95,,PC001,ORD000300
JE0000051,1,110000,D,82.06,,PC011,ORD001923
JE0000051,2,500000,C,82.06,,PC011,ORD001923
JE0000052,1,110000,D,104.43,,PC003,ORD001066
JE0000052,2,500000,C,104.43,,PC003,ORD001066
JE0000053,1,110000,D,512.13,,PC012,ORD002039
JE0000053,2,500000,C,512.13,,PC012,ORD002039
JE0000054,1,110000,D,1980.84,,PC010,ORD000535
JE0000054,2,500000,C,1980.84,,PC010,ORD000535
JE0000055,1,110000,D,88.16,,PC011,ORD002924
JE0000055,2,500000,C,88.16,,PC011,ORD002924
JE0000056,1,110000,D,1093.86,,PC003,ORD002766
JE0000056,2,500000,C,1093.86,,PC003,ORD002766
JE0000057,1,110000,D,855.18,,PC007,ORD002227
JE0000057,2,500000,C,855.18,,PC007,ORD002227
JE0000058,1,110000,D,601.63,,PC015,ORD000274
JE0000058,2,500000,C,601.63,,PC015,ORD000274
JE0000059,1,110000,D,282.0,,PC013,ORD000395
JE0000059,2,500000,C,282.0,,PC013,ORD000395
JE0000060,1,110000,D,809.07,,PC004,ORD000193
JE0000060,2,500000,C,809.07,,PC004,ORD000193
JE0000061,1,110000,D,485.03,,PC011,ORD000099
JE0000061,2,500000,C,485.03,,PC011,ORD000099
JE0000062,1,110000,D,835.69,,PC013,ORD001202
JE0000062,2,500000,C,835.69,,PC013,ORD001202
JE0000063,1,110000,D,177.24,,PC001,ORD002631
JE0000063,2,500000,C,177.24,,PC001,ORD002631
JE0000064,1,110000,D,703.25,,PC005,ORD002246
JE0000064,2,500000,C,703.25,,PC005,ORD002246
JE0000065,1,110000,D,99.26,,PC003,ORD001229
JE0000065,2,500000,C,99.26,,PC003,ORD001229
JE0000066,1,110000,D,378.61,,PC002,ORD000541
JE0000066,2,500000,C,378.61,,PC002,ORD000541
JE0000067,1,110000,D,403.47,,PC009,ORD002389
JE0000067,2,500000,C,403.47,,PC009,ORD002389
JE0000068,1,110000,D,606.85,,PC004,ORD000042
JE0000068,2,500000,C,606.85,,PC004,ORD000042
JE0000069,1,110000,D,776.03,,PC002,ORD000956
JE0000069,2,500000,C,776.03,,PC002,ORD000956
JE0000070,1,110000,D,776.12,,PC011,ORD002329
JE0000070,2,500000,C,776.12,,PC011,ORD002329
JE0000071,1,110000,D,195.57,,PC014,ORD002621
JE0000071,2,500000,C,195.57,,PC014,ORD002621
JE0000072,1,110000,D,995.38,,PC008,ORD001136
JE0000072,2,500000,C,995.38,,PC008,ORD001136
JE0000073,1,110000,D,292.13,,PC012,ORD001598
JE0000073,2,500000,C,292.13,,PC012,ORD001598
JE0000074,1,110000,D,75.22,,PC003,ORD000206
JE0000074,2,500000,C,75.22,,PC003,ORD000206
JE0000075,1,110000,D,1777.1,,PC001,ORD002260
JE0000075,2,500000,C,1777.1,,PC001,ORD002260
JE0000076,1,110000,D,554.92,,PC005,ORD000004
JE0000076,2,500000,C,554.92,,PC005,ORD000004
JE0000077,1,110000,D,496.1,,PC012,ORD000621
JE0000077,2,500000,C,496.1,,PC012,ORD000621
JE0000078,1,110000,D,200.34,,PC008,ORD000536
JE0000078,2,500000,C,200.34,,PC008,ORD000536
JE0000079,1,110000,D,1164.87,,PC009,ORD002361
JE0000079,2,500000,C,1164.87,,PC009,ORD002361
JE0000080,1,110000,D,208.42,,PC011,ORD001491
JE0000080,2,500000,C,208.42,,PC011,ORD001491
JE0000081,1,110000,D,166.72,,PC013,ORD000293
JE0000081,2,500000,C,166.72,,PC013,ORD000293
JE0000082,1,110000,D,494.65,,PC004,ORD000928
JE0000082,2,500000,C,494.65,,PC004,ORD000928
JE0000083,1,110000,D,1073.05,,PC013,ORD002301
JE0000083,2,500000,C,1073.05,,PC013,ORD002301
JE0000084,1,110000,D,801.23,,PC012,ORD001661
JE0000084,2,500000,C,801.23,,PC012,ORD001661
JE0000085,1,110000,D,931.35,,PC002,ORD000433
JE0000085,2,500000,C,931.35,,PC002,ORD000433
JE0000086,1,110000,D,1103.83,,PC012,ORD000749
JE0000086,2,500000,C,1103.83,,PC012,ORD000749
JE0000087,1,110000,D,866.98,,PC006,ORD000608
JE0000087,2,500000,C,866.98,,PC006,ORD000608
JE0000088,1,110000,D,1339.94,,PC001,ORD000614
JE0000088,2,500000,C,1339.94,,PC001,ORD000614
JE0000089,1,110000,D,655.73,,PC007,ORD000789
JE0000089,2,500000,C,655.73,,PC007,ORD000789
JE0000090,1,110000,D,898.65,,PC004,ORD001989
JE0000090,2,500000,C,898.65,,PC004,ORD001989
JE0000091,1,110000,D,538.47,,PC002,ORD000784
JE0000091,2,500000,C,538.47,,PC002,ORD000784
JE0000092,1,110000,D,82.31,,PC011,ORD001793
JE0000092,2,500000,C,82.31,,PC011,ORD001793
JE0000093,1,110000,D,178.94,,PC009,ORD002030
JE0000093,2,500000,C,178.94,,PC009,ORD002030
JE0000094,1,110000,D,511.78,,PC013,ORD002472
JE0000094,2,500000,C,511.78,,PC013,ORD002472
JE0000095,1,110000,D,931.05,,PC014,ORD000797
JE0000095,2,500000,C,931.05,,PC014,ORD000797
JE0000096,1,110000,D,1933.69,,PC009,ORD002186
JE0000096,2,500000,C,1933.69,,PC009,ORD002186
JE0000097,1,110000,D,255.45,,PC011,ORD001673
JE0000097,2,500000,C,255.45,,PC011,ORD001673
JE0000098,1,110000,D,1010.68,,PC013,ORD000714
JE0000098,2,500000,C,1010.68,,PC013,ORD000714
JE0000099,1,110000,D,722.7,,PC004,ORD002213
JE0000099,2,500000,C,722.7,,PC004,ORD002213
JE0000100,1,110000,D,303.33,,PC013,ORD001966
JE0000100,2,500000,C,303.33,,PC013,ORD001966
JE0000101,1,110000,D,799.11,,PC012,ORD000528
JE0000101,2,500000,C,799.11,,PC012,ORD000528
JE0000102,1,110000,D,295.18,,PC009,ORD001637
JE0000102,2,500000,C,295.18,,PC009,ORD001637
JE0000103,1,110000,D,351.26,,PC001,ORD000051
JE0000103,2,500000,C,351.26,,PC001,ORD000051
JE0000104,1,110000,D,693.7,,PC013,ORD002816
JE0000104,2,500000,C,693.7,,PC013,ORD002816
JE0000105,1,110000,D,741.9,,PC011,ORD000292
JE0000105,2,500000,C,741.9,,PC011,ORD000292
JE0000106,1,110000,D,764.81,,PC003,ORD001431
JE0000106,2,500000,C,764.81,,PC003,ORD001431
JE0000107,1,110000,D,2009.36,,PC003,ORD000221
JE0000107,2,500000,C,2009.36,,PC003,ORD000221
JE0000108,1,110000,D,252.59,,PC008,ORD001824
JE0000108,2,500000,C,252.59,,PC008,ORD001824
JE0000109,1,110000,D,316.13,,PC009,ORD002460
JE0000109,2,500000,C,316.13,,PC009,ORD002460
JE0000110,1,110000,D,912.78,,PC012,ORD001552
JE0000110,2,500000,C,912.78,,PC012,ORD001552
JE0000111,1,110000,D,611.19,,PC004,ORD002161
JE0000111,2,500000,C,611.19,,PC004,ORD002161
JE0000112,1,110000,D,211.48,,PC015,ORD002546
JE0000112,2,500000,C,211.48,,PC015,ORD002546
JE0000113,1,110000,D,618.8,,PC009,ORD002767
JE0000113,2,500000,C,618.8,,PC009,ORD002767
JE0000114,1,110000,D,148.92,,PC004,ORD002964
JE0000114,2,500000,C,148.92,,PC004,ORD002964
JE0000115,1,110000,D,852.09,,PC001,ORD001154
JE0000115,2,500000,C,852.09,,PC001,ORD001154
JE0000116,1,110000,D,269.0,,PC012,ORD000814
JE0000116,2,500000,C,269.0,,PC012,ORD000814
JE0000117,1,110000,D,1845.17,,PC003,ORD001947
JE0000117,2,500000,C,1845.17,,PC003,ORD001947
JE0000118,1,110000,D,498.59,,PC008,ORD001590
JE0000118,2,500000,C,498.59,,PC008,ORD001590
JE0000119,1,110000,D,364.14,,PC003,ORD002699
JE0000119,2,500000,C,364.14,,PC003,ORD002699
JE0000120,1,110000,D,1012.86,,PC014,ORD002673
JE0000120,2,500000,C,1012.86,,PC014,ORD002673
JE0000121,1,110000,D,701.12,,PC014,ORD002365
JE0000121,2,500000,C,701.12,,PC014,ORD002365
JE0000122,1,110000,D,1069.04,,PC005,ORD000005
JE0000122,2,500000,C,1069.04,,PC005,ORD000005
JE0000123,1,110000,D,1244.72,,PC004,ORD000726
JE0000123,2,500000,C,1244.72,,PC004,ORD000726
JE0000124,1,110000,D,278.39,,PC013,ORD002456
JE0000124,2,500000,C,278.39,,PC013,ORD002456
JE0000125,1,110000,D,452.66,,PC010,ORD001948
JE0000125,2,500000,C,452.66,,PC010,ORD001948
JE0000126,1,110000,D,1663.72,,PC006,ORD002681
JE0000126,2,500000,C,1663.72,,PC006,ORD002681
JE0000127,1,110000,D,689.34,,PC007,ORD000007
JE0000127,2,500000,C,689.34,,PC007,ORD000007
JE0000128,1,110000,D,569.81,,PC011,ORD001105
JE0000128,2,500000,C,569.81,,PC011,ORD001105
JE0000129,1,110000,D,377.0,,PC014,ORD001293
JE0000129,2,500000,C,377.0,,PC014,ORD001293
JE0000130,1,110000,D,423.21,,PC014,ORD002710
JE0000130,2,500000,C,423.21,,PC014,ORD002710
JE0000131,1,110000,D,499.77,,PC006,ORD001630
JE0000131,2,500000,C,499.77,,PC006,ORD001630
JE0000132,1,110000,D,334.71,,PC006,ORD002849
JE0000132,2,500000,C,334.71,,PC006,ORD002849
JE0000133,1,110000,D,1173.18,,PC001,ORD000526
JE0000133,2,500000,C,1173.18,,PC001,ORD000526
JE0000134,1,110000,D,391.91,,PC008,ORD001927
JE0000134,2,500000,C,391.91,,PC008,ORD001927
JE0000135,1,110000,D,1692.28,,PC006,ORD000912
JE0000135,2,500000,C,1692.28,,PC006,ORD000912
JE0000136,1,110000,D,33.47,,PC013,ORD002097
JE0000136,2,500000,C,33.47,,PC013,ORD002097
JE0000137,1,110000,D,461.26,,PC015,ORD001855
JE0000137,2,500000,C,461.26,,PC015,ORD001855
JE0000138,1,110000,D,97.9,,PC010,ORD000774
JE0000138,2,500000,C,97.9,,PC010,ORD000774
JE0000139,1,110000,D,281.62,,PC005,ORD000590
JE0000139,2,500000,C,281.62,,PC005,ORD000590
JE0000140,1,110000,D,970.61,,PC012,ORD000903
JE0000140,2,500000,C,970.61,,PC012,ORD000903
JE0000141,1,110000,D,488.59,,PC012,ORD002600
JE0000141,2,500000,C,488.59,,PC012,ORD002600
JE0000142,1,110000,D,902.16,,PC004,ORD001968
JE0000142,2,500000,C,902.16,,PC004,ORD001968
JE0000143,1,110000,D,524.3,,PC002,ORD002930
JE0000143,2,500000,C,524.3,,PC002,ORD002930
JE0000144,1,110000,D,850.15,,PC015,ORD001684
JE0000144,2,500000,C,850.15,,PC015,ORD001684
JE0000145,1,110000,D,384.49,,PC014,ORD002704
JE0000145,2,500000,C,384.49,,PC014,ORD002704
JE0000146,1,110000,D,746.89,,PC005,ORD001847
JE0000146,2,500000,C,746.89,,PC005,ORD001847
JE0000147,1,110000,D,422.26,,PC005,ORD002583
JE0000147,2,500000,C,422.26,,PC005,ORD002583
JE0000148,1,110000,D,594.64,,PC008,ORD001662
JE0000148,2,500000,C,594.64,,PC008,ORD001662
JE0000149,1,110000,D,940.41,,PC009,ORD000307
JE0000149,2,500000,C,940.41,,PC009,ORD000307
JE0000150,1,110000,D,742.01,,PC004,ORD000517
JE0000150,2,500000,C,742.01,,PC004,ORD000517
JE0000151,1,110000,D,2105.52,,PC003,ORD001614
JE0000151,2,500000,C,2105.52,,PC003,ORD001614
JE0000152,1,110000,D,151.2,,PC001,ORD001587
JE0000152,2,500000,C,151.2,,PC001,ORD001587
JE0000153,1,110000,D,513.28,,PC009,ORD003000
JE0000153,2,500000,C,513.28,,PC009,ORD003000
JE0000154,1,110000,D,1168.27,,PC008,ORD002572
JE0000154,2,500000,C,1168.27,,PC008,ORD002572
JE0000155,1,110000,D,456.34,,PC010,ORD000041
JE0000155,2,500000,C,456.34,,PC010,ORD000041
JE0000156,1,110000,D,1264.93,,PC013,ORD000367
JE0000156,2,500000,C,1264.93,,PC013,ORD000367
JE0000157,1,110000,D,418.73,,PC006,ORD001652
JE0000157,2,500000,C,418.73,,PC006,ORD001652
JE0000158,1,110000,D,524.94,,PC010,ORD000589
JE0000158,2,500000,C,524.94,,PC010,ORD000589
JE0000159,1,110000,D,716.66,,PC013,ORD000011
JE0000159,2,500000,C,716.66,,PC013,ORD000011
JE0000160,1,110000,D,1695.98,,PC006,ORD002687
JE0000160,2,500000,C,1695.98,,PC006,ORD002687
JE0000161,1,110000,D,615.53,,PC001,ORD001239
JE0000161,2,500000,C,615.53,,PC001,ORD001239
JE0000162,1,110000,D,1684.66,,PC004,ORD002337
JE0000162,2,500000,C,1684.66,,PC004,ORD002337
JE0000163,1,110000,D,1381.01,,PC005,ORD002689
JE0000163,2,500000,C,1381.01,,PC005,ORD002689
JE0000164,1,110000,D,299.48,,PC006,ORD002342
JE0000164,2,500000,C,299.48,,PC006,ORD002342
JE0000165,1,110000,D,2379.74,,PC008,ORD002338
JE0000165,2,500000,C,2379.74,,PC008,ORD002338
JE0000166,1,110000,D,728.99,,PC008,ORD002657
JE0000166,2,500000,C,728.99,,PC008,ORD002657
JE0000167,1,110000,D,898.16,,PC012,ORD001827
JE0000167,2,500000,C,898.16,,PC012,ORD001827
JE0000168,1,110000,D,750.39,,PC009,ORD002947
JE0000168,2,500000,C,750.39,,PC009,ORD002947
JE0000169,1,110000,D,268.29,,PC012,ORD001376
JE0000169,2,500000,C,268.29,,PC012,ORD001376
JE0000170,1,110000,D,387.26,,PC009,ORD002797
JE0000170,2,500000,C,387.26,,PC009,ORD002797
JE0000171,1,110000,D,944.76,,PC015,ORD001219
JE0000171,2,500000,C,944.76,,PC015,ORD001219
JE0000172,1,110000,D,159.92,,PC012,ORD001127
JE0000172,2,500000,C,159.92,,PC012,ORD001127
JE0000173,1,110000,D,929.92,,PC003,ORD001987
JE0000173,2,500000,C,929.92,,PC003,ORD001987
JE0000174,1,110000,D,2290.82,,PC003,ORD000322
JE0000174,2,500000,C,2290.82,,PC003,ORD000322
JE0000175,1,110000,D,2375.93,,PC004,ORD002923
JE0000175,2,500000,C,2375.93,,PC004,ORD002923
JE0000176,1,110000,D,929.61,,PC013,ORD001407
JE0000176,2,500000,C,929.61,,PC013,ORD001407
JE0000177,1,110000,D,852.98,,PC009,ORD001563
JE0000177,2,500000,C,852.98,,PC009,ORD001563
JE0000178,1,110000,D,540.92,,PC001,ORD000397
JE0000178,2,500000,C,540.92,,PC001,ORD000397
JE0000179,1,110000,D,1810.91,,PC012,ORD001434
JE0000179,2,500000,C,1810.91,,PC012,ORD001434
JE0000180,1,110000,D,526.68,,PC009,ORD002146
JE0000180,2,500000,C,526.68,,PC009,ORD002146
JE0000181,1,110000,D,222.23,,PC009,ORD002191
JE0000181,2,500000,C,222.23,,PC009,ORD002191
JE0000182,1,110000,D,1658.49,,PC008,ORD000772
JE0000182,2,500000,C,1658.49,,PC008,ORD000772
JE0000183,1,110000,D,1239.45,,PC006,ORD001242
JE0000183,2,500000,C,1239.45,,PC006,ORD001242
JE0000184,1,110000,D,214.27,,PC011,ORD002739
JE0000184,2,500000,C,214.27,,PC011,ORD002739
JE0000185,1,110000,D,2044.26,,PC003,ORD002770
JE0000185,2,500000,C,2044.26,,PC003,ORD002770
JE0000186,1,110000,D,216.86,,PC008,ORD001146
JE0000186,2,500000,C,216.86,,PC008,ORD001146
JE0000187,1,110000,D,372.35,,PC001,ORD001656
JE0000187,2,500000,C,372.35,,PC001,ORD001656
JE0000188,1,110000,D,293.51,,PC011,ORD001754
JE0000188,2,500000,C,293.51,,PC011,ORD001754
JE0000189,1,110000,D,102.34,,PC001,ORD000112
JE0000189,2,500000,C,102.34,,PC001,ORD000112
JE0000190,1,110000,D,178.71,,PC013,ORD001698
JE0000190,2,500000,C,178.71,,PC013,ORD001698
JE0000191,1,110000,D,205.5,,PC010,ORD002668
JE0000191,2,500000,C,205.5,,PC010,ORD002668
JE0000192,1,110000,D,797.4,,PC001,ORD002535
JE0000192,2,500000,C,797.4,,PC001,ORD002535
JE0000193,1,110000,D,708.88,,PC004,ORD002692
JE0000193,2,500000,C,708.88,,PC004,ORD002692
JE0000194,1,110000,D,892.33,,PC015,ORD001525
JE0000194,2,500000,C,892.33,,PC015,ORD001525
JE0000195,1,110000,D,129.55,,PC001,ORD000331
JE0000195,2,500000,C,129.55,,PC001,ORD000331
JE0000196,1,110000,D,953.52,,PC009,ORD002697
JE0000196,2,500000,C,953.52,,PC009,ORD002697
JE0000197,1,110000,D,696.3,,PC004,ORD000256
JE0000197,2,500000,C,696.3,,PC004,ORD000256
JE0000198,1,110000,D,713.18,,PC014,ORD000158
JE0000198,2,500000,C,713.18,,PC014,ORD000158
JE0000199,1,110000,D,1086.2,,PC006,ORD000319
JE0000199,2,500000,C,1086.2,,PC006,ORD000319
JE0000200,1,110000,D,775.08,,PC015,ORD000631
JE0000200,2,500000,C,775.08,,PC015,ORD000631
JE0000201,1,110000,D,347.45,,PC004,ORD002207
JE0000201,2,500000,C,347.45,,PC004,ORD002207
JE0000202,1,110000,D,1048.66,,PC002,ORD000315
JE0000202,2,500000,C,1048.66,,PC002,ORD000315
JE0000203,1,110000,D,1287.19,,PC007,ORD001826
JE0000203,2,500000,C,1287.19,,PC007,ORD001826
JE0000204,1,110000,D,1148.39,,PC001,ORD002960
JE0000204,2,500000,C,1148.39,,PC001,ORD002960
JE0000205,1,110000,D,613.21,,PC005,ORD001545
JE0000205,2,500000,C,613.21,,PC005,ORD001545
JE0000206,1,110000,D,1864.12,,PC001,ORD000855
JE0000206,2,500000,C,1864.12,,PC001,ORD000855
JE0000207,1,110000,D,313.17,,PC014,ORD002016
JE0000207,2,500000,C,313.17,,PC014,ORD002016
JE0000208,1,110000,D,1065.35,,PC015,ORD002398
JE0000208,2,500000,C,1065.35,,PC015,ORD002398
JE0000209,1,110000,D,659.99,,PC011,ORD000347
JE0000209,2,500000,C,659.99,,PC011,ORD000347
JE0000210,1,110000,D,1539.95,,PC008,ORD000599
JE0000210,2,500000,C,1539.95,,PC008,ORD000599
JE0000211,1,110000,D,1706.63,,PC010,ORD000856
JE0000211,2,500000,C,1706.63,,PC010,ORD000856
JE0000212,1,110000,D,1222.19,,PC012,ORD000443
JE0000212,2,500000,C,1222.19,,PC012,ORD000443
JE0000213,1,110000,D,2504.98,,PC011,ORD002333
JE0000213,2,500000,C,2504.98,,PC011,ORD002333
JE0000214,1,110000,D,1047.02,,PC003,ORD002001
JE0000214,2,500000,C,1047.02,,PC003,ORD002001
JE0000215,1,110000,D,470.83,,PC010,ORD002848
JE0000215,2,500000,C,470.83,,PC010,ORD002848
JE0000216,1,110000,D,199.79,,PC012,ORD001534
JE0000216,2,500000,C,199.79,,PC012,ORD001534
JE0000217,1,110000,D,559.72,,PC011,ORD000762
JE0000217,2,500000,C,559.72,,PC011,ORD000762
JE0000218,1,110000,D,757.79,,PC013,ORD002012
JE0000218,2,500000,C,757.79,,PC013,ORD002012
JE0000219,1,110000,D,1447.3,,PC011,ORD002901
JE0000219,2,500000,C,1447.3,,PC011,ORD002901
JE0000220,1,110000,D,661.32,,PC010,ORD001358
JE0000220,2,500000,C,661.32,,PC010,ORD001358
JE0000221,1,110000,D,113.06,,PC002,ORD001638
JE0000221,2,500000,C,113.06,,PC002,ORD001638
JE0000222,1,110000,D,1373.52,,PC012,ORD001078
JE0000222,2,500000,C,1373.52,,PC012,ORD001078
JE0000223,1,110000,D,748.75,,PC009,ORD001991
JE0000223,2,500000,C,748.75,,PC009,ORD001991
JE0000224,1,110000,D,1461.04,,PC009,ORD000966
JE0000224,2,500000,C,1461.04,,PC009,ORD000966
JE0000225,1,110000,D,340.61,,PC011,ORD002276
JE0000225,2,500000,C,340.61,,PC011,ORD002276
JE0000226,1,110000,D,732.52,,PC004,ORD002195
JE0000226,2,500000,C,732.52,,PC004,ORD002195
JE0000227,1,110000,D,314.41,,PC014,ORD000587
JE0000227,2,500000,C,314.41,,PC014,ORD000587
JE0000228,1,110000,D,891.98,,PC003,ORD000066
JE0000228,2,500000,C,891.98,,PC003,ORD000066
JE0000229,1,110000,D,612.82,,PC008,ORD000937
JE0000229,2,500000,C,612.82,,PC008,ORD000937
JE0000230,1,110000,D,794.96,,PC008,ORD002485
JE0000230,2,500000,C,794.96,,PC008,ORD002485
JE0000231,1,110000,D,240.34,,PC013,ORD000731
JE0000231,2,500000,C,240.34,,PC013,ORD000731
JE0000232,1,110000,D,838.41,,PC004,ORD001235
JE0000232,2,500000,C,838.41,,PC004,ORD001235
JE0000233,1,110000,D,580.83,,PC015,ORD001132
JE0000233,2,500000,C,580.83,,PC015,ORD001132
JE0000234,1,110000,D,602.74,,PC009,ORD001472
JE0000234,2,500000,C,602.74,,PC009,ORD001472
JE0000235,1,110000,D,804.24,,PC005,ORD002317
JE0000235,2,500000,C,804.24,,PC005,ORD002317
JE0000236,1,110000,D,865.16,,PC001,ORD000757
JE0000236,2,500000,C,865.16,,PC001,ORD000757
JE0000237,1,110000,D,998.86,,PC006,ORD002027
JE0000237,2,500000,C,998.86,,PC006,ORD002027
JE0000238,1,110000,D,2034.51,,PC009,ORD002250
JE0000238,2,500000,C,2034.51,,PC009,ORD002250
JE0000239,1,110000,D,443.61,,PC007,ORD002515
JE0000239,2,500000,C,443.61,,PC007,ORD002515
JE0000240,1,110000,D,929.98,,PC014,ORD002256
JE0000240,2,500000,C,929.98,,PC014,ORD002256
JE0000241,1,110000,D,119.39,,PC010,ORD002953
JE0000241,2,500000,C,119.39,,PC010,ORD002953
JE0000242,1,110000,D,2237.63,,PC010,ORD001594
JE0000242,2,500000,C,2237.63,,PC010,ORD001594
JE0000243,1,110000,D,464.67,,PC014,ORD001609
JE0000243,2,500000,C,464.67,,PC014,ORD001609
JE0000244,1,110000,D,170.01,,PC012,ORD002052
JE0000244,2,500000,C,170.01,,PC012,ORD002052
JE0000245,1,110000,D,767.3,,PC007,ORD000798
JE0000245,2,500000,C,767.3,,PC007,ORD000798
JE0000246,1,110000,D,1258.25,,PC005,ORD001269
JE0000246,2,500000,C,1258.25,,PC005,ORD001269
JE0000247,1,110000,D,927.51,,PC002,ORD001774
JE0000247,2,500000,C,927.51,,PC002,ORD001774
JE0000248,1,110000,D,307.8,,PC009,ORD000249
JE0000248,2,500000,C,307.8,,PC009,ORD000249
JE0000249,1,110000,D,370.17,,PC012,ORD000108
JE0000249,2,500000,C,370.17,,PC012,ORD000108
JE0000250,1,110000,D,404.5,,PC006,ORD002419
JE0000250,2,500000,C,404.5,,PC006,ORD002419
JE0000251,1,110000,D,806.1,,PC003,ORD002750
JE0000251,2,500000,C,806.1,,PC003,ORD002750
JE0000252,1,110000,D,485.9,,PC014,ORD002129
JE0000252,2,500000,C,485.9,,PC014,ORD002129
JE0000253,1,110000,D,2581.66,,PC006,ORD001901
JE0000253,2,500000,C,2581.66,,PC006,ORD001901
JE0000254,1,110000,D,1262.37,,PC006,ORD002891
JE0000254,2,500000,C,1262.37,,PC006,ORD002891
JE0000255,1,110000,D,1446.86,,PC013,ORD002763
JE0000255,2,500000,C,1446.86,,PC013,ORD002763
JE0000256,1,110000,D,172.7,,PC005,ORD001505
JE0000256,2,500000,C,172.7,,PC005,ORD001505
JE0000257,1,110000,D,1389.63,,PC003,ORD002318
JE0000257,2,500000,C,1389.63,,PC003,ORD002318
JE0000258,1,110000,D,131.59,,PC002,ORD001393
JE0000258,2,500000,C,131.59,,PC002,ORD001393
JE0000259,1,110000,D,2354.57,,PC010,ORD000228
JE0000259,2,500000,C,2354.57,,PC010,ORD000228
JE0000260,1,110000,D,1011.31,,PC002,ORD002602
JE0000260,2,500000,C,1011.31,,PC002,ORD002602
JE0000261,1,110000,D,617.01,,PC014,ORD002037
JE0000261,2,500000,C,617.01,,PC014,ORD002037
JE0000262,1,110000,D,736.39,,PC002,ORD002684
JE0000262,2,500000,C,736.39,,PC002,ORD002684
JE0000263,1,110000,D,770.63,,PC009,ORD000976
JE0000263,2,500000,C,770.63,,PC009,ORD000976
JE0000264,1,110000,D,181.41,,PC011,ORD000886
JE0000264,2,500000,C,181.41,,PC011,ORD000886
JE0000265,1,110000,D,1647.08,,PC005,ORD002596
JE0000265,2,500000,C,1647.08,,PC005,ORD002596
JE0000266,1,110000,D,646.11,,PC009,ORD000225
JE0000266,2,500000,C,646.11,,PC009,ORD000225
JE0000267,1,110000,D,1533.74,,PC003,ORD000917
JE0000267,2,500000,C,1533.74,,PC003,ORD000917
JE0000268,1,110000,D,811.35,,PC010,ORD002183
JE0000268,2,500000,C,811.35,,PC010,ORD002183
JE0000269,1,110000,D,765.85,,PC005,ORD002403
JE0000269,2,500000,C,765.85,,PC005,ORD002403
JE0000270,1,110000,D,509.35,,PC006,ORD002625
JE0000270,2,500000,C,509.35,,PC006,ORD002625
JE0000271,1,110000,D,281.74,,PC013,ORD001675
JE0000271,2,500000,C,281.74,,PC013,ORD001675
JE0000272,1,110000,D,185.41,,PC006,ORD002238
JE0000272,2,500000,C,185.41,,PC006,ORD002238
JE0000273,1,110000,D,509.11,,PC007,ORD002046
JE0000273,2,500000,C,509.11,,PC007,ORD002046
JE0000274,1,110000,D,847.62,,PC008,ORD001527
JE0000274,2,500000,C,847.62,,PC008,ORD001527
JE0000275,1,110000,D,406.38,,PC003,ORD002287
JE0000275,2,500000,C,406.38,,PC003,ORD002287
JE0000276,1,110000,D,210.55,,PC006,ORD000488
JE0000276,2,500000,C,210.55,,PC006,ORD000488
JE0000277,1,110000,D,1108.63,,PC002,ORD002783
JE0000277,2,500000,C,1108.63,,PC002,ORD002783
JE0000278,1,110000,D,298.37,,PC005,ORD001733
JE0000278,2,500000,C,298.37,,PC005,ORD001733
JE0000279,1,110000,D,549.72,,PC011,ORD001326
JE0000279,2,500000,C,549.72,,PC011,ORD001326
JE0000280,1,110000,D,399.42,,PC003,ORD001768
JE0000280,2,500000,C,399.42,,PC003,ORD001768
JE0000281,1,110000,D,791.87,,PC009,ORD002778
JE0000281,2,500000,C,791.87,,PC009,ORD002778
JE0000282,1,110000,D,602.91,,PC004,ORD002035
JE0000282,2,500000,C,602.91,,PC004,ORD002035
JE0000283,1,110000,D,194.0,,PC002,ORD002628
JE0000283,2,500000,C,194.0,,PC002,ORD002628
JE0000284,1,110000,D,1126.91,,PC001,ORD002804
JE0000284,2,500000,C,1126.91,,PC001,ORD002804
JE0000285,1,110000,D,882.2,,PC007,ORD002253
JE0000285,2,500000,C,882.2,,PC007,ORD002253
JE0000286,1,110000,D,821.05,,PC002,ORD000559
JE0000286,2,500000,C,821.05,,PC002,ORD000559
JE0000287,1,110000,D,646.48,,PC006,ORD001696
JE0000287,2,500000,C,646.48,,PC006,ORD001696
JE0000288,1,110000,D,430.47,,PC009,ORD002426
JE0000288,2,500000,C,430.47,,PC009,ORD002426
JE0000289,1,110000,D,304.06,,PC009,ORD001653
JE0000289,2,500000,C,304.06,,PC009,ORD001653
JE0000290,1,110000,D,1605.42,,PC004,ORD001454
JE0000290,2,500000,C,1605.42,,PC004,ORD001454
JE0000291,1,110000,D,424.67,,PC006,ORD002455
JE0000291,2,500000,C,424.67,,PC006,ORD002455
JE0000292,1,110000,D,957.03,,PC015,ORD002677
JE0000292,2,500000,C,957.03,,PC015,ORD002677
JE0000293,1,110000,D,258.92,,PC003,ORD001065
JE0000293,2,500000,C,258.92,,PC003,ORD001065
JE0000294,1,110000,D,640.3,,PC005,ORD002616
JE0000294,2,500000,C,640.3,,PC005,ORD002616
JE0000295,1,110000,D,372.45,,PC013,ORD001261
JE0000295,2,500000,C,372.45,,PC013,ORD001261
JE0000296,1,110000,D,844.11,,PC009,ORD001992
JE0000296,2,500000,C,844.11,,PC009,ORD001992
JE0000297,1,110000,D,727.59,,PC002,ORD000871
JE0000297,2,500000,C,727.59,,PC002,ORD000871
JE0000298,1,110000,D,1160.76,,PC008,ORD000231
JE0000298,2,500000,C,1160.76,,PC008,ORD000231
JE0000299,1,110000,D,554.67,,PC008,ORD000018
JE0000299,2,500000,C,554.67,,PC008,ORD000018
JE0000300,1,110000,D,1348.35,,PC014,ORD002552
JE0000300,2,500000,C,1348.35,,PC014,ORD002552
JE0000301,1,110000,D,963.34,,PC012,ORD001574
JE0000301,2,500000,C,963.34,,PC012,ORD001574
JE0000302,1,110000,D,1847.68,,PC015,ORD000955
JE0000302,2,500000,C,1847.68,,PC015,ORD000955
JE0000303,1,110000,D,159.41,,PC012,ORD001072
JE0000303,2,500000,C,159.41,,PC012,ORD001072
JE0000304,1,110000,D,367.0,,PC011,ORD002527
JE0000304,2,500000,C,367.0,,PC011,ORD002527
JE0000305,1,110000,D,224.43,,PC009,ORD000305
JE0000305,2,500000,C,224.43,,PC009,ORD000305
JE0000306,1,110000,D,1352.37,,PC002,ORD001702
JE0000306,2,500000,C,1352.37,,PC002,ORD001702
JE0000307,1,110000,D,2109.05,,PC006,ORD000791
JE0000307,2,500000,C,2109.05,,PC006,ORD000791
JE0000308,1,110000,D,743.45,,PC005,ORD002610
JE0000308,2,500000,C,743.45,,PC005,ORD002610
JE0000309,1,110000,D,389.36,,PC015,ORD001929
JE0000309,2,500000,C,389.36,,PC015,ORD001929
JE0000310,1,110000,D,1102.04,,PC002,ORD001256
JE0000310,2,500000,C,1102.04,,PC002,ORD001256
JE0000311,1,110000,D,230.37,,PC003,ORD002779
JE0000311,2,500000,C,230.37,,PC003,ORD002779
JE0000312,1,110000,D,1769.62,,PC007,ORD000665
JE0000312,2,500000,C,1769.62,,PC007,ORD000665
JE0000313,1,110000,D,2576.39,,PC007,ORD000219
JE0000313,2,500000,C,2576.39,,PC007,ORD000219
JE0000314,1,110000,D,1096.75,,PC014,ORD000188
JE0000314,2,500000,C,1096.75,,PC014,ORD000188
JE0000315,1,110000,D,502.35,,PC001,ORD002961
JE0000315,2,500000,C,502.35,,PC001,ORD002961
JE0000316,1,110000,D,2195.98,,PC010,ORD002990
JE0000316,2,500000,C,2195.98,,PC010,ORD002990
JE0000317,1,110000,D,456.19,,PC009,ORD002066
JE0000317,2,500000,C,456.19,,PC009,ORD002066
JE0000318,1,110000,D,1202.87,,PC007,ORD001932
JE0000318,2,500000,C,1202.87,,PC007,ORD001932
JE0000319,1,110000,D,489.7,,PC011,ORD001538
JE0000319,2,500000,C,489.7,,PC011,ORD001538
JE0000320,1,110000,D,1502.46,,PC002,ORD000601
JE0000320,2,500000,C,1502.46,,PC002,ORD000601
JE0000321,1,110000,D,2503.37,,PC008,ORD002617
JE0000321,2,500000,C,2503.37,,PC008,ORD002617
JE0000322,1,110000,D,113.93,,PC012,ORD000930
JE0000322,2,500000,C,113.93,,PC012,ORD000930
JE0000323,1,110000,D,225.1,,PC010,ORD002210
JE0000323,2,500000,C,225.1,,PC010,ORD002210
JE0000324,1,110000,D,1086.08,,PC001,ORD001166
JE0000324,2,500000,C,1086.08,,PC001,ORD001166
JE0000325,1,110000,D,758.3,,PC011,ORD002768
JE0000325,2,500000,C,758.3,,PC011,ORD002768
JE0000326,1,110000,D,729.09,,PC007,ORD002357
JE0000326,2,500000,C,729.09,,PC007,ORD002357
JE0000327,1,110000,D,84.59,,PC002,ORD000522
JE0000327,2,500000,C,84.59,,PC002,ORD000522
JE0000328,1,110000,D,257.01,,PC004,ORD000304
JE0000328,2,500000,C,257.01,,PC004,ORD000304
JE0000329,1,110000,D,983.51,,PC008,ORD002067
JE0000329,2,500000,C,983.51,,PC008,ORD002067
JE0000330,1,110000,D,630.11,,PC013,ORD000758
JE0000330,2,500000,C,630.11,,PC013,ORD000758
JE0000331,1,110000,D,193.23,,PC014,ORD002170
JE0000331,2,500000,C,193.23,,PC014,ORD002170
JE0000332,1,110000,D,1417.95,,PC002,ORD000261
JE0000332,2,500000,C,1417.95,,PC002,ORD000261
JE0000333,1,110000,D,819.75,,PC004,ORD002299
JE0000333,2,500000,C,819.75,,PC004,ORD002299
JE0000334,1,110000,D,269.77,,PC008,ORD001952
JE0000334,2,500000,C,269.77,,PC008,ORD001952
JE0000335,1,110000,D,809.33,,PC005,ORD002497
JE0000335,2,500000,C,809.33,,PC005,ORD002497
JE0000336,1,110000,D,589.08,,PC009,ORD000368
JE0000336,2,500000,C,589.08,,PC009,ORD000368
JE0000337,1,110000,D,544.17,,PC002,ORD002071
JE0000337,2,500000,C,544.17,,PC002,ORD002071
JE0000338,1,110000,D,983.5,,PC014,ORD001643
JE0000338,2,500000,C,983.5,,PC014,ORD001643
JE0000339,1,110000,D,1596.44,,PC009,ORD001679
JE0000339,2,500000,C,1596.44,,PC009,ORD001679
JE0000340,1,110000,D,386.26,,PC010,ORD002189
JE0000340,2,500000,C,386.26,,PC010,ORD002189
JE0000341,1,110000,D,1863.25,,PC012,ORD000988
JE0000341,2,500000,C,1863.25,,PC012,ORD000988
JE0000342,1,110000,D,330.55,,PC009,ORD002427
JE0000342,2,500000,C,330.55,,PC009,ORD002427
JE0000343,1,110000,D,2296.3,,PC007,ORD001081
JE0000343,2,500000,C,2296.3,,PC007,ORD001081
JE0000344,1,110000,D,242.15,,PC008,ORD000910
JE0000344,2,500000,C,242.15,,PC008,ORD000910
JE0000345,1,110000,D,1435.35,,PC013,ORD001164
JE0000345,2,500000,C,1435.35,,PC013,ORD001164
JE0000346,1,110000,D,600.23,,PC008,ORD002033
JE0000346,2,500000,C,600.23,,PC008,ORD002033
JE0000347,1,110000,D,537.05,,PC005,ORD001302
JE0000347,2,500000,C,537.05,,PC005,ORD001302
JE0000348,1,110000,D,603.15,,PC012,ORD000383
JE0000348,2,500000,C,603.15,,PC012,ORD000383
JE0000349,1,110000,D,574.15,,PC006,ORD001769
JE0000349,2,500000,C,574.15,,PC006,ORD001769
JE0000350,1,110000,D,284.54,,PC007,ORD000611
JE0000350,2,500000,C,284.54,,PC007,ORD000611
JE0000351,1,110000,D,1452.32,,PC005,ORD001381
JE0000351,2,500000,C,1452.32,,PC005,ORD001381
JE0000352,1,110000,D,1305.63,,PC003,ORD002281
JE0000352,2,500000,C,1305.63,,PC003,ORD002281
JE0000353,1,110000,D,2658.16,,PC013,ORD002107
JE0000353,2,500000,C,2658.16,,PC013,ORD002107
JE0000354,1,110000,D,448.5,,PC005,ORD001172
JE0000354,2,500000,C,448.5,,PC005,ORD001172
JE0000355,1,110000,D,674.8,,PC010,ORD002998
JE0000355,2,500000,C,674.8,,PC010,ORD002998
JE0000356,1,110000,D,618.73,,PC012,ORD000082
JE0000356,2,500000,C,618.73,,PC012,ORD000082
JE0000357,1,110000,D,1271.96,,PC012,ORD000152
JE0000357,2,500000,C,1271.96,,PC012,ORD000152
JE0000358,1,110000,D,251.02,,PC004,ORD002429
JE0000358,2,500000,C,251.02,,PC004,ORD002429
JE0000359,1,110000,D,661.29,,PC006,ORD000962
JE0000359,2,500000,C,661.29,,PC006,ORD000962
JE0000360,1,110000,D,802.1,,PC013,ORD002785
JE0000360,2,500000,C,802.1,,PC013,ORD002785
JE0000361,1,110000,D,460.98,,PC002,ORD000202
JE0000361,2,500000,C,460.98,,PC002,ORD000202
JE0000362,1,110000,D,1878.49,,PC008,ORD001306
JE0000362,2,500000,C,1878.49,,PC008,ORD001306
JE0000363,1,110000,D,634.54,,PC010,ORD000672
JE0000363,2,500000,C,634.54,,PC010,ORD000672
JE0000364,1,110000,D,187.27,,PC005,ORD002023
JE0000364,2,500000,C,187.27,,PC005,ORD002023
JE0000365,1,110000,D,934.82,,PC002,ORD000055
JE0000365,2,500000,C,934.82,,PC002,ORD000055
JE0000366,1,110000,D,1581.76,,PC011,ORD000439
JE0000366,2,500000,C,1581.76,,PC011,ORD000439
JE0000367,1,110000,D,611.19,,PC003,ORD002438
JE0000367,2,500000,C,611.19,,PC003,ORD002438
JE0000368,1,110000,D,789.47,,PC002,ORD002391
JE0000368,2,500000,C,789.47,,PC002,ORD002391
JE0000369,1,110000,D,165.29,,PC008,ORD001422
JE0000369,2,500000,C,165.29,,PC008,ORD001422
JE0000370,1,110000,D,1761.51,,PC004,ORD001537
JE0000370,2,500000,C,1761.51,,PC004,ORD001537
JE0000371,1,110000,D,612.75,,PC012,ORD000166
JE0000371,2,500000,C,612.75,,PC012,ORD000166
JE0000372,1,110000,D,574.21,,PC014,ORD002502
JE0000372,2,500000,C,574.21,,PC014,ORD002502
JE0000373,1,110000,D,463.03,,PC001,ORD001129
JE0000373,2,500000,C,463.03,,PC001,ORD001129
JE0000374,1,110000,D,1549.79,,PC006,ORD001005
JE0000374,2,500000,C,1549.79,,PC006,ORD001005
JE0000375,1,110000,D,896.99,,PC007,ORD002839
JE0000375,2,500000,C,896.99,,PC007,ORD002839
JE0000376,1,110000,D,760.76,,PC004,ORD002029
JE0000376,2,500000,C,760.76,,PC004,ORD002029
JE0000377,1,110000,D,648.18,,PC009,ORD000914
JE0000377,2,500000,C,648.18,,PC009,ORD000914
JE0000378,1,110000,D,931.95,,PC013,ORD000482
JE0000378,2,500000,C,931.95,,PC013,ORD000482
JE0000379,1,110000,D,404.02,,PC012,ORD000500
JE0000379,2,500000,C,404.02,,PC012,ORD000500
JE0000380,1,110000,D,913.08,,PC003,ORD001797
JE0000380,2,500000,C,913.08,,PC003,ORD001797
JE0000381,1,110000,D,1352.71,,PC004,ORD000919
JE0000381,2,500000,C,1352.71,,PC004,ORD000919
JE0000382,1,110000,D,565.01,,PC001,ORD001903
JE0000382,2,500000,C,565.01,,PC001,ORD001903
JE0000383,1,110000,D,1090.14,,PC002,ORD001194
JE0000383,2,500000,C,1090.14,,PC002,ORD001194
JE0000384,1,110000,D,364.22,,PC009,ORD002962
JE0000384,2,500000,C,364.22,,PC009,ORD002962
JE0000385,1,110000,D,222.02,,PC002,ORD002151
JE0000385,2,500000,C,222.02,,PC002,ORD002151
JE0000386,1,110000,D,962.0,,PC005,ORD000162
JE0000386,2,500000,C,962.0,,PC005,ORD000162
JE0000387,1,110000,D,1101.75,,PC012,ORD002926
JE0000387,2,500000,C,1101.75,,PC012,ORD002926
JE0000388,1,110000,D,1092.3,,PC009,ORD000813
JE0000388,2,500000,C,1092.3,,PC009,ORD000813
JE0000389,1,110000,D,756.93,,PC005,ORD001238
JE0000389,2,500000,C,756.93,,PC005,ORD001238
JE0000390,1,110000,D,442.79,,PC009,ORD002733
JE0000390,2,500000,C,442.79,,PC009,ORD002733
JE0000391,1,110000,D,937.73,,PC007,ORD001405
JE0000391,2,500000,C,937.73,,PC007,ORD001405
JE0000392,1,110000,D,336.32,,PC007,ORD000076
JE0000392,2,500000,C,336.32,,PC007,ORD000076
JE0000393,1,110000,D,702.22,,PC004,ORD001163
JE0000393,2,500000,C,702.22,,PC004,ORD001163
JE0000394,1,110000,D,611.79,,PC006,ORD002075
JE0000394,2,500000,C,611.79,,PC006,ORD002075
JE0000395,1,110000,D,204.51,,PC005,ORD002794
JE0000395,2,500000,C,204.51,,PC005,ORD002794
JE0000396,1,110000,D,349.97,,PC006,ORD001488
JE0000396,2,500000,C,349.97,,PC006,ORD001488
JE0000397,1,110000,D,1446.65,,PC011,ORD002703
JE0000397,2,500000,C,1446.65,,PC011,ORD002703
JE0000398,1,110000,D,1200.85,,PC002,ORD001398
JE0000398,2,500000,C,1200.85,,PC002,ORD001398
JE0000399,1,110000,D,868.53,,PC003,ORD002025
JE0000399,2,500000,C,868.53,,PC003,ORD002025
JE0000400,1,110000,D,90.8,,PC006,ORD001777
JE0000400,2,500000,C,90.8,,PC006,ORD001777
JE0000401,1,110000,D,1060.09,,PC005,ORD002288
JE0000401,2,500000,C,1060.09,,PC005,ORD002288
JE0000402,1,110000,D,821.82,,PC015,ORD002983
JE0000402,2,500000,C,821.82,,PC015,ORD002983
JE0000403,1,110000,D,1760.12,,PC001,ORD001876
JE0000403,2,500000,C,1760.12,,PC001,ORD001876
JE0000404,1,110000,D,725.94,,PC009,ORD001834
JE0000404,2,500000,C,725.94,,PC009,ORD001834
JE0000405,1,110000,D,918.34,,PC010,ORD001909
JE0000405,2,500000,C,918.34,,PC010,ORD001909
JE0000406,1,110000,D,958.0,,PC011,ORD002705
JE0000406,2,500000,C,958.0,,PC011,ORD002705
JE0000407,1,110000,D,371.44,,PC011,ORD000404
JE0000407,2,500000,C,371.44,,PC011,ORD000404
JE0000408,1,110000,D,596.78,,PC003,ORD000232
JE0000408,2,500000,C,596.78,,PC003,ORD000232
JE0000409,1,110000,D,626.92,,PC010,ORD001334
JE0000409,2,500000,C,626.92,,PC010,ORD001334
JE0000410,1,110000,D,258.09,,PC013,ORD002332
JE0000410,2,500000,C,258.09,,PC013,ORD002332
JE0000411,1,110000,D,794.85,,PC005,ORD001042
JE0000411,2,500000,C,794.85,,PC005,ORD001042
JE0000412,1,110000,D,77.83,,PC004,ORD001448
JE0000412,2,500000,C,77.83,,PC004,ORD001448
JE0000413,1,110000,D,456.6,,PC007,ORD002590
JE0000413,2,500000,C,456.6,,PC007,ORD002590
JE0000414,1,110000,D,612.92,,PC014,ORD001914
JE0000414,2,500000,C,612.92,,PC014,ORD001914
JE0000415,1,110000,D,211.78,,PC007,ORD000606
JE0000415,2,500000,C,211.78,,PC007,ORD000606
JE0000416,1,110000,D,686.34,,PC005,ORD001249
JE0000416,2,500000,C,686.34,,PC005,ORD001249
JE0000417,1,110000,D,910.18,,PC005,ORD002821
JE0000417,2,500000,C,910.18,,PC005,ORD002821
JE0000418,1,110000,D,1227.54,,PC010,ORD002445
JE0000418,2,500000,C,1227.54,,PC010,ORD002445
JE0000419,1,110000,D,99.72,,PC007,ORD001143
JE0000419,2,500000,C,99.72,,PC007,ORD001143
JE0000420,1,110000,D,2002.04,,PC003,ORD002441
JE0000420,2,500000,C,2002.04,,PC003,ORD002441
JE0000421,1,110000,D,2384.3,,PC003,ORD002922
JE0000421,2,500000,C,2384.3,,PC003,ORD002922
JE0000422,1,110000,D,798.51,,PC007,ORD000204
JE0000422,2,500000,C,798.51,,PC007,ORD000204
JE0000423,1,110000,D,1602.03,,PC009,ORD000785
JE0000423,2,500000,C,1602.03,,PC009,ORD000785
JE0000424,1,110000,D,691.34,,PC002,ORD002373
JE0000424,2,500000,C,691.34,,PC002,ORD002373
JE0000425,1,110000,D,825.61,,PC011,ORD000014
JE0000425,2,500000,C,825.61,,PC011,ORD000014
JE0000426,1,110000,D,1654.87,,PC011,ORD002208
JE0000426,2,500000,C,1654.87,,PC011,ORD002208
JE0000427,1,110000,D,1622.27,,PC004,ORD002905
JE0000427,2,500000,C,1622.27,,PC004,ORD002905
JE0000428,1,110000,D,1126.1,,PC002,ORD000676
JE0000428,2,500000,C,1126.1,,PC002,ORD000676
JE0000429,1,110000,D,423.38,,PC004,ORD002885
JE0000429,2,500000,C,423.38,,PC004,ORD002885
JE0000430,1,110000,D,1462.86,,PC009,ORD002603
JE0000430,2,500000,C,1462.86,,PC009,ORD002603
JE0000431,1,110000,D,1599.29,,PC005,ORD000465
JE0000431,2,500000,C,1599.29,,PC005,ORD000465
JE0000432,1,110000,D,2073.11,,PC014,ORD000775
JE0000432,2,500000,C,2073.11,,PC014,ORD000775
JE0000433,1,110000,D,309.11,,PC009,ORD001935
JE0000433,2,500000,C,309.11,,PC009,ORD001935
JE0000434,1,110000,D,359.35,,PC006,ORD000496
JE0000434,2,500000,C,359.35,,PC006,ORD000496
JE0000435,1,110000,D,235.89,,PC004,ORD000803
JE0000435,2,500000,C,235.89,,PC004,ORD000803
JE0000436,1,110000,D,1434.99,,PC014,ORD000170
JE0000436,2,500000,C,1434.99,,PC014,ORD000170
JE0000437,1,110000,D,1444.11,,PC015,ORD002449
JE0000437,2,500000,C,1444.11,,PC015,ORD002449
JE0000438,1,110000,D,382.85,,PC009,ORD002169
JE0000438,2,500000,C,382.85,,PC009,ORD002169
JE0000439,1,110000,D,2108.82,,PC005,ORD000959
JE0000439,2,500000,C,2108.82,,PC005,ORD000959
JE0000440,1,110000,D,2268.88,,PC015,ORD002965
JE0000440,2,500000,C,2268.88,,PC015,ORD002965
JE0000441,1,110000,D,154.91,,PC011,ORD000446
JE0000441,2,500000,C,154.91,,PC011,ORD000446
JE0000442,1,110000,D,456.08,,PC004,ORD001457
JE0000442,2,500000,C,456.08,,PC004,ORD001457
JE0000443,1,110000,D,69.91,,PC015,ORD002002
JE0000443,2,500000,C,69.91,,PC015,ORD002002
JE0000444,1,110000,D,1046.78,,PC003,ORD001423
JE0000444,2,500000,C,1046.78,,PC003,ORD001423
JE0000445,1,110000,D,371.44,,PC001,ORD000896
JE0000445,2,500000,C,371.44,,PC001,ORD000896
JE0000446,1,110000,D,1378.38,,PC008,ORD000429
JE0000446,2,500000,C,1378.38,,PC008,ORD000429
JE0000447,1,110000,D,591.59,,PC008,ORD002658
JE0000447,2,500000,C,591.59,,PC008,ORD002658
JE0000448,1,110000,D,792.37,,PC015,ORD001735
JE0000448,2,500000,C,792.37,,PC015,ORD001735
JE0000449,1,110000,D,811.85,,PC007,ORD000196
JE0000449,2,500000,C,811.85,,PC007,ORD000196
JE0000450,1,110000,D,411.3,,PC006,ORD002556
JE0000450,2,500000,C,411.3,,PC006,ORD002556
JE0000451,1,110000,D,681.04,,PC006,ORD000547
JE0000451,2,500000,C,681.04,,PC006,ORD000547
JE0000452,1,110000,D,585.03,,PC009,ORD001828
JE0000452,2,500000,C,585.03,,PC009,ORD001828
JE0000453,1,110000,D,1294.46,,PC015,ORD002897
JE0000453,2,500000,C,1294.46,,PC015,ORD002897
JE0000454,1,110000,D,225.29,,PC008,ORD001585
JE0000454,2,500000,C,225.29,,PC008,ORD001585
JE0000455,1,110000,D,789.72,,PC015,ORD001567
JE0000455,2,500000,C,789.72,,PC015,ORD001567
JE0000456,1,110000,D,157.9,,PC003,ORD002549
JE0000456,2,500000,C,157.9,,PC003,ORD002549
JE0000457,1,110000,D,155.24,,PC005,ORD002746
JE0000457,2,500000,C,155.24,,PC005,ORD002746
JE0000458,1,110000,D,610.73,,PC001,ORD000088
JE0000458,2,500000,C,610.73,,PC001,ORD000088
JE0000459,1,110000,D,404.89,,PC003,ORD000633
JE0000459,2,500000,C,404.89,,PC003,ORD000633
JE0000460,1,110000,D,106.08,,PC008,ORD001959
JE0000460,2,500000,C,106.08,,PC008,ORD001959
JE0000461,1,110000,D,794.64,,PC015,ORD000583
JE0000461,2,500000,C,794.64,,PC015,ORD000583
JE0000462,1,110000,D,666.18,,PC014,ORD000257
JE0000462,2,500000,C,666.18,,PC014,ORD000257
JE0000463,1,110000,D,104.82,,PC002,ORD001090
JE0000463,2,500000,C,104.82,,PC002,ORD001090
JE0000464,1,110000,D,407.44,,PC012,ORD001814
JE0000464,2,500000,C,407.44,,PC012,ORD001814
JE0000465,1,110000,D,402.58,,PC013,ORD001411
JE0000465,2,500000,C,402.58,,PC013,ORD001411
JE0000466,1,110000,D,1179.52,,PC012,ORD000048
JE0000466,2,500000,C,1179.52,,PC012,ORD000048
JE0000467,1,110000,D,446.63,,PC008,ORD001651
JE0000467,2,500000,C,446.63,,PC008,ORD001651
JE0000468,1,110000,D,42.16,,PC001,ORD001530
JE0000468,2,500000,C,42.16,,PC001,ORD001530
JE0000469,1,110000,D,926.69,,PC002,ORD001248
JE0000469,2,500000,C,926.69,,PC002,ORD001248
JE0000470,1,110000,D,246.58,,PC007,ORD001503
JE0000470,2,500000,C,246.58,,PC007,ORD001503
JE0000471,1,110000,D,722.71,,PC009,ORD000059
JE0000471,2,500000,C,722.71,,PC009,ORD000059
JE0000472,1,110000,D,352.39,,PC013,ORD002731
JE0000472,2,500000,C,352.39,,PC013,ORD002731
JE0000473,1,110000,D,539.18,,PC005,ORD002683
JE0000473,2,500000,C,539.18,,PC005,ORD002683
JE0000474,1,110000,D,83.87,,PC014,ORD000073
JE0000474,2,500000,C,83.87,,PC014,ORD000073
JE0000475,1,110000,D,929.26,,PC005,ORD001811
JE0000475,2,500000,C,929.26,,PC005,ORD001811
JE0000476,1,110000,D,353.16,,PC014,ORD000474
JE0000476,2,500000,C,353.16,,PC014,ORD000474
JE0000477,1,110000,D,634.65,,PC003,ORD002577
JE0000477,2,500000,C,634.65,,PC003,ORD002577
JE0000478,1,110000,D,197.56,,PC008,ORD001382
JE0000478,2,500000,C,197.56,,PC008,ORD001382
JE0000479,1,110000,D,975.19,,PC010,ORD000124
JE0000479,2,500000,C,975.19,,PC010,ORD000124
JE0000480,1,110000,D,396.7,,PC008,ORD001217
JE0000480,2,500000,C,396.7,,PC008,ORD001217
JE0000481,1,110000,D,203.82,,PC003,ORD000881
JE0000481,2,500000,C,203.82,,PC003,ORD000881
JE0000482,1,110000,D,813.34,,PC008,ORD001336
JE0000482,2,500000,C,813.34,,PC008,ORD001336
JE0000483,1,110000,D,1566.24,,PC003,ORD002399
JE0000483,2,500000,C,1566.24,,PC003,ORD002399
JE0000484,1,110000,D,909.52,,PC009,ORD001148
JE0000484,2,500000,C,909.52,,PC009,ORD001148
JE0000485,1,110000,D,1116.62,,PC009,ORD001354
JE0000485,2,500000,C,1116.62,,PC009,ORD001354
JE0000486,1,110000,D,357.43,,PC004,ORD000336
JE0000486,2,500000,C,357.43,,PC004,ORD000336
JE0000487,1,110000,D,1704.36,,PC004,ORD001495
JE0000487,2,500000,C,1704.36,,PC004,ORD001495
JE0000488,1,110000,D,725.7,,PC013,ORD002230
JE0000488,2,500000,C,725.7,,PC013,ORD002230
JE0000489,1,110000,D,626.33,,PC004,ORD001917
JE0000489,2,500000,C,626.33,,PC004,ORD001917
JE0000490,1,110000,D,1970.16,,PC003,ORD002486
JE0000490,2,500000,C,1970.16,,PC003,ORD002486
JE0000491,1,110000,D,646.45,,PC011,ORD000181
JE0000491,2,500000,C,646.45,,PC011,ORD000181
JE0000492,1,110000,D,893.38,,PC007,ORD001451
JE0000492,2,500000,C,893.38,,PC007,ORD001451
JE0000493,1,110000,D,185.83,,PC013,ORD002543
JE0000493,2,500000,C,185.83,,PC013,ORD002543
JE0000494,1,110000,D,718.98,,PC014,ORD000617
JE0000494,2,500000,C,718.98,,PC014,ORD000617
JE0000495,1,110000,D,572.01,,PC002,ORD000121
JE0000495,2,500000,C,572.01,,PC002,ORD000121
JE0000496,1,110000,D,325.31,,PC012,ORD000109
JE0000496,2,500000,C,325.31,,PC012,ORD000109
JE0000497,1,110000,D,592.27,,PC012,ORD002790
JE0000497,2,500000,C,592.27,,PC012,ORD002790
JE0000498,1,110000,D,1654.22,,PC011,ORD001962
JE0000498,2,500000,C,1654.22,,PC011,ORD001962
JE0000499,1,110000,D,1230.8,,PC009,ORD001579
JE0000499,2,500000,C,1230.8,,PC009,ORD001579
JE0000500,1,110000,D,1593.67,,PC005,ORD001704
JE0000500,2,500000,C,1593.67,,PC005,ORD001704
JE0000501,1,110000,D,540.72,,PC004,ORD000750
JE0000501,2,500000,C,540.72,,PC004,ORD000750
JE0000502,1,110000,D,2110.65,,PC015,ORD000684
JE0000502,2,500000,C,2110.65,,PC015,ORD000684
JE0000503,1,110000,D,1271.38,,PC014,ORD001724
JE0000503,2,500000,C,1271.38,,PC014,ORD001724
JE0000504,1,110000,D,138.68,,PC014,ORD002545
JE0000504,2,500000,C,138.68,,PC014,ORD002545
JE0000505,1,110000,D,1497.9,,PC004,ORD000172
JE0000505,2,500000,C,1497.9,,PC004,ORD000172
JE0000506,1,110000,D,917.39,,PC013,ORD000103
JE0000506,2,500000,C,917.39,,PC013,ORD000103
JE0000507,1,110000,D,704.68,,PC013,ORD002458
JE0000507,2,500000,C,704.68,,PC013,ORD002458
JE0000508,1,110000,D,515.07,,PC006,ORD000773
JE0000508,2,500000,C,515.07,,PC006,ORD000773
JE0000509,1,110000,D,1342.18,,PC012,ORD002232
JE0000509,2,500000,C,1342.18,,PC012,ORD002232
JE0000510,1,110000,D,365.02,,PC006,ORD000416
JE0000510,2,500000,C,365.02,,PC006,ORD000416
JE0000511,1,110000,D,616.68,,PC011,ORD000491
JE0000511,2,500000,C,616.68,,PC011,ORD000491
JE0000512,1,110000,D,1303.13,,PC008,ORD001165
JE0000512,2,500000,C,1303.13,,PC008,ORD001165
JE0000513,1,110000,D,212.71,,PC001,ORD001141
JE0000513,2,500000,C,212.71,,PC001,ORD001141
JE0000514,1,110000,D,1367.54,,PC005,ORD002769
JE0000514,2,500000,C,1367.54,,PC005,ORD002769
JE0000515,1,110000,D,248.83,,PC005,ORD001329
JE0000515,2,500000,C,248.83,,PC005,ORD001329
JE0000516,1,110000,D,476.4,,PC008,ORD001378
JE0000516,2,500000,C,476.4,,PC008,ORD001378
JE0000517,1,110000,D,553.31,,PC011,ORD001399
JE0000517,2,500000,C,553.31,,PC011,ORD001399
JE0000518,1,110000,D,866.87,,PC013,ORD001612
JE0000518,2,500000,C,866.87,,PC013,ORD001612
JE0000519,1,110000,D,719.68,,PC005,ORD001400
JE0000519,2,500000,C,719.68,,PC005,ORD001400
JE0000520,1,110000,D,262.55,,PC012,ORD000830
JE0000520,2,500000,C,262.55,,PC012,ORD000830
JE0000521,1,110000,D,400.97,,PC007,ORD001308
JE0000521,2,500000,C,400.97,,PC007,ORD001308
JE0000522,1,110000,D,276.27,,PC012,ORD001352
JE0000522,2,500000,C,276.27,,PC012,ORD001352
JE0000523,1,110000,D,89.17,,PC015,ORD001602
JE0000523,2,500000,C,89.17,,PC015,ORD001602
JE0000524,1,110000,D,639.19,,PC013,ORD002728
JE0000524,2,500000,C,639.19,,PC013,ORD002728
JE0000525,1,110000,D,1310.66,,PC003,ORD000182
JE0000525,2,500000,C,1310.66,,PC003,ORD000182
JE0000526,1,110000,D,462.55,,PC015,ORD001681
JE0000526,2,500000,C,462.55,,PC015,ORD001681
JE0000527,1,110000,D,391.47,,PC010,ORD001688
JE0000527,2,500000,C,391.47,,PC010,ORD001688
JE0000528,1,110000,D,737.41,,PC014,ORD000178
JE0000528,2,500000,C,737.41,,PC014,ORD000178
JE0000529,1,110000,D,486.3,,PC006,ORD000694
JE0000529,2,500000,C,486.3,,PC006,ORD000694
JE0000530,1,110000,D,1002.8,,PC014,ORD002400
JE0000530,2,500000,C,1002.8,,PC014,ORD002400
JE0000531,1,110000,D,559.34,,PC014,ORD002678
JE0000531,2,500000,C,559.34,,PC014,ORD002678
JE0000532,1,110000,D,242.52,,PC015,ORD001012
JE0000532,2,500000,C,242.52,,PC015,ORD001012
JE0000533,1,110000,D,197.34,,PC001,ORD001916
JE0000533,2,500000,C,197.34,,PC001,ORD001916
JE0000534,1,110000,D,895.26,,PC009,ORD000286
JE0000534,2,500000,C,895.26,,PC009,ORD000286
JE0000535,1,110000,D,1337.86,,PC012,ORD000899
JE0000535,2,500000,C,1337.86,,PC012,ORD000899
JE0000536,1,110000,D,143.31,,PC010,ORD000894
JE0000536,2,500000,C,143.31,,PC010,ORD000894
JE0000537,1,110000,D,875.69,,PC009,ORD002086
JE0000537,2,500000,C,875.69,,PC009,ORD002086
JE0000538,1,110000,D,512.14,,PC007,ORD002913
JE0000538,2,500000,C,512.14,,PC007,ORD002913
JE0000539,1,110000,D,486.52,,PC010,ORD001851
JE0000539,2,500000,C,486.52,,PC010,ORD001851
JE0000540,1,110000,D,1090.71,,PC011,ORD000701
JE0000540,2,500000,C,1090.71,,PC011,ORD000701
JE0000541,1,110000,D,591.66,,PC008,ORD001455
JE0000541,2,500000,C,591.66,,PC008,ORD001455
JE0000542,1,110000,D,892.23,,PC004,ORD001404
JE0000542,2,500000,C,892.23,,PC004,ORD001404
JE0000543,1,110000,D,1594.41,,PC011,ORD001187
JE0000543,2,500000,C,1594.41,,PC011,ORD001187
JE0000544,1,110000,D,519.36,,PC003,ORD002235
JE0000544,2,500000,C,519.36,,PC003,ORD002235
JE0000545,1,110000,D,987.45,,PC005,ORD001224
JE0000545,2,500000,C,987.45,,PC005,ORD001224
JE0000546,1,110000,D,940.62,,PC006,ORD002096
JE0000546,2,500000,C,940.62,,PC006,ORD002096
JE0000547,1,110000,D,635.64,,PC002,ORD002608
JE0000547,2,500000,C,635.64,,PC002,ORD002608
JE0000548,1,110000,D,245.6,,PC007,ORD002083
JE0000548,2,500000,C,245.6,,PC007,ORD002083
JE0000549,1,110000,D,144.97,,PC014,ORD001919
JE0000549,2,500000,C,144.97,,PC014,ORD001919
JE0000550,1,110000,D,347.14,,PC011,ORD002175
JE0000550,2,500000,C,347.14,,PC011,ORD002175
JE0000551,1,110000,D,361.57,,PC015,ORD002915
JE0000551,2,500000,C,361.57,,PC015,ORD002915
JE0000552,1,110000,D,920.67,,PC013,ORD001142
JE0000552,2,500000,C,920.67,,PC013,ORD001142
JE0000553,1,110000,D,731.22,,PC015,ORD002630
JE0000553,2,500000,C,731.22,,PC015,ORD002630
JE0000554,1,110000,D,647.25,,PC002,ORD002966
JE0000554,2,500000,C,647.25,,PC002,ORD002966
JE0000555,1,110000,D,1897.71,,PC006,ORD002372
JE0000555,2,500000,C,1897.71,,PC006,ORD002372
JE0000556,1,110000,D,962.2,,PC009,ORD000276
JE0000556,2,500000,C,962.2,,PC009,ORD000276
JE0000557,1,110000,D,413.69,,PC011,ORD001297
JE0000557,2,500000,C,413.69,,PC011,ORD001297
JE0000558,1,110000,D,1668.01,,PC005,ORD002171
JE0000558,2,500000,C,1668.01,,PC005,ORD002171
JE0000559,1,110000,D,296.02,,PC001,ORD001562
JE0000559,2,500000,C,296.02,,PC001,ORD001562
JE0000560,1,110000,D,1653.66,,PC008,ORD001843
JE0000560,2,500000,C,1653.66,,PC008,ORD001843
JE0000561,1,110000,D,923.47,,PC001,ORD001408
JE0000561,2,500000,C,923.47,,PC001,ORD001408
JE0000562,1,110000,D,342.11,,PC004,ORD001645
JE0000562,2,500000,C,342.11,,PC004,ORD001645
JE0000563,1,110000,D,801.3,,PC012,ORD001971
JE0000563,2,500000,C,801.3,,PC012,ORD001971
JE0000564,1,110000,D,175.02,,PC014,ORD001593
JE0000564,2,500000,C,175.02,,PC014,ORD001593
JE0000565,1,110000,D,968.06,,PC001,ORD001370
JE0000565,2,500000,C,968.06,,PC001,ORD001370
JE0000566,1,110000,D,499.32,,PC003,ORD001323
JE0000566,2,500000,C,499.32,,PC003,ORD001323
JE0000567,1,110000,D,813.56,,PC007,ORD001605
JE0000567,2,500000,C,813.56,,PC007,ORD001605
JE0000568,1,110000,D,526.3,,PC003,ORD000867
JE0000568,2,500000,C,526.3,,PC003,ORD000867
JE0000569,1,110000,D,838.18,,PC008,ORD000946
JE0000569,2,500000,C,838.18,,PC008,ORD000946
JE0000570,1,110000,D,1462.31,,PC006,ORD001300
JE0000570,2,500000,C,1462.31,,PC006,ORD001300
JE0000571,1,110000,D,826.54,,PC009,ORD000980
JE0000571,2,500000,C,826.54,,PC009,ORD000980
JE0000572,1,110000,D,1649.92,,PC015,ORD001856
JE0000572,2,500000,C,1649.92,,PC015,ORD001856
JE0000573,1,110000,D,1281.46,,PC015,ORD000222
JE0000573,2,500000,C,1281.46,,PC015,ORD000222
JE0000574,1,110000,D,2497.02,,PC011,ORD001994
JE0000574,2,500000,C,2497.02,,PC011,ORD001994
JE0000575,1,110000,D,50.36,,PC014,ORD000922
JE0000575,2,500000,C,50.36,,PC014,ORD000922
JE0000576,1,110000,D,830.54,,PC008,ORD001433
JE0000576,2,500000,C,830.54,,PC008,ORD001433
JE0000577,1,110000,D,396.93,,PC002,ORD001074
JE0000577,2,500000,C,396.93,,PC002,ORD001074
JE0000578,1,110000,D,936.76,,PC003,ORD001895
JE0000578,2,500000,C,936.76,,PC003,ORD001895
JE0000579,1,110000,D,1199.97,,PC015,ORD002393
JE0000579,2,500000,C,1199.97,,PC015,ORD002393
JE0000580,1,110000,D,1063.15,,PC003,ORD000138
JE0000580,2,500000,C,1063.15,,PC003,ORD000138
JE0000581,1,110000,D,575.28,,PC001,ORD002578
JE0000581,2,500000,C,575.28,,PC001,ORD002578
JE0000582,1,110000,D,156.84,,PC010,ORD001364
JE0000582,2,500000,C,156.84,,PC010,ORD001364
JE0000583,1,110000,D,2551.37,,PC003,ORD002831
JE0000583,2,500000,C,2551.37,,PC003,ORD002831
JE0000584,1,110000,D,310.99,,PC004,ORD002504
JE0000584,2,500000,C,310.99,,PC004,ORD002504
JE0000585,1,110000,D,598.01,,PC005,ORD001029
JE0000585,2,500000,C,598.01,,PC005,ORD001029
JE0000586,1,110000,D,580.27,,PC006,ORD000603
JE0000586,2,500000,C,580.27,,PC006,ORD000603
JE0000587,1,110000,D,629.48,,PC013,ORD002701
JE0000587,2,500000,C,629.48,,PC013,ORD002701
JE0000588,1,110000,D,794.21,,PC002,ORD000837
JE0000588,2,500000,C,794.21,,PC002,ORD000837
JE0000589,1,110000,D,66.09,,PC011,ORD001837
JE0000589,2,500000,C,66.09,,PC011,ORD001837
JE0000590,1,110000,D,1202.43,,PC006,ORD001001
JE0000590,2,500000,C,1202.43,,PC006,ORD001001
JE0000591,1,110000,D,2234.94,,PC012,ORD001818
JE0000591,2,500000,C,2234.94,,PC012,ORD001818
JE0000592,1,110000,D,880.93,,PC003,ORD002100
JE0000592,2,500000,C,880.93,,PC003,ORD002100
JE0000593,1,110000,D,1254.54,,PC007,ORD002184
JE0000593,2,500000,C,1254.54,,PC007,ORD002184
JE0000594,1,110000,D,538.34,,PC012,ORD001040
JE0000594,2,500000,C,538.34,,PC012,ORD001040
JE0000595,1,110000,D,1328.38,,PC010,ORD000440
JE0000595,2,500000,C,1328.38,,PC010,ORD000440
JE0000596,1,110000,D,617.14,,PC004,ORD002496
JE0000596,2,500000,C,617.14,,PC004,ORD002496
JE0000597,1,110000,D,990.3,,PC010,ORD000095
JE0000597,2,500000,C,990.3,,PC010,ORD000095
JE0000598,1,110000,D,569.66,,PC013,ORD002743
JE0000598,2,500000,C,569.66,,PC013,ORD002743
JE0000599,1,110000,D,34.73,,PC008,ORD002000
JE0000599,2,500000,C,34.73,,PC008,ORD002000
JE0000600,1,110000,D,197.31,,PC007,ORD001179
JE0000600,2,500000,C,197.31,,PC007,ORD001179
JE0000601,1,110000,D,1000.7,,PC013,ORD000269
JE0000601,2,500000,C,1000.7,,PC013,ORD000269
JE0000602,1,110000,D,783.25,,PC007,ORD000033
JE0000602,2,500000,C,783.25,,PC007,ORD000033
JE0000603,1,110000,D,945.4,,PC003,ORD000200
JE0000603,2,500000,C,945.4,,PC003,ORD000200
JE0000604,1,110000,D,611.79,,PC012,ORD001489
JE0000604,2,500000,C,611.79,,PC012,ORD001489
JE0000605,1,110000,D,2246.62,,PC008,ORD000229
JE0000605,2,500000,C,2246.62,,PC008,ORD000229
JE0000606,1,110000,D,604.53,,PC012,ORD001139
JE0000606,2,500000,C,604.53,,PC012,ORD001139
JE0000607,1,110000,D,897.21,,PC015,ORD001610
JE0000607,2,500000,C,897.21,,PC015,ORD001610
JE0000608,1,110000,D,226.35,,PC008,ORD000303
JE0000608,2,500000,C,226.35,,PC008,ORD000303
JE0000609,1,110000,D,262.73,,PC007,ORD001550
JE0000609,2,500000,C,262.73,,PC007,ORD001550
JE0000610,1,110000,D,1670.35,,PC011,ORD001938
JE0000610,2,500000,C,1670.35,,PC011,ORD001938
JE0000611,1,110000,D,1455.38,,PC010,ORD002665
JE0000611,2,500000,C,1455.38,,PC010,ORD002665
JE0000612,1,110000,D,184.29,,PC005,ORD000135
JE0000612,2,500000,C,184.29,,PC005,ORD000135
JE0000613,1,110000,D,551.69,,PC001,ORD002799
JE0000613,2,500000,C,551.69,,PC001,ORD002799
JE0000614,1,110000,D,297.24,,PC003,ORD000809
JE0000614,2,500000,C,297.24,,PC003,ORD000809
JE0000615,1,110000,D,942.79,,PC001,ORD000680
JE0000615,2,500000,C,942.79,,PC001,ORD000680
JE0000616,1,110000,D,278.32,,PC005,ORD001957
JE0000616,2,500000,C,278.32,,PC005,ORD001957
JE0000617,1,110000,D,573.54,,PC011,ORD000841
JE0000617,2,500000,C,573.54,,PC011,ORD000841
JE0000618,1,110000,D,1640.85,,PC014,ORD000481
JE0000618,2,500000,C,1640.85,,PC014,ORD000481
JE0000619,1,110000,D,672.14,,PC008,ORD002379
JE0000619,2,500000,C,672.14,,PC008,ORD002379
JE0000620,1,110000,D,738.6,,PC006,ORD001708
JE0000620,2,500000,C,738.6,,PC006,ORD001708
JE0000621,1,110000,D,1383.19,,PC001,ORD002749
JE0000621,2,500000,C,1383.19,,PC001,ORD002749
JE0000622,1,110000,D,704.66,,PC002,ORD002544
JE0000622,2,500000,C,704.66,,PC002,ORD002544
JE0000623,1,110000,D,159.71,,PC014,ORD000689
JE0000623,2,500000,C,159.71,,PC014,ORD000689
JE0000624,1,110000,D,574.11,,PC015,ORD001604
JE0000624,2,500000,C,574.11,,PC015,ORD001604
JE0000625,1,110000,D,1628.49,,PC001,ORD000686
JE0000625,2,500000,C,1628.49,,PC001,ORD000686
JE0000626,1,110000,D,1424.18,,PC010,ORD001436
JE0000626,2,500000,C,1424.18,,PC010,ORD001436
JE0000627,1,110000,D,1440.47,,PC002,ORD000288
JE0000627,2,500000,C,1440.47,,PC002,ORD000288
JE0000628,1,110000,D,1276.79,,PC012,ORD000703
JE0000628,2,500000,C,1276.79,,PC012,ORD000703
JE0000629,1,110000,D,564.27,,PC012,ORD000502
JE0000629,2,500000,C,564.27,,PC012,ORD000502
JE0000630,1,110000,D,355.91,,PC003,ORD000120
JE0000630,2,500000,C,355.91,,PC003,ORD000120
JE0000631,1,110000,D,183.63,,PC013,ORD000365
JE0000631,2,500000,C,183.63,,PC013,ORD000365
JE0000632,1,110000,D,680.34,,PC009,ORD002435
JE0000632,2,500000,C,680.34,,PC009,ORD002435
JE0000633,1,110000,D,917.73,,PC003,ORD000558
JE0000633,2,500000,C,917.73,,PC003,ORD000558
JE0000634,1,110000,D,265.37,,PC015,ORD001317
JE0000634,2,500000,C,265.37,,PC015,ORD001317
JE0000635,1,110000,D,333.15,,PC013,ORD000562
JE0000635,2,500000,C,333.15,,PC013,ORD000562
JE0000636,1,110000,D,827.96,,PC010,ORD002143
JE0000636,2,500000,C,827.96,,PC010,ORD002143
JE0000637,1,110000,D,1419.66,,PC014,ORD001152
JE0000637,2,500000,C,1419.66,,PC014,ORD001152
JE0000638,1,110000,D,1069.57,,PC005,ORD001556
JE0000638,2,500000,C,1069.57,,PC005,ORD001556
JE0000639,1,110000,D,397.08,,PC003,ORD001978
JE0000639,2,500000,C,397.08,,PC003,ORD001978
JE0000640,1,110000,D,834.26,,PC012,ORD002599
JE0000640,2,500000,C,834.26,,PC012,ORD002599
JE0000641,1,110000,D,1589.74,,PC010,ORD002229
JE0000641,2,500000,C,1589.74,,PC010,ORD002229
JE0000642,1,110000,D,1655.38,,PC003,ORD002280
JE0000642,2,500000,C,1655.38,,PC003,ORD002280
JE0000643,1,110000,D,1124.31,,PC013,ORD002307
JE0000643,2,500000,C,1124.31,,PC013,ORD002307
JE0000644,1,110000,D,1190.61,,PC006,ORD000667
JE0000644,2,500000,C,1190.61,,PC006,ORD000667
JE0000645,1,110000,D,1614.65,,PC013,ORD002793
JE0000645,2,500000,C,1614.65,,PC013,ORD002793
JE0000646,1,110000,D,730.25,,PC001,ORD000725
JE0000646,2,500000,C,730.25,,PC001,ORD000725
JE0000647,1,110000,D,834.16,,PC014,ORD000574
JE0000647,2,500000,C,834.16,,PC014,ORD000574
JE0000648,1,110000,D,142.56,,PC003,ORD002806
JE0000648,2,500000,C,142.56,,PC003,ORD002806
JE0000649,1,110000,D,1059.49,,PC007,ORD001121
JE0000649,2,500000,C,1059.49,,PC007,ORD001121
JE0000650,1,110000,D,446.55,,PC011,ORD000234
JE0000650,2,500000,C,446.55,,PC011,ORD000234
JE0000651,1,110000,D,588.83,,PC011,ORD000907
JE0000651,2,500000,C,588.83,,PC011,ORD000907
JE0000652,1,110000,D,1341.39,,PC009,ORD000342
JE0000652,2,500000,C,1341.39,,PC009,ORD000342
JE0000653,1,110000,D,1134.99,,PC012,ORD001189
JE0000653,2,500000,C,1134.99,,PC012,ORD001189
JE0000654,1,110000,D,45.38,,PC013,ORD000083
JE0000654,2,500000,C,45.38,,PC013,ORD000083
JE0000655,1,110000,D,459.99,,PC009,ORD002777
JE0000655,2,500000,C,459.99,,PC009,ORD002777
JE0000656,1,110000,D,302.46,,PC006,ORD000189
JE0000656,2,500000,C,302.46,,PC006,ORD000189
JE0000657,1,110000,D,775.02,,PC013,ORD001672
JE0000657,2,500000,C,775.02,,PC013,ORD001672
JE0000658,1,110000,D,1148.36,,PC009,ORD000550
JE0000658,2,500000,C,1148.36,,PC009,ORD000550
JE0000659,1,110000,D,336.4,,PC014,ORD000805
JE0000659,2,500000,C,336.4,,PC014,ORD000805
JE0000660,1,110000,D,887.12,,PC014,ORD002397
JE0000660,2,500000,C,887.12,,PC014,ORD002397
JE0000661,1,110000,D,1737.57,,PC012,ORD002553
JE0000661,2,500000,C,1737.57,,PC012,ORD002553
JE0000662,1,110000,D,30.81,,PC001,ORD002203
JE0000662,2,500000,C,30.81,,PC001,ORD002203
JE0000663,1,110000,D,745.74,,PC010,ORD002792
JE0000663,2,500000,C,745.74,,PC010,ORD002792
JE0000664,1,110000,D,1751.38,,PC013,ORD000544
JE0000664,2,500000,C,1751.38,,PC013,ORD000544
JE0000665,1,110000,D,854.92,,PC004,ORD000478
JE0000665,2,500000,C,854.92,,PC004,ORD000478
JE0000666,1,110000,D,765.84,,PC007,ORD002304
JE0000666,2,500000,C,765.84,,PC007,ORD002304
JE0000667,1,110000,D,669.11,,PC002,ORD000817
JE0000667,2,500000,C,669.11,,PC002,ORD000817
JE0000668,1,110000,D,888.71,,PC009,ORD002753
JE0000668,2,500000,C,888.71,,PC009,ORD002753
JE0000669,1,110000,D,1808.95,,PC013,ORD000398
JE0000669,2,500000,C,1808.95,,PC013,ORD000398
JE0000670,1,110000,D,149.05,,PC006,ORD000935
JE0000670,2,500000,C,149.05,,PC006,ORD000935
JE0000671,1,110000,D,899.49,,PC012,ORD000655
JE0000671,2,500000,C,899.49,,PC012,ORD000655
JE0000672,1,110000,D,647.4,,PC008,ORD002269
JE0000672,2,500000,C,647.4,,PC008,ORD002269
JE0000673,1,110000,D,259.11,,PC007,ORD000708
JE0000673,2,500000,C,259.11,,PC007,ORD000708
JE0000674,1,110000,D,230.05,,PC003,ORD001010
JE0000674,2,500000,C,230.05,,PC003,ORD001010
JE0000675,1,110000,D,198.02,,PC003,ORD002018
JE0000675,2,500000,C,198.02,,PC003,ORD002018
JE0000676,1,110000,D,961.61,,PC013,ORD000251
JE0000676,2,500000,C,961.61,,PC013,ORD000251
JE0000677,1,110000,D,1695.82,,PC012,ORD000974
JE0000677,2,500000,C,1695.82,,PC012,ORD000974
JE0000678,1,110000,D,53.74,,PC015,ORD001225
JE0000678,2,500000,C,53.74,,PC015,ORD001225
JE0000679,1,110000,D,1140.11,,PC007,ORD000786
JE0000679,2,500000,C,1140.11,,PC007,ORD000786
JE0000680,1,110000,D,1170.92,,PC006,ORD000281
JE0000680,2,500000,C,1170.92,,PC006,ORD000281
JE0000681,1,110000,D,945.04,,PC005,ORD002857
JE0000681,2,500000,C,945.04,,PC005,ORD002857
JE0000682,1,110000,D,301.3,,PC013,ORD001478
JE0000682,2,500000,C,301.3,,PC013,ORD001478
JE0000683,1,110000,D,801.03,,PC015,ORD002974
JE0000683,2,500000,C,801.03,,PC015,ORD002974
JE0000684,1,110000,D,1060.18,,PC003,ORD000792
JE0000684,2,500000,C,1060.18,,PC003,ORD000792
JE0000685,1,110000,D,335.37,,PC002,ORD002346
JE0000685,2,500000,C,335.37,,PC002,ORD002346
JE0000686,1,110000,D,703.33,,PC014,ORD000778
JE0000686,2,500000,C,703.33,,PC014,ORD000778
JE0000687,1,110000,D,929.84,,PC012,ORD000675
JE0000687,2,500000,C,929.84,,PC012,ORD000675
JE0000688,1,110000,D,646.05,,PC010,ORD001790
JE0000688,2,500000,C,646.05,,PC010,ORD001790
JE0000689,1,110000,D,557.73,,PC009,ORD001218
JE0000689,2,500000,C,557.73,,PC009,ORD001218
JE0000690,1,110000,D,392.24,,PC009,ORD000938
JE0000690,2,500000,C,392.24,,PC009,ORD000938
JE0000691,1,110000,D,714.81,,PC012,ORD000430
JE0000691,2,500000,C,714.81,,PC012,ORD000430
JE0000692,1,110000,D,1165.3,,PC014,ORD001013
JE0000692,2,500000,C,1165.3,,PC014,ORD001013
JE0000693,1,110000,D,93.42,,PC013,ORD001654
JE0000693,2,500000,C,93.42,,PC013,ORD001654
JE0000694,1,110000,D,1677.51,,PC009,ORD001711
JE0000694,2,500000,C,1677.51,,PC009,ORD001711
JE0000695,1,110000,D,1317.22,,PC001,ORD000556
JE0000695,2,500000,C,1317.22,,PC001,ORD000556
JE0000696,1,110000,D,1522.04,,PC007,ORD000187
JE0000696,2,500000,C,1522.04,,PC007,ORD000187
JE0000697,1,110000,D,618.05,,PC012,ORD000167
JE0000697,2,500000,C,618.05,,PC012,ORD000167
JE0000698,1,110000,D,786.36,,PC011,ORD000995
JE0000698,2,500000,C,786.36,,PC011,ORD000995
JE0000699,1,110000,D,880.33,,PC001,ORD001237
JE0000699,2,500000,C,880.33,,PC001,ORD001237
JE0000700,1,110000,D,255.63,,PC013,ORD000477
JE0000700,2,500000,C,255.63,,PC013,ORD000477
JE0000701,1,110000,D,443.32,,PC014,ORD001027
JE0000701,2,500000,C,443.32,,PC014,ORD001027
JE0000702,1,110000,D,872.18,,PC011,ORD001761
JE0000702,2,500000,C,872.18,,PC011,ORD001761
JE0000703,1,110000,D,2037.52,,PC006,ORD001808
JE0000703,2,500000,C,2037.52,,PC006,ORD001808
JE0000704,1,110000,D,988.13,,PC015,ORD000057
JE0000704,2,500000,C,988.13,,PC015,ORD000057
JE0000705,1,110000,D,1241.05,,PC013,ORD000209
JE0000705,2,500000,C,1241.05,,PC013,ORD000209
JE0000706,1,110000,D,642.56,,PC005,ORD002511
JE0000706,2,500000,C,642.56,,PC005,ORD002511
JE0000707,1,110000,D,709.4,,PC014,ORD002380
JE0000707,2,500000,C,709.4,,PC014,ORD002380
JE0000708,1,110000,D,1022.85,,PC007,ORD002506
JE0000708,2,500000,C,1022.85,,PC007,ORD002506
JE0000709,1,110000,D,652.36,,PC005,ORD001498
JE0000709,2,500000,C,652.36,,PC005,ORD001498
JE0000710,1,110000,D,789.51,,PC010,ORD000426
JE0000710,2,500000,C,789.51,,PC010,ORD000426
JE0000711,1,110000,D,74.53,,PC015,ORD002645
JE0000711,2,500000,C,74.53,,PC015,ORD002645
JE0000712,1,110000,D,649.86,,PC003,ORD001559
JE0000712,2,500000,C,649.86,,PC003,ORD001559
JE0000713,1,110000,D,375.05,,PC006,ORD000242
JE0000713,2,500000,C,375.05,,PC006,ORD000242
JE0000714,1,110000,D,164.68,,PC002,ORD002757
JE0000714,2,500000,C,164.68,,PC002,ORD002757
JE0000715,1,110000,D,719.1,,PC004,ORD001570
JE0000715,2,500000,C,719.1,,PC004,ORD001570
JE0000716,1,110000,D,211.07,,PC015,ORD000570
JE0000716,2,500000,C,211.07,,PC015,ORD000570
JE0000717,1,110000,D,354.33,,PC006,ORD001267
JE0000717,2,500000,C,354.33,,PC006,ORD001267
JE0000718,1,110000,D,195.95,,PC006,ORD002194
JE0000718,2,500000,C,195.95,,PC006,ORD002194
JE0000719,1,110000,D,1317.15,,PC014,ORD002247
JE0000719,2,500000,C,1317.15,,PC014,ORD002247
JE0000720,1,110000,D,143.57,,PC009,ORD002048
JE0000720,2,500000,C,143.57,,PC009,ORD002048
JE0000721,1,110000,D,113.98,,PC013,ORD002881
JE0000721,2,500000,C,113.98,,PC013,ORD002881
JE0000722,1,110000,D,735.73,,PC013,ORD002532
JE0000722,2,500000,C,735.73,,PC013,ORD002532
JE0000723,1,110000,D,931.11,,PC013,ORD001174
JE0000723,2,500000,C,931.11,,PC013,ORD001174
JE0000724,1,110000,D,668.97,,PC005,ORD002283
JE0000724,2,500000,C,668.97,,PC005,ORD002283
JE0000725,1,110000,D,556.24,,PC013,ORD001557
JE0000725,2,500000,C,556.24,,PC013,ORD001557
JE0000726,1,110000,D,809.07,,PC007,ORD001178
JE0000726,2,500000,C,809.07,,PC007,ORD001178
JE0000727,1,110000,D,540.45,,PC003,ORD002619
JE0000727,2,500000,C,540.45,,PC003,ORD002619
JE0000728,1,110000,D,213.73,,PC002,ORD002654
JE0000728,2,500000,C,213.73,,PC002,ORD002654
JE0000729,1,110000,D,1743.93,,PC004,ORD001930
JE0000729,2,500000,C,1743.93,,PC004,ORD001930
JE0000730,1,110000,D,923.14,,PC003,ORD000651
JE0000730,2,500000,C,923.14,,PC003,ORD000651
JE0000731,1,110000,D,307.28,,PC004,ORD002634
JE0000731,2,500000,C,307.28,,PC004,ORD002634
JE0000732,1,110000,D,861.21,,PC013,ORD001518
JE0000732,2,500000,C,861.21,,PC013,ORD001518
JE0000733,1,110000,D,1553.37,,PC005,ORD001017
JE0000733,2,500000,C,1553.37,,PC005,ORD001017
JE0000734,1,110000,D,893.65,,PC010,ORD001501
JE0000734,2,500000,C,893.65,,PC010,ORD001501
JE0000735,1,110000,D,2049.16,,PC007,ORD001460
JE0000735,2,500000,C,2049.16,,PC007,ORD001460
JE0000736,1,110000,D,530.13,,PC003,ORD001231
JE0000736,2,500000,C,530.13,,PC003,ORD001231
JE0000737,1,110000,D,408.81,,PC006,ORD000560
JE0000737,2,500000,C,408.81,,PC006,ORD000560
JE0000738,1,110000,D,2152.13,,PC007,ORD001409
JE0000738,2,500000,C,2152.13,,PC007,ORD001409
JE0000739,1,110000,D,1865.12,,PC002,ORD001974
JE0000739,2,500000,C,1865.12,,PC002,ORD001974
JE0000740,1,110000,D,1534.48,,PC007,ORD000738
JE0000740,2,500000,C,1534.48,,PC007,ORD000738
JE0000741,1,110000,D,133.79,,PC007,ORD002564
JE0000741,2,500000,C,133.79,,PC007,ORD002564
JE0000742,1,110000,D,62.55,,PC011,ORD001745
JE0000742,2,500000,C,62.55,,PC011,ORD001745
JE0000743,1,110000,D,798.61,,PC009,ORD001295
JE0000743,2,500000,C,798.61,,PC009,ORD001295
JE0000744,1,110000,D,418.36,,PC011,ORD000826
JE0000744,2,500000,C,418.36,,PC011,ORD000826
JE0000745,1,110000,D,780.06,,PC003,ORD000624
JE0000745,2,500000,C,780.06,,PC003,ORD000624
JE0000746,1,110000,D,1659.5,,PC013,ORD000220
JE0000746,2,500000,C,1659.5,,PC013,ORD000220
JE0000747,1,110000,D,1375.4,,PC013,ORD000258
JE0000747,2,500000,C,1375.4,,PC013,ORD000258
JE0000748,1,110000,D,880.79,,PC015,ORD001282
JE0000748,2,500000,C,880.79,,PC015,ORD001282
JE0000749,1,110000,D,840.03,,PC007,ORD002775
JE0000749,2,500000,C,840.03,,PC007,ORD002775
JE0000750,1,110000,D,745.52,,PC009,ORD000926
JE0000750,2,500000,C,745.52,,PC009,ORD000926
JE0000751,1,110000,D,1557.14,,PC015,ORD000217
JE0000751,2,500000,C,1557.14,,PC015,ORD000217
JE0000752,1,110000,D,857.15,,PC007,ORD000511
JE0000752,2,500000,C,857.15,,PC007,ORD000511
JE0000753,1,110000,D,357.13,,PC008,ORD002367
JE0000753,2,500000,C,357.13,,PC008,ORD002367
JE0000754,1,110000,D,172.09,,PC014,ORD001588
JE0000754,2,500000,C,172.09,,PC014,ORD001588
JE0000755,1,110000,D,1313.07,,PC012,ORD000593
JE0000755,2,500000,C,1313.07,,PC012,ORD000593
JE0000756,1,110000,D,1112.59,,PC004,ORD000493
JE0000756,2,500000,C,1112.59,,PC004,ORD000493
JE0000757,1,110000,D,1425.02,,PC014,ORD000332
JE0000757,2,500000,C,1425.02,,PC014,ORD000332
JE0000758,1,110000,D,770.93,,PC015,ORD002829
JE0000758,2,500000,C,770.93,,PC015,ORD002829
JE0000759,1,110000,D,225.3,,PC011,ORD002216
JE0000759,2,500000,C,225.3,,PC011,ORD002216
JE0000760,1,110000,D,1062.98,,PC006,ORD000415
JE0000760,2,500000,C,1062.98,,PC006,ORD000415
JE0000761,1,110000,D,477.09,,PC014,ORD002132
JE0000761,2,500000,C,477.09,,PC014,ORD002132
JE0000762,1,110000,D,1188.98,,PC004,ORD001045
JE0000762,2,500000,C,1188.98,,PC004,ORD001045
JE0000763,1,110000,D,743.34,,PC012,ORD001908
JE0000763,2,500000,C,743.34,,PC012,ORD001908
JE0000764,1,110000,D,1762.28,,PC001,ORD000645
JE0000764,2,500000,C,1762.28,,PC001,ORD000645
JE0000765,1,110000,D,111.81,,PC011,ORD001823
JE0000765,2,500000,C,111.81,,PC011,ORD001823
JE0000766,1,110000,D,610.5,,PC015,ORD001039
JE0000766,2,500000,C,610.5,,PC015,ORD001039
JE0000767,1,110000,D,519.06,,PC008,ORD001508
JE0000767,2,500000,C,519.06,,PC008,ORD001508
JE0000768,1,110000,D,152.38,,PC012,ORD002271
JE0000768,2,500000,C,152.38,,PC012,ORD002271
JE0000769,1,110000,D,891.03,,PC010,ORD000639
JE0000769,2,500000,C,891.03,,PC010,ORD000639
JE0000770,1,110000,D,196.24,,PC007,ORD000944
JE0000770,2,500000,C,196.24,,PC007,ORD000944
JE0000771,1,110000,D,602.67,,PC008,ORD002615
JE0000771,2,500000,C,602.67,,PC008,ORD002615
JE0000772,1,110000,D,172.93,,PC015,ORD002585
JE0000772,2,500000,C,172.93,,PC015,ORD002585
JE0000773,1,110000,D,618.97,,PC015,ORD000195
JE0000773,2,500000,C,618.97,,PC015,ORD000195
JE0000774,1,110000,D,625.71,,PC001,ORD000575
JE0000774,2,500000,C,625.71,,PC001,ORD000575
JE0000775,1,110000,D,626.21,,PC014,ORD002362
JE0000775,2,500000,C,626.21,,PC014,ORD002362
JE0000776,1,110000,D,2073.58,,PC014,ORD000818
JE0000776,2,500000,C,2073.58,,PC014,ORD000818
JE0000777,1,110000,D,482.84,,PC014,ORD000958
JE0000777,2,500000,C,482.84,,PC014,ORD000958
JE0000778,1,110000,D,425.18,,PC010,ORD002765
JE0000778,2,500000,C,425.18,,PC010,ORD002765
JE0000779,1,110000,D,1630.21,,PC014,ORD002711
JE0000779,2,500000,C,1630.21,,PC014,ORD002711
JE0000780,1,110000,D,714.86,,PC002,ORD000897
JE0000780,2,500000,C,714.86,,PC002,ORD000897
JE0000781,1,110000,D,678.88,,PC010,ORD002772
JE0000781,2,500000,C,678.88,,PC010,ORD002772
JE0000782,1,110000,D,599.84,,PC014,ORD000840
JE0000782,2,500000,C,599.84,,PC014,ORD000840
JE0000783,1,110000,D,788.99,,PC012,ORD001396
JE0000783,2,500000,C,788.99,,PC012,ORD001396
JE0000784,1,110000,D,1327.77,,PC002,ORD001862
JE0000784,2,500000,C,1327.77,,PC002,ORD001862
JE0000785,1,110000,D,924.77,,PC006,ORD000636
JE0000785,2,500000,C,924.77,,PC006,ORD000636
JE0000786,1,110000,D,765.33,,PC007,ORD000721
JE0000786,2,500000,C,765.33,,PC007,ORD000721
JE0000787,1,110000,D,1367.9,,PC010,ORD000255
JE0000787,2,500000,C,1367.9,,PC010,ORD000255
JE0000788,1,110000,D,689.87,,PC007,ORD002118
JE0000788,2,500000,C,689.87,,PC007,ORD002118
JE0000789,1,110000,D,818.5,,PC015,ORD002005
JE0000789,2,500000,C,818.5,,PC015,ORD002005
JE0000790,1,110000,D,928.36,,PC015,ORD001731
JE0000790,2,500000,C,928.36,,PC015,ORD001731
JE0000791,1,110000,D,498.13,,PC005,ORD000192
JE0000791,2,500000,C,498.13,,PC005,ORD000192
JE0000792,1,110000,D,678.8,,PC015,ORD001773
JE0000792,2,500000,C,678.8,,PC015,ORD001773
JE0000793,1,110000,D,372.87,,PC014,ORD001484
JE0000793,2,500000,C,372.87,,PC014,ORD001484
JE0000794,1,110000,D,2914.37,,PC003,ORD002989
JE0000794,2,500000,C,2914.37,,PC003,ORD002989
JE0000795,1,110000,D,496.83,,PC015,ORD001206
JE0000795,2,500000,C,496.83,,PC015,ORD001206
JE0000796,1,110000,D,884.11,,PC010,ORD001819
JE0000796,2,500000,C,884.11,,PC010,ORD001819
JE0000797,1,110000,D,1797.26,,PC009,ORD002951
JE0000797,2,500000,C,1797.26,,PC009,ORD002951
JE0000798,1,110000,D,212.52,,PC005,ORD002862
JE0000798,2,500000,C,212.52,,PC005,ORD002862
JE0000799,1,110000,D,884.22,,PC008,ORD001504
JE0000799,2,500000,C,884.22,,PC008,ORD001504
JE0000800,1,110000,D,493.13,,PC014,ORD001420
JE0000800,2,500000,C,493.13,,PC014,ORD001420
JE0000801,1,110000,D,2387.27,,PC010,ORD000453
JE0000801,2,500000,C,2387.27,,PC010,ORD000453
JE0000802,1,110000,D,359.27,,PC002,ORD001418
JE0000802,2,500000,C,359.27,,PC002,ORD001418
JE0000803,1,110000,D,63.38,,PC006,ORD000197
JE0000803,2,500000,C,63.38,,PC006,ORD000197
JE0000804,1,110000,D,1265.76,,PC005,ORD002918
JE0000804,2,500000,C,1265.76,,PC005,ORD002918
JE0000805,1,110000,D,183.5,,PC015,ORD002457
JE0000805,2,500000,C,183.5,,PC015,ORD002457
JE0000806,1,110000,D,27.75,,PC002,ORD000534
JE0000806,2,500000,C,27.75,,PC002,ORD000534
JE0000807,1,110000,D,2063.86,,PC013,ORD000878
JE0000807,2,500000,C,2063.86,,PC013,ORD000878
JE0000808,1,110000,D,2141.75,,PC003,ORD001037
JE0000808,2,500000,C,2141.75,,PC003,ORD001037
JE0000809,1,110000,D,208.92,,PC005,ORD000460
JE0000809,2,500000,C,208.92,,PC005,ORD000460
JE0000810,1,110000,D,1460.04,,PC006,ORD000487
JE0000810,2,500000,C,1460.04,,PC006,ORD000487
JE0000811,1,110000,D,117.56,,PC014,ORD001892
JE0000811,2,500000,C,117.56,,PC014,ORD001892
JE0000812,1,110000,D,2228.85,,PC013,ORD000681
JE0000812,2,500000,C,2228.85,,PC013,ORD000681
JE0000813,1,110000,D,702.72,,PC003,ORD002453
JE0000813,2,500000,C,702.72,,PC003,ORD002453
JE0000814,1,110000,D,1049.03,,PC007,ORD000419
JE0000814,2,500000,C,1049.03,,PC007,ORD000419
JE0000815,1,110000,D,804.37,,PC002,ORD001350
JE0000815,2,500000,C,804.37,,PC002,ORD001350
JE0000816,1,110000,D,1023.63,,PC009,ORD000877
JE0000816,2,500000,C,1023.63,,PC009,ORD000877
JE0000817,1,110000,D,1411.28,,PC011,ORD001650
JE0000817,2,500000,C,1411.28,,PC011,ORD001650
JE0000818,1,110000,D,895.35,,PC003,ORD001900
JE0000818,2,500000,C,895.35,,PC003,ORD001900
JE0000819,1,110000,D,729.46,,PC010,ORD002330
JE0000819,2,500000,C,729.46,,PC010,ORD002330
JE0000820,1,110000,D,1045.31,,PC008,ORD001709
JE0000820,2,500000,C,1045.31,,PC008,ORD001709
JE0000821,1,110000,D,1309.16,,PC004,ORD002105
JE0000821,2,500000,C,1309.16,,PC004,ORD002105
JE0000822,1,110000,D,968.24,,PC008,ORD000454
JE0000822,2,500000,C,968.24,,PC008,ORD000454
JE0000823,1,110000,D,311.0,,PC009,ORD001414
JE0000823,2,500000,C,311.0,,PC009,ORD001414
JE0000824,1,110000,D,820.59,,PC015,ORD002876
JE0000824,2,500000,C,820.59,,PC015,ORD002876
JE0000825,1,110000,D,783.32,,PC004,ORD000580
JE0000825,2,500000,C,783.32,,PC004,ORD000580
JE0000826,1,110000,D,766.41,,PC010,ORD000125
JE0000826,2,500000,C,766.41,,PC010,ORD000125
JE0000827,1,110000,D,573.96,,PC010,ORD001898
JE0000827,2,500000,C,573.96,,PC010,ORD001898
JE0000828,1,110000,D,706.55,,PC011,ORD000339
JE0000828,2,500000,C,706.55,,PC011,ORD000339
JE0000829,1,110000,D,1333.71,,PC006,ORD001416
JE0000829,2,500000,C,1333.71,,PC006,ORD001416
JE0000830,1,110000,D,865.21,,PC006,ORD002858
JE0000830,2,500000,C,865.21,,PC006,ORD002858
JE0000831,1,110000,D,613.34,,PC012,ORD000090
JE0000831,2,500000,C,613.34,,PC012,ORD000090
JE0000832,1,110000,D,557.5,,PC011,ORD000447
JE0000832,2,500000,C,557.5,,PC011,ORD000447
JE0000833,1,110000,D,267.68,,PC013,ORD002106
JE0000833,2,500000,C,267.68,,PC013,ORD002106
JE0000834,1,110000,D,274.7,,PC002,ORD001893
JE0000834,2,500000,C,274.7,,PC002,ORD001893
JE0000835,1,110000,D,356.86,,PC011,ORD001150
JE0000835,2,500000,C,356.86,,PC011,ORD001150
JE0000836,1,110000,D,273.57,,PC010,ORD001925
JE0000836,2,500000,C,273.57,,PC010,ORD001925
JE0000837,1,110000,D,713.92,,PC003,ORD001848
JE0000837,2,500000,C,713.92,,PC003,ORD001848
JE0000838,1,110000,D,806.52,,PC003,ORD001918
JE0000838,2,500000,C,806.52,,PC003,ORD001918
JE0000839,1,110000,D,873.39,,PC011,ORD000997
JE0000839,2,500000,C,873.39,,PC011,ORD000997
JE0000840,1,110000,D,306.1,,PC006,ORD000734
JE0000840,2,500000,C,306.1,,PC006,ORD000734
JE0000841,1,110000,D,288.63,,PC006,ORD000628
JE0000841,2,500000,C,288.63,,PC006,ORD000628
JE0000842,1,110000,D,804.68,,PC013,ORD002609
JE0000842,2,500000,C,804.68,,PC013,ORD002609
JE0000843,1,110000,D,907.06,,PC005,ORD002512
JE0000843,2,500000,C,907.06,,PC005,ORD002512
JE0000844,1,110000,D,2247.53,,PC014,ORD001939
JE0000844,2,500000,C,2247.53,,PC014,ORD001939
JE0000845,1,110000,D,110.01,,PC014,ORD001240
JE0000845,2,500000,C,110.01,,PC014,ORD001240
JE0000846,1,110000,D,146.01,,PC009,ORD000330
JE0000846,2,500000,C,146.01,,PC009,ORD000330
JE0000847,1,110000,D,521.44,,PC002,ORD001428
JE0000847,2,500000,C,521.44,,PC002,ORD001428
JE0000848,1,110000,D,706.2,,PC009,ORD001469
JE0000848,2,500000,C,706.2,,PC009,ORD001469
JE0000849,1,110000,D,78.76,,PC004,ORD002388
JE0000849,2,500000,C,78.76,,PC004,ORD002388
JE0000850,1,110000,D,898.58,,PC004,ORD001578
JE0000850,2,500000,C,898.58,,PC004,ORD001578
JE0000851,1,110000,D,750.86,,PC002,ORD002626
JE0000851,2,500000,C,750.86,,PC002,ORD002626
JE0000852,1,110000,D,834.49,,PC014,ORD000545
JE0000852,2,500000,C,834.49,,PC014,ORD000545
JE0000853,1,110000,D,1286.46,,PC001,ORD002693
JE0000853,2,500000,C,1286.46,,PC001,ORD002693
JE0000854,1,110000,D,310.51,,PC003,ORD002614
JE0000854,2,500000,C,310.51,,PC003,ORD002614
JE0000855,1,110000,D,1194.74,,PC013,ORD000369
JE0000855,2,500000,C,1194.74,,PC013,ORD000369
JE0000856,1,110000,D,667.57,,PC003,ORD002642
JE0000856,2,500000,C,667.57,,PC003,ORD002642
JE0000857,1,110000,D,701.93,,PC006,ORD002802
JE0000857,2,500000,C,701.93,,PC006,ORD002802
JE0000858,1,110000,D,1379.61,,PC002,ORD001222
JE0000858,2,500000,C,1379.61,,PC002,ORD001222
JE0000859,1,110000,D,866.04,,PC009,ORD002396
JE0000859,2,500000,C,866.04,,PC009,ORD002396
JE0000860,1,110000,D,416.51,,PC007,ORD002991
JE0000860,2,500000,C,416.51,,PC007,ORD002991
JE0000861,1,110000,D,536.18,,PC014,ORD000994
JE0000861,2,500000,C,536.18,,PC014,ORD000994
JE0000862,1,110000,D,788.08,,PC004,ORD000458
JE0000862,2,500000,C,788.08,,PC004,ORD000458
JE0000863,1,110000,D,395.75,,PC010,ORD002402
JE0000863,2,500000,C,395.75,,PC010,ORD002402
JE0000864,1,110000,D,475.26,,PC009,ORD001337
JE0000864,2,500000,C,475.26,,PC009,ORD001337
JE0000865,1,110000,D,686.48,,PC001,ORD001443
JE0000865,2,500000,C,686.48,,PC001,ORD001443
JE0000866,1,110000,D,1658.3,,PC010,ORD000737
JE0000866,2,500000,C,1658.3,,PC010,ORD000737
JE0000867,1,110000,D,1059.38,,PC013,ORD001564
JE0000867,2,500000,C,1059.38,,PC013,ORD001564
JE0000868,1,110000,D,777.57,,PC004,ORD002601
JE0000868,2,500000,C,777.57,,PC004,ORD002601
JE0000869,1,110000,D,369.94,,PC004,ORD002061
JE0000869,2,500000,C,369.94,,PC004,ORD002061
JE0000870,1,110000,D,397.36,,PC002,ORD002986
JE0000870,2,500000,C,397.36,,PC002,ORD002986
JE0000871,1,110000,D,1153.5,,PC006,ORD000736
JE0000871,2,500000,C,1153.5,,PC006,ORD000736
JE0000872,1,110000,D,800.02,,PC013,ORD001442
JE0000872,2,500000,C,800.02,,PC013,ORD001442
JE0000873,1,110000,D,792.51,,PC005,ORD000933
JE0000873,2,500000,C,792.51,,PC005,ORD000933
JE0000874,1,110000,D,1074.69,,PC006,ORD001021
JE0000874,2,500000,C,1074.69,,PC006,ORD001021
JE0000875,1,110000,D,859.33,,PC015,ORD001993
JE0000875,2,500000,C,859.33,,PC015,ORD001993
JE0000876,1,110000,D,1677.2,,PC010,ORD000661
JE0000876,2,500000,C,1677.2,,PC010,ORD000661
JE0000877,1,110000,D,1283.37,,PC005,ORD001033
JE0000877,2,500000,C,1283.37,,PC005,ORD001033
JE0000878,1,110000,D,654.89,,PC004,ORD000423
JE0000878,2,500000,C,654.89,,PC004,ORD000423
JE0000879,1,110000,D,808.55,,PC005,ORD002450
JE0000879,2,500000,C,808.55,,PC005,ORD002450
JE0000880,1,110000,D,121.15,,PC014,ORD002805
JE0000880,2,500000,C,121.15,,PC014,ORD002805
JE0000881,1,110000,D,145.98,,PC004,ORD001061
JE0000881,2,500000,C,145.98,,PC004,ORD001061
JE0000882,1,110000,D,1413.09,,PC008,ORD001044
JE0000882,2,500000,C,1413.09,,PC008,ORD001044
JE0000883,1,110000,D,82.25,,PC002,ORD000289
JE0000883,2,500000,C,82.25,,PC002,ORD000289
JE0000884,1,110000,D,420.79,,PC002,ORD000471
JE0000884,2,500000,C,420.79,,PC002,ORD000471
JE0000885,1,110000,D,881.6,,PC002,ORD002326
JE0000885,2,500000,C,881.6,,PC002,ORD002326
JE0000886,1,110000,D,2706.79,,PC012,ORD002174
JE0000886,2,500000,C,2706.79,,PC012,ORD002174
JE0000887,1,110000,D,451.16,,PC009,ORD001088
JE0000887,2,500000,C,451.16,,PC009,ORD001088
JE0000888,1,110000,D,577.44,,PC006,ORD001907
JE0000888,2,500000,C,577.44,,PC006,ORD001907
JE0000889,1,110000,D,1631.06,,PC005,ORD001912
JE0000889,2,500000,C,1631.06,,PC005,ORD001912
JE0000890,1,110000,D,561.0,,PC004,ORD002877
JE0000890,2,500000,C,561.0,,PC004,ORD002877
JE0000891,1,110000,D,846.76,,PC013,ORD000227
JE0000891,2,500000,C,846.76,,PC013,ORD000227
JE0000892,1,110000,D,345.97,,PC012,ORD000761
JE0000892,2,500000,C,345.97,,PC012,ORD000761
JE0000893,1,110000,D,2539.68,,PC005,ORD000577
JE0000893,2,500000,C,2539.68,,PC005,ORD000577
JE0000894,1,110000,D,215.7,,PC006,ORD000092
JE0000894,2,500000,C,215.7,,PC006,ORD000092
JE0000895,1,110000,D,768.14,,PC010,ORD000515
JE0000895,2,500000,C,768.14,,PC010,ORD000515
JE0000896,1,110000,D,890.89,,PC014,ORD002364
JE0000896,2,500000,C,890.89,,PC014,ORD002364
JE0000897,1,110000,D,544.73,,PC014,ORD000271
JE0000897,2,500000,C,544.73,,PC014,ORD000271
JE0000898,1,110000,D,606.29,,PC006,ORD000518
JE0000898,2,500000,C,606.29,,PC006,ORD000518
JE0000899,1,110000,D,747.67,,PC005,ORD002384
JE0000899,2,500000,C,747.67,,PC005,ORD002384
JE0000900,1,110000,D,190.13,,PC014,ORD002202
JE0000900,2,500000,C,190.13,,PC014,ORD002202
JE0000901,1,110000,D,754.34,,PC006,ORD001046
JE0000901,2,500000,C,754.34,,PC006,ORD001046
JE0000902,1,110000,D,463.82,,PC013,ORD002718
JE0000902,2,500000,C,463.82,,PC013,ORD002718
JE0000903,1,110000,D,178.54,,PC005,ORD002836
JE0000903,2,500000,C,178.54,,PC005,ORD002836
JE0000904,1,110000,D,820.29,,PC007,ORD002914
JE0000904,2,500000,C,820.29,,PC007,ORD002914
JE0000905,1,110000,D,159.64,,PC006,ORD000960
JE0000905,2,500000,C,159.64,,PC006,ORD000960
JE0000906,1,110000,D,801.14,,PC012,ORD001388
JE0000906,2,500000,C,801.14,,PC012,ORD001388
JE0000907,1,110000,D,1840.0,,PC010,ORD002482
JE0000907,2,500000,C,1840.0,,PC010,ORD002482
JE0000908,1,110000,D,815.52,,PC015,ORD000769
JE0000908,2,500000,C,815.52,,PC015,ORD000769
JE0000909,1,110000,D,1633.27,,PC007,ORD002371
JE0000909,2,500000,C,1633.27,,PC007,ORD002371
JE0000910,1,110000,D,1875.73,,PC008,ORD002520
JE0000910,2,500000,C,1875.73,,PC008,ORD002520
JE0000911,1,110000,D,266.71,,PC007,ORD001860
JE0000911,2,500000,C,266.71,,PC007,ORD001860
JE0000912,1,110000,D,92.05,,PC004,ORD001228
JE0000912,2,500000,C,92.05,,PC004,ORD001228
JE0000913,1,110000,D,502.93,,PC009,ORD000985
JE0000913,2,500000,C,502.93,,PC009,ORD000985
JE0000914,1,110000,D,604.01,,PC012,ORD001813
JE0000914,2,500000,C,604.01,,PC012,ORD001813
JE0000915,1,110000,D,1479.71,,PC003,ORD001402
JE0000915,2,500000,C,1479.71,,PC003,ORD001402
JE0000916,1,110000,D,2105.92,,PC009,ORD002295
JE0000916,2,500000,C,2105.92,,PC009,ORD002295
JE0000917,1,110000,D,1330.72,,PC003,ORD002871
JE0000917,2,500000,C,1330.72,,PC003,ORD002871
JE0000918,1,110000,D,798.17,,PC015,ORD000847
JE0000918,2,500000,C,798.17,,PC015,ORD000847
JE0000919,1,110000,D,1197.49,,PC015,ORD001961
JE0000919,2,500000,C,1197.49,,PC015,ORD001961
JE0000920,1,110000,D,1021.39,,PC008,ORD002900
JE0000920,2,500000,C,1021.39,,PC008,ORD002900
JE0000921,1,110000,D,664.7,,PC001,ORD001160
JE0000921,2,500000,C,664.7,,PC001,ORD001160
JE0000922,1,110000,D,474.65,,PC003,ORD001806
JE0000922,2,500000,C,474.65,,PC003,ORD001806
JE0000923,1,110000,D,95.89,,PC006,ORD000469
JE0000923,2,500000,C,95.89,,PC006,ORD000469
JE0000924,1,110000,D,635.22,,PC015,ORD002940
JE0000924,2,500000,C,635.22,,PC015,ORD002940
JE0000925,1,110000,D,141.24,,PC015,ORD000969
JE0000925,2,500000,C,141.24,,PC015,ORD000969
JE0000926,1,110000,D,147.54,,PC003,ORD001197
JE0000926,2,500000,C,147.54,,PC003,ORD001197
JE0000927,1,110000,D,550.67,,PC003,ORD001792
JE0000927,2,500000,C,550.67,,PC003,ORD001792
JE0000928,1,110000,D,1703.59,,PC004,ORD001967
JE0000928,2,500000,C,1703.59,,PC004,ORD001967
JE0000929,1,110000,D,284.89,,PC014,ORD000341
JE0000929,2,500000,C,284.89,,PC014,ORD000341
JE0000930,1,110000,D,640.69,,PC002,ORD002298
JE0000930,2,500000,C,640.69,,PC002,ORD002298
JE0000931,1,110000,D,292.97,,PC008,ORD002315
JE0000931,2,500000,C,292.97,,PC008,ORD002315
JE0000932,1,110000,D,739.8,,PC008,ORD000900
JE0000932,2,500000,C,739.8,,PC008,ORD000900
JE0000933,1,110000,D,603.57,,PC002,ORD001069
JE0000933,2,500000,C,603.57,,PC002,ORD001069
JE0000934,1,110000,D,688.91,,PC001,ORD001186
JE0000934,2,500000,C,688.91,,PC001,ORD001186
JE0000935,1,110000,D,831.94,,PC010,ORD001343
JE0000935,2,500000,C,831.94,,PC010,ORD001343
JE0000936,1,110000,D,639.91,,PC006,ORD001576
JE0000936,2,500000,C,639.91,,PC006,ORD001576
JE0000937,1,110000,D,541.86,,PC002,ORD000693
JE0000937,2,500000,C,541.86,,PC002,ORD000693
JE0000938,1,110000,D,1642.19,,PC014,ORD000588
JE0000938,2,500000,C,1642.19,,PC014,ORD000588
JE0000939,1,110000,D,938.18,,PC012,ORD002254
JE0000939,2,500000,C,938.18,,PC012,ORD002254
JE0000940,1,110000,D,79.44,,PC005,ORD000131
JE0000940,2,500000,C,79.44,,PC005,ORD000131
JE0000941,1,110000,D,684.03,,PC002,ORD002423
JE0000941,2,500000,C,684.03,,PC002,ORD002423
JE0000942,1,110000,D,776.39,,PC002,ORD001397
JE0000942,2,500000,C,776.39,,PC002,ORD001397
JE0000943,1,110000,D,804.43,,PC003,ORD000554
JE0000943,2,500000,C,804.43,,PC003,ORD000554
JE0000944,1,110000,D,436.59,,PC004,ORD002323
JE0000944,2,500000,C,436.59,,PC004,ORD002323
JE0000945,1,110000,D,1230.36,,PC002,ORD000656
JE0000945,2,500000,C,1230.36,,PC002,ORD000656
JE0000946,1,110000,D,865.06,,PC012,ORD000445
JE0000946,2,500000,C,865.06,,PC012,ORD000445
JE0000947,1,110000,D,931.7,,PC002,ORD002650
JE0000947,2,500000,C,931.7,,PC002,ORD002650
JE0000948,1,110000,D,183.11,,PC011,ORD001483
JE0000948,2,500000,C,183.11,,PC011,ORD001483
JE0000949,1,110000,D,1537.61,,PC015,ORD000094
JE0000949,2,500000,C,1537.61,,PC015,ORD000094
JE0000950,1,110000,D,346.24,,PC007,ORD001157
JE0000950,2,500000,C,346.24,,PC007,ORD001157
JE0000951,1,110000,D,1373.62,,PC013,ORD000768
JE0000951,2,500000,C,1373.62,,PC013,ORD000768
JE0000952,1,110000,D,1126.7,,PC013,ORD001386
JE0000952,2,500000,C,1126.7,,PC013,ORD001386
JE0000953,1,110000,D,1625.75,,PC012,ORD002937
JE0000953,2,500000,C,1625.75,,PC012,ORD002937
JE0000954,1,110000,D,273.03,,PC010,ORD000134
JE0000954,2,500000,C,273.03,,PC010,ORD000134
JE0000955,1,110000,D,259.11,,PC002,ORD002931
JE0000955,2,500000,C,259.11,,PC002,ORD002931
JE0000956,1,110000,D,215.51,,PC013,ORD001051
JE0000956,2,500000,C,215.51,,PC013,ORD001051
JE0000957,1,110000,D,128.69,,PC015,ORD001721
JE0000957,2,500000,C,128.69,,PC015,ORD001721
JE0000958,1,110000,D,1158.39,,PC014,ORD002854
JE0000958,2,500000,C,1158.39,,PC014,ORD002854
JE0000959,1,110000,D,2465.43,,PC015,ORD001566
JE0000959,2,500000,C,2465.43,,PC015,ORD001566
JE0000960,1,110000,D,424.25,,PC010,ORD000859
JE0000960,2,500000,C,424.25,,PC010,ORD000859
JE0000961,1,110000,D,538.84,,PC007,ORD000552
JE0000961,2,500000,C,538.84,,PC007,ORD000552
JE0000962,1,110000,D,827.62,,PC012,ORD001543
JE0000962,2,500000,C,827.62,,PC012,ORD001543
JE0000963,1,110000,D,959.67,,PC005,ORD002376
JE0000963,2,500000,C,959.67,,PC005,ORD002376
JE0000964,1,110000,D,1327.87,,PC004,ORD002302
JE0000964,2,500000,C,1327.87,,PC004,ORD002302
JE0000965,1,110000,D,708.12,,PC002,ORD001490
JE0000965,2,500000,C,708.12,,PC002,ORD001490
JE0000966,1,110000,D,648.61,,PC011,ORD000609
JE0000966,2,500000,C,648.61,,PC011,ORD000609
JE0000967,1,110000,D,911.44,,PC011,ORD000349
JE0000967,2,500000,C,911.44,,PC011,ORD000349
JE0000968,1,110000,D,222.53,,PC009,ORD002297
JE0000968,2,500000,C,222.53,,PC009,ORD002297
JE0000969,1,110000,D,632.11,,PC006,ORD001700
JE0000969,2,500000,C,632.11,,PC006,ORD001700
JE0000970,1,110000,D,547.44,,PC010,ORD001622
JE0000970,2,500000,C,547.44,,PC010,ORD001622
JE0000971,1,110000,D,608.85,,PC007,ORD000613
JE0000971,2,500000,C,608.85,,PC007,ORD000613
JE0000972,1,110000,D,945.19,,PC013,ORD002488
JE0000972,2,500000,C,945.19,,PC013,ORD002488
JE0000973,1,110000,D,1046.46,,PC006,ORD001833
JE0000973,2,500000,C,1046.46,,PC006,ORD001833
JE0000974,1,110000,D,341.93,,PC014,ORD001717
JE0000974,2,500000,C,341.93,,PC014,ORD001717
JE0000975,1,110000,D,593.74,,PC005,ORD000710
JE0000975,2,500000,C,593.74,,PC005,ORD000710
JE0000976,1,110000,D,1604.43,,PC009,ORD000573
JE0000976,2,500000,C,1604.43,,PC009,ORD000573
JE0000977,1,110000,D,828.08,,PC014,ORD002869
JE0000977,2,500000,C,828.08,,PC014,ORD002869
JE0000978,1,110000,D,948.84,,PC008,ORD000744
JE0000978,2,500000,C,948.84,,PC008,ORD000744
JE0000979,1,110000,D,2813.78,,PC003,ORD000704
JE0000979,2,500000,C,2813.78,,PC003,ORD000704
JE0000980,1,110000,D,1539.69,,PC001,ORD000925
JE0000980,2,500000,C,1539.69,,PC001,ORD000925
JE0000981,1,110000,D,368.76,,PC015,ORD000183
JE0000981,2,500000,C,368.76,,PC015,ORD000183
JE0000982,1,110000,D,333.54,,PC011,ORD002788
JE0000982,2,500000,C,333.54,,PC011,ORD002788
JE0000983,1,110000,D,910.5,,PC014,ORD000243
JE0000983,2,500000,C,910.5,,PC014,ORD000243
JE0000984,1,110000,D,159.34,,PC001,ORD002807
JE0000984,2,500000,C,159.34,,PC001,ORD002807
JE0000985,1,110000,D,1123.73,,PC010,ORD000371
JE0000985,2,500000,C,1123.73,,PC010,ORD000371
JE0000986,1,110000,D,694.24,,PC015,ORD002076
JE0000986,2,500000,C,694.24,,PC015,ORD002076
JE0000987,1,110000,D,273.06,,PC011,ORD000441
JE0000987,2,500000,C,273.06,,PC011,ORD000441
JE0000988,1,110000,D,658.26,,PC006,ORD000654
JE0000988,2,500000,C,658.26,,PC006,ORD000654
JE0000989,1,110000,D,97.13,,PC007,ORD002709
JE0000989,2,500000,C,97.13,,PC007,ORD002709
JE0000990,1,110000,D,334.89,,PC003,ORD000709
JE0000990,2,500000,C,334.89,,PC003,ORD000709
JE0000991,1,110000,D,768.4,,PC001,ORD001383
JE0000991,2,500000,C,768.4,,PC001,ORD001383
JE0000992,1,110000,D,493.95,,PC003,ORD000024
JE0000992,2,500000,C,493.95,,PC003,ORD000024
JE0000993,1,110000,D,283.25,,PC001,ORD002141
JE0000993,2,500000,C,283.25,,PC001,ORD002141
JE0000994,1,110000,D,684.65,,PC014,ORD001118
JE0000994,2,500000,C,684.65,,PC014,ORD001118
JE0000995,1,110000,D,940.22,,PC005,ORD000934
JE0000995,2,500000,C,940.22,,PC005,ORD000934
JE0000996,1,110000,D,1829.54,,PC014,ORD000858
JE0000996,2,500000,C,1829.54,,PC014,ORD000858
JE0000997,1,110000,D,1299.54,,PC010,ORD001227
JE0000997,2,500000,C,1299.54,,PC010,ORD001227
JE0000998,1,110000,D,933.46,,PC003,ORD000509
JE0000998,2,500000,C,933.46,,PC003,ORD000509
JE0000999,1,110000,D,138.89,,PC015,ORD001003
JE0000999,2,500000,C,138.89,,PC015,ORD001003
JE0001000,1,110000,D,815.57,,PC003,ORD002274
JE0001000,2,500000,C,815.57,,PC003,ORD002274
JE0001001,1,110000,D,831.67,,PC001,ORD002723
JE0001001,2,500000,C,831.67,,PC001,ORD002723
JE0001002,1,110000,D,529.34,,PC009,ORD002300
JE0001002,2,500000,C,529.34,,PC009,ORD002300
JE0001003,1,110000,D,330.95,,PC011,ORD002470
JE0001003,2,500000,C,330.95,,PC011,ORD002470
JE0001004,1,110000,D,788.9,,PC015,ORD002909
JE0001004,2,500000,C,788.9,,PC015,ORD002909
JE0001005,1,110000,D,1943.88,,PC005,ORD002999
JE0001005,2,500000,C,1943.88,,PC005,ORD002999
JE0001006,1,110000,D,1460.04,,PC001,ORD002392
JE0001006,2,500000,C,1460.04,,PC001,ORD002392
JE0001007,1,110000,D,1173.24,,PC012,ORD002131
JE0001007,2,500000,C,1173.24,,PC012,ORD002131
JE0001008,1,110000,D,953.47,,PC001,ORD001782
JE0001008,2,500000,C,953.47,,PC001,ORD001782
JE0001009,1,110000,D,933.01,,PC003,ORD002009
JE0001009,2,500000,C,933.01,,PC003,ORD002009
JE0001010,1,110000,D,447.85,,PC012,ORD002032
JE0001010,2,500000,C,447.85,,PC012,ORD002032
JE0001011,1,110000,D,227.58,,PC013,ORD000765
JE0001011,2,500000,C,227.58,,PC013,ORD000765
JE0001012,1,110000,D,1084.07,,PC011,ORD001669
JE0001012,2,500000,C,1084.07,,PC011,ORD001669
JE0001013,1,110000,D,945.24,,PC007,ORD000486
JE0001013,2,500000,C,945.24,,PC007,ORD000486
JE0001014,1,110000,D,267.72,,PC005,ORD000237
JE0001014,2,500000,C,267.72,,PC005,ORD000237
JE0001015,1,110000,D,1995.1,,PC014,ORD001211
JE0001015,2,500000,C,1995.1,,PC014,ORD001211
JE0001016,1,110000,D,1950.0,,PC009,ORD002349
JE0001016,2,500000,C,1950.0,,PC009,ORD002349
JE0001017,1,110000,D,931.7,,PC009,ORD001071
JE0001017,2,500000,C,931.7,,PC009,ORD001071
JE0001018,1,110000,D,108.74,,PC009,ORD000713
JE0001018,2,500000,C,108.74,,PC009,ORD000713
JE0001019,1,110000,D,457.38,,PC011,ORD002461
JE0001019,2,500000,C,457.38,,PC011,ORD002461
JE0001020,1,110000,D,1822.49,,PC003,ORD000646
JE0001020,2,500000,C,1822.49,,PC003,ORD000646
JE0001021,1,110000,D,60.91,,PC004,ORD002932
JE0001021,2,500000,C,60.91,,PC004,ORD002932
JE0001022,1,110000,D,683.57,,PC007,ORD002906
JE0001022,2,500000,C,683.57,,PC007,ORD002906
JE0001023,1,110000,D,725.55,,PC007,ORD001458
JE0001023,2,500000,C,725.55,,PC007,ORD001458
JE0001024,1,110000,D,611.33,,PC014,ORD001692
JE0001024,2,500000,C,611.33,,PC014,ORD001692
JE0001025,1,110000,D,1449.87,,PC011,ORD000616
JE0001025,2,500000,C,1449.87,,PC011,ORD000616
JE0001026,1,110000,D,1456.3,,PC011,ORD000671
JE0001026,2,500000,C,1456.3,,PC011,ORD000671
JE0001027,1,110000,D,849.46,,PC011,ORD002671
JE0001027,2,500000,C,849.46,,PC011,ORD002671
JE0001028,1,110000,D,428.55,,PC001,ORD002791
JE0001028,2,500000,C,428.55,,PC001,ORD002791
JE0001029,1,110000,D,458.03,,PC014,ORD002185
JE0001029,2,500000,C,458.03,,PC014,ORD002185
JE0001030,1,110000,D,437.01,,PC010,ORD000901
JE0001030,2,500000,C,437.01,,PC010,ORD000901
JE0001031,1,110000,D,1542.79,,PC002,ORD002789
JE0001031,2,500000,C,1542.79,,PC002,ORD002789
JE0001032,1,110000,D,215.01,,PC004,ORD000986
JE0001032,2,500000,C,215.01,,PC004,ORD000986
JE0001033,1,110000,D,553.0,,PC003,ORD002110
JE0001033,2,500000,C,553.0,,PC003,ORD002110
JE0001034,1,110000,D,365.14,,PC003,ORD001392
JE0001034,2,500000,C,365.14,,PC003,ORD001392
JE0001035,1,110000,D,697.87,,PC008,ORD002969
JE0001035,2,500000,C,697.87,,PC008,ORD002969
JE0001036,1,110000,D,449.85,,PC009,ORD000207
JE0001036,2,500000,C,449.85,,PC009,ORD000207
JE0001037,1,110000,D,948.81,,PC008,ORD002313
JE0001037,2,500000,C,948.81,,PC008,ORD002313
JE0001038,1,110000,D,1450.39,,PC001,ORD000031
JE0001038,2,500000,C,1450.39,,PC001,ORD000031
JE0001039,1,110000,D,658.03,,PC004,ORD000259
JE0001039,2,500000,C,658.03,,PC004,ORD000259
JE0001040,1,110000,D,1032.9,,PC015,ORD001265
JE0001040,2,500000,C,1032.9,,PC015,ORD001265
JE0001041,1,110000,D,398.91,,PC013,ORD000174
JE0001041,2,500000,C,398.91,,PC013,ORD000174
JE0001042,1,110000,D,470.18,,PC014,ORD001283
JE0001042,2,500000,C,470.18,,PC014,ORD001283
JE0001043,1,110000,D,1601.34,,PC001,ORD001292
JE0001043,2,500000,C,1601.34,,PC001,ORD001292
JE0001044,1,110000,D,1231.35,,PC001,ORD000860
JE0001044,2,500000,C,1231.35,,PC001,ORD000860
JE0001045,1,110000,D,1307.48,,PC006,ORD001170
JE0001045,2,500000,C,1307.48,,PC006,ORD001170
JE0001046,1,110000,D,468.42,,PC011,ORD001618
JE0001046,2,500000,C,468.42,,PC011,ORD001618
JE0001047,1,110000,D,1008.69,,PC013,ORD000444
JE0001047,2,500000,C,1008.69,,PC013,ORD000444
JE0001048,1,110000,D,988.29,,PC003,ORD002698
JE0001048,2,500000,C,988.29,,PC003,ORD002698
JE0001049,1,110000,D,820.42,,PC015,ORD000808
JE0001049,2,500000,C,820.42,,PC015,ORD000808
JE0001050,1,110000,D,291.5,,PC006,ORD001180
JE0001050,2,500000,C,291.5,,PC006,ORD001180
JE0001051,1,110000,D,866.36,,PC012,ORD001016
JE0001051,2,500000,C,866.36,,PC012,ORD001016
JE0001052,1,110000,D,143.82,,PC008,ORD002774
JE0001052,2,500000,C,143.82,,PC008,ORD002774
JE0001053,1,110000,D,383.18,,PC014,ORD000494
JE0001053,2,500000,C,383.18,,PC014,ORD000494
JE0001054,1,110000,D,959.3,,PC002,ORD001195
JE0001054,2,500000,C,959.3,,PC002,ORD001195
JE0001055,1,110000,D,1988.93,,PC002,ORD001931
JE0001055,2,500000,C,1988.93,,PC002,ORD001931
JE0001056,1,110000,D,1272.16,,PC012,ORD001857
JE0001056,2,500000,C,1272.16,,PC012,ORD001857
JE0001057,1,110000,D,165.51,,PC011,ORD002410
JE0001057,2,500000,C,165.51,,PC011,ORD002410
JE0001058,1,110000,D,641.99,,PC010,ORD001467
JE0001058,2,500000,C,641.99,,PC010,ORD001467
JE0001059,1,110000,D,537.71,,PC012,ORD001216
JE0001059,2,500000,C,537.71,,PC012,ORD001216
JE0001060,1,110000,D,681.29,,PC003,ORD001309
JE0001060,2,500000,C,681.29,,PC003,ORD001309
JE0001061,1,110000,D,845.53,,PC012,ORD000973
JE0001061,2,500000,C,845.53,,PC012,ORD000973
JE0001062,1,110000,D,147.25,,PC002,ORD001766
JE0001062,2,500000,C,147.25,,PC002,ORD001766
JE0001063,1,110000,D,655.22,,PC010,ORD000442
JE0001063,2,500000,C,655.22,,PC010,ORD000442
JE0001064,1,110000,D,118.72,,PC014,ORD001659
JE0001064,2,500000,C,118.72,,PC014,ORD001659
JE0001065,1,110000,D,1038.18,,PC007,ORD001444
JE0001065,2,500000,C,1038.18,,PC007,ORD001444
JE0001066,1,110000,D,833.95,,PC005,ORD000690
JE0001066,2,500000,C,833.95,,PC005,ORD000690
JE0001067,1,110000,D,834.68,,PC014,ORD000764
JE0001067,2,500000,C,834.68,,PC014,ORD000764
JE0001068,1,110000,D,471.1,,PC001,ORD001272
JE0001068,2,500000,C,471.1,,PC001,ORD001272
JE0001069,1,110000,D,198.57,,PC012,ORD002522
JE0001069,2,500000,C,198.57,,PC012,ORD002522
JE0001070,1,110000,D,2074.54,,PC001,ORD002444
JE0001070,2,500000,C,2074.54,,PC001,ORD002444
JE0001071,1,110000,D,1027.27,,PC004,ORD001133
JE0001071,2,500000,C,1027.27,,PC004,ORD001133
JE0001072,1,110000,D,170.0,,PC004,ORD000017
JE0001072,2,500000,C,170.0,,PC004,ORD000017
JE0001073,1,110000,D,1036.54,,PC001,ORD001232
JE0001073,2,500000,C,1036.54,,PC001,ORD001232
JE0001074,1,110000,D,1744.64,,PC010,ORD001439
JE0001074,2,500000,C,1744.64,,PC010,ORD001439
JE0001075,1,110000,D,1007.84,,PC009,ORD001660
JE0001075,2,500000,C,1007.84,,PC009,ORD001660
JE0001076,1,110000,D,581.02,,PC004,ORD002069
JE0001076,2,500000,C,581.02,,PC004,ORD002069
JE0001077,1,110000,D,1023.05,,PC002,ORD001247
JE0001077,2,500000,C,1023.05,,PC002,ORD001247
JE0001078,1,110000,D,791.11,,PC003,ORD001906
JE0001078,2,500000,C,791.11,,PC003,ORD001906
JE0001079,1,110000,D,1399.23,,PC015,ORD002257
JE0001079,2,500000,C,1399.23,,PC015,ORD002257
JE0001080,1,110000,D,131.87,,PC006,ORD002934
JE0001080,2,500000,C,131.87,,PC006,ORD002934
JE0001081,1,110000,D,687.56,,PC006,ORD001115
JE0001081,2,500000,C,687.56,,PC006,ORD001115
JE0001082,1,110000,D,935.83,,PC003,ORD000615
JE0001082,2,500000,C,935.83,,PC003,ORD000615
JE0001083,1,110000,D,305.55,,PC015,ORD002125
JE0001083,2,500000,C,305.55,,PC015,ORD002125
JE0001084,1,110000,D,1670.87,,PC008,ORD000422
JE0001084,2,500000,C,1670.87,,PC008,ORD000422
JE0001085,1,110000,D,328.57,,PC011,ORD001788
JE0001085,2,500000,C,328.57,,PC011,ORD001788
JE0001086,1,110000,D,1082.45,,PC015,ORD000918
JE0001086,2,500000,C,1082.45,,PC015,ORD000918
JE0001087,1,110000,D,351.16,,PC006,ORD000586
JE0001087,2,500000,C,351.16,,PC006,ORD000586
JE0001088,1,110000,D,178.31,,PC013,ORD001144
JE0001088,2,500000,C,178.31,,PC013,ORD001144
JE0001089,1,110000,D,776.19,,PC010,ORD002663
JE0001089,2,500000,C,776.19,,PC010,ORD002663
JE0001090,1,110000,D,140.41,,PC011,ORD002745
JE0001090,2,500000,C,140.41,,PC011,ORD002745
JE0001091,1,110000,D,203.68,,PC010,ORD000077
JE0001091,2,500000,C,203.68,,PC010,ORD000077
JE0001092,1,110000,D,629.58,,PC006,ORD000191
JE0001092,2,500000,C,629.58,,PC006,ORD000191
JE0001093,1,110000,D,1125.34,,PC015,ORD001234
JE0001093,2,500000,C,1125.34,,PC015,ORD001234
JE0001094,1,110000,D,203.51,,PC012,ORD002165
JE0001094,2,500000,C,203.51,,PC012,ORD002165
JE0001095,1,110000,D,662.48,,PC014,ORD002007
JE0001095,2,500000,C,662.48,,PC014,ORD002007
JE0001096,1,110000,D,466.99,,PC012,ORD001345
JE0001096,2,500000,C,466.99,,PC012,ORD001345
JE0001097,1,110000,D,218.51,,PC004,ORD002167
JE0001097,2,500000,C,218.51,,PC004,ORD002167
JE0001098,1,110000,D,245.74,,PC002,ORD001549
JE0001098,2,500000,C,245.74,,PC002,ORD001549
JE0001099,1,110000,D,174.98,,PC005,ORD000002
JE0001099,2,500000,C,174.98,,PC005,ORD000002
JE0001100,1,110000,D,260.36,,PC007,ORD000640
JE0001100,2,500000,C,260.36,,PC007,ORD000640
JE0001101,1,110000,D,818.36,,PC014,ORD000376
JE0001101,2,500000,C,818.36,,PC014,ORD000376
JE0001102,1,110000,D,903.62,,PC008,ORD001697
JE0001102,2,500000,C,903.62,,PC008,ORD001697
JE0001103,1,110000,D,1667.02,,PC005,ORD002479
JE0001103,2,500000,C,1667.02,,PC005,ORD002479
JE0001104,1,110000,D,1621.66,,PC004,ORD001936
JE0001104,2,500000,C,1621.66,,PC004,ORD001936
JE0001105,1,110000,D,883.92,,PC006,ORD002478
JE0001105,2,500000,C,883.92,,PC006,ORD002478
JE0001106,1,110000,D,1550.34,,PC014,ORD000746
JE0001106,2,500000,C,1550.34,,PC014,ORD000746
JE0001107,1,110000,D,838.73,,PC005,ORD002666
JE0001107,2,500000,C,838.73,,PC005,ORD002666
JE0001108,1,110000,D,795.39,,PC013,ORD000643
JE0001108,2,500000,C,795.39,,PC013,ORD000643
JE0001109,1,110000,D,1288.5,,PC004,ORD000190
JE0001109,2,500000,C,1288.5,,PC004,ORD000190
JE0001110,1,110000,D,757.76,,PC001,ORD002109
JE0001110,2,500000,C,757.76,,PC001,ORD002109
JE0001111,1,110000,D,361.88,,PC004,ORD002309
JE0001111,2,500000,C,361.88,,PC004,ORD002309
JE0001112,1,110000,D,926.42,,PC003,ORD000012
JE0001112,2,500000,C,926.42,,PC003,ORD000012
JE0001113,1,110000,D,236.07,,PC005,ORD000354
JE0001113,2,500000,C,236.07,,PC005,ORD000354
JE0001114,1,110000,D,89.86,,PC015,ORD002622
JE0001114,2,500000,C,89.86,,PC015,ORD002622
JE0001115,1,110000,D,1360.54,,PC015,ORD002529
JE0001115,2,500000,C,1360.54,,PC015,ORD002529
JE0001116,1,110000,D,705.62,,PC005,ORD001360
JE0001116,2,500000,C,705.62,,PC005,ORD001360
JE0001117,1,110000,D,621.78,,PC004,ORD000201
JE0001117,2,500000,C,621.78,,PC004,ORD000201
JE0001118,1,110000,D,590.99,,PC001,ORD001611
JE0001118,2,500000,C,590.99,,PC001,ORD001611
JE0001119,1,110000,D,283.0,,PC015,ORD001686
JE0001119,2,500000,C,283.0,,PC015,ORD001686
JE0001120,1,110000,D,1285.76,,PC011,ORD002667
JE0001120,2,500000,C,1285.76,,PC011,ORD002667
JE0001121,1,110000,D,1252.23,,PC008,ORD000448
JE0001121,2,500000,C,1252.23,,PC008,ORD000448
JE0001122,1,110000,D,1442.17,,PC005,ORD002014
JE0001122,2,500000,C,1442.17,,PC005,ORD002014
JE0001123,1,110000,D,358.88,,PC005,ORD001934
JE0001123,2,500000,C,358.88,,PC005,ORD001934
JE0001124,1,110000,D,1382.85,,PC015,ORD001514
JE0001124,2,500000,C,1382.85,,PC015,ORD001514
JE0001125,1,110000,D,255.03,,PC005,ORD001988
JE0001125,2,500000,C,255.03,,PC005,ORD001988
JE0001126,1,110000,D,1368.42,,PC009,ORD000882
JE0001126,2,500000,C,1368.42,,PC009,ORD000882
JE0001127,1,110000,D,2368.53,,PC005,ORD001190
JE0001127,2,500000,C,2368.53,,PC005,ORD001190
JE0001128,1,110000,D,588.76,,PC003,ORD001059
JE0001128,2,500000,C,588.76,,PC003,ORD001059
JE0001129,1,110000,D,887.2,,PC003,ORD001762
JE0001129,2,500000,C,887.2,,PC003,ORD001762
JE0001130,1,110000,D,230.33,,PC007,ORD002980
JE0001130,2,500000,C,230.33,,PC007,ORD002980
JE0001131,1,110000,D,642.37,,PC009,ORD000116
JE0001131,2,500000,C,642.37,,PC009,ORD000116
JE0001132,1,110000,D,1695.25,,PC013,ORD001385
JE0001132,2,500000,C,1695.25,,PC013,ORD001385
JE0001133,1,110000,D,830.3,,PC010,ORD001926
JE0001133,2,500000,C,830.3,,PC010,ORD001926
JE0001134,1,110000,D,660.0,,PC013,ORD001867
JE0001134,2,500000,C,660.0,,PC013,ORD001867
JE0001135,1,110000,D,1755.51,,PC007,ORD000407
JE0001135,2,500000,C,1755.51,,PC007,ORD000407
JE0001136,1,110000,D,784.19,,PC011,ORD002995
JE0001136,2,500000,C,784.19,,PC011,ORD002995
JE0001137,1,110000,D,804.26,,PC009,ORD001366
JE0001137,2,500000,C,804.26,,PC009,ORD001366
JE0001138,1,110000,D,590.43,,PC010,ORD001028
JE0001138,2,500000,C,590.43,,PC010,ORD001028
JE0001139,1,110000,D,571.53,,PC005,ORD002840
JE0001139,2,500000,C,571.53,,PC005,ORD002840
JE0001140,1,110000,D,197.82,,PC014,ORD002102
JE0001140,2,500000,C,197.82,,PC014,ORD002102
JE0001141,1,110000,D,1745.09,,PC006,ORD001945
JE0001141,2,500000,C,1745.09,,PC006,ORD001945
JE0001142,1,110000,D,1416.19,,PC010,ORD001502
JE0001142,2,500000,C,1416.19,,PC010,ORD001502
JE0001143,1,110000,D,822.42,,PC007,ORD002889
JE0001143,2,500000,C,822.42,,PC007,ORD002889
JE0001144,1,110000,D,1543.19,,PC009,ORD001625
JE0001144,2,500000,C,1543.19,,PC009,ORD001625
JE0001145,1,110000,D,1388.35,,PC011,ORD002464
JE0001145,2,500000,C,1388.35,,PC011,ORD002464
JE0001146,1,110000,D,1532.87,,PC014,ORD002316
JE0001146,2,500000,C,1532.87,,PC014,ORD002316
JE0001147,1,110000,D,472.7,,PC011,ORD001933
JE0001147,2,500000,C,472.7,,PC011,ORD001933
JE0001148,1,110000,D,288.44,,PC007,ORD000326
JE0001148,2,500000,C,288.44,,PC007,ORD000326
JE0001149,1,110000,D,1376.0,,PC011,ORD000941
JE0001149,2,500000,C,1376.0,,PC011,ORD000941
JE0001150,1,110000,D,1475.84,,PC001,ORD001298
JE0001150,2,500000,C,1475.84,,PC001,ORD001298
JE0001151,1,110000,D,920.58,,PC005,ORD002643
JE0001151,2,500000,C,920.58,,PC005,ORD002643
JE0001152,1,110000,D,1856.47,,PC001,ORD001095
JE0001152,2,500000,C,1856.47,,PC001,ORD001095
JE0001153,1,110000,D,618.76,,PC005,ORD002471
JE0001153,2,500000,C,618.76,,PC005,ORD002471
JE0001154,1,110000,D,662.3,,PC002,ORD001805
JE0001154,2,500000,C,662.3,,PC002,ORD001805
JE0001155,1,110000,D,718.09,,PC006,ORD000853
JE0001155,2,500000,C,718.09,,PC006,ORD000853
JE0001156,1,110000,D,837.94,,PC004,ORD001920
JE0001156,2,500000,C,837.94,,PC004,ORD001920
JE0001157,1,110000,D,730.86,,PC002,ORD001103
JE0001157,2,500000,C,730.86,,PC002,ORD001103
JE0001158,1,110000,D,1394.74,,PC009,ORD000779
JE0001158,2,500000,C,1394.74,,PC009,ORD000779
JE0001159,1,110000,D,411.46,,PC013,ORD001130
JE0001159,2,500000,C,411.46,,PC013,ORD001130
JE0001160,1,110000,D,938.95,,PC008,ORD002725
JE0001160,2,500000,C,938.95,,PC008,ORD002725
JE0001161,1,110000,D,350.71,,PC013,ORD002569
JE0001161,2,500000,C,350.71,,PC013,ORD002569
JE0001162,1,110000,D,273.31,,PC009,ORD002089
JE0001162,2,500000,C,273.31,,PC009,ORD002089
JE0001163,1,110000,D,647.96,,PC010,ORD000141
JE0001163,2,500000,C,647.96,,PC010,ORD000141
JE0001164,1,110000,D,698.02,,PC008,ORD002239
JE0001164,2,500000,C,698.02,,PC008,ORD002239
JE0001165,1,110000,D,815.63,,PC005,ORD001749
JE0001165,2,500000,C,815.63,,PC005,ORD001749
JE0001166,1,110000,D,211.2,,PC006,ORD000390
JE0001166,2,500000,C,211.2,,PC006,ORD000390
JE0001167,1,110000,D,1226.83,,PC012,ORD000821
JE0001167,2,500000,C,1226.83,,PC012,ORD000821
JE0001168,1,110000,D,797.17,,PC005,ORD002612
JE0001168,2,500000,C,797.17,,PC005,ORD002612
JE0001169,1,110000,D,564.48,,PC004,ORD000698
JE0001169,2,500000,C,564.48,,PC004,ORD000698
JE0001170,1,110000,D,951.14,,PC010,ORD002846
JE0001170,2,500000,C,951.14,,PC010,ORD002846
JE0001171,1,110000,D,764.41,,PC010,ORD001209
JE0001171,2,500000,C,764.41,,PC010,ORD001209
JE0001172,1,110000,D,777.67,,PC009,ORD000485
JE0001172,2,500000,C,777.67,,PC009,ORD000485
JE0001173,1,110000,D,859.55,,PC012,ORD001137
JE0001173,2,500000,C,859.55,,PC012,ORD001137
JE0001174,1,110000,D,97.48,,PC008,ORD001736
JE0001174,2,500000,C,97.48,,PC008,ORD001736
JE0001175,1,110000,D,921.17,,PC006,ORD002036
JE0001175,2,500000,C,921.17,,PC006,ORD002036
JE0001176,1,110000,D,180.9,,PC003,ORD001331
JE0001176,2,500000,C,180.9,,PC003,ORD001331
JE0001177,1,110000,D,77.3,,PC011,ORD002985
JE0001177,2,500000,C,77.3,,PC011,ORD002985
JE0001178,1,110000,D,830.68,,PC006,ORD002439
JE0001178,2,500000,C,830.68,,PC006,ORD002439
JE0001179,1,110000,D,1836.18,,PC013,ORD002344
JE0001179,2,500000,C,1836.18,,PC013,ORD002344
JE0001180,1,110000,D,718.38,,PC011,ORD001606
JE0001180,2,500000,C,718.38,,PC011,ORD001606
JE0001181,1,110000,D,565.76,,PC012,ORD000025
JE0001181,2,500000,C,565.76,,PC012,ORD000025
JE0001182,1,110000,D,857.72,,PC001,ORD001356
JE0001182,2,500000,C,857.72,,PC001,ORD001356
JE0001183,1,110000,D,463.07,,PC012,ORD000102
JE0001183,2,500000,C,463.07,,PC012,ORD000102
JE0001184,1,110000,D,2006.52,,PC015,ORD000629
JE0001184,2,500000,C,2006.52,,PC015,ORD000629
JE0001185,1,110000,D,332.9,,PC011,ORD001730
JE0001185,2,500000,C,332.9,,PC011,ORD001730
JE0001186,1,110000,D,801.68,,PC003,ORD000993
JE0001186,2,500000,C,801.68,,PC003,ORD000993
JE0001187,1,110000,D,354.51,,PC013,ORD002719
JE0001187,2,500000,C,354.51,,PC013,ORD002719
JE0001188,1,110000,D,1388.5,,PC002,ORD002407
JE0001188,2,500000,C,1388.5,,PC002,ORD002407
JE0001189,1,110000,D,1398.57,,PC015,ORD000009
JE0001189,2,500000,C,1398.57,,PC015,ORD000009
JE0001190,1,110000,D,904.43,,PC003,ORD001067
JE0001190,2,500000,C,904.43,,PC003,ORD001067
JE0001191,1,110000,D,328.59,,PC015,ORD000364
JE0001191,2,500000,C,328.59,,PC015,ORD000364
JE0001192,1,110000,D,817.16,,PC010,ORD002887
JE0001192,2,500000,C,817.16,,PC010,ORD002887
JE0001193,1,110000,D,365.18,,PC015,ORD001014
JE0001193,2,500000,C,365.18,,PC015,ORD001014
JE0001194,1,110000,D,411.18,,PC014,ORD000401
JE0001194,2,500000,C,411.18,,PC014,ORD000401
JE0001195,1,110000,D,951.75,,PC006,ORD002197
JE0001195,2,500000,C,951.75,,PC006,ORD002197
JE0001196,1,110000,D,529.6,,PC010,ORD002865
JE0001196,2,500000,C,529.6,,PC010,ORD002865
JE0001197,1,110000,D,765.29,,PC007,ORD002054
JE0001197,2,500000,C,765.29,,PC007,ORD002054
JE0001198,1,110000,D,581.3,,PC012,ORD000039
JE0001198,2,500000,C,581.3,,PC012,ORD000039
JE0001199,1,110000,D,1468.88,,PC013,ORD002112
JE0001199,2,500000,C,1468.88,,PC013,ORD002112
JE0001200,1,110000,D,858.23,,PC007,ORD000865
JE0001200,2,500000,C,858.23,,PC007,ORD000865
JE0001201,1,110000,D,2076.23,,PC003,ORD000346
JE0001201,2,500000,C,2076.23,,PC003,ORD000346
JE0001202,1,110000,D,439.75,,PC015,ORD002115
JE0001202,2,500000,C,439.75,,PC015,ORD002115
JE0001203,1,110000,D,643.94,,PC012,ORD000386
JE0001203,2,500000,C,643.94,,PC012,ORD000386
JE0001204,1,110000,D,287.53,,PC006,ORD002868
JE0001204,2,500000,C,287.53,,PC006,ORD002868
JE0001205,1,110000,D,807.17,,PC002,ORD000788
JE0001205,2,500000,C,807.17,,PC002,ORD000788
JE0001206,1,110000,D,1211.96,,PC010,ORD000208
JE0001206,2,500000,C,1211.96,,PC010,ORD000208
JE0001207,1,110000,D,511.95,,PC003,ORD001054
JE0001207,2,500000,C,511.95,,PC003,ORD001054
JE0001208,1,110000,D,1595.48,,PC013,ORD002101
JE0001208,2,500000,C,1595.48,,PC013,ORD002101
JE0001209,1,110000,D,459.06,,PC013,ORD001737
JE0001209,2,500000,C,459.06,,PC013,ORD001737
JE0001210,1,110000,D,625.35,,PC014,ORD001335
JE0001210,2,500000,C,625.35,,PC014,ORD001335
JE0001211,1,110000,D,459.96,,PC001,ORD000049
JE0001211,2,500000,C,459.96,,PC001,ORD000049
JE0001212,1,110000,D,564.28,,PC007,ORD002019
JE0001212,2,500000,C,564.28,,PC007,ORD002019
JE0001213,1,110000,D,2192.99,,PC001,ORD000670
JE0001213,2,500000,C,2192.99,,PC001,ORD000670
JE0001214,1,110000,D,1421.42,,PC004,ORD001689
JE0001214,2,500000,C,1421.42,,PC004,ORD001689
JE0001215,1,110000,D,530.4,,PC001,ORD002623
JE0001215,2,500000,C,530.4,,PC001,ORD002623
JE0001216,1,110000,D,688.08,,PC014,ORD001829
JE0001216,2,500000,C,688.08,,PC014,ORD001829
JE0001217,1,110000,D,904.4,,PC014,ORD002164
JE0001217,2,500000,C,904.4,,PC014,ORD002164
JE0001218,1,110000,D,1474.6,,PC013,ORD000294
JE0001218,2,500000,C,1474.6,,PC013,ORD000294
JE0001219,1,110000,D,1409.09,,PC006,ORD002707
JE0001219,2,500000,C,1409.09,,PC006,ORD002707
JE0001220,1,110000,D,894.98,,PC001,ORD000895
JE0001220,2,500000,C,894.98,,PC001,ORD000895
JE0001221,1,110000,D,663.84,,PC004,ORD002513
JE0001221,2,500000,C,663.84,,PC004,ORD002513
JE0001222,1,110000,D,1490.17,,PC003,ORD002103
JE0001222,2,500000,C,1490.17,,PC003,ORD002103
JE0001223,1,110000,D,2027.79,,PC013,ORD000984
JE0001223,2,500000,C,2027.79,,PC013,ORD000984
JE0001224,1,110000,D,330.38,,PC014,ORD001113
JE0001224,2,500000,C,330.38,,PC014,ORD001113
JE0001225,1,110000,D,341.01,,PC004,ORD000632
JE0001225,2,500000,C,341.01,,PC004,ORD000632
JE0001226,1,110000,D,725.02,,PC008,ORD001547
JE0001226,2,500000,C,725.02,,PC008,ORD001547
JE0001227,1,110000,D,69.34,,PC014,ORD000213
JE0001227,2,500000,C,69.34,,PC014,ORD000213
JE0001228,1,110000,D,2373.59,,PC009,ORD002063
JE0001228,2,500000,C,2373.59,,PC009,ORD002063
JE0001229,1,110000,D,785.79,,PC009,ORD001781
JE0001229,2,500000,C,785.79,,PC009,ORD001781
JE0001230,1,110000,D,1033.67,,PC004,ORD002459
JE0001230,2,500000,C,1033.67,,PC004,ORD002459
JE0001231,1,110000,D,1113.52,,PC003,ORD002214
JE0001231,2,500000,C,1113.52,,PC003,ORD002214
JE0001232,1,110000,D,183.82,,PC011,ORD001676
JE0001232,2,500000,C,183.82,,PC011,ORD001676
JE0001233,1,110000,D,739.82,,PC006,ORD001476
JE0001233,2,500000,C,739.82,,PC006,ORD001476
JE0001234,1,110000,D,32.75,,PC001,ORD002160
JE0001234,2,500000,C,32.75,,PC001,ORD002160
JE0001235,1,110000,D,828.1,,PC015,ORD001832
JE0001235,2,500000,C,828.1,,PC015,ORD001832
JE0001236,1,110000,D,340.19,,PC001,ORD001809
JE0001236,2,500000,C,340.19,,PC001,ORD001809
JE0001237,1,110000,D,181.72,,PC013,ORD001924
JE0001237,2,500000,C,181.72,,PC013,ORD001924
JE0001238,1,110000,D,512.54,,PC006,ORD000224
JE0001238,2,500000,C,512.54,,PC006,ORD000224
JE0001239,1,110000,D,382.7,,PC013,ORD002641
JE0001239,2,500000,C,382.7,,PC013,ORD002641
JE0001240,1,110000,D,481.81,,PC013,ORD000524
JE0001240,2,500000,C,481.81,,PC013,ORD000524
JE0001241,1,110000,D,1054.71,,PC008,ORD000230
JE0001241,2,500000,C,1054.71,,PC008,ORD000230
JE0001242,1,110000,D,1201.58,,PC008,ORD002124
JE0001242,2,500000,C,1201.58,,PC008,ORD002124
JE0001243,1,110000,D,1001.63,,PC009,ORD002159
JE0001243,2,500000,C,1001.63,,PC009,ORD002159
JE0001244,1,110000,D,890.2,,PC007,ORD002744
JE0001244,2,500000,C,890.2,,PC007,ORD002744
JE0001245,1,110000,D,585.78,,PC002,ORD002781
JE0001245,2,500000,C,585.78,,PC002,ORD002781
JE0001246,1,110000,D,932.96,,PC014,ORD001714
JE0001246,2,500000,C,932.96,,PC014,ORD001714
JE0001247,1,110000,D,401.43,,PC013,ORD002251
JE0001247,2,500000,C,401.43,,PC013,ORD002251
JE0001248,1,110000,D,2559.53,,PC009,ORD000584
JE0001248,2,500000,C,2559.53,,PC009,ORD000584
JE0001249,1,110000,D,762.22,,PC002,ORD002547
JE0001249,2,500000,C,762.22,,PC002,ORD002547
JE0001250,1,110000,D,598.61,,PC008,ORD001124
JE0001250,2,500000,C,598.61,,PC008,ORD001124
JE0001251,1,110000,D,271.03,,PC002,ORD000829
JE0001251,2,500000,C,271.03,,PC002,ORD000829
JE0001252,1,110000,D,218.62,,PC006,ORD002038
JE0001252,2,500000,C,218.62,,PC006,ORD002038
JE0001253,1,110000,D,1589.35,,PC009,ORD002010
JE0001253,2,500000,C,1589.35,,PC009,ORD002010
JE0001254,1,110000,D,1731.66,,PC002,ORD002982
JE0001254,2,500000,C,1731.66,,PC002,ORD002982
JE0001255,1,110000,D,842.52,,PC012,ORD000822
JE0001255,2,500000,C,842.52,,PC012,ORD000822
JE0001256,1,110000,D,2274.42,,PC015,ORD001250
JE0001256,2,500000,C,2274.42,,PC015,ORD001250
JE0001257,1,110000,D,546.98,,PC003,ORD001205
JE0001257,2,500000,C,546.98,,PC003,ORD001205
JE0001258,1,110000,D,687.0,,PC015,ORD001779
JE0001258,2,500000,C,687.0,,PC015,ORD001779
JE0001259,1,110000,D,468.7,,PC006,ORD001727
JE0001259,2,500000,C,468.7,,PC006,ORD001727
JE0001260,1,110000,D,926.11,,PC004,ORD000399
JE0001260,2,500000,C,926.11,,PC004,ORD000399
JE0001261,1,110000,D,572.4,,PC011,ORD002140
JE0001261,2,500000,C,572.4,,PC011,ORD002140
JE0001262,1,110000,D,573.44,,PC005,ORD002782
JE0001262,2,500000,C,573.44,,PC005,ORD002782
JE0001263,1,110000,D,839.19,,PC002,ORD000892
JE0001263,2,500000,C,839.19,,PC002,ORD000892
JE0001264,1,110000,D,854.3,,PC009,ORD000748
JE0001264,2,500000,C,854.3,,PC009,ORD000748
JE0001265,1,110000,D,1265.43,,PC004,ORD001464
JE0001265,2,500000,C,1265.43,,PC004,ORD001464
JE0001266,1,110000,D,603.79,,PC007,ORD001897
JE0001266,2,500000,C,603.79,,PC007,ORD001897
JE0001267,1,110000,D,83.36,,PC014,ORD000038
JE0001267,2,500000,C,83.36,,PC014,ORD000038
JE0001268,1,110000,D,168.71,,PC002,ORD002912
JE0001268,2,500000,C,168.71,,PC002,ORD002912
JE0001269,1,110000,D,642.67,,PC010,ORD001510
JE0001269,2,500000,C,642.67,,PC010,ORD001510
JE0001270,1,110000,D,861.68,,PC002,ORD001849
JE0001270,2,500000,C,861.68,,PC002,ORD001849
JE0001271,1,110000,D,978.77,,PC008,ORD002237
JE0001271,2,500000,C,978.77,,PC008,ORD002237
JE0001272,1,110000,D,1075.56,,PC006,ORD001649
JE0001272,2,500000,C,1075.56,,PC006,ORD001649
JE0001273,1,110000,D,1459.37,,PC013,ORD002566
JE0001273,2,500000,C,1459.37,,PC013,ORD002566
JE0001274,1,110000,D,751.76,,PC013,ORD000373
JE0001274,2,500000,C,751.76,,PC013,ORD000373
JE0001275,1,110000,D,501.96,,PC005,ORD001162
JE0001275,2,500000,C,501.96,,PC005,ORD001162
JE0001276,1,110000,D,1366.72,,PC012,ORD002311
JE0001276,2,500000,C,1366.72,,PC012,ORD002311
JE0001277,1,110000,D,199.16,,PC009,ORD002700
JE0001277,2,500000,C,199.16,,PC009,ORD002700
JE0001278,1,110000,D,1810.14,,PC012,ORD001738
JE0001278,2,500000,C,1810.14,,PC012,ORD001738
JE0001279,1,110000,D,665.95,,PC007,ORD002065
JE0001279,2,500000,C,665.95,,PC007,ORD002065
JE0001280,1,110000,D,984.82,,PC011,ORD002385
JE0001280,2,500000,C,984.82,,PC011,ORD002385
JE0001281,1,110000,D,665.46,,PC008,ORD001288
JE0001281,2,500000,C,665.46,,PC008,ORD001288
JE0001282,1,110000,D,1401.64,,PC005,ORD001092
JE0001282,2,500000,C,1401.64,,PC005,ORD001092
JE0001283,1,110000,D,228.15,,PC010,ORD001147
JE0001283,2,500000,C,228.15,,PC010,ORD001147
JE0001284,1,110000,D,1150.83,,PC007,ORD000295
JE0001284,2,500000,C,1150.83,,PC007,ORD000295
JE0001285,1,110000,D,424.74,,PC008,ORD001743
JE0001285,2,500000,C,424.74,,PC008,ORD001743
JE0001286,1,110000,D,694.66,,PC012,ORD000978
JE0001286,2,500000,C,694.66,,PC012,ORD000978
JE0001287,1,110000,D,2123.89,,PC013,ORD000260
JE0001287,2,500000,C,2123.89,,PC013,ORD000260
JE0001288,1,110000,D,360.98,,PC013,ORD000159
JE0001288,2,500000,C,360.98,,PC013,ORD000159
JE0001289,1,110000,D,1280.83,,PC012,ORD001153
JE0001289,2,500000,C,1280.83,,PC012,ORD001153
JE0001290,1,110000,D,538.39,,PC013,ORD000971
JE0001290,2,500000,C,538.39,,PC013,ORD000971
JE0001291,1,110000,D,74.89,,PC009,ORD002796
JE0001291,2,500000,C,74.89,,PC009,ORD002796
JE0001292,1,110000,D,316.31,,PC013,ORD002662
JE0001292,2,500000,C,316.31,,PC013,ORD002662
JE0001293,1,110000,D,706.28,,PC011,ORD001671
JE0001293,2,500000,C,706.28,,PC011,ORD001671
JE0001294,1,110000,D,1025.53,,PC005,ORD000846
JE0001294,2,500000,C,1025.53,,PC005,ORD000846
JE0001295,1,110000,D,484.45,,PC015,ORD002286
JE0001295,2,500000,C,484.45,,PC015,ORD002286
JE0001296,1,110000,D,1273.94,,PC007,ORD002819
JE0001296,2,500000,C,1273.94,,PC007,ORD002819
JE0001297,1,110000,D,666.47,,PC002,ORD001540
JE0001297,2,500000,C,666.47,,PC002,ORD001540
JE0001298,1,110000,D,528.46,,PC005,ORD002116
JE0001298,2,500000,C,528.46,,PC005,ORD002116
JE0001299,1,110000,D,886.41,,PC008,ORD002837
JE0001299,2,500000,C,886.41,,PC008,ORD002837
JE0001300,1,110000,D,304.19,,PC002,ORD002079
JE0001300,2,500000,C,304.19,,PC002,ORD002079
JE0001301,1,110000,D,602.8,,PC004,ORD002044
JE0001301,2,500000,C,602.8,,PC004,ORD002044
JE0001302,1,110000,D,147.87,,PC015,ORD002163
JE0001302,2,500000,C,147.87,,PC015,ORD002163
JE0001303,1,110000,D,876.77,,PC001,ORD000514
JE0001303,2,500000,C,876.77,,PC001,ORD000514
JE0001304,1,110000,D,825.45,,PC008,ORD000068
JE0001304,2,500000,C,825.45,,PC008,ORD000068
JE0001305,1,110000,D,855.78,,PC010,ORD000538
JE0001305,2,500000,C,855.78,,PC010,ORD000538
JE0001306,1,110000,D,438.85,,PC013,ORD001706
JE0001306,2,500000,C,438.85,,PC013,ORD001706
JE0001307,1,110000,D,1386.28,,PC014,ORD001852
JE0001307,2,500000,C,1386.28,,PC014,ORD001852
JE0001308,1,110000,D,431.22,,PC005,ORD002917
JE0001308,2,500000,C,431.22,,PC005,ORD002917
JE0001309,1,110000,D,266.95,,PC009,ORD000310
JE0001309,2,500000,C,266.95,,PC009,ORD000310
JE0001310,1,110000,D,914.66,,PC015,ORD000801
JE0001310,2,500000,C,914.66,,PC015,ORD000801
JE0001311,1,110000,D,1161.82,,PC002,ORD002508
JE0001311,2,500000,C,1161.82,,PC002,ORD002508
JE0001312,1,110000,D,692.83,,PC009,ORD002911
JE0001312,2,500000,C,692.83,,PC009,ORD002911
JE0001313,1,110000,D,805.15,,PC001,ORD001084
JE0001313,2,500000,C,805.15,,PC001,ORD001084
JE0001314,1,110000,D,300.43,,PC002,ORD002533
JE0001314,2,500000,C,300.43,,PC002,ORD002533
JE0001315,1,110000,D,344.6,,PC001,ORD000126
JE0001315,2,500000,C,344.6,,PC001,ORD000126
JE0001316,1,110000,D,1197.89,,PC008,ORD000069
JE0001316,2,500000,C,1197.89,,PC008,ORD000069
JE0001317,1,110000,D,214.8,,PC007,ORD001535
JE0001317,2,500000,C,214.8,,PC007,ORD001535
JE0001318,1,110000,D,455.69,,PC007,ORD001245
JE0001318,2,500000,C,455.69,,PC007,ORD001245
JE0001319,1,110000,D,952.34,,PC014,ORD001760
JE0001319,2,500000,C,952.34,,PC014,ORD001760
JE0001320,1,110000,D,1042.64,,PC011,ORD000150
JE0001320,2,500000,C,1042.64,,PC011,ORD000150
JE0001321,1,110000,D,1321.76,,PC012,ORD001755
JE0001321,2,500000,C,1321.76,,PC012,ORD001755
JE0001322,1,110000,D,1085.2,,PC014,ORD002180
JE0001322,2,500000,C,1085.2,,PC014,ORD002180
JE0001323,1,110000,D,1889.1,,PC009,ORD002646
JE0001323,2,500000,C,1889.1,,PC009,ORD002646
JE0001324,1,110000,D,868.75,,PC002,ORD001387
JE0001324,2,500000,C,868.75,,PC002,ORD001387
JE0001325,1,110000,D,1981.96,,PC004,ORD001864
JE0001325,2,500000,C,1981.96,,PC004,ORD001864
JE0001326,1,110000,D,2360.78,,PC009,ORD000921
JE0001326,2,500000,C,2360.78,,PC009,ORD000921
JE0001327,1,110000,D,1973.71,,PC008,ORD002780
JE0001327,2,500000,C,1973.71,,PC008,ORD002780
JE0001328,1,110000,D,1409.59,,PC010,ORD002431
JE0001328,2,500000,C,1409.59,,PC010,ORD002431
JE0001329,1,110000,D,334.4,,PC011,ORD000437
JE0001329,2,500000,C,334.4,,PC011,ORD000437
JE0001330,1,110000,D,43.31,,PC003,ORD002218
JE0001330,2,500000,C,43.31,,PC003,ORD002218
JE0001331,1,110000,D,735.62,,PC007,ORD002568
JE0001331,2,500000,C,735.62,,PC007,ORD002568
JE0001332,1,110000,D,570.74,,PC015,ORD000852
JE0001332,2,500000,C,570.74,,PC015,ORD000852
JE0001333,1,110000,D,879.48,,PC001,ORD000673
JE0001333,2,500000,C,879.48,,PC001,ORD000673
JE0001334,1,110000,D,86.62,,PC014,ORD000061
JE0001334,2,500000,C,86.62,,PC014,ORD000061
JE0001335,1,110000,D,997.56,,PC012,ORD002853
JE0001335,2,500000,C,997.56,,PC012,ORD002853
JE0001336,1,110000,D,166.1,,PC011,ORD000265
JE0001336,2,500000,C,166.1,,PC011,ORD000265
JE0001337,1,110000,D,837.94,,PC001,ORD002713
JE0001337,2,500000,C,837.94,,PC001,ORD002713
JE0001338,1,110000,D,801.93,,PC011,ORD001324
JE0001338,2,500000,C,801.93,,PC011,ORD001324
JE0001339,1,110000,D,1280.93,,PC008,ORD000457
JE0001339,2,500000,C,1280.93,,PC008,ORD000457
JE0001340,1,110000,D,958.53,,PC013,ORD000597
JE0001340,2,500000,C,958.53,,PC013,ORD000597
JE0001341,1,110000,D,1326.3,,PC006,ORD002047
JE0001341,2,500000,C,1326.3,,PC006,ORD002047
JE0001342,1,110000,D,170.94,,PC008,ORD000983
JE0001342,2,500000,C,170.94,,PC008,ORD000983
JE0001343,1,110000,D,479.15,,PC003,ORD002716
JE0001343,2,500000,C,479.15,,PC003,ORD002716
JE0001344,1,110000,D,248.62,,PC007,ORD000210
JE0001344,2,500000,C,248.62,,PC007,ORD000210
JE0001345,1,110000,D,778.37,,PC012,ORD001767
JE0001345,2,500000,C,778.37,,PC012,ORD001767
JE0001346,1,110000,D,652.21,,PC015,ORD002929
JE0001346,2,500000,C,652.21,,PC015,ORD002929
JE0001347,1,110000,D,568.48,,PC005,ORD000203
JE0001347,2,500000,C,568.48,,PC005,ORD000203
JE0001348,1,110000,D,1050.42,,PC009,ORD000348
JE0001348,2,500000,C,1050.42,,PC009,ORD000348
JE0001349,1,110000,D,456.97,,PC007,ORD001871
JE0001349,2,500000,C,456.97,,PC007,ORD001871
JE0001350,1,110000,D,649.87,,PC006,ORD001785
JE0001350,2,500000,C,649.87,,PC006,ORD001785
JE0001351,1,110000,D,255.52,,PC002,ORD001085
JE0001351,2,500000,C,255.52,,PC002,ORD001085
JE0001352,1,110000,D,238.43,,PC001,ORD002352
JE0001352,2,500000,C,238.43,,PC001,ORD002352
JE0001353,1,110000,D,320.87,,PC014,ORD001110
JE0001353,2,500000,C,320.87,,PC014,ORD001110
JE0001354,1,110000,D,297.72,,PC011,ORD000702
JE0001354,2,500000,C,297.72,,PC011,ORD000702
JE0001355,1,110000,D,735.6,,PC002,ORD001541
JE0001355,2,500000,C,735.6,,PC002,ORD001541
JE0001356,1,110000,D,502.46,,PC013,ORD001838
JE0001356,2,500000,C,502.46,,PC013,ORD001838
JE0001357,1,110000,D,147.5,,PC003,ORD000635
JE0001357,2,500000,C,147.5,,PC003,ORD000635
JE0001358,1,110000,D,848.76,,PC012,ORD001449
JE0001358,2,500000,C,848.76,,PC012,ORD001449
JE0001359,1,110000,D,394.48,,PC004,ORD000835
JE0001359,2,500000,C,394.48,,PC004,ORD000835
JE0001360,1,110000,D,2121.02,,PC007,ORD001674
JE0001360,2,500000,C,2121.02,,PC007,ORD001674
JE0001361,1,110000,D,1921.3,,PC015,ORD000268
JE0001361,2,500000,C,1921.3,,PC015,ORD000268
JE0001362,1,110000,D,1583.51,,PC002,ORD001858
JE0001362,2,500000,C,1583.51,,PC002,ORD001858
JE0001363,1,110000,D,515.06,,PC002,ORD002494
JE0001363,2,500000,C,515.06,,PC002,ORD002494
JE0001364,1,110000,D,2198.87,,PC005,ORD002147
JE0001364,2,500000,C,2198.87,,PC005,ORD002147
JE0001365,1,110000,D,760.98,,PC013,ORD002640
JE0001365,2,500000,C,760.98,,PC013,ORD002640
JE0001366,1,110000,D,141.55,,PC005,ORD000810
JE0001366,2,500000,C,141.55,,PC005,ORD000810
JE0001367,1,110000,D,309.99,,PC004,ORD001123
JE0001367,2,500000,C,309.99,,PC004,ORD001123
JE0001368,1,110000,D,1027.75,,PC015,ORD001646
JE0001368,2,500000,C,1027.75,,PC015,ORD001646
JE0001369,1,110000,D,810.48,,PC011,ORD002861
JE0001369,2,500000,C,810.48,,PC011,ORD002861
JE0001370,1,110000,D,581.16,,PC001,ORD001207
JE0001370,2,500000,C,581.16,,PC001,ORD001207
JE0001371,1,110000,D,842.62,,PC009,ORD002156
JE0001371,2,500000,C,842.62,,PC009,ORD002156
JE0001372,1,110000,D,222.96,,PC013,ORD000982
JE0001372,2,500000,C,222.96,,PC013,ORD000982
JE0001373,1,110000,D,767.89,,PC004,ORD001035
JE0001373,2,500000,C,767.89,,PC004,ORD001035
JE0001374,1,110000,D,357.13,,PC012,ORD002558
JE0001374,2,500000,C,357.13,,PC012,ORD002558
JE0001375,1,110000,D,932.84,,PC010,ORD001771
JE0001375,2,500000,C,932.84,,PC010,ORD001771
JE0001376,1,110000,D,249.87,,PC012,ORD000052
JE0001376,2,500000,C,249.87,,PC012,ORD000052
JE0001377,1,110000,D,454.95,,PC003,ORD000306
JE0001377,2,500000,C,454.95,,PC003,ORD000306
JE0001378,1,110000,D,940.37,,PC006,ORD001647
JE0001378,2,500000,C,940.37,,PC006,ORD001647
JE0001379,1,110000,D,287.92,,PC006,ORD001555
JE0001379,2,500000,C,287.92,,PC006,ORD001555
JE0001380,1,110000,D,433.69,,PC008,ORD001954
JE0001380,2,500000,C,433.69,,PC008,ORD001954
JE0001381,1,110000,D,1021.62,,PC006,ORD001038
JE0001381,2,500000,C,1021.62,,PC006,ORD001038
JE0001382,1,110000,D,565.09,,PC006,ORD000727
JE0001382,2,500000,C,565.09,,PC006,ORD000727
JE0001383,1,110000,D,1502.18,,PC010,ORD000370
JE0001383,2,500000,C,1502.18,,PC010,ORD000370
JE0001384,1,110000,D,972.6,,PC011,ORD002648
JE0001384,2,500000,C,972.6,,PC011,ORD002648
JE0001385,1,110000,D,785.33,,PC009,ORD001221
JE0001385,2,500000,C,785.33,,PC009,ORD001221
JE0001386,1,110000,D,598.2,,PC004,ORD002413
JE0001386,2,500000,C,598.2,,PC004,ORD002413
JE0001387,1,110000,D,1645.78,,PC010,ORD001363
JE0001387,2,500000,C,1645.78,,PC010,ORD001363
JE0001388,1,110000,D,1536.58,,PC001,ORD000105
JE0001388,2,500000,C,1536.58,,PC001,ORD000105
JE0001389,1,110000,D,846.23,,PC001,ORD001678
JE0001389,2,500000,C,846.23,,PC001,ORD001678
JE0001390,1,110000,D,640.56,,PC008,ORD001286
JE0001390,2,500000,C,640.56,,PC008,ORD001286
JE0001391,1,110000,D,552.73,,PC008,ORD002452
JE0001391,2,500000,C,552.73,,PC008,ORD002452
JE0001392,1,110000,D,566.04,,PC006,ORD001720
JE0001392,2,500000,C,566.04,,PC006,ORD001720
JE0001393,1,110000,D,729.97,,PC010,ORD001728
JE0001393,2,500000,C,729.97,,PC010,ORD001728
JE0001394,1,110000,D,106.42,,PC002,ORD000576
JE0001394,2,500000,C,106.42,,PC002,ORD000576
JE0001395,1,110000,D,1230.1,,PC004,ORD001497
JE0001395,2,500000,C,1230.1,,PC004,ORD001497
JE0001396,1,110000,D,619.78,,PC011,ORD001996
JE0001396,2,500000,C,619.78,,PC011,ORD001996
JE0001397,1,110000,D,543.19,,PC009,ORD001995
JE0001397,2,500000,C,543.19,,PC009,ORD001995
JE0001398,1,110000,D,881.46,,PC002,ORD002127
JE0001398,2,500000,C,881.46,,PC002,ORD002127
JE0001399,1,110000,D,1291.29,,PC015,ORD002375
JE0001399,2,500000,C,1291.29,,PC015,ORD002375
JE0001400,1,110000,D,354.12,,PC001,ORD001580
JE0001400,2,500000,C,354.12,,PC001,ORD001580
JE0001401,1,110000,D,1672.0,,PC012,ORD001355
JE0001401,2,500000,C,1672.0,,PC012,ORD001355
JE0001402,1,110000,D,1088.09,,PC011,ORD001685
JE0001402,2,500000,C,1088.09,,PC011,ORD001685
JE0001403,1,110000,D,1021.96,,PC014,ORD001094
JE0001403,2,500000,C,1021.96,,PC014,ORD001094
JE0001404,1,110000,D,1813.58,,PC002,ORD001874
JE0001404,2,500000,C,1813.58,,PC002,ORD001874
JE0001405,1,110000,D,776.46,,PC015,ORD001158
JE0001405,2,500000,C,776.46,,PC015,ORD001158
JE0001406,1,110000,D,424.46,,PC011,ORD001403
JE0001406,2,500000,C,424.46,,PC011,ORD001403
JE0001407,1,110000,D,1286.99,,PC011,ORD001109
JE0001407,2,500000,C,1286.99,,PC011,ORD001109
JE0001408,1,110000,D,1134.5,,PC011,ORD002987
JE0001408,2,500000,C,1134.5,,PC011,ORD002987
JE0001409,1,110000,D,532.54,,PC004,ORD001726
JE0001409,2,500000,C,532.54,,PC004,ORD001726
JE0001410,1,110000,D,1142.44,,PC011,ORD001116
JE0001410,2,500000,C,1142.44,,PC011,ORD001116
JE0001411,1,110000,D,634.3,,PC012,ORD000436
JE0001411,2,500000,C,634.3,,PC012,ORD000436
JE0001412,1,110000,D,1335.2,,PC008,ORD001815
JE0001412,2,500000,C,1335.2,,PC008,ORD001815
JE0001413,1,110000,D,598.03,,PC013,ORD001499
JE0001413,2,500000,C,598.03,,PC013,ORD001499
JE0001414,1,110000,D,1475.49,,PC004,ORD002353
JE0001414,2,500000,C,1475.49,,PC004,ORD002353
JE0001415,1,110000,D,398.12,,PC008,ORD002467
JE0001415,2,500000,C,398.12,,PC008,ORD002467
JE0001416,1,110000,D,645.86,,PC005,ORD002495
JE0001416,2,500000,C,645.86,,PC005,ORD002495
JE0001417,1,110000,D,896.19,,PC011,ORD001036
JE0001417,2,500000,C,896.19,,PC011,ORD001036
JE0001418,1,110000,D,1901.79,,PC002,ORD000211
JE0001418,2,500000,C,1901.79,,PC002,ORD000211
JE0001419,1,110000,D,1892.58,,PC009,ORD000054
JE0001419,2,500000,C,1892.58,,PC009,ORD000054
JE0001420,1,110000,D,264.44,,PC014,ORD000780
JE0001420,2,500000,C,264.44,,PC014,ORD000780
JE0001421,1,110000,D,312.96,,PC004,ORD002587
JE0001421,2,500000,C,312.96,,PC004,ORD002587
JE0001422,1,110000,D,1072.08,,PC002,ORD000387
JE0001422,2,500000,C,1072.08,,PC002,ORD000387
JE0001423,1,110000,D,1968.74,,PC004,ORD002422
JE0001423,2,500000,C,1968.74,,PC004,ORD002422
JE0001424,1,110000,D,789.23,,PC010,ORD002992
JE0001424,2,500000,C,789.23,,PC010,ORD002992
JE0001425,1,110000,D,175.07,,PC009,ORD000147
JE0001425,2,500000,C,175.07,,PC009,ORD000147
JE0001426,1,110000,D,210.13,,PC009,ORD000499
JE0001426,2,500000,C,210.13,,PC009,ORD000499
JE0001427,1,110000,D,789.57,,PC005,ORD000620
JE0001427,2,500000,C,789.57,,PC005,ORD000620
JE0001428,1,110000,D,307.27,,PC011,ORD000996
JE0001428,2,500000,C,307.27,,PC011,ORD000996
JE0001429,1,110000,D,490.33,,PC011,ORD001795
JE0001429,2,500000,C,490.33,,PC011,ORD001795
JE0001430,1,110000,D,414.57,,PC004,ORD001861
JE0001430,2,500000,C,414.57,,PC004,ORD001861
JE0001431,1,110000,D,931.52,,PC002,ORD000794
JE0001431,2,500000,C,931.52,,PC002,ORD000794
JE0001432,1,110000,D,1468.05,,PC014,ORD000510
JE0001432,2,500000,C,1468.05,,PC014,ORD000510
JE0001433,1,110000,D,621.32,,PC009,ORD002137
JE0001433,2,500000,C,621.32,,PC009,ORD002137
JE0001434,1,110000,D,1227.55,,PC006,ORD001854
JE0001434,2,500000,C,1227.55,,PC006,ORD001854
JE0001435,1,110000,D,51.52,,PC005,ORD000168
JE0001435,2,500000,C,51.52,,PC005,ORD000168
JE0001436,1,110000,D,698.47,,PC006,ORD001883
JE0001436,2,500000,C,698.47,,PC006,ORD001883
JE0001437,1,110000,D,511.43,,PC005,ORD001607
JE0001437,2,500000,C,511.43,,PC005,ORD001607
JE0001438,1,110000,D,895.58,,PC010,ORD001866
JE0001438,2,500000,C,895.58,,PC010,ORD001866
JE0001439,1,110000,D,705.21,,PC011,ORD002655
JE0001439,2,500000,C,705.21,,PC011,ORD002655
JE0001440,1,110000,D,1254.22,,PC008,ORD001453
JE0001440,2,500000,C,1254.22,,PC008,ORD001453
JE0001441,1,110000,D,183.53,,PC010,ORD001759
JE0001441,2,500000,C,183.53,,PC010,ORD001759
JE0001442,1,110000,D,426.24,,PC014,ORD002882
JE0001442,2,500000,C,426.24,,PC014,ORD002882
JE0001443,1,110000,D,924.84,,PC002,ORD000759
JE0001443,2,500000,C,924.84,,PC002,ORD000759
JE0001444,1,110000,D,316.89,,PC005,ORD002114
JE0001444,2,500000,C,316.89,,PC005,ORD002114
JE0001445,1,110000,D,360.46,,PC011,ORD002727
JE0001445,2,500000,C,360.46,,PC011,ORD002727
JE0001446,1,110000,D,882.62,,PC001,ORD002057
JE0001446,2,500000,C,882.62,,PC001,ORD002057
JE0001447,1,110000,D,1517.54,,PC002,ORD002952
JE0001447,2,500000,C,1517.54,,PC002,ORD002952
JE0001448,1,110000,D,1406.07,,PC001,ORD002498
JE0001448,2,500000,C,1406.07,,PC001,ORD002498
JE0001449,1,110000,D,219.42,,PC003,ORD000662
JE0001449,2,500000,C,219.42,,PC003,ORD000662
JE0001450,1,110000,D,102.47,,PC006,ORD002561
JE0001450,2,500000,C,102.47,,PC006,ORD002561
JE0001451,1,110000,D,1415.5,,PC004,ORD002605
JE0001451,2,500000,C,1415.5,,PC004,ORD002605
JE0001452,1,110000,D,369.46,,PC002,ORD002152
JE0001452,2,500000,C,369.46,,PC002,ORD002152
JE0001453,1,110000,D,777.52,,PC011,ORD002686
JE0001453,2,500000,C,777.52,,PC011,ORD002686
JE0001454,1,110000,D,978.08,,PC012,ORD001294
JE0001454,2,500000,C,978.08,,PC012,ORD001294
JE0001455,1,110000,D,438.23,,PC013,ORD000663
JE0001455,2,500000,C,438.23,,PC013,ORD000663
JE0001456,1,110000,D,63.82,,PC015,ORD002523
JE0001456,2,500000,C,63.82,,PC015,ORD002523
JE0001457,1,110000,D,806.75,,PC007,ORD000530
JE0001457,2,500000,C,806.75,,PC007,ORD000530
JE0001458,1,110000,D,138.16,,PC005,ORD001273
JE0001458,2,500000,C,138.16,,PC005,ORD001273
JE0001459,1,110000,D,116.27,,PC013,ORD001946
JE0001459,2,500000,C,116.27,,PC013,ORD001946
JE0001460,1,110000,D,549.98,,PC013,ORD000060
JE0001460,2,500000,C,549.98,,PC013,ORD000060
JE0001461,1,110000,D,756.9,,PC010,ORD000949
JE0001461,2,500000,C,756.9,,PC010,ORD000949
JE0001462,1,110000,D,474.68,,PC015,ORD001648
JE0001462,2,500000,C,474.68,,PC015,ORD001648
JE0001463,1,110000,D,1160.72,,PC007,ORD001682
JE0001463,2,500000,C,1160.72,,PC007,ORD001682
JE0001464,1,110000,D,374.38,,PC006,ORD000282
JE0001464,2,500000,C,374.38,,PC006,ORD000282
JE0001465,1,110000,D,798.02,,PC010,ORD001184
JE0001465,2,500000,C,798.02,,PC010,ORD001184
JE0001466,1,110000,D,1347.95,,PC008,ORD002988
JE0001466,2,500000,C,1347.95,,PC008,ORD002988
JE0001467,1,110000,D,432.27,,PC008,ORD002606
JE0001467,2,500000,C,432.27,,PC008,ORD002606
JE0001468,1,110000,D,1681.3,,PC011,ORD002244
JE0001468,2,500000,C,1681.3,,PC011,ORD002244
JE0001469,1,110000,D,707.53,,PC008,ORD002205
JE0001469,2,500000,C,707.53,,PC008,ORD002205
JE0001470,1,110000,D,647.94,,PC010,ORD001536
JE0001470,2,500000,C,647.94,,PC010,ORD001536
JE0001471,1,110000,D,633.82,,PC013,ORD002176
JE0001471,2,500000,C,633.82,,PC013,ORD002176
JE0001472,1,110000,D,712.75,,PC006,ORD002825
JE0001472,2,500000,C,712.75,,PC006,ORD002825
JE0001473,1,110000,D,585.36,,PC011,ORD002822
JE0001473,2,500000,C,585.36,,PC011,ORD002822
JE0001474,1,110000,D,708.45,,PC003,ORD001327
JE0001474,2,500000,C,708.45,,PC003,ORD001327
JE0001475,1,110000,D,1303.73,,PC001,ORD001571
JE0001475,2,500000,C,1303.73,,PC001,ORD001571
JE0001476,1,110000,D,1276.16,,PC010,ORD002484
JE0001476,2,500000,C,1276.16,,PC010,ORD002484
JE0001477,1,110000,D,430.38,,PC003,ORD000854
JE0001477,2,500000,C,430.38,,PC003,ORD000854
JE0001478,1,110000,D,901.75,,PC007,ORD001904
JE0001478,2,500000,C,901.75,,PC007,ORD001904
JE0001479,1,110000,D,533.94,,PC004,ORD001277
JE0001479,2,500000,C,533.94,,PC004,ORD001277
JE0001480,1,110000,D,1411.05,,PC003,ORD001284
JE0001480,2,500000,C,1411.05,,PC003,ORD001284
JE0001481,1,110000,D,821.13,,PC014,ORD000519
JE0001481,2,500000,C,821.13,,PC014,ORD000519
JE0001482,1,110000,D,847.18,,PC009,ORD001526
JE0001482,2,500000,C,847.18,,PC009,ORD001526
JE0001483,1,110000,D,570.19,,PC006,ORD000806
JE0001483,2,500000,C,570.19,,PC006,ORD000806
JE0001484,1,110000,D,1194.82,,PC013,ORD002680
JE0001484,2,500000,C,1194.82,,PC013,ORD002680
JE0001485,1,110000,D,579.09,,PC009,ORD002637
JE0001485,2,500000,C,579.09,,PC009,ORD002637
JE0001486,1,110000,D,760.59,,PC003,ORD000711
JE0001486,2,500000,C,760.59,,PC003,ORD000711
JE0001487,1,110000,D,661.02,,PC003,ORD001722
JE0001487,2,500000,C,661.02,,PC003,ORD001722
JE0001488,1,110000,D,250.35,,PC003,ORD000050
JE0001488,2,500000,C,250.35,,PC003,ORD000050
JE0001489,1,110000,D,705.03,,PC003,ORD000644
JE0001489,2,500000,C,705.03,,PC003,ORD000644
JE0001490,1,110000,D,118.59,,PC014,ORD001007
JE0001490,2,500000,C,118.59,,PC014,ORD001007
JE0001491,1,110000,D,100.28,,PC005,ORD000802
JE0001491,2,500000,C,100.28,,PC005,ORD000802
JE0001492,1,110000,D,1403.31,,PC015,ORD002133
JE0001492,2,500000,C,1403.31,,PC015,ORD002133
JE0001493,1,110000,D,185.09,,PC007,ORD002055
JE0001493,2,500000,C,185.09,,PC007,ORD002055
JE0001494,1,110000,D,647.0,,PC003,ORD001311
JE0001494,2,500000,C,647.0,,PC003,ORD001311
JE0001495,1,110000,D,1108.54,,PC004,ORD001791
JE0001495,2,500000,C,1108.54,,PC004,ORD001791
JE0001496,1,110000,D,744.85,,PC001,ORD000850
JE0001496,2,500000,C,744.85,,PC001,ORD000850
JE0001497,1,110000,D,1072.58,,PC009,ORD000425
JE0001497,2,500000,C,1072.58,,PC009,ORD000425
JE0001498,1,110000,D,1401.24,,PC006,ORD000417
JE0001498,2,500000,C,1401.24,,PC006,ORD000417
JE0001499,1,110000,D,1108.56,,PC011,ORD000001
JE0001499,2,500000,C,1108.56,,PC011,ORD000001
JE0001500,1,110000,D,670.34,,PC004,ORD001482
JE0001500,2,500000,C,670.34,,PC004,ORD001482
JE0001501,1,110000,D,74.1,,PC014,ORD001410
JE0001501,2,500000,C,74.1,,PC014,ORD001410
JE0001502,1,110000,D,623.65,,PC005,ORD002773
JE0001502,2,500000,C,623.65,,PC005,ORD002773
JE0001503,1,110000,D,304.97,,PC012,ORD001830
JE0001503,2,500000,C,304.97,,PC012,ORD001830
JE0001504,1,110000,D,325.32,,PC001,ORD001270
JE0001504,2,500000,C,325.32,,PC001,ORD001270
JE0001505,1,110000,D,1438.81,,PC012,ORD000177
JE0001505,2,500000,C,1438.81,,PC012,ORD000177
JE0001506,1,110000,D,2409.79,,PC004,ORD002404
JE0001506,2,500000,C,2409.79,,PC004,ORD002404
JE0001507,1,110000,D,543.02,,PC012,ORD001565
JE0001507,2,500000,C,543.02,,PC012,ORD001565
JE0001508,1,110000,D,866.64,,PC010,ORD000513
JE0001508,2,500000,C,866.64,,PC010,ORD000513
JE0001509,1,110000,D,235.56,,PC015,ORD000537
JE0001509,2,500000,C,235.56,,PC015,ORD000537
JE0001510,1,110000,D,245.6,,PC010,ORD001287
JE0001510,2,500000,C,245.6,,PC010,ORD001287
JE0001511,1,110000,D,387.98,,PC007,ORD000920
JE0001511,2,500000,C,387.98,,PC007,ORD000920
JE0001512,1,110000,D,346.24,,PC002,ORD001463
JE0001512,2,500000,C,346.24,,PC002,ORD001463
JE0001513,1,110000,D,510.51,,PC002,ORD000362
JE0001513,2,500000,C,510.51,,PC002,ORD000362
JE0001514,1,110000,D,252.33,,PC006,ORD002243
JE0001514,2,500000,C,252.33,,PC006,ORD002243
JE0001515,1,110000,D,1192.38,,PC009,ORD001140
JE0001515,2,500000,C,1192.38,,PC009,ORD001140
JE0001516,1,110000,D,629.69,,PC014,ORD001655
JE0001516,2,500000,C,629.69,,PC014,ORD001655
JE0001517,1,110000,D,361.0,,PC001,ORD001658
JE0001517,2,500000,C,361.0,,PC001,ORD001658
JE0001518,1,110000,D,92.56,,PC011,ORD000337
JE0001518,2,500000,C,92.56,,PC011,ORD000337
JE0001519,1,110000,D,1187.26,,PC012,ORD000767
JE0001519,2,500000,C,1187.26,,PC012,ORD000767
JE0001520,1,110000,D,64.31,,PC004,ORD001349
JE0001520,2,500000,C,64.31,,PC004,ORD001349
JE0001521,1,110000,D,1494.63,,PC013,ORD000435
JE0001521,2,500000,C,1494.63,,PC013,ORD000435
JE0001522,1,110000,D,904.64,,PC003,ORD001863
JE0001522,2,500000,C,904.64,,PC003,ORD001863
JE0001523,1,110000,D,2496.42,,PC013,ORD001055
JE0001523,2,500000,C,2496.42,,PC013,ORD001055
JE0001524,1,110000,D,224.34,,PC005,ORD001533
JE0001524,2,500000,C,224.34,,PC005,ORD001533
JE0001525,1,110000,D,768.29,,PC015,ORD002660
JE0001525,2,500000,C,768.29,,PC015,ORD002660
JE0001526,1,110000,D,1375.72,,PC002,ORD002720
JE0001526,2,500000,C,1375.72,,PC002,ORD002720
JE0001527,1,110000,D,99.2,,PC009,ORD002759
JE0001527,2,500000,C,99.2,,PC009,ORD002759
JE0001528,1,110000,D,568.42,,PC012,ORD000408
JE0001528,2,500000,C,568.42,,PC012,ORD000408
JE0001529,1,110000,D,557.92,,PC005,ORD001263
JE0001529,2,500000,C,557.92,,PC005,ORD001263
JE0001530,1,110000,D,298.98,,PC003,ORD002541
JE0001530,2,500000,C,298.98,,PC003,ORD002541
JE0001531,1,110000,D,977.49,,PC008,ORD002872
JE0001531,2,500000,C,977.49,,PC008,ORD002872
JE0001532,1,110000,D,610.23,,PC012,ORD002898
JE0001532,2,500000,C,610.23,,PC012,ORD002898
JE0001533,1,110000,D,702.92,,PC004,ORD001318
JE0001533,2,500000,C,702.92,,PC004,ORD001318
JE0001534,1,110000,D,494.21,,PC005,ORD001330
JE0001534,2,500000,C,494.21,,PC005,ORD001330
JE0001535,1,110000,D,1332.87,,PC011,ORD002437
JE0001535,2,500000,C,1332.87,,PC011,ORD002437
JE0001536,1,110000,D,823.06,,PC009,ORD000381
JE0001536,2,500000,C,823.06,,PC009,ORD000381
JE0001537,1,110000,D,793.13,,PC015,ORD001553
JE0001537,2,500000,C,793.13,,PC015,ORD001553
JE0001538,1,110000,D,233.1,,PC002,ORD002113
JE0001538,2,500000,C,233.1,,PC002,ORD002113
JE0001539,1,110000,D,1343.41,,PC006,ORD002580
JE0001539,2,500000,C,1343.41,,PC006,ORD002580
JE0001540,1,110000,D,336.16,,PC006,ORD001956
JE0001540,2,500000,C,336.16,,PC006,ORD001956
JE0001541,1,110000,D,737.18,,PC001,ORD002358
JE0001541,2,500000,C,737.18,,PC001,ORD002358
JE0001542,1,110000,D,802.89,,PC002,ORD000579
JE0001542,2,500000,C,802.89,,PC002,ORD000579
JE0001543,1,110000,D,491.94,,PC015,ORD000479
JE0001543,2,500000,C,491.94,,PC015,ORD000479
JE0001544,1,110000,D,555.21,,PC007,ORD001748
JE0001544,2,500000,C,555.21,,PC007,ORD001748
JE0001545,1,110000,D,950.73,,PC001,ORD002308
JE0001545,2,500000,C,950.73,,PC001,ORD002308
JE0001546,1,110000,D,807.15,,PC012,ORD001783
JE0001546,2,500000,C,807.15,,PC012,ORD001783
JE0001547,1,110000,D,239.79,,PC014,ORD002040
JE0001547,2,500000,C,239.79,,PC014,ORD002040
JE0001548,1,110000,D,32.62,,PC004,ORD000420
JE0001548,2,500000,C,32.62,,PC004,ORD000420
JE0001549,1,110000,D,289.87,,PC006,ORD000626
JE0001549,2,500000,C,289.87,,PC006,ORD000626
JE0001550,1,110000,D,796.04,,PC010,ORD000040
JE0001550,2,500000,C,796.04,,PC010,ORD000040
JE0001551,1,110000,D,478.91,,PC007,ORD001168
JE0001551,2,500000,C,478.91,,PC007,ORD001168
JE0001552,1,110000,D,659.85,,PC005,ORD001481
JE0001552,2,500000,C,659.85,,PC005,ORD001481
JE0001553,1,110000,D,188.01,,PC010,ORD002448
JE0001553,2,500000,C,188.01,,PC010,ORD002448
JE0001554,1,110000,D,622.87,,PC006,ORD001060
JE0001554,2,500000,C,622.87,,PC006,ORD001060
JE0001555,1,110000,D,555.04,,PC010,ORD000081
JE0001555,2,500000,C,555.04,,PC010,ORD000081
JE0001556,1,110000,D,332.01,,PC005,ORD000947
JE0001556,2,500000,C,332.01,,PC005,ORD000947
JE0001557,1,110000,D,1185.0,,PC011,ORD000074
JE0001557,2,500000,C,1185.0,,PC011,ORD000074
JE0001558,1,110000,D,1071.85,,PC014,ORD001126
JE0001558,2,500000,C,1071.85,,PC014,ORD001126
JE0001559,1,110000,D,658.0,,PC015,ORD000557
JE0001559,2,500000,C,658.0,,PC015,ORD000557
JE0001560,1,110000,D,205.81,,PC008,ORD002041
JE0001560,2,500000,C,205.81,,PC008,ORD002041
JE0001561,1,110000,D,489.81,,PC008,ORD002795
JE0001561,2,500000,C,489.81,,PC008,ORD002795
JE0001562,1,110000,D,1088.99,,PC004,ORD001253
JE0001562,2,500000,C,1088.99,,PC004,ORD001253
JE0001563,1,110000,D,817.37,,PC013,ORD001725
JE0001563,2,500000,C,817.37,,PC013,ORD001725
JE0001564,1,110000,D,2502.93,,PC010,ORD001632
JE0001564,2,500000,C,2502.93,,PC010,ORD001632
JE0001565,1,110000,D,1158.07,,PC013,ORD001589
JE0001565,2,500000,C,1158.07,,PC013,ORD001589
JE0001566,1,110000,D,941.79,,PC012,ORD001596
JE0001566,2,500000,C,941.79,,PC012,ORD001596
JE0001567,1,110000,D,363.69,,PC015,ORD002291
JE0001567,2,500000,C,363.69,,PC015,ORD002291
JE0001568,1,110000,D,1635.55,,PC005,ORD000542
JE0001568,2,500000,C,1635.55,,PC005,ORD000542
JE0001569,1,110000,D,858.24,,PC008,ORD001462
JE0001569,2,500000,C,858.24,,PC008,ORD001462
JE0001570,1,110000,D,993.63,,PC009,ORD000508
JE0001570,2,500000,C,993.63,,PC009,ORD000508
JE0001571,1,110000,D,741.31,,PC003,ORD001182
JE0001571,2,500000,C,741.31,,PC003,ORD001182
JE0001572,1,110000,D,155.4,,PC013,ORD002462
JE0001572,2,500000,C,155.4,,PC013,ORD002462
JE0001573,1,110000,D,1095.34,,PC001,ORD000489
JE0001573,2,500000,C,1095.34,,PC001,ORD000489
JE0001574,1,110000,D,529.75,,PC006,ORD001125
JE0001574,2,500000,C,529.75,,PC006,ORD001125
JE0001575,1,110000,D,374.54,,PC007,ORD002242
JE0001575,2,500000,C,374.54,,PC007,ORD002242
JE0001576,1,110000,D,596.76,,PC015,ORD001542
JE0001576,2,500000,C,596.76,,PC015,ORD001542
JE0001577,1,110000,D,578.26,,PC013,ORD000389
JE0001577,2,500000,C,578.26,,PC013,ORD000389
JE0001578,1,110000,D,914.12,,PC002,ORD000218
JE0001578,2,500000,C,914.12,,PC002,ORD000218
JE0001579,1,110000,D,868.57,,PC006,ORD001018
JE0001579,2,500000,C,868.57,,PC006,ORD001018
JE0001580,1,110000,D,733.49,,PC009,ORD001246
JE0001580,2,500000,C,733.49,,PC009,ORD001246
JE0001581,1,110000,D,746.69,,PC013,ORD002855
JE0001581,2,500000,C,746.69,,PC013,ORD002855
JE0001582,1,110000,D,687.55,,PC005,ORD001629
JE0001582,2,500000,C,687.55,,PC005,ORD001629
JE0001583,1,110000,D,332.05,,PC011,ORD001291
JE0001583,2,500000,C,332.05,,PC011,ORD001291
JE0001584,1,110000,D,561.31,,PC001,ORD000463
JE0001584,2,500000,C,561.31,,PC001,ORD000463
JE0001585,1,110000,D,812.38,,PC015,ORD002518
JE0001585,2,500000,C,812.38,,PC015,ORD002518
JE0001586,1,110000,D,244.97,,PC005,ORD002473
JE0001586,2,500000,C,244.97,,PC005,ORD002473
JE0001587,1,110000,D,567.56,,PC002,ORD000862
JE0001587,2,500000,C,567.56,,PC002,ORD000862
JE0001588,1,110000,D,1165.35,,PC008,ORD000527
JE0001588,2,500000,C,1165.35,,PC008,ORD000527
JE0001589,1,110000,D,577.7,,PC014,ORD002351
JE0001589,2,500000,C,577.7,,PC014,ORD002351
JE0001590,1,110000,D,1653.07,,PC005,ORD001963
JE0001590,2,500000,C,1653.07,,PC005,ORD001963
JE0001591,1,110000,D,75.13,,PC009,ORD000284
JE0001591,2,500000,C,75.13,,PC009,ORD000284
JE0001592,1,110000,D,2098.6,,PC010,ORD002306
JE0001592,2,500000,C,2098.6,,PC010,ORD002306
JE0001593,1,110000,D,1579.16,,PC005,ORD001471
JE0001593,2,500000,C,1579.16,,PC005,ORD001471
JE0001594,1,110000,D,807.8,,PC009,ORD001087
JE0001594,2,500000,C,807.8,,PC009,ORD001087
JE0001595,1,110000,D,519.37,,PC013,ORD000873
JE0001595,2,500000,C,519.37,,PC013,ORD000873
JE0001596,1,110000,D,2057.38,,PC009,ORD000591
JE0001596,2,500000,C,2057.38,,PC009,ORD000591
JE0001597,1,110000,D,862.44,,PC014,ORD002382
JE0001597,2,500000,C,862.44,,PC014,ORD002382
JE0001598,1,110000,D,83.51,,PC002,ORD001577
JE0001598,2,500000,C,83.51,,PC002,ORD001577
JE0001599,1,110000,D,548.47,,PC012,ORD000065
JE0001599,2,500000,C,548.47,,PC012,ORD000065
JE0001600,1,110000,D,258.47,,PC012,ORD001083
JE0001600,2,500000,C,258.47,,PC012,ORD001083
JE0001601,1,110000,D,365.31,,PC002,ORD002551
JE0001601,2,500000,C,365.31,,PC002,ORD002551
JE0001602,1,110000,D,421.42,,PC003,ORD001280
JE0001602,2,500000,C,421.42,,PC003,ORD001280
JE0001603,1,110000,D,1022.5,,PC013,ORD000605
JE0001603,2,500000,C,1022.5,,PC013,ORD000605
JE0001604,1,110000,D,381.87,,PC012,ORD002737
JE0001604,2,500000,C,381.87,,PC012,ORD002737
JE0001605,1,110000,D,1831.4,,PC001,ORD000730
JE0001605,2,500000,C,1831.4,,PC001,ORD000730
JE0001606,1,110000,D,1449.42,,PC001,ORD002006
JE0001606,2,500000,C,1449.42,,PC001,ORD002006
JE0001607,1,110000,D,1729.22,,PC012,ORD000353
JE0001607,2,500000,C,1729.22,,PC012,ORD000353
JE0001608,1,110000,D,323.88,,PC014,ORD000954
JE0001608,2,500000,C,323.88,,PC014,ORD000954
JE0001609,1,110000,D,769.11,,PC001,ORD001401
JE0001609,2,500000,C,769.11,,PC001,ORD001401
JE0001610,1,110000,D,658.16,,PC007,ORD002627
JE0001610,2,500000,C,658.16,,PC007,ORD002627
JE0001611,1,110000,D,429.8,,PC011,ORD002182
JE0001611,2,500000,C,429.8,,PC011,ORD002182
JE0001612,1,110000,D,256.53,,PC015,ORD001922
JE0001612,2,500000,C,256.53,,PC015,ORD001922
JE0001613,1,110000,D,710.1,,PC006,ORD001380
JE0001613,2,500000,C,710.1,,PC006,ORD001380
JE0001614,1,110000,D,1323.48,,PC014,ORD002714
JE0001614,2,500000,C,1323.48,,PC014,ORD002714
JE0001615,1,110000,D,2639.24,,PC013,ORD000035
JE0001615,2,500000,C,2639.24,,PC013,ORD000035
JE0001616,1,110000,D,802.51,,PC002,ORD002776
JE0001616,2,500000,C,802.51,,PC002,ORD002776
JE0001617,1,110000,D,1173.65,,PC004,ORD001406
JE0001617,2,500000,C,1173.65,,PC004,ORD001406
JE0001618,1,110000,D,195.78,,PC010,ORD002240
JE0001618,2,500000,C,195.78,,PC010,ORD002240
JE0001619,1,110000,D,615.26,,PC003,ORD002386
JE0001619,2,500000,C,615.26,,PC003,ORD002386
JE0001620,1,110000,D,819.79,,PC013,ORD000020
JE0001620,2,500000,C,819.79,,PC013,ORD000020
JE0001621,1,110000,D,936.47,,PC004,ORD000623
JE0001621,2,500000,C,936.47,,PC004,ORD000623
JE0001622,1,110000,D,380.38,,PC005,ORD002592
JE0001622,2,500000,C,380.38,,PC005,ORD002592
JE0001623,1,110000,D,563.66,,PC007,ORD002099
JE0001623,2,500000,C,563.66,,PC007,ORD002099
JE0001624,1,110000,D,210.93,,PC004,ORD002355
JE0001624,2,500000,C,210.93,,PC004,ORD002355
JE0001625,1,110000,D,795.64,,PC009,ORD002314
JE0001625,2,500000,C,795.64,,PC009,ORD002314
JE0001626,1,110000,D,208.45,,PC013,ORD001275
JE0001626,2,500000,C,208.45,,PC013,ORD001275
JE0001627,1,110000,D,673.21,,PC011,ORD001784
JE0001627,2,500000,C,673.21,,PC011,ORD001784
JE0001628,1,110000,D,1261.93,,PC010,ORD001082
JE0001628,2,500000,C,1261.93,,PC010,ORD001082
JE0001629,1,110000,D,146.77,,PC009,ORD000164
JE0001629,2,500000,C,146.77,,PC009,ORD000164
JE0001630,1,110000,D,115.82,,PC007,ORD001703
JE0001630,2,500000,C,115.82,,PC007,ORD001703
JE0001631,1,110000,D,649.56,,PC013,ORD001177
JE0001631,2,500000,C,649.56,,PC013,ORD001177
JE0001632,1,110000,D,126.07,,PC001,ORD002814
JE0001632,2,500000,C,126.07,,PC001,ORD002814
JE0001633,1,110000,D,546.63,,PC004,ORD000199
JE0001633,2,500000,C,546.63,,PC004,ORD000199
JE0001634,1,110000,D,1204.56,,PC014,ORD001233
JE0001634,2,500000,C,1204.56,,PC014,ORD001233
JE0001635,1,110000,D,212.78,,PC003,ORD002928
JE0001635,2,500000,C,212.78,,PC003,ORD002928
JE0001636,1,110000,D,850.54,,PC004,ORD001516
JE0001636,2,500000,C,850.54,,PC004,ORD001516
JE0001637,1,110000,D,347.44,,PC003,ORD001882
JE0001637,2,500000,C,347.44,,PC003,ORD001882
JE0001638,1,110000,D,860.15,,PC012,ORD000409
JE0001638,2,500000,C,860.15,,PC012,ORD000409
JE0001639,1,110000,D,2052.27,,PC013,ORD000143
JE0001639,2,500000,C,2052.27,,PC013,ORD000143
JE0001640,1,110000,D,227.35,,PC014,ORD000023
JE0001640,2,500000,C,227.35,,PC014,ORD000023
JE0001641,1,110000,D,44.16,,PC006,ORD000205
JE0001641,2,500000,C,44.16,,PC006,ORD000205
JE0001642,1,110000,D,306.71,,PC011,ORD001213
JE0001642,2,500000,C,306.71,,PC011,ORD001213
JE0001643,1,110000,D,1272.6,,PC002,ORD001365
JE0001643,2,500000,C,1272.6,,PC002,ORD001365
JE0001644,1,110000,D,315.25,,PC013,ORD001006
JE0001644,2,500000,C,315.25,,PC013,ORD001006
JE0001645,1,110000,D,407.08,,PC013,ORD000642
JE0001645,2,500000,C,407.08,,PC013,ORD000642
JE0001646,1,110000,D,469.81,,PC006,ORD001699
JE0001646,2,500000,C,469.81,,PC006,ORD001699
JE0001647,1,110000,D,1071.86,,PC004,ORD002688
JE0001647,2,500000,C,1071.86,,PC004,ORD002688
JE0001648,1,110000,D,516.36,,PC005,ORD001344
JE0001648,2,500000,C,516.36,,PC005,ORD001344
JE0001649,1,110000,D,926.89,,PC008,ORD000385
JE0001649,2,500000,C,926.89,,PC008,ORD000385
JE0001650,1,110000,D,161.15,,PC004,ORD000889
JE0001650,2,500000,C,161.15,,PC004,ORD000889
JE0001651,1,110000,D,1027.24,,PC010,ORD002729
JE0001651,2,500000,C,1027.24,,PC010,ORD002729
JE0001652,1,110000,D,1114.55,,PC015,ORD001086
JE0001652,2,500000,C,1114.55,,PC015,ORD001086
JE0001653,1,110000,D,888.93,,PC001,ORD000173
JE0001653,2,500000,C,888.93,,PC001,ORD000173
JE0001654,1,110000,D,1402.7,,PC010,ORD000532
JE0001654,2,500000,C,1402.7,,PC010,ORD000532
JE0001655,1,110000,D,100.51,,PC012,ORD002812
JE0001655,2,500000,C,100.51,,PC012,ORD002812
JE0001656,1,110000,D,323.97,,PC015,ORD001340
JE0001656,2,500000,C,323.97,,PC015,ORD001340
JE0001657,1,110000,D,945.51,,PC003,ORD001106
JE0001657,2,500000,C,945.51,,PC003,ORD001106
JE0001658,1,110000,D,890.06,,PC004,ORD000400
JE0001658,2,500000,C,890.06,,PC004,ORD000400
JE0001659,1,110000,D,524.01,,PC014,ORD002735
JE0001659,2,500000,C,524.01,,PC014,ORD002735
JE0001660,1,110000,D,805.91,,PC001,ORD000641
JE0001660,2,500000,C,805.91,,PC001,ORD000641
JE0001661,1,110000,D,707.68,,PC010,ORD002880
JE0001661,2,500000,C,707.68,,PC010,ORD002880
JE0001662,1,110000,D,730.46,,PC006,ORD000720
JE0001662,2,500000,C,730.46,,PC006,ORD000720
JE0001663,1,110000,D,970.69,,PC001,ORD000391
JE0001663,2,500000,C,970.69,,PC001,ORD000391
JE0001664,1,110000,D,109.88,,PC002,ORD000936
JE0001664,2,500000,C,109.88,,PC002,ORD000936
JE0001665,1,110000,D,1082.83,,PC015,ORD002363
JE0001665,2,500000,C,1082.83,,PC015,ORD002363
JE0001666,1,110000,D,1257.5,,PC002,ORD000139
JE0001666,2,500000,C,1257.5,,PC002,ORD000139
JE0001667,1,110000,D,240.32,,PC002,ORD001149
JE0001667,2,500000,C,240.32,,PC002,ORD001149
JE0001668,1,110000,D,648.67,,PC003,ORD000787
JE0001668,2,500000,C,648.67,,PC003,ORD000787
JE0001669,1,110000,D,803.07,,PC002,ORD001586
JE0001669,2,500000,C,803.07,,PC002,ORD001586
JE0001670,1,110000,D,2091.09,,PC008,ORD001119
JE0001670,2,500000,C,2091.09,,PC008,ORD001119
JE0001671,1,110000,D,314.45,,PC005,ORD002874
JE0001671,2,500000,C,314.45,,PC005,ORD002874
JE0001672,1,110000,D,1308.78,,PC010,ORD002845
JE0001672,2,500000,C,1308.78,,PC010,ORD002845
JE0001673,1,110000,D,713.02,,PC004,ORD002374
JE0001673,2,500000,C,713.02,,PC004,ORD002374
JE0001674,1,110000,D,1100.87,,PC006,ORD002434
JE0001674,2,500000,C,1100.87,,PC006,ORD002434
JE0001675,1,110000,D,536.55,,PC001,ORD001374
JE0001675,2,500000,C,536.55,,PC001,ORD001374
JE0001676,1,110000,D,2580.49,,PC010,ORD002490
JE0001676,2,500000,C,2580.49,,PC010,ORD002490
JE0001677,1,110000,D,729.58,,PC001,ORD000953
JE0001677,2,500000,C,729.58,,PC001,ORD000953
JE0001678,1,110000,D,1541.24,,PC008,ORD002638
JE0001678,2,500000,C,1541.24,,PC008,ORD002638
JE0001679,1,110000,D,1771.69,,PC001,ORD001196
JE0001679,2,500000,C,1771.69,,PC001,ORD001196
JE0001680,1,110000,D,559.05,,PC005,ORD002574
JE0001680,2,500000,C,559.05,,PC005,ORD002574
JE0001681,1,110000,D,177.67,,PC009,ORD002436
JE0001681,2,500000,C,177.67,,PC009,ORD002436
JE0001682,1,110000,D,300.55,,PC007,ORD001575
JE0001682,2,500000,C,300.55,,PC007,ORD001575
JE0001683,1,110000,D,561.92,,PC002,ORD002669
JE0001683,2,500000,C,561.92,,PC002,ORD002669
JE0001684,1,110000,D,233.14,,PC001,ORD002754
JE0001684,2,500000,C,233.14,,PC001,ORD002754
JE0001685,1,110000,D,607.17,,PC001,ORD001290
JE0001685,2,500000,C,607.17,,PC001,ORD001290
JE0001686,1,110000,D,824.37,,PC012,ORD000129
JE0001686,2,500000,C,824.37,,PC012,ORD000129
JE0001687,1,110000,D,303.35,,PC008,ORD002425
JE0001687,2,500000,C,303.35,,PC008,ORD002425
JE0001688,1,110000,D,298.42,,PC011,ORD002867
JE0001688,2,500000,C,298.42,,PC011,ORD002867
JE0001689,1,110000,D,839.34,,PC002,ORD001332
JE0001689,2,500000,C,839.34,,PC002,ORD001332
JE0001690,1,110000,D,1105.71,,PC002,ORD000161
JE0001690,2,500000,C,1105.71,,PC002,ORD000161
JE0001691,1,110000,D,327.8,,PC002,ORD000932
JE0001691,2,500000,C,327.8,,PC002,ORD000932
JE0001692,1,110000,D,70.02,,PC011,ORD001389
JE0001692,2,500000,C,70.02,,PC011,ORD001389
JE0001693,1,110000,D,799.7,,PC014,ORD002888
JE0001693,2,500000,C,799.7,,PC014,ORD002888
JE0001694,1,110000,D,671.22,,PC006,ORD002085
JE0001694,2,500000,C,671.22,,PC006,ORD002085
JE0001695,1,110000,D,927.67,,PC011,ORD001853
JE0001695,2,500000,C,927.67,,PC011,ORD001853
JE0001696,1,110000,D,1128.12,,PC007,ORD002335
JE0001696,2,500000,C,1128.12,,PC007,ORD002335
JE0001697,1,110000,D,170.85,,PC004,ORD001379
JE0001697,2,500000,C,170.85,,PC004,ORD001379
JE0001698,1,110000,D,1084.59,,PC015,ORD000421
JE0001698,2,500000,C,1084.59,,PC015,ORD000421
JE0001699,1,110000,D,1109.38,,PC003,ORD002405
JE0001699,2,500000,C,1109.38,,PC003,ORD002405
JE0001700,1,110000,D,812.83,,PC008,ORD002480
JE0001700,2,500000,C,812.83,,PC008,ORD002480
JE0001701,1,110000,D,292.2,,PC006,ORD000287
JE0001701,2,500000,C,292.2,,PC006,ORD000287
JE0001702,1,110000,D,845.45,,PC005,ORD002432
JE0001702,2,500000,C,845.45,,PC005,ORD002432
JE0001703,1,110000,D,2016.94,,PC014,ORD001865
JE0001703,2,500000,C,2016.94,,PC014,ORD001865
JE0001704,1,110000,D,276.65,,PC013,ORD001041
JE0001704,2,500000,C,276.65,,PC013,ORD001041
JE0001705,1,110000,D,972.91,,PC003,ORD000133
JE0001705,2,500000,C,972.91,,PC003,ORD000133
JE0001706,1,110000,D,948.06,,PC015,ORD002787
JE0001706,2,500000,C,948.06,,PC015,ORD002787
JE0001707,1,110000,D,262.33,,PC011,ORD001894
JE0001707,2,500000,C,262.33,,PC011,ORD001894
JE0001708,1,110000,D,2230.67,,PC008,ORD002565
JE0001708,2,500000,C,2230.67,,PC008,ORD002565
JE0001709,1,110000,D,884.93,,PC007,ORD001080
JE0001709,2,500000,C,884.93,,PC007,ORD001080
JE0001710,1,110000,D,898.68,,PC005,ORD002994
JE0001710,2,500000,C,898.68,,PC005,ORD002994
JE0001711,1,110000,D,873.4,,PC004,ORD002111
JE0001711,2,500000,C,873.4,,PC004,ORD002111
JE0001712,1,110000,D,97.26,,PC013,ORD002390
JE0001712,2,500000,C,97.26,,PC013,ORD002390
JE0001713,1,110000,D,754.03,,PC012,ORD000136
JE0001713,2,500000,C,754.03,,PC012,ORD000136
JE0001714,1,110000,D,783.47,,PC011,ORD001214
JE0001714,2,500000,C,783.47,,PC011,ORD001214
JE0001715,1,110000,D,1820.24,,PC001,ORD002895
JE0001715,2,500000,C,1820.24,,PC001,ORD002895
JE0001716,1,110000,D,566.67,,PC007,ORD002721
JE0001716,2,500000,C,566.67,,PC007,ORD002721
JE0001717,1,110000,D,448.44,,PC003,ORD000212
JE0001717,2,500000,C,448.44,,PC003,ORD000212
JE0001718,1,110000,D,264.94,,PC012,ORD002296
JE0001718,2,500000,C,264.94,,PC012,ORD002296
JE0001719,1,110000,D,636.08,,PC012,ORD002139
JE0001719,2,500000,C,636.08,,PC012,ORD002139
JE0001720,1,110000,D,196.41,,PC013,ORD000275
JE0001720,2,500000,C,196.41,,PC013,ORD000275
JE0001721,1,110000,D,1617.83,,PC014,ORD002050
JE0001721,2,500000,C,1617.83,,PC014,ORD002050
JE0001722,1,110000,D,902.54,,PC015,ORD000089
JE0001722,2,500000,C,902.54,,PC015,ORD000089
JE0001723,1,110000,D,269.57,,PC011,ORD000751
JE0001723,2,500000,C,269.57,,PC011,ORD000751
JE0001724,1,110000,D,1335.9,,PC006,ORD002293
JE0001724,2,500000,C,1335.9,,PC006,ORD002293
JE0001725,1,110000,D,745.57,,PC003,ORD000299
JE0001725,2,500000,C,745.57,,PC003,ORD000299
JE0001726,1,110000,D,638.37,,PC015,ORD002950
JE0001726,2,500000,C,638.37,,PC015,ORD002950
JE0001727,1,110000,D,102.96,,PC006,ORD000568
JE0001727,2,500000,C,102.96,,PC006,ORD000568
JE0001728,1,110000,D,836.31,,PC011,ORD001627
JE0001728,2,500000,C,836.31,,PC011,ORD001627
JE0001729,1,110000,D,892.82,,PC006,ORD000262
JE0001729,2,500000,C,892.82,,PC006,ORD000262
JE0001730,1,110000,D,693.23,,PC007,ORD001729
JE0001730,2,500000,C,693.23,,PC007,ORD001729
JE0001731,1,110000,D,852.97,,PC008,ORD002724
JE0001731,2,500000,C,852.97,,PC008,ORD002724
JE0001732,1,110000,D,384.24,,PC014,ORD000316
JE0001732,2,500000,C,384.24,,PC014,ORD000316
JE0001733,1,110000,D,416.72,,PC004,ORD002130
JE0001733,2,500000,C,416.72,,PC004,ORD002130
JE0001734,1,110000,D,205.89,,PC009,ORD000104
JE0001734,2,500000,C,205.89,,PC009,ORD000104
JE0001735,1,110000,D,363.6,,PC009,ORD001615
JE0001735,2,500000,C,363.6,,PC009,ORD001615
JE0001736,1,110000,D,341.44,,PC009,ORD002024
JE0001736,2,500000,C,341.44,,PC009,ORD002024
JE0001737,1,110000,D,672.45,,PC010,ORD001070
JE0001737,2,500000,C,672.45,,PC010,ORD001070
JE0001738,1,110000,D,488.03,,PC006,ORD002584
JE0001738,2,500000,C,488.03,,PC006,ORD002584
JE0001739,1,110000,D,776.77,,PC015,ORD000927
JE0001739,2,500000,C,776.77,,PC015,ORD000927
JE0001740,1,110000,D,1254.99,,PC002,ORD002369
JE0001740,2,500000,C,1254.99,,PC002,ORD002369
JE0001741,1,110000,D,1379.21,,PC001,ORD002454
JE0001741,2,500000,C,1379.21,,PC001,ORD002454
JE0001742,1,110000,D,502.66,,PC010,ORD000366
JE0001742,2,500000,C,502.66,,PC010,ORD000366
JE0001743,1,110000,D,968.54,,PC012,ORD002588
JE0001743,2,500000,C,968.54,,PC012,ORD002588
JE0001744,1,110000,D,779.88,,PC004,ORD000529
JE0001744,2,500000,C,779.88,,PC004,ORD000529
JE0001745,1,110000,D,486.94,,PC006,ORD000045
JE0001745,2,500000,C,486.94,,PC006,ORD000045
JE0001746,1,110000,D,1004.89,,PC006,ORD000309
JE0001746,2,500000,C,1004.89,,PC006,ORD000309
JE0001747,1,110000,D,272.62,,PC001,ORD001506
JE0001747,2,500000,C,272.62,,PC001,ORD001506
JE0001748,1,110000,D,1925.87,,PC006,ORD001551
JE0001748,2,500000,C,1925.87,,PC006,ORD001551
JE0001749,1,110000,D,955.17,,PC001,ORD000449
JE0001749,2,500000,C,955.17,,PC001,ORD000449
JE0001750,1,110000,D,89.98,,PC005,ORD001375
JE0001750,2,500000,C,89.98,,PC005,ORD001375
JE0001751,1,110000,D,1701.59,,PC015,ORD000572
JE0001751,2,500000,C,1701.59,,PC015,ORD000572
JE0001752,1,110000,D,576.16,,PC005,ORD001135
JE0001752,2,500000,C,576.16,,PC005,ORD001135
JE0001753,1,110000,D,1238.25,,PC012,ORD001204
JE0001753,2,500000,C,1238.25,,PC012,ORD001204
JE0001754,1,110000,D,876.38,,PC015,ORD002263
JE0001754,2,500000,C,876.38,,PC015,ORD002263
JE0001755,1,110000,D,576.4,,PC010,ORD001173
JE0001755,2,500000,C,576.4,,PC010,ORD001173
JE0001756,1,110000,D,1257.76,,PC007,ORD001319
JE0001756,2,500000,C,1257.76,,PC007,ORD001319
JE0001757,1,110000,D,331.82,,PC003,ORD000600
JE0001757,2,500000,C,331.82,,PC003,ORD000600
JE0001758,1,110000,D,1395.49,,PC002,ORD002148
JE0001758,2,500000,C,1395.49,,PC002,ORD002148
JE0001759,1,110000,D,398.33,,PC012,ORD001960
JE0001759,2,500000,C,398.33,,PC012,ORD001960
JE0001760,1,110000,D,198.06,,PC006,ORD000834
JE0001760,2,500000,C,198.06,,PC006,ORD000834
JE0001761,1,110000,D,204.79,,PC005,ORD000942
JE0001761,2,500000,C,204.79,,PC005,ORD000942
JE0001762,1,110000,D,510.42,,PC001,ORD000063
JE0001762,2,500000,C,510.42,,PC001,ORD000063
JE0001763,1,110000,D,928.32,,PC005,ORD001683
JE0001763,2,500000,C,928.32,,PC005,ORD001683
JE0001764,1,110000,D,215.1,,PC012,ORD000987
JE0001764,2,500000,C,215.1,,PC012,ORD000987
JE0001765,1,110000,D,203.32,,PC005,ORD002134
JE0001765,2,500000,C,203.32,,PC005,ORD002134
JE0001766,1,110000,D,818.31,,PC010,ORD000333
JE0001766,2,500000,C,818.31,,PC010,ORD000333
JE0001767,1,110000,D,467.43,,PC010,ORD002633
JE0001767,2,500000,C,467.43,,PC010,ORD002633
JE0001768,1,110000,D,394.21,,PC015,ORD002264
JE0001768,2,500000,C,394.21,,PC015,ORD002264
JE0001769,1,110000,D,770.0,,PC012,ORD001896
JE0001769,2,500000,C,770.0,,PC012,ORD001896
JE0001770,1,110000,D,372.94,,PC001,ORD002236
JE0001770,2,500000,C,372.94,,PC001,ORD002236
JE0001771,1,110000,D,651.98,,PC010,ORD001167
JE0001771,2,500000,C,651.98,,PC010,ORD001167
JE0001772,1,110000,D,607.42,,PC003,ORD000630
JE0001772,2,500000,C,607.42,,PC003,ORD000630
JE0001773,1,110000,D,641.4,,PC001,ORD001885
JE0001773,2,500000,C,641.4,,PC001,ORD001885
JE0001774,1,110000,D,739.44,,PC010,ORD002539
JE0001774,2,500000,C,739.44,,PC010,ORD002539
JE0001775,1,110000,D,201.15,,PC001,ORD002136
JE0001775,2,500000,C,201.15,,PC001,ORD002136
JE0001776,1,110000,D,475.07,,PC006,ORD002708
JE0001776,2,500000,C,475.07,,PC006,ORD002708
JE0001777,1,110000,D,112.27,,PC009,ORD002272
JE0001777,2,500000,C,112.27,,PC009,ORD002272
JE0001778,1,110000,D,92.21,,PC005,ORD002415
JE0001778,2,500000,C,92.21,,PC005,ORD002415
JE0001779,1,110000,D,791.55,,PC012,ORD000824
JE0001779,2,500000,C,791.55,,PC012,ORD000824
JE0001780,1,110000,D,690.36,,PC012,ORD001223
JE0001780,2,500000,C,690.36,,PC012,ORD001223
JE0001781,1,110000,D,269.49,,PC012,ORD002348
JE0001781,2,500000,C,269.49,,PC012,ORD002348
JE0001782,1,110000,D,1154.48,,PC006,ORD000461
JE0001782,2,500000,C,1154.48,,PC006,ORD000461
JE0001783,1,110000,D,186.56,,PC006,ORD001859
JE0001783,2,500000,C,186.56,,PC006,ORD001859
JE0001784,1,110000,D,693.41,,PC005,ORD000160
JE0001784,2,500000,C,693.41,,PC005,ORD000160
JE0001785,1,110000,D,355.7,,PC007,ORD000740
JE0001785,2,500000,C,355.7,,PC007,ORD000740
JE0001786,1,110000,D,67.2,,PC007,ORD000008
JE0001786,2,500000,C,67.2,,PC007,ORD000008
JE0001787,1,110000,D,1287.32,,PC002,ORD002162
JE0001787,2,500000,C,1287.32,,PC002,ORD002162
JE0001788,1,110000,D,509.77,,PC005,ORD000372
JE0001788,2,500000,C,509.77,,PC005,ORD000372
JE0001789,1,110000,D,1342.5,,PC010,ORD002696
JE0001789,2,500000,C,1342.5,,PC010,ORD002696
JE0001790,1,110000,D,746.66,,PC011,ORD002080
JE0001790,2,500000,C,746.66,,PC011,ORD002080
JE0001791,1,110000,D,122.26,,PC005,ORD000084
JE0001791,2,500000,C,122.26,,PC005,ORD000084
JE0001792,1,110000,D,609.84,,PC007,ORD001873
JE0001792,2,500000,C,609.84,,PC007,ORD001873
JE0001793,1,110000,D,799.19,,PC007,ORD002417
JE0001793,2,500000,C,799.19,,PC007,ORD002417
JE0001794,1,110000,D,1874.95,,PC003,ORD002907
JE0001794,2,500000,C,1874.95,,PC003,ORD002907
JE0001795,1,110000,D,903.78,,PC003,ORD001507
JE0001795,2,500000,C,903.78,,PC003,ORD001507
JE0001796,1,110000,D,620.05,,PC011,ORD002817
JE0001796,2,500000,C,620.05,,PC011,ORD002817
JE0001797,1,110000,D,452.47,,PC008,ORD000428
JE0001797,2,500000,C,452.47,,PC008,ORD000428
JE0001798,1,110000,D,496.19,,PC010,ORD000290
JE0001798,2,500000,C,496.19,,PC010,ORD000290
JE0001799,1,110000,D,1557.49,,PC001,ORD002695
JE0001799,2,500000,C,1557.49,,PC001,ORD002695
JE0001800,1,110000,D,327.11,,PC003,ORD001554
JE0001800,2,500000,C,327.11,,PC003,ORD001554
JE0001801,1,600000,D,34720.62,CC0012,,
JE0001801,2,200000,C,34720.62,CC0012,,
JE0001802,1,600000,D,11581.32,CC0021,,
JE0001802,2,200000,C,11581.32,CC0021,,
JE0001803,1,600000,D,57290.69,CC0018,,
JE0001803,2,200000,C,57290.69,CC0018,,
JE0001804,1,600000,D,52095.9,CC0017,,
JE0001804,2,200000,C,52095.9,CC0017,,
JE0001805,1,600000,D,20310.75,CC0019,,
JE0001805,2,200000,C,20310.75,CC0019,,
JE0001806,1,600000,D,22766.24,CC0006,,
JE0001806,2,200000,C,22766.24,CC0006,,
JE0001807,1,600000,D,44634.98,CC0015,,
JE0001807,2,200000,C,44634.98,CC0015,,
JE0001808,1,600000,D,35909.77,CC0009,,
JE0001808,2,200000,C,35909.77,CC0009,,
JE0001809,1,600000,D,44215.34,CC0024,,
JE0001809,2,200000,C,44215.34,CC0024,,
JE0001810,1,600000,D,9883.42,CC0015,,
JE0001810,2,200000,C,9883.42,CC0015,,
JE0001811,1,600000,D,14746.87,CC0022,,
JE0001811,2,200000,C,14746.87,CC0022,,
JE0001812,1,600000,D,57108.43,CC0003,,
JE0001812,2,200000,C,57108.43,CC0003,,
JE0001813,1,600000,D,51091.35,CC0023,,
JE0001813,2,200000,C,51091.35,CC0023,,
JE0001814,1,600000,D,13106.47,CC0019,,
JE0001814,2,200000,C,13106.47,CC0019,,
JE0001815,1,600000,D,30029.7,CC0016,,
JE0001815,2,200000,C,30029.7,CC0016,,
JE0001816,1,600000,D,42987.5,CC0018,,
JE0001816,2,200000,C,42987.5,CC0018,,
JE0001817,1,600000,D,53939.96,CC0022,,
JE0001817,2,200000,C,53939.96,CC0022,,
JE0001818,1,600000,D,28049.02,CC0010,,
JE0001818,2,200000,C,28049.02,CC0010,,
JE0001819,1,600000,D,30820.24,CC0018,,
JE0001819,2,200000,C,30820.24,CC0018,,
JE0001820,1,600000,D,5415.0,CC0008,,
JE0001820,2,200000,C,5415.0,CC0008,,
JE0001821,1,600000,D,40084.19,CC0004,,
JE0001821,2,200000,C,40084.19,CC0004,,
JE0001822,1,600000,D,16398.47,CC0008,,
JE0001822,2,200000,C,16398.47,CC0008,,
JE0001823,1,600000,D,42342.81,CC0024,,
JE0001823,2,200000,C,42342.81,CC0024,,
JE0001824,1,600000,D,27712.71,CC0019,,
JE0001824,2,200000,C,27712.71,CC0019,,
JE0001825,1,600000,D,9030.6,CC0005,,
JE0001825,2,200000,C,9030.6,CC0005,,
JE0001826,1,600000,D,10169.22,CC0014,,
JE0001826,2,200000,C,10169.22,CC0014,,
JE0001827,1,600000,D,19527.96,CC0001,,
JE0001827,2,200000,C,19527.96,CC0001,,
JE0001828,1,600000,D,57913.45,CC0010,,
JE0001828,2,200000,C,57913.45,CC0010,,
JE0001829,1,600000,D,28337.45,CC0013,,
JE0001829,2,200000,C,28337.45,CC0013,,
JE0001830,1,600000,D,10299.31,CC0011,,
JE0001830,2,200000,C,10299.31,CC0011,,
JE0001831,1,600000,D,13686.23,CC0007,,
JE0001831,2,200000,C,13686.23,CC0007,,
JE0001832,1,600000,D,6381.56,CC0014,,
JE0001832,2,200000,C,6381.56,CC0014,,
JE0001833,1,600000,D,24378.42,CC0004,,
JE0001833,2,200000,C,24378.42,CC0004,,
JE0001834,1,600000,D,16349.84,CC0008,,
JE0001834,2,200000,C,16349.84,CC0008,,
JE0001835,1,600000,D,57173.7,CC0019,,
JE0001835,2,200000,C,57173.7,CC0019,,
JE0001836,1,600000,D,6588.79,CC0005,,
JE0001836,2,200000,C,6588.79,CC0005,,
JE0001837,1,600000,D,8165.74,CC0013,,
JE0001837,2,200000,C,8165.74,CC0013,,
JE0001838,1,600000,D,8712.2,CC0001,,
JE0001838,2,200000,C,8712.2,CC0001,,
JE0001839,1,600000,D,41490.83,CC0025,,
JE0001839,2,200000,C,41490.83,CC0025,,
JE0001840,1,600000,D,35357.1,CC0016,,
JE0001840,2,200000,C,35357.1,CC0016,,
JE0001841,1,600000,D,2286.21,CC0018,,
JE0001841,2,200000,C,2286.21,CC0018,,
JE0001842,1,600000,D,48748.62,CC0009,,
JE0001842,2,200000,C,48748.62,CC0009,,
JE0001843,1,600000,D,8229.13,CC0009,,
JE0001843,2,200000,C,8229.13,CC0009,,
JE0001844,1,600000,D,10911.36,CC0001,,
JE0001844,2,200000,C,10911.36,CC0001,,
JE0001845,1,600000,D,30271.46,CC0006,,
JE0001845,2,200000,C,30271.46,CC0006,,
JE0001846,1,600000,D,11195.63,CC0020,,
JE0001846,2,200000,C,11195.63,CC0020,,
JE0001847,1,600000,D,17223.92,CC0008,,
JE0001847,2,200000,C,17223.92,CC0008,,
JE0001848,1,600000,D,3044.32,CC0014,,
JE0001848,2,200000,C,3044.32,CC0014,,
JE0001849,1,600000,D,39189.43,CC0023,,
JE0001849,2,200000,C,39189.43,CC0023,,
JE0001850,1,600000,D,4597.77,CC0017,,
JE0001850,2,200000,C,4597.77,CC0017,,
JE0001851,1,600000,D,25734.85,CC0003,,
JE0001851,2,200000,C,25734.85,CC0003,,
JE0001852,1,600000,D,38214.51,CC0022,,
JE0001852,2,200000,C,38214.51,CC0022,,
JE0001853,1,600000,D,59374.81,CC0002,,
JE0001853,2,200000,C,59374.81,CC0002,,
JE0001854,1,600000,D,29301.38,CC0011,,
JE0001854,2,200000,C,29301.38,CC0011,,
JE0001855,1,600000,D,54847.94,CC0006,,
JE0001855,2,200000,C,54847.94,CC0006,,
JE0001856,1,600000,D,16955.71,CC0013,,
JE0001856,2,200000,C,16955.71,CC0013,,
JE0001857,1,600000,D,2728.9,CC0011,,
JE0001857,2,200000,C,2728.9,CC0011,,
JE0001858,1,600000,D,4456.88,CC0023,,
JE0001858,2,200000,C,4456.88,CC0023,,
JE0001859,1,600000,D,46243.69,CC0009,,
JE0001859,2,200000,C,46243.69,CC0009,,
JE0001860,1,600000,D,6907.93,CC0020,,
JE0001860,2,200000,C,6907.93,CC0020,,
JE0001861,1,600000,D,32487.68,CC0016,,
JE0001861,2,200000,C,32487.68,CC0016,,
JE0001862,1,600000,D,46078.93,CC0004,,
JE0001862,2,200000,C,46078.93,CC0004,,
JE0001863,1,600000,D,21933.47,CC0006,,
JE0001863,2,200000,C,21933.47,CC0006,,
JE0001864,1,600000,D,11389.92,CC0017,,
JE0001864,2,200000,C,11389.92,CC0017,,
JE0001865,1,600000,D,54924.82,CC0013,,
JE0001865,2,200000,C,54924.82,CC0013,,
JE0001866,1,600000,D,56905.97,CC0003,,
JE0001866,2,200000,C,56905.97,CC0003,,
JE0001867,1,600000,D,50365.11,CC0024,,
JE0001867,2,200000,C,50365.11,CC0024,,
JE0001868,1,600000,D,32985.35,CC0017,,
JE0001868,2,200000,C,32985.35,CC0017,,
JE0001869,1,600000,D,6325.19,CC0011,,
JE0001869,2,200000,C,6325.19,CC0011,,
JE0001870,1,600000,D,2175.75,CC0017,,
JE0001870,2,200000,C,2175.75,CC0017,,
JE0001871,1,600000,D,55155.87,CC0009,,
JE0001871,2,200000,C,55155.87,CC0009,,
JE0001872,1,600000,D,21104.78,CC0021,,
JE0001872,2,200000,C,21104.78,CC0021,,
JE0001873,1,600000,D,4513.8,CC0025,,
JE0001873,2,200000,C,4513.8,CC0025,,
JE0001874,1,600000,D,46687.62,CC0013,,
JE0001874,2,200000,C,46687.62,CC0013,,
JE0001875,1,600000,D,57672.97,CC0019,,
JE0001875,2,200000,C,57672.97,CC0019,,
JE0001876,1,600000,D,35574.98,CC0003,,
JE0001876,2,200000,C,35574.98,CC0003,,
JE0001877,1,600000,D,9050.65,CC0018,,
JE0001877,2,200000,C,9050.65,CC0018,,
JE0001878,1,600000,D,47718.71,CC0011,,
JE0001878,2,200000,C,47718.71,CC0011,,
JE0001879,1,600000,D,11277.96,CC0020,,
JE0001879,2,200000,C,11277.96,CC0020,,
JE0001880,1,600000,D,14171.0,CC0017,,
JE0001880,2,200000,C,14171.0,CC0017,,
JE0001881,1,600000,D,23324.66,CC0010,,
JE0001881,2,200000,C,23324.66,CC0010,,
JE0001882,1,600000,D,8513.55,CC0016,,
JE0001882,2,200000,C,8513.55,CC0016,,
JE0001883,1,600000,D,51194.66,CC0021,,
JE0001883,2,200000,C,51194.66,CC0021,,
JE0001884,1,600000,D,11742.82,CC0021,,
JE0001884,2,200000,C,11742.82,CC0021,,
JE0001885,1,600000,D,38739.16,CC0011,,
JE0001885,2,200000,C,38739.16,CC0011,,
JE0001886,1,600000,D,9297.96,CC0022,,
JE0001886,2,200000,C,9297.96,CC0022,,
JE0001887,1,600000,D,21461.8,CC0014,,
JE0001887,2,200000,C,21461.8,CC0014,,
JE0001888,1,600000,D,49478.05,CC0022,,
JE0001888,2,200000,C,49478.05,CC0022,,
JE0001889,1,600000,D,27351.17,CC0015,,
JE0001889,2,200000,C,27351.17,CC0015,,
JE0001890,1,600000,D,41897.39,CC0018,,
JE0001890,2,200000,C,41897.39,CC0018,,
JE0001891,1,600000,D,43504.4,CC0024,,
JE0001891,2,200000,C,43504.4,CC0024,,
JE0001892,1,600000,D,44222.49,CC0022,,
JE0001892,2,200000,C,44222.49,CC0022,,
JE0001893,1,600000,D,30091.84,CC0022,,
JE0001893,2,200000,C,30091.84,CC0022,,
JE0001894,1,600000,D,6984.29,CC0023,,
JE0001894,2,200000,C,6984.29,CC0023,,
JE0001895,1,600000,D,10596.73,CC0015,,
JE0001895,2,200000,C,10596.73,CC0015,,
JE0001896,1,600000,D,18399.61,CC0002,,
JE0001896,2,200000,C,18399.61,CC0002,,
JE0001897,1,600000,D,5377.82,CC0017,,
JE0001897,2,200000,C,5377.82,CC0017,,
JE0001898,1,600000,D,10493.37,CC0018,,
JE0001898,2,200000,C,10493.37,CC0018,,
JE0001899,1,600000,D,20939.08,CC0021,,
JE0001899,2,200000,C,20939.08,CC0021,,
JE0001900,1,600000,D,42565.77,CC0010,,
JE0001900,2,200000,C,42565.77,CC0010,,
JE0001901,1,600000,D,36831.74,CC0008,,
JE0001901,2,200000,C,36831.74,CC0008,,
JE0001902,1,600000,D,6974.21,CC0007,,
JE0001902,2,200000,C,6974.21,CC0007,,
JE0001903,1,600000,D,25147.51,CC0022,,
JE0001903,2,200000,C,25147.51,CC0022,,
JE0001904,1,600000,D,39975.28,CC0014,,
JE0001904,2,200000,C,39975.28,CC0014,,
JE0001905,1,600000,D,3928.49,CC0014,,
JE0001905,2,200000,C,3928.49,CC0014,,
JE0001906,1,600000,D,10061.81,CC0015,,
JE0001906,2,200000,C,10061.81,CC0015,,
JE0001907,1,600000,D,6170.07,CC0005,,
JE0001907,2,200000,C,6170.07,CC0005,,
JE0001908,1,600000,D,12780.81,CC0023,,
JE0001908,2,200000,C,12780.81,CC0023,,
JE0001909,1,600000,D,38653.25,CC0008,,
JE0001909,2,200000,C,38653.25,CC0008,,
JE0001910,1,600000,D,50782.38,CC0015,,
JE0001910,2,200000,C,50782.38,CC0015,,
JE0001911,1,600000,D,28785.72,CC0018,,
JE0001911,2,200000,C,28785.72,CC0018,,
JE0001912,1,600000,D,6377.08,CC0010,,
JE0001912,2,200000,C,6377.08,CC0010,,
JE0001913,1,600000,D,22890.21,CC0015,,
JE0001913,2,200000,C,22890.21,CC0015,,
JE0001914,1,600000,D,27300.74,CC0012,,
JE0001914,2,200000,C,27300.74,CC0012,,
JE0001915,1,600000,D,16540.65,CC0011,,
JE0001915,2,200000,C,16540.65,CC0011,,
JE0001916,1,600000,D,9916.71,CC0021,,
JE0001916,2,200000,C,9916.71,CC0021,,
JE0001917,1,600000,D,6056.73,CC0023,,
JE0001917,2,200000,C,6056.73,CC0023,,
JE0001918,1,600000,D,58271.63,CC0010,,
JE0001918,2,200000,C,58271.63,CC0010,,
JE0001919,1,600000,D,50607.03,CC0015,,
JE0001919,2,200000,C,50607.03,CC0015,,
JE0001920,1,600000,D,57972.03,CC0025,,
JE0001920,2,200000,C,57972.03,CC0025,,
JE0001921,1,600000,D,34790.14,CC0017,,
JE0001921,2,200000,C,34790.14,CC0017,,
JE0001922,1,600000,D,5658.35,CC0013,,
JE0001922,2,200000,C,5658.35,CC0013,,
JE0001923,1,600000,D,30623.99,CC0009,,
JE0001923,2,200000,C,30623.99,CC0009,,
JE0001924,1,600000,D,8096.63,CC0017,,
JE0001924,2,200000,C,8096.63,CC0017,,
JE0001925,1,600000,D,56994.63,CC0003,,
JE0001925,2,200000,C,56994.63,CC0003,,
JE0001926,1,600000,D,48699.18,CC0008,,
JE0001926,2,200000,C,48699.18,CC0008,,
JE0001927,1,600000,D,5623.74,CC0025,,
JE0001927,2,200000,C,5623.74,CC0025,,
JE0001928,1,600000,D,59838.88,CC0017,,
JE0001928,2,200000,C,59838.88,CC0017,,
JE0001929,1,600000,D,19865.22,CC0007,,
JE0001929,2,200000,C,19865.22,CC0007,,
JE0001930,1,600000,D,6134.62,CC0022,,
JE0001930,2,200000,C,6134.62,CC0022,,
JE0001931,1,600000,D,51540.83,CC0018,,
JE0001931,2,200000,C,51540.83,CC0018,,
JE0001932,1,600000,D,47406.49,CC0024,,
JE0001932,2,200000,C,47406.49,CC0024,,
JE0001933,1,600000,D,7638.61,CC0007,,
JE0001933,2,200000,C,7638.61,CC0007,,
JE0001934,1,600000,D,55570.76,CC0022,,
JE0001934,2,200000,C,55570.76,CC0022,,
JE0001935,1,600000,D,47358.99,CC0003,,
JE0001935,2,200000,C,47358.99,CC0003,,
JE0001936,1,600000,D,52795.72,CC0018,,
JE0001936,2,200000,C,52795.72,CC0018,,
JE0001937,1,600000,D,34749.37,CC0015,,
JE0001937,2,200000,C,34749.37,CC0015,,
JE0001938,1,600000,D,17249.43,CC0008,,
JE0001938,2,200000,C,17249.43,CC0008,,
JE0001939,1,600000,D,3288.17,CC0009,,
JE0001939,2,200000,C,3288.17,CC0009,,
JE0001940,1,600000,D,41740.31,CC0006,,
JE0001940,2,200000,C,41740.31,CC0006,,
JE0001941,1,600000,D,55329.26,CC0019,,
JE0001941,2,200000,C,55329.26,CC0019,,
JE0001942,1,600000,D,20934.1,CC0011,,
JE0001942,2,200000,C,20934.1,CC0011,,
JE0001943,1,600000,D,17540.45,CC0015,,
JE0001943,2,200000,C,17540.45,CC0015,,
JE0001944,1,600000,D,58377.3,CC0021,,
JE0001944,2,200000,C,58377.3,CC0021,,
JE0001945,1,600000,D,58478.95,CC0001,,
JE0001945,2,200000,C,58478.95,CC0001,,
JE0001946,1,600000,D,16895.78,CC0008,,
JE0001946,2,200000,C,16895.78,CC0008,,
JE0001947,1,600000,D,12088.21,CC0021,,
JE0001947,2,200000,C,12088.21,CC0021,,
JE0001948,1,600000,D,44715.74,CC0015,,
JE0001948,2,200000,C,44715.74,CC0015,,
JE0001949,1,600000,D,49440.03,CC0008,,
JE0001949,2,200000,C,49440.03,CC0008,,
JE0001950,1,600000,D,4871.4,CC0022,,
JE0001950,2,200000,C,4871.4,CC0022,,
JE0001951,1,600000,D,9003.34,CC0025,,
JE0001951,2,200000,C,9003.34,CC0025,,
JE0001952,1,600000,D,11250.5,CC0004,,
JE0001952,2,200000,C,11250.5,CC0004,,
JE0001953,1,600000,D,50381.62,CC0021,,
JE0001953,2,200000,C,50381.62,CC0021,,
JE0001954,1,600000,D,3983.0,CC0009,,
JE0001954,2,200000,C,3983.0,CC0009,,
JE0001955,1,600000,D,17164.67,CC0010,,
JE0001955,2,200000,C,17164.67,CC0010,,
JE0001956,1,600000,D,38489.18,CC0021,,
JE0001956,2,200000,C,38489.18,CC0021,,
JE0001957,1,600000,D,15274.35,CC0001,,
JE0001957,2,200000,C,15274.35,CC0001,,
JE0001958,1,600000,D,11477.44,CC0020,,
JE0001958,2,200000,C,11477.44,CC0020,,
JE0001959,1,600000,D,21310.69,CC0007,,
JE0001959,2,200000,C,21310.69,CC0007,,
JE0001960,1,600000,D,45188.71,CC0015,,
JE0001960,2,200000,C,45188.71,CC0015,,
JE0001961,1,600000,D,2619.58,CC0011,,
JE0001961,2,200000,C,2619.58,CC0011,,
JE0001962,1,600000,D,51569.56,CC0020,,
JE0001962,2,200000,C,51569.56,CC0020,,
JE0001963,1,600000,D,16875.93,CC0020,,
JE0001963,2,200000,C,16875.93,CC0020,,
JE0001964,1,600000,D,52013.17,CC0017,,
JE0001964,2,200000,C,52013.17,CC0017,,
JE0001965,1,600000,D,28971.74,CC0008,,
JE0001965,2,200000,C,28971.74,CC0008,,
JE0001966,1,600000,D,36467.38,CC0005,,
JE0001966,2,200000,C,36467.38,CC0005,,
JE0001967,1,600000,D,36892.29,CC0003,,
JE0001967,2,200000,C,36892.29,CC0003,,
JE0001968,1,600000,D,26004.6,CC0024,,
JE0001968,2,200000,C,26004.6,CC0024,,
JE0001969,1,600000,D,28080.88,CC0022,,
JE0001969,2,200000,C,28080.88,CC0022,,
JE0001970,1,600000,D,40954.57,CC0009,,
JE0001970,2,200000,C,40954.57,CC0009,,
JE0001971,1,600000,D,35484.74,CC0006,,
JE0001971,2,200000,C,35484.74,CC0006,,
JE0001972,1,600000,D,34125.97,CC0021,,
JE0001972,2,200000,C,34125.97,CC0021,,
JE0001973,1,600000,D,18610.08,CC0008,,
JE0001973,2,200000,C,18610.08,CC0008,,
JE0001974,1,600000,D,20840.74,CC0009,,
JE0001974,2,200000,C,20840.74,CC0009,,
JE0001975,1,600000,D,51828.0,CC0012,,
JE0001975,2,200000,C,51828.0,CC0012,,
JE0001976,1,600000,D,12113.24,CC0010,,
JE0001976,2,200000,C,12113.24,CC0010,,
JE0001977,1,600000,D,54081.54,CC0012,,
JE0001977,2,200000,C,54081.54,CC0012,,
JE0001978,1,600000,D,39971.29,CC0025,,
JE0001978,2,200000,C,39971.29,CC0025,,
JE0001979,1,600000,D,39668.63,CC0022,,
JE0001979,2,200000,C,39668.63,CC0022,,
JE0001980,1,600000,D,54507.78,CC0025,,
JE0001980,2,200000,C,54507.78,CC0025,,
JE0001981,1,600000,D,35398.4,CC0004,,
JE0001981,2,200000,C,35398.4,CC0004,,
JE0001982,1,600000,D,21246.86,CC0001,,
JE0001982,2,200000,C,21246.86,CC0001,,
JE0001983,1,600000,D,54485.06,CC0012,,
JE0001983,2,200000,C,54485.06,CC0012,,
JE0001984,1,600000,D,50879.74,CC0009,,
JE0001984,2,200000,C,50879.74,CC0009,,
JE0001985,1,600000,D,18333.26,CC0008,,
JE0001985,2,200000,C,18333.26,CC0008,,
JE0001986,1,600000,D,43786.01,CC0014,,
JE0001986,2,200000,C,43786.01,CC0014,,
JE0001987,1,600000,D,56868.48,CC0024,,
JE0001987,2,200000,C,56868.48,CC0024,,
JE0001988,1,600000,D,14112.96,CC0010,,
JE0001988,2,200000,C,14112.96,CC0010,,
JE0001989,1,600000,D,25807.88,CC0012,,
JE0001989,2,200000,C,25807.88,CC0012,,
JE0001990,1,600000,D,16372.99,CC0013,,
JE0001990,2,200000,C,16372.99,CC0013,,
JE0001991,1,600000,D,28761.66,CC0006,,
JE0001991,2,200000,C,28761.66,CC0006,,
JE0001992,1,600000,D,28860.96,CC0020,,
JE0001992,2,200000,C,28860.96,CC0020,,
JE0001993,1,600000,D,52182.37,CC0005,,
JE0001993,2,200000,C,52182.37,CC0005,,
JE0001994,1,600000,D,25373.33,CC0016,,
JE0001994,2,200000,C,25373.33,CC0016,,
JE0001995,1,600000,D,9104.55,CC0019,,
JE0001995,2,200000,C,9104.55,CC0019,,
JE0001996,1,600000,D,59244.3,CC0023,,
JE0001996,2,200000,C,59244.3,CC0023,,
JE0001997,1,600000,D,9450.22,CC0017,,
JE0001997,2,200000,C,9450.22,CC0017,,
JE0001998,1,600000,D,46957.53,CC0003,,
JE0001998,2,200000,C,46957.53,CC0003,,
JE0001999,1,600000,D,19491.43,CC0019,,
JE0001999,2,200000,C,19491.43,CC0019,,
JE0002000,1,600000,D,17138.14,CC0020,,
JE0002000,2,200000,C,17138.14,CC0020,,
JE0002001,1,600000,D,35000.46,CC0002,,
JE0002001,2,200000,C,35000.46,CC0002,,
JE0002002,1,600000,D,8634.95,CC0023,,
JE0002002,2,200000,C,8634.95,CC0023,,
JE0002003,1,600000,D,24800.22,CC0014,,
JE0002003,2,200000,C,24800.22,CC0014,,
JE0002004,1,600000,D,1275.48,CC0020,,
JE0002004,2,200000,C,1275.48,CC0020,,
JE0002005,1,600000,D,57054.05,CC0013,,
JE0002005,2,200000,C,57054.05,CC0013,,
JE0002006,1,600000,D,2057.05,CC0022,,
JE0002006,2,200000,C,2057.05,CC0022,,
JE0002007,1,600000,D,14349.68,CC0016,,
JE0002007,2,200000,C,14349.68,CC0016,,
JE0002008,1,600000,D,8606.92,CC0008,,
JE0002008,2,200000,C,8606.92,CC0008,,
JE0002009,1,600000,D,10854.19,CC0009,,
JE0002009,2,200000,C,10854.19,CC0009,,
JE0002010,1,600000,D,56959.34,CC0025,,
JE0002010,2,200000,C,56959.34,CC0025,,
JE0002011,1,600000,D,26586.25,CC0009,,
JE0002011,2,200000,C,26586.25,CC0009,,
JE0002012,1,600000,D,21221.24,CC0021,,
JE0002012,2,200000,C,21221.24,CC0021,,
JE0002013,1,600000,D,45256.82,CC0012,,
JE0002013,2,200000,C,45256.82,CC0012,,
JE0002014,1,600000,D,2128.36,CC0018,,
JE0002014,2,200000,C,2128.36,CC0018,,
JE0002015,1,600000,D,13460.22,CC0006,,
JE0002015,2,200000,C,13460.22,CC0006,,
JE0002016,1,600000,D,8266.56,CC0004,,
JE0002016,2,200000,C,8266.56,CC0004,,
JE0002017,1,600000,D,23136.35,CC0015,,
JE0002017,2,200000,C,23136.35,CC0015,,
JE0002018,1,600000,D,36041.52,CC0001,,
JE0002018,2,200000,C,36041.52,CC0001,,
JE0002019,1,600000,D,39560.49,CC0022,,
JE0002019,2,200000,C,39560.49,CC0022,,
JE0002020,1,600000,D,25589.76,CC0009,,
JE0002020,2,200000,C,25589.76,CC0009,,
JE0002021,1,600000,D,28989.38,CC0006,,
JE0002021,2,200000,C,28989.38,CC0006,,
JE0002022,1,600000,D,18765.87,CC0013,,
JE0002022,2,200000,C,18765.87,CC0013,,
JE0002023,1,600000,D,37745.07,CC0006,,
JE0002023,2,200000,C,37745.07,CC0006,,
JE0002024,1,600000,D,50008.51,CC0013,,
JE0002024,2,200000,C,50008.51,CC0013,,
JE0002025,1,600000,D,17679.7,CC0016,,
JE0002025,2,200000,C,17679.7,CC0016,,
JE0002026,1,600000,D,12720.15,CC0025,,
JE0002026,2,200000,C,12720.15,CC0025,,
JE0002027,1,600000,D,50058.43,CC0019,,
JE0002027,2,200000,C,50058.43,CC0019,,
JE0002028,1,600000,D,42502.77,CC0025,,
JE0002028,2,200000,C,42502.77,CC0025,,
JE0002029,1,600000,D,33340.19,CC0020,,
JE0002029,2,200000,C,33340.19,CC0020,,
JE0002030,1,600000,D,20505.61,CC0020,,
JE0002030,2,200000,C,20505.61,CC0020,,
JE0002031,1,600000,D,54505.92,CC0016,,
JE0002031,2,200000,C,54505.92,CC0016,,
JE0002032,1,600000,D,9799.53,CC0016,,
JE0002032,2,200000,C,9799.53,CC0016,,
JE0002033,1,600000,D,43690.25,CC0024,,
JE0002033,2,200000,C,43690.25,CC0024,,
JE0002034,1,600000,D,39015.87,CC0017,,
JE0002034,2,200000,C,39015.87,CC0017,,
JE0002035,1,600000,D,16583.38,CC0021,,
JE0002035,2,200000,C,16583.38,CC0021,,
JE0002036,1,600000,D,52574.29,CC0005,,
JE0002036,2,200000,C,52574.29,CC0005,,
JE0002037,1,600000,D,48294.17,CC0002,,
JE0002037,2,200000,C,48294.17,CC0002,,
JE0002038,1,600000,D,6604.91,CC0002,,
JE0002038,2,200000,C,6604.91,CC0002,,
JE0002039,1,600000,D,1570.67,CC0004,,
JE0002039,2,200000,C,1570.67,CC0004,,
JE0002040,1,600000,D,20390.99,CC0004,,
JE0002040,2,200000,C,20390.99,CC0004,,
JE0002041,1,600000,D,52830.06,CC0022,,
JE0002041,2,200000,C,52830.06,CC0022,,
JE0002042,1,600000,D,11789.3,CC0004,,
JE0002042,2,200000,C,11789.3,CC0004,,
JE0002043,1,600000,D,17038.15,CC0010,,
JE0002043,2,200000,C,17038.15,CC0010,,
JE0002044,1,600000,D,48194.05,CC0017,,
JE0002044,2,200000,C,48194.05,CC0017,,
JE0002045,1,600000,D,7670.34,CC0001,,
JE0002045,2,200000,C,7670.34,CC0001,,
JE0002046,1,600000,D,58912.58,CC0025,,
JE0002046,2,200000,C,58912.58,CC0025,,
JE0002047,1,600000,D,25545.64,CC0009,,
JE0002047,2,200000,C,25545.64,CC0009,,
JE0002048,1,600000,D,11694.37,CC0007,,
JE0002048,2,200000,C,11694.37,CC0007,,
JE0002049,1,600000,D,37070.15,CC0009,,
JE0002049,2,200000,C,37070.15,CC0009,,
JE0002050,1,600000,D,29501.7,CC0015,,
JE0002050,2,200000,C,29501.7,CC0015,,
JE0002051,1,600000,D,27000.58,CC0017,,
JE0002051,2,200000,C,27000.58,CC0017,,
JE0002052,1,600000,D,1729.25,CC0020,,
JE0002052,2,200000,C,1729.25,CC0020,,
JE0002053,1,600000,D,58695.84,CC0020,,
JE0002053,2,200000,C,58695.84,CC0020,,
JE0002054,1,600000,D,31626.88,CC0011,,
JE0002054,2,200000,C,31626.88,CC0011,,
JE0002055,1,600000,D,26538.03,CC0023,,
JE0002055,2,200000,C,26538.03,CC0023,,
JE0002056,1,600000,D,21399.22,CC0022,,
JE0002056,2,200000,C,21399.22,CC0022,,
JE0002057,1,600000,D,9770.61,CC0005,,
JE0002057,2,200000,C,9770.61,CC0005,,
JE0002058,1,600000,D,1687.05,CC0017,,
JE0002058,2,200000,C,1687.05,CC0017,,
JE0002059,1,600000,D,51260.4,CC0015,,
JE0002059,2,200000,C,51260.4,CC0015,,
JE0002060,1,600000,D,45334.37,CC0003,,
JE0002060,2,200000,C,45334.37,CC0003,,
JE0002061,1,600000,D,58238.56,CC0008,,
JE0002061,2,200000,C,58238.56,CC0008,,
JE0002062,1,600000,D,33479.24,CC0016,,
JE0002062,2,200000,C,33479.24,CC0016,,
JE0002063,1,600000,D,5651.01,CC0010,,
JE0002063,2,200000,C,5651.01,CC0010,,
JE0002064,1,600000,D,6193.17,CC0020,,
JE0002064,2,200000,C,6193.17,CC0020,,
JE0002065,1,600000,D,8003.7,CC0010,,
JE0002065,2,200000,C,8003.7,CC0010,,
JE0002066,1,600000,D,7055.96,CC0008,,
JE0002066,2,200000,C,7055.96,CC0008,,
JE0002067,1,600000,D,49728.62,CC0021,,
JE0002067,2,200000,C,49728.62,CC0021,,
JE0002068,1,600000,D,53516.54,CC0016,,
JE0002068,2,200000,C,53516.54,CC0016,,
JE0002069,1,600000,D,57070.95,CC0017,,
JE0002069,2,200000,C,57070.95,CC0017,,
JE0002070,1,600000,D,49178.73,CC0011,,
JE0002070,2,200000,C,49178.73,CC0011,,
JE0002071,1,600000,D,34048.9,CC0012,,
JE0002071,2,200000,C,34048.9,CC0012,,
JE0002072,1,600000,D,43282.83,CC0003,,
JE0002072,2,200000,C,43282.83,CC0003,,
JE0002073,1,600000,D,7727.38,CC0010,,
JE0002073,2,200000,C,7727.38,CC0010,,
JE0002074,1,600000,D,1129.62,CC0001,,
JE0002074,2,200000,C,1129.62,CC0001,,
JE0002075,1,600000,D,33313.74,CC0003,,
JE0002075,2,200000,C,33313.74,CC0003,,
JE0002076,1,600000,D,3700.91,CC0007,,
JE0002076,2,200000,C,3700.91,CC0007,,
JE0002077,1,600000,D,49488.48,CC0008,,
JE0002077,2,200000,C,49488.48,CC0008,,
JE0002078,1,600000,D,7310.73,CC0012,,
JE0002078,2,200000,C,7310.73,CC0012,,
JE0002079,1,600000,D,8124.0,CC0019,,
JE0002079,2,200000,C,8124.0,CC0019,,
JE0002080,1,600000,D,27965.71,CC0009,,
JE0002080,2,200000,C,27965.71,CC0009,,
JE0002081,1,600000,D,7358.18,CC0016,,
JE0002081,2,200000,C,7358.18,CC0016,,
JE0002082,1,600000,D,46556.57,CC0006,,
JE0002082,2,200000,C,46556.57,CC0006,,
JE0002083,1,600000,D,57867.43,CC0008,,
JE0002083,2,200000,C,57867.43,CC0008,,
JE0002084,1,600000,D,33640.35,CC0011,,
JE0002084,2,200000,C,33640.35,CC0011,,
JE0002085,1,600000,D,55537.88,CC0016,,
JE0002085,2,200000,C,55537.88,CC0016,,
JE0002086,1,600000,D,41817.25,CC0015,,
JE0002086,2,200000,C,41817.25,CC0015,,
JE0002087,1,600000,D,7109.68,CC0017,,
JE0002087,2,200000,C,7109.68,CC0017,,
JE0002088,1,600000,D,30742.5,CC0017,,
JE0002088,2,200000,C,30742.5,CC0017,,
JE0002089,1,600000,D,17142.16,CC0009,,
JE0002089,2,200000,C,17142.16,CC0009,,
JE0002090,1,600000,D,27717.9,CC0025,,
JE0002090,2,200000,C,27717.9,CC0025,,
JE0002091,1,600000,D,36548.94,CC0020,,
JE0002091,2,200000,C,36548.94,CC0020,,
JE0002092,1,600000,D,50741.39,CC0011,,
JE0002092,2,200000,C,50741.39,CC0011,,
JE0002093,1,600000,D,43000.59,CC0019,,
JE0002093,2,200000,C,43000.59,CC0019,,
JE0002094,1,600000,D,12852.46,CC0004,,
JE0002094,2,200000,C,12852.46,CC0004,,
JE0002095,1,600000,D,41510.07,CC0022,,
JE0002095,2,200000,C,41510.07,CC0022,,
JE0002096,1,600000,D,58898.79,CC0019,,
JE0002096,2,200000,C,58898.79,CC0019,,
JE0002097,1,600000,D,30729.71,CC0024,,
JE0002097,2,200000,C,30729.71,CC0024,,
JE0002098,1,600000,D,42910.81,CC0023,,
JE0002098,2,200000,C,42910.81,CC0023,,
JE0002099,1,600000,D,35385.57,CC0021,,
JE0002099,2,200000,C,35385.57,CC0021,,
JE0002100,1,600000,D,40780.37,CC0013,,
JE0002100,2,200000,C,40780.37,CC0013,,
JE0002101,1,600000,D,52771.16,CC0003,,
JE0002101,2,200000,C,52771.16,CC0003,,
JE0002102,1,600000,D,31841.07,CC0023,,
JE0002102,2,200000,C,31841.07,CC0023,,
JE0002103,1,600000,D,4130.83,CC0024,,
JE0002103,2,200000,C,4130.83,CC0024,,
JE0002104,1,600000,D,45260.92,CC0005,,
JE0002104,2,200000,C,45260.92,CC0005,,
JE0002105,1,600000,D,41320.03,CC0025,,
JE0002105,2,200000,C,41320.03,CC0025,,
JE0002106,1,600000,D,41745.1,CC0012,,
JE0002106,2,200000,C,41745.1,CC0012,,
JE0002107,1,600000,D,22162.26,CC0010,,
JE0002107,2,200000,C,22162.26,CC0010,,
JE0002108,1,600000,D,44802.35,CC0007,,
JE0002108,2,200000,C,44802.35,CC0007,,
JE0002109,1,600000,D,31144.42,CC0021,,
JE0002109,2,200000,C,31144.42,CC0021,,
JE0002110,1,600000,D,41883.23,CC0011,,
JE0002110,2,200000,C,41883.23,CC0011,,
JE0002111,1,600000,D,23865.72,CC0019,,
JE0002111,2,200000,C,23865.72,CC0019,,
JE0002112,1,600000,D,57984.16,CC0011,,
JE0002112,2,200000,C,57984.16,CC0011,,
JE0002113,1,600000,D,12982.15,CC0008,,
JE0002113,2,200000,C,12982.15,CC0008,,
JE0002114,1,600000,D,49969.03,CC0025,,
JE0002114,2,200000,C,49969.03,CC0025,,
JE0002115,1,600000,D,45551.35,CC0016,,
JE0002115,2,200000,C,45551.35,CC0016,,
JE0002116,1,600000,D,46792.66,CC0001,,
JE0002116,2,200000,C,46792.66,CC0001,,
JE0002117,1,600000,D,27480.08,CC0015,,
JE0002117,2,200000,C,27480.08,CC0015,,
JE0002118,1,600000,D,12031.62,CC0020,,
JE0002118,2,200000,C,12031.62,CC0020,,
JE0002119,1,600000,D,23254.7,CC0020,,
JE0002119,2,200000,C,23254.7,CC0020,,
JE0002120,1,600000,D,8673.93,CC0014,,
JE0002120,2,200000,C,8673.93,CC0014,,
JE0002121,1,600000,D,1333.06,CC0021,,
JE0002121,2,200000,C,1333.06,CC0021,,
JE0002122,1,600000,D,3356.49,CC0025,,
JE0002122,2,200000,C,3356.49,CC0025,,
JE0002123,1,600000,D,46646.0,CC0025,,
JE0002123,2,200000,C,46646.0,CC0025,,
JE0002124,1,600000,D,29942.51,CC0014,,
JE0002124,2,200000,C,29942.51,CC0014,,
JE0002125,1,600000,D,5299.97,CC0024,,
JE0002125,2,200000,C,5299.97,CC0024,,
JE0002126,1,600000,D,57462.28,CC0023,,
JE0002126,2,200000,C,57462.28,CC0023,,
JE0002127,1,600000,D,25539.94,CC0024,,
JE0002127,2,200000,C,25539.94,CC0024,,
JE0002128,1,600000,D,21614.77,CC0016,,
JE0002128,2,200000,C,21614.77,CC0016,,
JE0002129,1,600000,D,20532.93,CC0016,,
JE0002129,2,200000,C,20532.93,CC0016,,
JE0002130,1,600000,D,59801.23,CC0006,,
JE0002130,2,200000,C,59801.23,CC0006,,
JE0002131,1,600000,D,7768.6,CC0008,,
JE0002131,2,200000,C,7768.6,CC0008,,
JE0002132,1,600000,D,54365.29,CC0010,,
JE0002132,2,200000,C,54365.29,CC0010,,
JE0002133,1,600000,D,57574.91,CC0023,,
JE0002133,2,200000,C,57574.91,CC0023,,
JE0002134,1,600000,D,23500.98,CC0011,,
JE0002134,2,200000,C,23500.98,CC0011,,
JE0002135,1,600000,D,23766.68,CC0017,,
JE0002135,2,200000,C,23766.68,CC0017,,
JE0002136,1,600000,D,2457.64,CC0021,,
JE0002136,2,200000,C,2457.64,CC0021,,
JE0002137,1,600000,D,31344.23,CC0021,,
JE0002137,2,200000,C,31344.23,CC0021,,
JE0002138,1,600000,D,3587.25,CC0008,,
JE0002138,2,200000,C,3587.25,CC0008,,
JE0002139,1,600000,D,19898.45,CC0008,,
JE0002139,2,200000,C,19898.45,CC0008,,
JE0002140,1,600000,D,10876.29,CC0003,,
JE0002140,2,200000,C,10876.29,CC0003,,
JE0002141,1,600000,D,37989.05,CC0025,,
JE0002141,2,200000,C,37989.05,CC0025,,
JE0002142,1,600000,D,52032.1,CC0017,,
JE0002142,2,200000,C,52032.1,CC0017,,
JE0002143,1,600000,D,13129.19,CC0022,,
JE0002143,2,200000,C,13129.19,CC0022,,
JE0002144,1,600000,D,39147.11,CC0002,,
JE0002144,2,200000,C,39147.11,CC0002,,
JE0002145,1,600000,D,2401.42,CC0001,,
JE0002145,2,200000,C,2401.42,CC0001,,
JE0002146,1,600000,D,6163.73,CC0019,,
JE0002146,2,200000,C,6163.73,CC0019,,
JE0002147,1,600000,D,33926.97,CC0018,,
JE0002147,2,200000,C,33926.97,CC0018,,
JE0002148,1,600000,D,54748.21,CC0007,,
JE0002148,2,200000,C,54748.21,CC0007,,
JE0002149,1,600000,D,38182.82,CC0023,,
JE0002149,2,200000,C,38182.82,CC0023,,
JE0002150,1,600000,D,23980.61,CC0002,,
JE0002150,2,200000,C,23980.61,CC0002,,
JE0002151,1,600000,D,38843.94,CC0008,,
JE0002151,2,200000,C,38843.94,CC0008,,
JE0002152,1,600000,D,42352.04,CC0006,,
JE0002152,2,200000,C,42352.04,CC0006,,
JE0002153,1,600000,D,18100.36,CC0013,,
JE0002153,2,200000,C,18100.36,CC0013,,
JE0002154,1,600000,D,17609.53,CC0005,,
JE0002154,2,200000,C,17609.53,CC0005,,
JE0002155,1,600000,D,24311.68,CC0016,,
JE0002155,2,200000,C,24311.68,CC0016,,
JE0002156,1,600000,D,10223.08,CC0008,,
JE0002156,2,200000,C,10223.08,CC0008,,
JE0002157,1,600000,D,48009.46,CC0012,,
JE0002157,2,200000,C,48009.46,CC0012,,
JE0002158,1,600000,D,57647.92,CC0025,,
JE0002158,2,200000,C,57647.92,CC0025,,
JE0002159,1,600000,D,57486.11,CC0016,,
JE0002159,2,200000,C,57486.11,CC0016,,
JE0002160,1,600000,D,8270.87,CC0019,,
JE0002160,2,200000,C,8270.87,CC0019,,
JE0002161,1,600000,D,32691.97,CC0011,,
JE0002161,2,200000,C,32691.97,CC0011,,
JE0002162,1,600000,D,13393.12,CC0022,,
JE0002162,2,200000,C,13393.12,CC0022,,
JE0002163,1,600000,D,13492.48,CC0006,,
JE0002163,2,200000,C,13492.48,CC0006,,
JE0002164,1,600000,D,10496.31,CC0010,,
JE0002164,2,200000,C,10496.31,CC0010,,
JE0002165,1,600000,D,12465.25,CC0014,,
JE0002165,2,200000,C,12465.25,CC0014,,
JE0002166,1,600000,D,51231.88,CC0015,,
JE0002166,2,200000,C,51231.88,CC0015,,
JE0002167,1,600000,D,39035.8,CC0015,,
JE0002167,2,200000,C,39035.8,CC0015,,
JE0002168,1,600000,D,15790.57,CC0025,,
JE0002168,2,200000,C,15790.57,CC0025,,
JE0002169,1,600000,D,57140.85,CC0019,,
JE0002169,2,200000,C,57140.85,CC0019,,
JE0002170,1,600000,D,6902.66,CC0022,,
JE0002170,2,200000,C,6902.66,CC0022,,
JE0002171,1,600000,D,19749.37,CC0020,,
JE0002171,2,200000,C,19749.37,CC0020,,
JE0002172,1,600000,D,41914.03,CC0010,,
JE0002172,2,200000,C,41914.03,CC0010,,
JE0002173,1,600000,D,48654.29,CC0004,,
JE0002173,2,200000,C,48654.29,CC0004,,
JE0002174,1,600000,D,1285.08,CC0022,,
JE0002174,2,200000,C,1285.08,CC0022,,
JE0002175,1,600000,D,43019.75,CC0009,,
JE0002175,2,200000,C,43019.75,CC0009,,
JE0002176,1,600000,D,50566.49,CC0010,,
JE0002176,2,200000,C,50566.49,CC0010,,
JE0002177,1,600000,D,52795.26,CC0018,,
JE0002177,2,200000,C,52795.26,CC0018,,
JE0002178,1,600000,D,46711.25,CC0020,,
JE0002178,2,200000,C,46711.25,CC0020,,
JE0002179,1,600000,D,11370.44,CC0006,,
JE0002179,2,200000,C,11370.44,CC0006,,
JE0002180,1,600000,D,51664.11,CC0025,,
JE0002180,2,200000,C,51664.11,CC0025,,
JE0002181,1,600000,D,16530.84,CC0025,,
JE0002181,2,200000,C,16530.84,CC0025,,
JE0002182,1,600000,D,43918.1,CC0006,,
JE0002182,2,200000,C,43918.1,CC0006,,
JE0002183,1,600000,D,48945.9,CC0013,,
JE0002183,2,200000,C,48945.9,CC0013,,
JE0002184,1,600000,D,54471.91,CC0017,,
JE0002184,2,200000,C,54471.91,CC0017,,
JE0002185,1,600000,D,39580.58,CC0007,,
JE0002185,2,200000,C,39580.58,CC0007,,
JE0002186,1,600000,D,14175.09,CC0024,,
JE0002186,2,200000,C,14175.09,CC0024,,
JE0002187,1,600000,D,8898.99,CC0018,,
JE0002187,2,200000,C,8898.99,CC0018,,
JE0002188,1,600000,D,24410.32,CC0014,,
JE0002188,2,200000,C,24410.32,CC0014,,
JE0002189,1,600000,D,51030.93,CC0011,,
JE0002189,2,200000,C,51030.93,CC0011,,
JE0002190,1,600000,D,45675.16,CC0004,,
JE0002190,2,200000,C,45675.16,CC0004,,
JE0002191,1,600000,D,11569.57,CC0009,,
JE0002191,2,200000,C,11569.57,CC0009,,
JE0002192,1,600000,D,44419.27,CC0023,,
JE0002192,2,200000,C,44419.27,CC0023,,
JE0002193,1,600000,D,3384.77,CC0023,,
JE0002193,2,200000,C,3384.77,CC0023,,
JE0002194,1,600000,D,4708.81,CC0003,,
JE0002194,2,200000,C,4708.81,CC0003,,
JE0002195,1,600000,D,40446.55,CC0019,,
JE0002195,2,200000,C,40446.55,CC0019,,
JE0002196,1,600000,D,23897.49,CC0009,,
JE0002196,2,200000,C,23897.49,CC0009,,
JE0002197,1,600000,D,3354.38,CC0014,,
JE0002197,2,200000,C,3354.38,CC0014,,
JE0002198,1,600000,D,42520.44,CC0013,,
JE0002198,2,200000,C,42520.44,CC0013,,
JE0002199,1,600000,D,50257.46,CC0009,,
JE0002199,2,200000,C,50257.46,CC0009,,
JE0002200,1,600000,D,23222.91,CC0025,,
JE0002200,2,200000,C,23222.91,CC0025,,
JE0002201,1,600000,D,31483.11,CC0015,,
JE0002201,2,200000,C,31483.11,CC0015,,
JE0002202,1,600000,D,31465.94,CC0014,,
JE0002202,2,200000,C,31465.94,CC0014,,
JE0002203,1,600000,D,29724.83,CC0025,,
JE0002203,2,200000,C,29724.83,CC0025,,
JE0002204,1,600000,D,30608.38,CC0013,,
JE0002204,2,200000,C,30608.38,CC0013,,
JE0002205,1,600000,D,14569.46,CC0009,,
JE0002205,2,200000,C,14569.46,CC0009,,
JE0002206,1,600000,D,13479.51,CC0003,,
JE0002206,2,200000,C,13479.51,CC0003,,
JE0002207,1,600000,D,36519.2,CC0022,,
JE0002207,2,200000,C,36519.2,CC0022,,
JE0002208,1,600000,D,25462.21,CC0004,,
JE0002208,2,200000,C,25462.21,CC0004,,
JE0002209,1,600000,D,29409.48,CC0019,,
JE0002209,2,200000,C,29409.48,CC0019,,
JE0002210,1,600000,D,35856.66,CC0022,,
JE0002210,2,200000,C,35856.66,CC0022,,
JE0002211,1,600000,D,2324.32,CC0016,,
JE0002211,2,200000,C,2324.32,CC0016,,
JE0002212,1,600000,D,8948.72,CC0011,,
JE0002212,2,200000,C,8948.72,CC0011,,
JE0002213,1,600000,D,4298.81,CC0022,,
JE0002213,2,200000,C,4298.81,CC0022,,
JE0002214,1,600000,D,31481.8,CC0002,,
JE0002214,2,200000,C,31481.8,CC0002,,
JE0002215,1,600000,D,52832.03,CC0006,,
JE0002215,2,200000,C,52832.03,CC0006,,
JE0002216,1,600000,D,56887.98,CC0021,,
JE0002216,2,200000,C,56887.98,CC0021,,
JE0002217,1,600000,D,52170.84,CC0022,,
JE0002217,2,200000,C,52170.84,CC0022,,
JE0002218,1,600000,D,36449.48,CC0025,,
JE0002218,2,200000,C,36449.48,CC0025,,
JE0002219,1,600000,D,37769.49,CC0019,,
JE0002219,2,200000,C,37769.49,CC0019,,
JE0002220,1,600000,D,43727.02,CC0008,,
JE0002220,2,200000,C,43727.02,CC0008,,
JE0002221,1,600000,D,36195.47,CC0007,,
JE0002221,2,200000,C,36195.47,CC0007,,
JE0002222,1,600000,D,23742.25,CC0001,,
JE0002222,2,200000,C,23742.25,CC0001,,
JE0002223,1,600000,D,31839.97,CC0022,,
JE0002223,2,200000,C,31839.97,CC0022,,
JE0002224,1,600000,D,49764.34,CC0004,,
JE0002224,2,200000,C,49764.34,CC0004,,
JE0002225,1,600000,D,29076.28,CC0021,,
JE0002225,2,200000,C,29076.28,CC0021,,
JE0002226,1,600000,D,52787.41,CC0016,,
JE0002226,2,200000,C,52787.41,CC0016,,
JE0002227,1,600000,D,6498.21,CC0020,,
JE0002227,2,200000,C,6498.21,CC0020,,
JE0002228,1,600000,D,53921.17,CC0009,,
JE0002228,2,200000,C,53921.17,CC0009,,
JE0002229,1,600000,D,31800.61,CC0006,,
JE0002229,2,200000,C,31800.61,CC0006,,
JE0002230,1,600000,D,42160.93,CC0017,,
JE0002230,2,200000,C,42160.93,CC0017,,
JE0002231,1,600000,D,47583.78,CC0020,,
JE0002231,2,200000,C,47583.78,CC0020,,
JE0002232,1,600000,D,26103.87,CC0010,,
JE0002232,2,200000,C,26103.87,CC0010,,
JE0002233,1,600000,D,54695.04,CC0025,,
JE0002233,2,200000,C,54695.04,CC0025,,
JE0002234,1,600000,D,16210.49,CC0021,,
JE0002234,2,200000,C,16210.49,CC0021,,
JE0002235,1,600000,D,35101.24,CC0007,,
JE0002235,2,200000,C,35101.24,CC0007,,
JE0002236,1,600000,D,23126.76,CC0013,,
JE0002236,2,200000,C,23126.76,CC0013,,
JE0002237,1,600000,D,25121.86,CC0022,,
JE0002237,2,200000,C,25121.86,CC0022,,
JE0002238,1,600000,D,39442.98,CC0004,,
JE0002238,2,200000,C,39442.98,CC0004,,
JE0002239,1,600000,D,34315.54,CC0015,,
JE0002239,2,200000,C,34315.54,CC0015,,
JE0002240,1,600000,D,45543.34,CC0013,,
JE0002240,2,200000,C,45543.34,CC0013,,
JE0002241,1,600000,D,11544.46,CC0024,,
JE0002241,2,200000,C,11544.46,CC0024,,
JE0002242,1,600000,D,15972.88,CC0008,,
JE0002242,2,200000,C,15972.88,CC0008,,
JE0002243,1,600000,D,46677.47,CC0012,,
JE0002243,2,200000,C,46677.47,CC0012,,
JE0002244,1,600000,D,51444.94,CC0021,,
JE0002244,2,200000,C,51444.94,CC0021,,
JE0002245,1,600000,D,27349.1,CC0013,,
JE0002245,2,200000,C,27349.1,CC0013,,
JE0002246,1,600000,D,6916.44,CC0008,,
JE0002246,2,200000,C,6916.44,CC0008,,
JE0002247,1,600000,D,48250.37,CC0017,,
JE0002247,2,200000,C,48250.37,CC0017,,
JE0002248,1,600000,D,10483.54,CC0011,,
JE0002248,2,200000,C,10483.54,CC0011,,
JE0002249,1,600000,D,48457.79,CC0002,,
JE0002249,2,200000,C,48457.79,CC0002,,
JE0002250,1,600000,D,55625.85,CC0002,,
JE0002250,2,200000,C,55625.85,CC0002,,
JE0002251,1,600000,D,16522.43,CC0013,,
JE0002251,2,200000,C,16522.43,CC0013,,
JE0002252,1,600000,D,43745.19,CC0010,,
JE0002252,2,200000,C,43745.19,CC0010,,
JE0002253,1,600000,D,37223.97,CC0009,,
JE0002253,2,200000,C,37223.97,CC0009,,
JE0002254,1,600000,D,56797.24,CC0024,,
JE0002254,2,200000,C,56797.24,CC0024,,
JE0002255,1,600000,D,26899.35,CC0019,,
JE0002255,2,200000,C,26899.35,CC0019,,
JE0002256,1,600000,D,12490.04,CC0024,,
JE0002256,2,200000,C,12490.04,CC0024,,
JE0002257,1,600000,D,37296.21,CC0025,,
JE0002257,2,200000,C,37296.21,CC0025,,
JE0002258,1,600000,D,15116.14,CC0011,,
JE0002258,2,200000,C,15116.14,CC0011,,
JE0002259,1,600000,D,6123.73,CC0001,,
JE0002259,2,200000,C,6123.73,CC0001,,
JE0002260,1,600000,D,21834.53,CC0023,,
JE0002260,2,200000,C,21834.53,CC0023,,
JE0002261,1,440000,D,2417125.24,CC0016,,
JE0002261,2,100000,C,2417125.24,CC0016,,
JE0002262,1,440000,D,2417125.24,CC0006,,
JE0002262,2,100000,C,2417125.24,CC0006,,
JE0002263,1,440000,D,2417125.24,CC0006,,
JE0002263,2,100000,C,2417125.24,CC0006,,
