invoice_id,order_id,customer_id,invoice_date,due_date,amount,currency,payment_status
ARINV000001,ORD000001,CUST001861,2024-01-05 16:13:57,2024-02-04 16:13:57,1108.56,BRL,Paid
ARINV000002,ORD000002,CUST001830,2023-08-22 16:46:38,2023-09-21 16:46:38,174.98,BRL,Paid
ARINV000003,ORD000003,CUST001187,2023-09-19 21:58:37,2023-10-19 21:58:37,849.68,BRL,Paid
ARINV000004,ORD000004,CUST000303,2024-03-13 14:25:44,2024-04-12 14:25:44,554.92,BRL,Paid
ARINV000005,ORD000005,CUST001476,2024-06-08 13:35:52,2024-07-08 13:35:52,1069.04,BRL,Paid
ARINV000006,ORD000006,CUST000635,2024-07-05 17:54:48,2024-08-04 17:54:48,469.69,BRL,Paid
ARINV000007,ORD000007,CUST001243,2024-08-01 03:21:17,2024-08-31 03:21:17,689.34,BRL,Paid
ARINV000008,ORD000008,CUST000798,2023-06-12 18:41:45,2023-07-12 18:41:45,67.2,BRL,Cancelled
ARINV000009,ORD000009,CUST001293,2024-04-24 22:12:38,2024-05-24 22:12:38,1398.57,BRL,Paid
ARINV000010,ORD000010,CUST000890,2023-10-11 16:57:22,2023-11-10 16:57:22,782.43,BRL,Paid
ARINV000011,ORD000011,CUST001231,2023-03-16 06:36:52,2023-04-15 06:36:52,716.66,BRL,Paid
ARINV000012,ORD000012,CUST001213,2023-01-22 14:37:00,2023-02-21 14:37:00,926.42,BRL,Paid
ARINV000013,ORD000013,CUST000171,2023-01-20 00:18:39,2023-02-19 00:18:39,918.19,BRL,Paid
ARINV000014,ORD000014,CUST001658,2024-08-21 11:53:30,2024-09-20 11:53:30,825.61,BRL,Paid
ARINV000015,ORD000015,CUST000455,2023-12-30 21:00:09,2024-01-29 21:00:09,625.38,BRL,Paid
ARINV000016,ORD000016,CUST000710,2023-04-14 00:57:17,2023-05-14 00:57:17,1330.83,BRL,Paid
ARINV000017,ORD000017,CUST000207,2023-03-12 11:55:20,2023-04-11 11:55:20,170.0,BRL,Cancelled
ARINV000018,ORD000018,CUST000830,2023-07-26 11:01:45,2023-08-25 11:01:45,554.67,BRL,Paid
ARINV000019,ORD000019,CUST000758,2023-01-28 04:59:57,2023-02-27 04:59:57,1233.37,BRL,Cancelled
ARINV000020,ORD000020,CUST001368,2024-01-20 00:55:32,2024-02-19 00:55:32,819.79,BRL,Paid
ARINV000021,ORD000021,CUST000123,2023-02-20 16:16:04,2023-03-22 16:16:04,602.95,BRL,Paid
ARINV000022,ORD000022,CUST000185,2024-08-27 04:32:18,2024-09-26 04:32:18,1214.72,BRL,Paid
ARINV000023,ORD000023,CUST000602,2023-05-05 05:55:49,2023-06-04 05:55:49,227.35,BRL,Paid
ARINV000024,ORD000024,CUST000123,2023-11-21 15:06:51,2023-12-21 15:06:51,493.95,BRL,Paid
ARINV000025,ORD000025,CUST000362,2023-09-19 18:31:20,2023-10-19 18:31:20,565.76,BRL,Paid
ARINV000026,ORD000026,CUST001003,2024-03-06 14:34:29,2024-04-05 14:34:29,85.64,BRL,Paid
ARINV000027,ORD000027,CUST000242,2024-01-05 11:17:09,2024-02-04 11:17:09,350.69,BRL,Paid
ARINV000028,ORD000028,CUST001534,2023-08-23 03:04:29,2023-09-22 03:04:29,197.15,BRL,Open
ARINV000029,ORD000029,CUST001478,2024-10-24 11:46:11,2024-11-23 11:46:11,263.13,BRL,Paid
ARINV000030,ORD000030,CUST000379,2023-05-12 18:52:56,2023-06-11 18:52:56,554.62,BRL,Paid
ARINV000031,ORD000031,CUST001202,2023-03-04 21:42:25,2023-04-03 21:42:25,1450.39,BRL,Paid
ARINV000032,ORD000032,CUST001623,2024-01-16 22:29:04,2024-02-15 22:29:04,115.11,BRL,Paid
ARINV000033,ORD000033,CUST001711,2024-06-15 05:30:41,2024-07-15 05:30:41,783.25,BRL,Paid
ARINV000034,ORD000034,CUST001359,2023-06-16 01:05:29,2023-07-16 01:05:29,177.18,BRL,Paid
ARINV000035,ORD000035,CUST000554,2023-09-29 22:38:35,2023-10-29 22:38:35,2639.24,BRL,Paid
ARINV000036,ORD000036,CUST000194,2023-02-05 05:15:19,2023-03-07 05:15:19,1517.03,BRL,Cancelled
ARINV000037,ORD000037,CUST001031,2024-07-06 13:43:38,2024-08-05 13:43:38,883.44,BRL,Paid
ARINV000038,ORD000038,CUST001709,2023-04-13 00:32:38,2023-05-13 00:32:38,83.36,BRL,Open
ARINV000039,ORD000039,CUST001472,2023-04-26 17:19:09,2023-05-26 17:19:09,581.3,BRL,Paid
ARINV000040,ORD000040,CUST000714,2024-09-09 23:11:13,2024-10-09 23:11:13,796.04,BRL,Paid
ARINV000041,ORD000041,CUST001473,2023-11-27 23:53:52,2023-12-27 23:53:52,456.34,BRL,Paid
ARINV000042,ORD000042,CUST001003,2024-05-04 17:56:32,2024-06-03 17:56:32,606.85,BRL,Paid
ARINV000043,ORD000043,CUST000371,2024-06-11 04:43:34,2024-07-11 04:43:34,894.09,BRL,Paid
ARINV000044,ORD000044,CUST001762,2023-04-08 14:42:11,2023-05-08 14:42:11,2451.93,BRL,Paid
ARINV000045,ORD000045,CUST001526,2023-09-14 06:43:19,2023-10-14 06:43:19,486.94,BRL,Paid
ARINV000046,ORD000046,CUST000675,2024-11-15 21:30:35,2024-12-15 21:30:35,814.05,BRL,Paid
ARINV000047,ORD000047,CUST000810,2023-12-02 15:21:55,2024-01-01 15:21:55,864.24,BRL,Paid
ARINV000048,ORD000048,CUST001419,2024-01-30 23:00:21,2024-02-29 23:00:21,1179.52,BRL,Paid
ARINV000049,ORD000049,CUST001442,2024-10-11 01:14:31,2024-11-10 01:14:31,459.96,BRL,Paid
ARINV000050,ORD000050,CUST001166,2023-11-27 00:25:35,2023-12-27 00:25:35,250.35,BRL,Paid
ARINV000051,ORD000051,CUST001876,2024-02-20 16:27:38,2024-03-21 16:27:38,351.26,BRL,Paid
ARINV000052,ORD000052,CUST000656,2024-07-12 16:00:53,2024-08-11 16:00:53,249.87,BRL,Paid
ARINV000053,ORD000053,CUST001291,2023-12-12 12:16:44,2024-01-11 12:16:44,170.49,BRL,Paid
ARINV000054,ORD000054,CUST000692,2023-12-16 17:44:38,2024-01-15 17:44:38,1892.58,BRL,Paid
ARINV000055,ORD000055,CUST001082,2024-06-15 09:34:14,2024-07-15 09:34:14,934.82,BRL,Paid
ARINV000056,ORD000056,CUST001181,2024-07-10 04:35:44,2024-08-09 04:35:44,939.26,BRL,Paid
ARINV000057,ORD000057,CUST001917,2024-12-30 10:45:59,2025-01-29 10:45:59,988.13,BRL,Paid
ARINV000058,ORD000058,CUST000374,2024-07-20 03:01:14,2024-08-19 03:01:14,1423.42,BRL,Open
ARINV000059,ORD000059,CUST001078,2024-02-12 18:36:05,2024-03-13 18:36:05,722.71,BRL,Paid
ARINV000060,ORD000060,CUST000210,2023-07-23 12:53:11,2023-08-22 12:53:11,549.98,BRL,Paid
ARINV000061,ORD000061,CUST001995,2024-06-21 01:42:39,2024-07-21 01:42:39,86.62,BRL,Paid
ARINV000062,ORD000062,CUST000010,2024-12-11 19:19:42,2025-01-10 19:19:42,1567.52,BRL,Paid
ARINV000063,ORD000063,CUST000643,2024-10-12 23:05:40,2024-11-11 23:05:40,510.42,BRL,Cancelled
ARINV000064,ORD000064,CUST001792,2024-07-07 22:11:50,2024-08-06 22:11:50,1315.09,BRL,Paid
ARINV000065,ORD000065,CUST000157,2023-10-31 14:11:28,2023-11-30 14:11:28,548.47,BRL,Cancelled
ARINV000066,ORD000066,CUST001343,2024-05-02 17:02:22,2024-06-01 17:02:22,891.98,BRL,Paid
ARINV000067,ORD000067,CUST000233,2023-09-15 20:14:04,2023-10-15 20:14:04,1536.23,BRL,Open
ARINV000068,ORD000068,CUST001412,2023-03-02 14:56:28,2023-04-01 14:56:28,825.45,BRL,Paid
ARINV000069,ORD000069,CUST000470,2024-02-05 05:48:18,2024-03-06 05:48:18,1197.89,BRL,Paid
ARINV000070,ORD000070,CUST001835,2023-12-25 02:34:04,2024-01-24 02:34:04,305.17,BRL,Paid
ARINV000071,ORD000071,CUST000064,2024-08-22 05:31:42,2024-09-21 05:31:42,2114.33,BRL,Paid
ARINV000072,ORD000072,CUST001776,2023-01-12 23:11:00,2023-02-11 23:11:00,434.34,BRL,Paid
ARINV000073,ORD000073,CUST000884,2023-08-26 15:57:25,2023-09-25 15:57:25,83.87,BRL,Paid
ARINV000074,ORD000074,CUST000394,2023-06-07 02:33:47,2023-07-07 02:33:47,1185.0,BRL,Cancelled
ARINV000075,ORD000075,CUST000656,2023-10-06 01:29:30,2023-11-05 01:29:30,427.86,BRL,Paid
ARINV000076,ORD000076,CUST001681,2024-03-12 21:17:54,2024-04-11 21:17:54,336.32,BRL,Paid
ARINV000077,ORD000077,CUST000847,2023-10-26 08:10:43,2023-11-25 08:10:43,203.68,BRL,Paid
ARINV000078,ORD000078,CUST001371,2023-09-05 18:00:19,2023-10-05 18:00:19,902.91,BRL,Paid
ARINV000079,ORD000079,CUST000855,2024-10-15 03:49:47,2024-11-14 03:49:47,1305.37,BRL,Cancelled
ARINV000080,ORD000080,CUST001661,2023-09-15 23:18:40,2023-10-15 23:18:40,555.9,BRL,Open
ARINV000081,ORD000081,CUST001893,2024-01-01 03:01:31,2024-01-31 03:01:31,555.04,BRL,Paid
ARINV000082,ORD000082,CUST001780,2024-05-21 08:03:37,2024-06-20 08:03:37,618.73,BRL,Paid
ARINV000083,ORD000083,CUST000873,2024-07-28 22:05:13,2024-08-27 22:05:13,45.38,BRL,Paid
ARINV000084,ORD000084,CUST001498,2024-11-14 13:55:46,2024-12-14 13:55:46,122.26,BRL,Paid
ARINV000085,ORD000085,CUST001132,2024-08-12 03:27:20,2024-09-11 03:27:20,522.91,BRL,Open
ARINV000086,ORD000086,CUST000941,2024-02-08 01:27:05,2024-03-09 01:27:05,651.38,BRL,Paid
ARINV000087,ORD000087,CUST001582,2023-02-08 14:30:57,2023-03-10 14:30:57,809.67,BRL,Paid
ARINV000088,ORD000088,CUST000990,2024-11-16 00:56:00,2024-12-16 00:56:00,610.73,BRL,Paid
ARINV000089,ORD000089,CUST000782,2023-04-12 10:38:29,2023-05-12 10:38:29,902.54,BRL,Cancelled
ARINV000090,ORD000090,CUST000965,2024-04-12 09:13:48,2024-05-12 09:13:48,613.34,BRL,Paid
ARINV000091,ORD000091,CUST001436,2023-10-11 16:14:19,2023-11-10 16:14:19,578.55,BRL,Paid
ARINV000092,ORD000092,CUST000958,2023-06-14 07:37:23,2023-07-14 07:37:23,215.7,BRL,Paid
ARINV000093,ORD000093,CUST000134,2023-12-23 06:15:51,2024-01-22 06:15:51,185.59,BRL,Cancelled
ARINV000094,ORD000094,CUST001266,2023-12-27 22:26:33,2024-01-26 22:26:33,1537.61,BRL,Paid
ARINV000095,ORD000095,CUST001444,2023-04-14 03:17:33,2023-05-14 03:17:33,990.3,BRL,Paid
ARINV000096,ORD000096,CUST000222,2024-01-27 07:21:36,2024-02-26 07:21:36,379.51,BRL,Paid
ARINV000097,ORD000097,CUST001127,2024-03-24 13:09:37,2024-04-23 13:09:37,522.8,BRL,Open
ARINV000098,ORD000098,CUST001412,2023-07-14 21:11:03,2023-08-13 21:11:03,572.8,BRL,Paid
ARINV000099,ORD000099,CUST000950,2023-10-31 20:23:09,2023-11-30 20:23:09,485.03,BRL,Paid
ARINV000100,ORD000100,CUST001776,2023-07-23 03:23:57,2023-08-22 03:23:57,168.29,BRL,Paid
ARINV000101,ORD000101,CUST001219,2023-05-30 12:23:05,2023-06-29 12:23:05,557.7,BRL,Paid
ARINV000102,ORD000102,CUST001253,2023-10-28 22:20:02,2023-11-27 22:20:02,463.07,BRL,Paid
ARINV000103,ORD000103,CUST001614,2023-02-11 08:57:11,2023-03-13 08:57:11,917.39,BRL,Paid
ARINV000104,ORD000104,CUST001899,2023-08-18 07:58:21,2023-09-17 07:58:21,205.89,BRL,Paid
ARINV000105,ORD000105,CUST000797,2023-05-29 00:27:07,2023-06-28 00:27:07,1536.58,BRL,Paid
ARINV000106,ORD000106,CUST001599,2024-02-29 20:15:18,2024-03-30 20:15:18,480.66,BRL,Paid
ARINV000107,ORD000107,CUST001785,2024-06-15 21:08:59,2024-07-15 21:08:59,741.07,BRL,Open
ARINV000108,ORD000108,CUST001748,2024-12-24 13:15:06,2025-01-23 13:15:06,370.17,BRL,Paid
ARINV000109,ORD000109,CUST001798,2024-01-09 08:32:43,2024-02-08 08:32:43,325.31,BRL,Open
ARINV000110,ORD000110,CUST000634,2023-11-26 08:59:21,2023-12-26 08:59:21,484.65,BRL,Paid
ARINV000111,ORD000111,CUST000897,2024-06-03 17:19:15,2024-07-03 17:19:15,182.45,BRL,Paid
ARINV000112,ORD000112,CUST001255,2024-12-19 23:28:56,2025-01-18 23:28:56,102.34,BRL,Paid
ARINV000113,ORD000113,CUST001256,2023-10-03 20:54:29,2023-11-02 20:54:29,616.39,BRL,Paid
ARINV000114,ORD000114,CUST000790,2024-05-24 21:31:11,2024-06-23 21:31:11,456.31,BRL,Paid
ARINV000115,ORD000115,CUST000799,2024-07-26 23:40:33,2024-08-25 23:40:33,266.86,BRL,Paid
ARINV000116,ORD000116,CUST000253,2023-03-07 12:54:13,2023-04-06 12:54:13,642.37,BRL,Paid
ARINV000117,ORD000117,CUST000335,2023-01-29 21:45:46,2023-02-28 21:45:46,214.87,BRL,Paid
ARINV000118,ORD000118,CUST000343,2024-11-08 16:27:39,2024-12-08 16:27:39,510.29,BRL,Paid
ARINV000119,ORD000119,CUST000133,2023-08-27 20:44:52,2023-09-26 20:44:52,929.36,BRL,Paid
ARINV000120,ORD000120,CUST001695,2024-07-06 21:22:02,2024-08-05 21:22:02,355.91,BRL,Open
ARINV000121,ORD000121,CUST000478,2024-08-24 04:21:27,2024-09-23 04:21:27,572.01,BRL,Paid
ARINV000122,ORD000122,CUST000169,2024-02-28 05:52:09,2024-03-29 05:52:09,600.62,BRL,Paid
ARINV000123,ORD000123,CUST000662,2023-07-05 01:04:24,2023-08-04 01:04:24,758.88,BRL,Paid
ARINV000124,ORD000124,CUST001306,2023-04-02 03:25:41,2023-05-02 03:25:41,975.19,BRL,Paid
ARINV000125,ORD000125,CUST000053,2024-02-22 13:52:56,2024-03-23 13:52:56,766.41,BRL,Open
ARINV000126,ORD000126,CUST001559,2023-11-15 12:55:51,2023-12-15 12:55:51,344.6,BRL,Paid
ARINV000127,ORD000127,CUST001254,2023-07-08 09:29:04,2023-08-07 09:29:04,399.75,BRL,Paid
ARINV000128,ORD000128,CUST001223,2023-12-14 16:26:48,2024-01-13 16:26:48,481.41,BRL,Paid
ARINV000129,ORD000129,CUST001258,2024-07-24 02:09:12,2024-08-23 02:09:12,824.37,BRL,Paid
ARINV000130,ORD000130,CUST000164,2023-01-13 00:10:10,2023-02-12 00:10:10,499.53,BRL,Paid
ARINV000131,ORD000131,CUST000331,2024-07-30 13:38:50,2024-08-29 13:38:50,79.44,BRL,Cancelled
ARINV000132,ORD000132,CUST000208,2024-10-13 22:36:18,2024-11-12 22:36:18,134.3,BRL,Paid
ARINV000133,ORD000133,CUST000624,2024-11-30 05:37:53,2024-12-30 05:37:53,972.91,BRL,Paid
ARINV000134,ORD000134,CUST000463,2024-06-03 05:25:10,2024-07-03 05:25:10,273.03,BRL,Paid
ARINV000135,ORD000135,CUST000365,2024-07-04 04:22:45,2024-08-03 04:22:45,184.29,BRL,Paid
ARINV000136,ORD000136,CUST001361,2023-12-24 06:34:07,2024-01-23 06:34:07,754.03,BRL,Paid
ARINV000137,ORD000137,CUST000120,2024-09-09 05:39:09,2024-10-09 05:39:09,346.72,BRL,Paid
ARINV000138,ORD000138,CUST000842,2024-11-05 19:57:04,2024-12-05 19:57:04,1063.15,BRL,Paid
ARINV000139,ORD000139,CUST000130,2023-03-09 12:19:07,2023-04-08 12:19:07,1257.5,BRL,Open
ARINV000140,ORD000140,CUST001497,2023-07-12 14:43:10,2023-08-11 14:43:10,1037.75,BRL,Paid
ARINV000141,ORD000141,CUST001896,2023-04-12 18:55:36,2023-05-12 18:55:36,647.96,BRL,Paid
ARINV000142,ORD000142,CUST001590,2024-08-11 19:22:00,2024-09-10 19:22:00,1216.04,BRL,Paid
ARINV000143,ORD000143,CUST001415,2023-11-25 04:55:57,2023-12-25 04:55:57,2052.27,BRL,Paid
ARINV000144,ORD000144,CUST001667,2024-02-18 15:50:34,2024-03-19 15:50:34,361.26,BRL,Paid
ARINV000145,ORD000145,CUST000760,2023-11-26 20:26:04,2023-12-26 20:26:04,1478.38,BRL,Open
ARINV000146,ORD000146,CUST000117,2024-12-01 02:00:24,2024-12-31 02:00:24,881.72,BRL,Paid
ARINV000147,ORD000147,CUST000555,2024-08-24 20:47:58,2024-09-23 20:47:58,175.07,BRL,Paid
ARINV000148,ORD000148,CUST000334,2024-07-01 01:01:05,2024-07-31 01:01:05,528.11,BRL,Paid
ARINV000149,ORD000149,CUST000265,2024-07-04 01:54:32,2024-08-03 01:54:32,1177.97,BRL,Paid
ARINV000150,ORD000150,CUST000403,2024-06-20 06:29:28,2024-07-20 06:29:28,1042.64,BRL,Paid
ARINV000151,ORD000151,CUST001929,2023-04-12 16:38:50,2023-05-12 16:38:50,279.65,BRL,Paid
ARINV000152,ORD000152,CUST000434,2023-03-16 07:24:47,2023-04-15 07:24:47,1271.96,BRL,Paid
ARINV000153,ORD000153,CUST001093,2023-02-16 13:53:22,2023-03-18 13:53:22,582.73,BRL,Paid
ARINV000154,ORD000154,CUST001613,2023-09-04 12:02:32,2023-10-04 12:02:32,162.86,BRL,Paid
ARINV000155,ORD000155,CUST001830,2024-01-16 14:38:05,2024-02-15 14:38:05,314.66,BRL,Paid
ARINV000156,ORD000156,CUST000799,2024-03-08 20:46:21,2024-04-07 20:46:21,576.32,BRL,Paid
ARINV000157,ORD000157,CUST000010,2024-02-24 00:22:20,2024-03-25 00:22:20,149.87,BRL,Paid
ARINV000158,ORD000158,CUST001907,2024-05-14 09:13:36,2024-06-13 09:13:36,713.18,BRL,Paid
ARINV000159,ORD000159,CUST001338,2024-12-13 16:21:08,2025-01-12 16:21:08,360.98,BRL,Paid
ARINV000160,ORD000160,CUST000621,2023-04-29 05:47:10,2023-05-29 05:47:10,693.41,BRL,Cancelled
ARINV000161,ORD000161,CUST000875,2023-03-10 06:40:33,2023-04-09 06:40:33,1105.71,BRL,Paid
ARINV000162,ORD000162,CUST001609,2023-10-19 19:31:28,2023-11-18 19:31:28,962.0,BRL,Paid
ARINV000163,ORD000163,CUST001513,2024-02-09 07:21:33,2024-03-10 07:21:33,662.48,BRL,Open
ARINV000164,ORD000164,CUST000046,2023-07-25 04:37:41,2023-08-24 04:37:41,146.77,BRL,Paid
ARINV000165,ORD000165,CUST001089,2023-04-25 08:19:28,2023-05-25 08:19:28,408.06,BRL,Paid
ARINV000166,ORD000166,CUST001845,2023-09-05 15:52:20,2023-10-05 15:52:20,612.75,BRL,Paid
ARINV000167,ORD000167,CUST001970,2024-09-03 01:29:40,2024-10-03 01:29:40,618.05,BRL,Paid
ARINV000168,ORD000168,CUST001975,2023-11-22 01:35:35,2023-12-22 01:35:35,51.52,BRL,Paid
ARINV000169,ORD000169,CUST000500,2023-06-29 12:44:50,2023-07-29 12:44:50,1601.67,BRL,Paid
ARINV000170,ORD000170,CUST001896,2023-06-06 10:37:27,2023-07-06 10:37:27,1434.99,BRL,Paid
ARINV000171,ORD000171,CUST001379,2023-12-10 23:57:26,2024-01-09 23:57:26,851.39,BRL,Paid
ARINV000172,ORD000172,CUST000009,2024-09-08 19:14:38,2024-10-08 19:14:38,1497.9,BRL,Paid
ARINV000173,ORD000173,CUST000121,2023-02-28 04:03:16,2023-03-30 04:03:16,888.93,BRL,Paid
ARINV000174,ORD000174,CUST001905,2024-09-25 06:11:11,2024-10-25 06:11:11,398.91,BRL,Paid
ARINV000175,ORD000175,CUST001497,2023-04-17 08:30:26,2023-05-17 08:30:26,553.23,BRL,Paid
ARINV000176,ORD000176,CUST001629,2024-08-03 04:21:21,2024-09-02 04:21:21,1365.54,BRL,Cancelled
ARINV000177,ORD000177,CUST001054,2024-07-31 19:51:50,2024-08-30 19:51:50,1438.81,BRL,Open
ARINV000178,ORD000178,CUST001681,2023-10-17 22:25:46,2023-11-16 22:25:46,737.41,BRL,Paid
ARINV000179,ORD000179,CUST000672,2024-09-19 09:06:13,2024-10-19 09:06:13,451.49,BRL,Paid
ARINV000180,ORD000180,CUST001464,2024-04-10 19:31:54,2024-05-10 19:31:54,369.6,BRL,Cancelled
ARINV000181,ORD000181,CUST000368,2023-10-21 23:11:45,2023-11-20 23:11:45,646.45,BRL,Paid
ARINV000182,ORD000182,CUST000075,2023-01-22 15:43:08,2023-02-21 15:43:08,1310.66,BRL,Paid
ARINV000183,ORD000183,CUST001089,2024-02-25 19:42:55,2024-03-26 19:42:55,368.76,BRL,Cancelled
ARINV000184,ORD000184,CUST001540,2024-10-03 12:51:00,2024-11-02 12:51:00,470.68,BRL,Paid
ARINV000185,ORD000185,CUST001552,2024-04-08 16:09:41,2024-05-08 16:09:41,241.03,BRL,Paid
ARINV000186,ORD000186,CUST000429,2023-12-12 11:52:10,2024-01-11 11:52:10,498.15,BRL,Open
ARINV000187,ORD000187,CUST000634,2023-09-09 07:53:57,2023-10-09 07:53:57,1522.04,BRL,Paid
ARINV000188,ORD000188,CUST001575,2024-04-19 19:57:34,2024-05-19 19:57:34,1096.75,BRL,Cancelled
ARINV000189,ORD000189,CUST001038,2024-10-21 11:10:25,2024-11-20 11:10:25,302.46,BRL,Paid
ARINV000190,ORD000190,CUST000892,2024-10-29 16:28:06,2024-11-28 16:28:06,1288.5,BRL,Paid
ARINV000191,ORD000191,CUST000557,2023-08-11 12:17:40,2023-09-10 12:17:40,629.58,BRL,Paid
ARINV000192,ORD000192,CUST000025,2024-03-18 06:33:54,2024-04-17 06:33:54,498.13,BRL,Paid
ARINV000193,ORD000193,CUST001548,2024-01-31 20:39:29,2024-03-01 20:39:29,809.07,BRL,Paid
ARINV000194,ORD000194,CUST000752,2023-06-09 23:20:48,2023-07-09 23:20:48,397.98,BRL,Paid
ARINV000195,ORD000195,CUST000003,2024-04-24 08:56:44,2024-05-24 08:56:44,618.97,BRL,Cancelled
ARINV000196,ORD000196,CUST001651,2023-11-20 22:13:20,2023-12-20 22:13:20,811.85,BRL,Paid
ARINV000197,ORD000197,CUST001528,2024-10-05 01:17:07,2024-11-04 01:17:07,63.38,BRL,Paid
ARINV000198,ORD000198,CUST000130,2023-02-24 12:04:11,2023-03-26 12:04:11,204.94,BRL,Cancelled
ARINV000199,ORD000199,CUST000510,2023-07-27 05:28:59,2023-08-26 05:28:59,546.63,BRL,Paid
ARINV000200,ORD000200,CUST001151,2024-01-07 22:41:28,2024-02-06 22:41:28,945.4,BRL,Cancelled
ARINV000201,ORD000201,CUST001012,2024-04-02 17:17:50,2024-05-02 17:17:50,621.78,BRL,Paid
ARINV000202,ORD000202,CUST000702,2024-07-29 05:49:06,2024-08-28 05:49:06,460.98,BRL,Cancelled
ARINV000203,ORD000203,CUST001491,2023-06-17 15:06:59,2023-07-17 15:06:59,568.48,BRL,Open
ARINV000204,ORD000204,CUST001232,2024-07-19 22:53:22,2024-08-18 22:53:22,798.51,BRL,Paid
ARINV000205,ORD000205,CUST000954,2023-04-27 05:20:21,2023-05-27 05:20:21,44.16,BRL,Cancelled
ARINV000206,ORD000206,CUST000220,2023-02-10 04:56:13,2023-03-12 04:56:13,75.22,BRL,Cancelled
ARINV000207,ORD000207,CUST001368,2024-05-03 06:12:22,2024-06-02 06:12:22,449.85,BRL,Paid
ARINV000208,ORD000208,CUST000458,2024-03-27 21:17:42,2024-04-26 21:17:42,1211.96,BRL,Paid
ARINV000209,ORD000209,CUST000573,2023-12-19 12:22:15,2024-01-18 12:22:15,1241.05,BRL,Paid
ARINV000210,ORD000210,CUST000410,2023-07-01 04:54:47,2023-07-31 04:54:47,248.62,BRL,Paid
ARINV000211,ORD000211,CUST001101,2024-11-15 07:10:38,2024-12-15 07:10:38,1901.79,BRL,Paid
ARINV000212,ORD000212,CUST000683,2024-12-29 03:01:28,2025-01-28 03:01:28,448.44,BRL,Paid
ARINV000213,ORD000213,CUST000096,2024-03-03 06:09:19,2024-04-02 06:09:19,69.34,BRL,Paid
ARINV000214,ORD000214,CUST001270,2024-06-16 00:51:12,2024-07-16 00:51:12,1560.61,BRL,Paid
ARINV000215,ORD000215,CUST000871,2024-12-18 11:09:51,2025-01-17 11:09:51,179.82,BRL,Paid
ARINV000216,ORD000216,CUST001019,2024-11-03 16:40:42,2024-12-03 16:40:42,612.69,BRL,Open
ARINV000217,ORD000217,CUST001693,2024-10-01 00:23:19,2024-10-31 00:23:19,1557.14,BRL,Paid
ARINV000218,ORD000218,CUST001897,2024-04-26 13:50:09,2024-05-26 13:50:09,914.12,BRL,Paid
ARINV000219,ORD000219,CUST000301,2023-12-10 13:21:16,2024-01-09 13:21:16,2576.39,BRL,Paid
ARINV000220,ORD000220,CUST001327,2023-05-16 12:36:22,2023-06-15 12:36:22,1659.5,BRL,Paid
ARINV000221,ORD000221,CUST001327,2023-10-01 03:01:59,2023-10-31 03:01:59,2009.36,BRL,Cancelled
ARINV000222,ORD000222,CUST000531,2024-11-13 11:36:01,2024-12-13 11:36:01,1281.46,BRL,Cancelled
ARINV000223,ORD000223,CUST001980,2023-05-12 03:53:51,2023-06-11 03:53:51,495.33,BRL,Open
ARINV000224,ORD000224,CUST000491,2024-08-08 08:37:36,2024-09-07 08:37:36,512.54,BRL,Paid
ARINV000225,ORD000225,CUST001338,2023-12-16 22:28:51,2024-01-15 22:28:51,646.11,BRL,Open
ARINV000226,ORD000226,CUST000690,2024-10-08 12:02:51,2024-11-07 12:02:51,1448.7,BRL,Open
ARINV000227,ORD000227,CUST001136,2023-02-27 05:03:01,2023-03-29 05:03:01,846.76,BRL,Paid
ARINV000228,ORD000228,CUST001668,2023-04-04 00:08:23,2023-05-04 00:08:23,2354.57,BRL,Paid
ARINV000229,ORD000229,CUST001851,2023-03-23 14:05:11,2023-04-22 14:05:11,2246.62,BRL,Paid
ARINV000230,ORD000230,CUST001890,2024-12-26 18:02:00,2025-01-25 18:02:00,1054.71,BRL,Paid
ARINV000231,ORD000231,CUST001539,2023-03-04 16:06:41,2023-04-03 16:06:41,1160.76,BRL,Paid
ARINV000232,ORD000232,CUST001786,2023-09-27 05:14:20,2023-10-27 05:14:20,596.78,BRL,Cancelled
ARINV000233,ORD000233,CUST001536,2024-12-17 04:30:54,2025-01-16 04:30:54,728.25,BRL,Paid
ARINV000234,ORD000234,CUST000646,2023-08-22 05:54:49,2023-09-21 05:54:49,446.55,BRL,Paid
ARINV000235,ORD000235,CUST000025,2024-06-02 23:19:24,2024-07-02 23:19:24,478.05,BRL,Open
ARINV000236,ORD000236,CUST001717,2023-09-04 19:19:00,2023-10-04 19:19:00,2160.57,BRL,Paid
ARINV000237,ORD000237,CUST000716,2023-03-08 02:14:36,2023-04-07 02:14:36,267.72,BRL,Paid
ARINV000238,ORD000238,CUST000740,2023-03-23 16:14:09,2023-04-22 16:14:09,1086.71,BRL,Paid
ARINV000239,ORD000239,CUST001838,2024-08-25 13:09:39,2024-09-24 13:09:39,881.18,BRL,Paid
ARINV000240,ORD000240,CUST001816,2023-09-26 11:37:00,2023-10-26 11:37:00,968.86,BRL,Open
ARINV000241,ORD000241,CUST001804,2023-11-04 17:48:25,2023-12-04 17:48:25,89.58,BRL,Open
ARINV000242,ORD000242,CUST001655,2023-06-24 01:33:16,2023-07-24 01:33:16,375.05,BRL,Paid
ARINV000243,ORD000243,CUST000235,2024-02-17 16:52:48,2024-03-18 16:52:48,910.5,BRL,Cancelled
ARINV000244,ORD000244,CUST000560,2023-06-06 05:10:23,2023-07-06 05:10:23,1542.69,BRL,Paid
ARINV000245,ORD000245,CUST001795,2023-11-21 13:53:18,2023-12-21 13:53:18,355.71,BRL,Paid
ARINV000246,ORD000246,CUST000918,2024-02-14 13:18:54,2024-03-15 13:18:54,337.86,BRL,Paid
ARINV000247,ORD000247,CUST001109,2023-07-08 07:54:01,2023-08-07 07:54:01,672.22,BRL,Open
ARINV000248,ORD000248,CUST001585,2023-12-12 07:12:00,2024-01-11 07:12:00,1260.84,BRL,Paid
ARINV000249,ORD000249,CUST001873,2023-10-12 08:17:30,2023-11-11 08:17:30,307.8,BRL,Paid
ARINV000250,ORD000250,CUST001084,2024-03-21 05:49:08,2024-04-20 05:49:08,1174.96,BRL,Paid
ARINV000251,ORD000251,CUST001961,2023-03-10 11:46:13,2023-04-09 11:46:13,961.61,BRL,Paid
ARINV000252,ORD000252,CUST000002,2024-06-15 17:59:39,2024-07-15 17:59:39,43.12,BRL,Paid
ARINV000253,ORD000253,CUST000168,2023-11-12 22:59:33,2023-12-12 22:59:33,578.77,BRL,Paid
ARINV000254,ORD000254,CUST000400,2024-09-18 04:26:10,2024-10-18 04:26:10,745.25,BRL,Paid
ARINV000255,ORD000255,CUST000374,2024-12-06 04:39:54,2025-01-05 04:39:54,1367.9,BRL,Paid
ARINV000256,ORD000256,CUST000929,2024-01-14 15:10:57,2024-02-13 15:10:57,696.3,BRL,Open
ARINV000257,ORD000257,CUST000806,2024-10-11 17:20:14,2024-11-10 17:20:14,666.18,BRL,Paid
ARINV000258,ORD000258,CUST000722,2023-12-06 07:04:37,2024-01-05 07:04:37,1375.4,BRL,Cancelled
ARINV000259,ORD000259,CUST000498,2024-10-09 20:50:09,2024-11-08 20:50:09,658.03,BRL,Paid
ARINV000260,ORD000260,CUST000843,2024-09-16 08:37:46,2024-10-16 08:37:46,2123.89,BRL,Paid
ARINV000261,ORD000261,CUST000502,2024-04-26 00:42:22,2024-05-26 00:42:22,1417.95,BRL,Paid
ARINV000262,ORD000262,CUST000005,2024-09-30 11:42:39,2024-10-30 11:42:39,892.82,BRL,Paid
ARINV000263,ORD000263,CUST001390,2023-03-10 16:21:54,2023-04-09 16:21:54,789.16,BRL,Paid
ARINV000264,ORD000264,CUST000742,2024-01-08 02:08:56,2024-02-07 02:08:56,837.05,BRL,Paid
ARINV000265,ORD000265,CUST000782,2023-12-31 22:35:50,2024-01-30 22:35:50,166.1,BRL,Paid
ARINV000266,ORD000266,CUST000793,2023-11-18 22:01:08,2023-12-18 22:01:08,832.78,BRL,Cancelled
ARINV000267,ORD000267,CUST001880,2024-09-03 22:01:49,2024-10-03 22:01:49,1981.95,BRL,Paid
ARINV000268,ORD000268,CUST000124,2024-06-20 18:21:17,2024-07-20 18:21:17,1921.3,BRL,Paid
ARINV000269,ORD000269,CUST001837,2023-11-02 09:30:08,2023-12-02 09:30:08,1000.7,BRL,Paid
ARINV000270,ORD000270,CUST001251,2023-03-22 13:25:17,2023-04-21 13:25:17,253.76,BRL,Paid
ARINV000271,ORD000271,CUST001513,2024-07-22 05:42:55,2024-08-21 05:42:55,544.73,BRL,Paid
ARINV000272,ORD000272,CUST001941,2023-10-10 07:12:03,2023-11-09 07:12:03,682.19,BRL,Open
ARINV000273,ORD000273,CUST001472,2023-05-12 11:45:10,2023-06-11 11:45:10,490.52,BRL,Paid
ARINV000274,ORD000274,CUST000182,2023-12-01 20:07:07,2023-12-31 20:07:07,601.63,BRL,Paid
ARINV000275,ORD000275,CUST000915,2024-07-17 00:55:37,2024-08-16 00:55:37,196.41,BRL,Paid
ARINV000276,ORD000276,CUST000680,2023-12-01 22:19:17,2023-12-31 22:19:17,962.2,BRL,Paid
ARINV000277,ORD000277,CUST001640,2023-11-28 20:35:36,2023-12-28 20:35:36,744.1,BRL,Paid
ARINV000278,ORD000278,CUST001652,2024-05-23 02:19:32,2024-06-22 02:19:32,1356.85,BRL,Cancelled
ARINV000279,ORD000279,CUST001359,2023-06-05 03:43:22,2023-07-05 03:43:22,1824.2,BRL,Paid
ARINV000280,ORD000280,CUST001652,2024-01-01 12:18:43,2024-01-31 12:18:43,471.88,BRL,Paid
ARINV000281,ORD000281,CUST000757,2024-07-12 02:15:46,2024-08-11 02:15:46,1170.92,BRL,Paid
ARINV000282,ORD000282,CUST000062,2024-07-15 03:15:27,2024-08-14 03:15:27,374.38,BRL,Paid
ARINV000283,ORD000283,CUST000315,2023-09-25 08:16:45,2023-10-25 08:16:45,616.94,BRL,Paid
ARINV000284,ORD000284,CUST001891,2023-02-23 23:24:26,2023-03-25 23:24:26,75.13,BRL,Cancelled
ARINV000285,ORD000285,CUST000323,2023-02-13 01:32:08,2023-03-15 01:32:08,1108.97,BRL,Open
ARINV000286,ORD000286,CUST001312,2024-05-27 11:37:52,2024-06-26 11:37:52,895.26,BRL,Open
ARINV000287,ORD000287,CUST000802,2024-06-06 10:32:43,2024-07-06 10:32:43,292.2,BRL,Paid
ARINV000288,ORD000288,CUST001194,2024-07-17 02:28:27,2024-08-16 02:28:27,1440.47,BRL,Paid
ARINV000289,ORD000289,CUST000599,2024-08-19 17:53:37,2024-09-18 17:53:37,82.25,BRL,Paid
ARINV000290,ORD000290,CUST001923,2024-06-05 05:58:39,2024-07-05 05:58:39,496.19,BRL,Open
ARINV000291,ORD000291,CUST001530,2023-09-30 20:15:10,2023-10-30 20:15:10,259.49,BRL,Paid
ARINV000292,ORD000292,CUST000019,2024-09-14 09:19:50,2024-10-14 09:19:50,741.9,BRL,Paid
ARINV000293,ORD000293,CUST000379,2024-10-28 10:23:25,2024-11-27 10:23:25,166.72,BRL,Paid
ARINV000294,ORD000294,CUST000230,2024-02-20 07:26:56,2024-03-21 07:26:56,1474.6,BRL,Paid
ARINV000295,ORD000295,CUST001900,2023-07-30 07:17:13,2023-08-29 07:17:13,1150.83,BRL,Paid
ARINV000296,ORD000296,CUST001480,2024-08-30 11:02:43,2024-09-29 11:02:43,366.2,BRL,Paid
ARINV000297,ORD000297,CUST001232,2024-08-03 09:11:13,2024-09-02 09:11:13,911.94,BRL,Paid
ARINV000298,ORD000298,CUST001453,2023-07-05 12:09:29,2023-08-04 12:09:29,2520.75,BRL,Open
ARINV000299,ORD000299,CUST000467,2024-04-13 14:13:36,2024-05-13 14:13:36,745.57,BRL,Paid
ARINV000300,ORD000300,CUST000952,2024-09-03 10:23:20,2024-10-03 10:23:20,465.95,BRL,Paid
ARINV000301,ORD000301,CUST001408,2024-09-23 03:54:18,2024-10-23 03:54:18,88.33,BRL,Cancelled
ARINV000302,ORD000302,CUST000237,2023-01-12 09:59:04,2023-02-11 09:59:04,1083.28,BRL,Paid
ARINV000303,ORD000303,CUST001751,2024-01-26 20:41:03,2024-02-25 20:41:03,226.35,BRL,Paid
ARINV000304,ORD000304,CUST000967,2024-01-12 07:50:20,2024-02-11 07:50:20,257.01,BRL,Paid
ARINV000305,ORD000305,CUST001320,2023-10-14 15:12:00,2023-11-13 15:12:00,224.43,BRL,Open
ARINV000306,ORD000306,CUST000101,2023-05-26 09:33:55,2023-06-25 09:33:55,454.95,BRL,Paid
ARINV000307,ORD000307,CUST001645,2024-05-02 06:21:22,2024-06-01 06:21:22,940.41,BRL,Paid
ARINV000308,ORD000308,CUST001635,2024-08-16 20:17:45,2024-09-15 20:17:45,1541.48,BRL,Paid
ARINV000309,ORD000309,CUST000645,2023-03-06 05:34:52,2023-04-05 05:34:52,1004.89,BRL,Paid
ARINV000310,ORD000310,CUST001048,2023-02-08 18:06:38,2023-03-10 18:06:38,266.95,BRL,Paid
ARINV000311,ORD000311,CUST000967,2024-08-13 01:36:11,2024-09-12 01:36:11,1511.4,BRL,Paid
ARINV000312,ORD000312,CUST000714,2023-07-27 09:43:53,2023-08-26 09:43:53,636.46,BRL,Paid
ARINV000313,ORD000313,CUST001601,2023-01-02 23:40:20,2023-02-01 23:40:20,795.87,BRL,Paid
ARINV000314,ORD000314,CUST000194,2023-08-26 01:43:18,2023-09-25 01:43:18,838.99,BRL,Paid
ARINV000315,ORD000315,CUST000522,2024-04-28 19:49:40,2024-05-28 19:49:40,1048.66,BRL,Paid
ARINV000316,ORD000316,CUST001464,2024-07-07 05:18:16,2024-08-06 05:18:16,384.24,BRL,Paid
ARINV000317,ORD000317,CUST001549,2024-08-17 14:37:42,2024-09-16 14:37:42,1860.04,BRL,Open
ARINV000318,ORD000318,CUST000198,2024-11-22 19:44:36,2024-12-22 19:44:36,82.33,BRL,Paid
ARINV000319,ORD000319,CUST000499,2023-05-21 12:07:01,2023-06-20 12:07:01,1086.2,BRL,Cancelled
ARINV000320,ORD000320,CUST000704,2024-04-06 19:37:55,2024-05-06 19:37:55,534.04,BRL,Cancelled
ARINV000321,ORD000321,CUST000623,2023-12-18 18:26:08,2024-01-17 18:26:08,330.86,BRL,Cancelled
ARINV000322,ORD000322,CUST001902,2024-09-05 12:26:20,2024-10-05 12:26:20,2290.82,BRL,Paid
ARINV000323,ORD000323,CUST001124,2023-05-23 07:29:36,2023-06-22 07:29:36,971.17,BRL,Paid
ARINV000324,ORD000324,CUST001474,2023-04-25 18:15:17,2023-05-25 18:15:17,851.48,BRL,Paid
ARINV000325,ORD000325,CUST000777,2023-09-18 20:02:28,2023-10-18 20:02:28,340.05,BRL,Paid
ARINV000326,ORD000326,CUST000834,2024-05-15 04:15:25,2024-06-14 04:15:25,288.44,BRL,Paid
ARINV000327,ORD000327,CUST001460,2024-11-03 14:18:05,2024-12-03 14:18:05,840.43,BRL,Paid
ARINV000328,ORD000328,CUST001694,2023-08-20 23:19:07,2023-09-19 23:19:07,428.72,BRL,Paid
ARINV000329,ORD000329,CUST001081,2023-01-01 18:22:07,2023-01-31 18:22:07,842.89,BRL,Paid
ARINV000330,ORD000330,CUST000004,2024-12-12 11:09:40,2025-01-11 11:09:40,146.01,BRL,Paid
ARINV000331,ORD000331,CUST001222,2024-07-08 23:14:16,2024-08-07 23:14:16,129.55,BRL,Paid
ARINV000332,ORD000332,CUST001322,2023-10-30 04:24:29,2023-11-29 04:24:29,1425.02,BRL,Paid
ARINV000333,ORD000333,CUST001427,2024-04-08 04:19:51,2024-05-08 04:19:51,818.31,BRL,Paid
ARINV000334,ORD000334,CUST000921,2024-12-15 21:45:23,2025-01-14 21:45:23,835.04,BRL,Paid
ARINV000335,ORD000335,CUST000520,2024-03-14 22:32:47,2024-04-13 22:32:47,1307.59,BRL,Open
ARINV000336,ORD000336,CUST001967,2023-02-12 17:53:20,2023-03-14 17:53:20,357.43,BRL,Paid
ARINV000337,ORD000337,CUST001697,2023-12-26 01:07:48,2024-01-25 01:07:48,92.56,BRL,Paid
ARINV000338,ORD000338,CUST000891,2023-04-11 15:23:24,2023-05-11 15:23:24,213.83,BRL,Paid
ARINV000339,ORD000339,CUST000279,2023-01-28 13:50:03,2023-02-27 13:50:03,706.55,BRL,Paid
ARINV000340,ORD000340,CUST000030,2024-07-10 03:21:05,2024-08-09 03:21:05,1142.98,BRL,Paid
ARINV000341,ORD000341,CUST001093,2024-04-10 13:49:47,2024-05-10 13:49:47,284.89,BRL,Paid
ARINV000342,ORD000342,CUST000753,2023-11-27 11:16:47,2023-12-27 11:16:47,1341.39,BRL,Paid
ARINV000343,ORD000343,CUST001331,2023-04-08 00:22:29,2023-05-08 00:22:29,1404.32,BRL,Paid
ARINV000344,ORD000344,CUST001938,2024-06-02 16:10:52,2024-07-02 16:10:52,2109.21,BRL,Paid
ARINV000345,ORD000345,CUST001718,2024-02-02 19:30:10,2024-03-03 19:30:10,769.15,BRL,Paid
ARINV000346,ORD000346,CUST001712,2024-12-15 18:48:49,2025-01-14 18:48:49,2076.23,BRL,Paid
ARINV000347,ORD000347,CUST001620,2023-02-10 10:34:08,2023-03-12 10:34:08,659.99,BRL,Paid
ARINV000348,ORD000348,CUST001846,2023-03-20 07:14:59,2023-04-19 07:14:59,1050.42,BRL,Paid
ARINV000349,ORD000349,CUST000809,2024-01-21 01:35:50,2024-02-20 01:35:50,911.44,BRL,Paid
ARINV000350,ORD000350,CUST001855,2024-05-20 08:19:40,2024-06-19 08:19:40,481.83,BRL,Paid
ARINV000351,ORD000351,CUST000380,2023-05-23 04:48:21,2023-06-22 04:48:21,1767.01,BRL,Paid
ARINV000352,ORD000352,CUST000912,2024-05-23 13:21:00,2024-06-22 13:21:00,2522.54,BRL,Paid
ARINV000353,ORD000353,CUST001917,2024-12-11 13:24:32,2025-01-10 13:24:32,1729.22,BRL,Paid
ARINV000354,ORD000354,CUST000840,2023-10-13 15:53:05,2023-11-12 15:53:05,236.07,BRL,Open
ARINV000355,ORD000355,CUST000965,2023-09-27 13:01:16,2023-10-27 13:01:16,1238.53,BRL,Paid
ARINV000356,ORD000356,CUST000218,2023-01-25 05:53:53,2023-02-24 05:53:53,635.16,BRL,Open
ARINV000357,ORD000357,CUST000770,2024-11-06 19:52:34,2024-12-06 19:52:34,1175.38,BRL,Paid
ARINV000358,ORD000358,CUST001860,2024-08-19 15:02:46,2024-09-18 15:02:46,627.62,BRL,Paid
ARINV000359,ORD000359,CUST001622,2023-11-04 04:51:00,2023-12-04 04:51:00,859.03,BRL,Paid
ARINV000360,ORD000360,CUST001419,2024-06-06 00:26:34,2024-07-06 00:26:34,652.12,BRL,Paid
ARINV000361,ORD000361,CUST001825,2023-01-10 11:02:39,2023-02-09 11:02:39,702.68,BRL,Cancelled
ARINV000362,ORD000362,CUST000794,2023-09-07 17:29:25,2023-10-07 17:29:25,510.51,BRL,Paid
ARINV000363,ORD000363,CUST001446,2024-05-04 17:25:48,2024-06-03 17:25:48,687.19,BRL,Open
ARINV000364,ORD000364,CUST001556,2023-03-14 05:19:11,2023-04-13 05:19:11,328.59,BRL,Paid
ARINV000365,ORD000365,CUST001816,2024-05-04 18:41:30,2024-06-03 18:41:30,183.63,BRL,Paid
ARINV000366,ORD000366,CUST001770,2023-06-18 08:59:43,2023-07-18 08:59:43,502.66,BRL,Paid
ARINV000367,ORD000367,CUST000374,2023-09-26 14:47:46,2023-10-26 14:47:46,1264.93,BRL,Paid
ARINV000368,ORD000368,CUST001781,2024-02-09 01:00:26,2024-03-10 01:00:26,589.08,BRL,Paid
ARINV000369,ORD000369,CUST000237,2024-09-12 08:10:54,2024-10-12 08:10:54,1194.74,BRL,Paid
ARINV000370,ORD000370,CUST000089,2024-02-21 23:31:17,2024-03-22 23:31:17,1502.18,BRL,Cancelled
ARINV000371,ORD000371,CUST001413,2023-09-05 21:48:29,2023-10-05 21:48:29,1123.73,BRL,Paid
ARINV000372,ORD000372,CUST001498,2024-03-03 02:24:54,2024-04-02 02:24:54,509.77,BRL,Paid
ARINV000373,ORD000373,CUST001931,2024-01-14 10:05:57,2024-02-13 10:05:57,751.76,BRL,Paid
ARINV000374,ORD000374,CUST001799,2023-11-07 19:29:21,2023-12-07 19:29:21,532.01,BRL,Paid
ARINV000375,ORD000375,CUST001872,2024-01-31 21:27:54,2024-03-01 21:27:54,1913.45,BRL,Paid
ARINV000376,ORD000376,CUST000180,2023-05-21 17:05:15,2023-06-20 17:05:15,818.36,BRL,Paid
ARINV000377,ORD000377,CUST000330,2024-06-13 22:26:28,2024-07-13 22:26:28,732.18,BRL,Paid
ARINV000378,ORD000378,CUST000839,2023-10-23 21:38:33,2023-11-22 21:38:33,767.31,BRL,Paid
ARINV000379,ORD000379,CUST001396,2023-07-15 12:41:20,2023-08-14 12:41:20,575.9,BRL,Paid
ARINV000380,ORD000380,CUST000323,2024-06-14 14:59:01,2024-07-14 14:59:01,1098.64,BRL,Paid
ARINV000381,ORD000381,CUST001701,2024-09-19 05:04:15,2024-10-19 05:04:15,823.06,BRL,Paid
ARINV000382,ORD000382,CUST001312,2024-12-04 13:09:40,2025-01-03 13:09:40,1512.71,BRL,Paid
ARINV000383,ORD000383,CUST001302,2024-08-18 18:56:12,2024-09-17 18:56:12,603.15,BRL,Open
ARINV000384,ORD000384,CUST000939,2023-07-30 21:46:38,2023-08-29 21:46:38,934.11,BRL,Paid
ARINV000385,ORD000385,CUST000373,2024-01-19 08:56:35,2024-02-18 08:56:35,926.89,BRL,Paid
ARINV000386,ORD000386,CUST000659,2024-07-04 12:25:47,2024-08-03 12:25:47,643.94,BRL,Paid
ARINV000387,ORD000387,CUST001288,2024-01-21 20:02:59,2024-02-20 20:02:59,1072.08,BRL,Open
ARINV000388,ORD000388,CUST001134,2023-07-13 09:16:38,2023-08-12 09:16:38,206.66,BRL,Cancelled
ARINV000389,ORD000389,CUST000793,2024-07-17 21:14:51,2024-08-16 21:14:51,578.26,BRL,Paid
ARINV000390,ORD000390,CUST000371,2023-07-23 09:40:25,2023-08-22 09:40:25,211.2,BRL,Open
ARINV000391,ORD000391,CUST000934,2024-05-02 15:55:01,2024-06-01 15:55:01,970.69,BRL,Paid
ARINV000392,ORD000392,CUST001451,2024-01-06 01:59:03,2024-02-05 01:59:03,1742.68,BRL,Open
ARINV000393,ORD000393,CUST001395,2024-07-02 09:46:21,2024-08-01 09:46:21,171.48,BRL,Paid
ARINV000394,ORD000394,CUST000768,2023-07-29 01:27:14,2023-08-28 01:27:14,1202.54,BRL,Cancelled
ARINV000395,ORD000395,CUST000030,2023-03-03 00:21:31,2023-04-02 00:21:31,282.0,BRL,Open
ARINV000396,ORD000396,CUST001394,2024-03-16 08:45:46,2024-04-15 08:45:46,808.85,BRL,Paid
ARINV000397,ORD000397,CUST001811,2024-07-19 12:52:20,2024-08-18 12:52:20,540.92,BRL,Cancelled
ARINV000398,ORD000398,CUST000142,2024-07-20 21:16:01,2024-08-19 21:16:01,1808.95,BRL,Paid
ARINV000399,ORD000399,CUST000008,2023-07-28 19:43:23,2023-08-27 19:43:23,926.11,BRL,Paid
ARINV000400,ORD000400,CUST001189,2024-05-12 04:32:06,2024-06-11 04:32:06,890.06,BRL,Paid
ARINV000401,ORD000401,CUST001124,2024-09-16 06:01:51,2024-10-16 06:01:51,411.18,BRL,Cancelled
ARINV000402,ORD000402,CUST001407,2023-10-14 03:54:35,2023-11-13 03:54:35,103.55,BRL,Paid
ARINV000403,ORD000403,CUST000462,2024-09-06 14:04:45,2024-10-06 14:04:45,900.87,BRL,Paid
ARINV000404,ORD000404,CUST000297,2024-02-23 16:10:13,2024-03-24 16:10:13,371.44,BRL,Paid
ARINV000405,ORD000405,CUST000546,2023-01-24 19:42:24,2023-02-23 19:42:24,550.97,BRL,Paid
ARINV000406,ORD000406,CUST001952,2024-06-20 12:27:44,2024-07-20 12:27:44,897.68,BRL,Paid
ARINV000407,ORD000407,CUST001664,2024-03-28 22:05:02,2024-04-27 22:05:02,1755.51,BRL,Paid
ARINV000408,ORD000408,CUST000039,2023-06-22 14:42:33,2023-07-22 14:42:33,568.42,BRL,Paid
ARINV000409,ORD000409,CUST001993,2023-09-12 10:34:59,2023-10-12 10:34:59,860.15,BRL,Cancelled
ARINV000410,ORD000410,CUST000702,2024-09-06 17:06:06,2024-10-06 17:06:06,1800.31,BRL,Paid
ARINV000411,ORD000411,CUST001775,2023-09-07 23:30:03,2023-10-07 23:30:03,281.84,BRL,Open
ARINV000412,ORD000412,CUST001097,2024-02-03 20:48:48,2024-03-04 20:48:48,138.47,BRL,Paid
ARINV000413,ORD000413,CUST000344,2024-04-01 15:26:32,2024-05-01 15:26:32,382.82,BRL,Paid
ARINV000414,ORD000414,CUST000741,2024-01-11 09:27:40,2024-02-10 09:27:40,482.21,BRL,Paid
ARINV000415,ORD000415,CUST000016,2024-10-22 18:49:46,2024-11-21 18:49:46,1062.98,BRL,Paid
ARINV000416,ORD000416,CUST000386,2023-02-19 08:19:20,2023-03-21 08:19:20,365.02,BRL,Paid
ARINV000417,ORD000417,CUST001673,2023-02-21 09:06:59,2023-03-23 09:06:59,1401.24,BRL,Paid
ARINV000418,ORD000418,CUST000574,2023-05-26 15:52:13,2023-06-25 15:52:13,2475.48,BRL,Paid
ARINV000419,ORD000419,CUST001980,2023-06-20 18:57:04,2023-07-20 18:57:04,1049.03,BRL,Paid
ARINV000420,ORD000420,CUST001005,2024-11-01 06:24:21,2024-12-01 06:24:21,32.62,BRL,Paid
ARINV000421,ORD000421,CUST001752,2023-01-18 07:06:49,2023-02-17 07:06:49,1084.59,BRL,Paid
ARINV000422,ORD000422,CUST001820,2023-10-03 06:30:26,2023-11-02 06:30:26,1670.87,BRL,Paid
ARINV000423,ORD000423,CUST000316,2023-07-03 05:33:37,2023-08-02 05:33:37,654.89,BRL,Paid
ARINV000424,ORD000424,CUST000998,2023-11-30 06:15:17,2023-12-30 06:15:17,756.43,BRL,Paid
ARINV000425,ORD000425,CUST000845,2023-02-28 14:20:16,2023-03-30 14:20:16,1072.58,BRL,Paid
ARINV000426,ORD000426,CUST001576,2023-09-05 22:10:18,2023-10-05 22:10:18,789.51,BRL,Paid
ARINV000427,ORD000427,CUST000196,2023-09-09 16:33:50,2023-10-09 16:33:50,715.31,BRL,Paid
ARINV000428,ORD000428,CUST000155,2024-10-17 22:03:51,2024-11-16 22:03:51,452.47,BRL,Paid
ARINV000429,ORD000429,CUST000406,2023-10-22 16:46:34,2023-11-21 16:46:34,1378.38,BRL,Paid
ARINV000430,ORD000430,CUST000303,2024-07-17 19:42:51,2024-08-16 19:42:51,714.81,BRL,Open
ARINV000431,ORD000431,CUST000561,2023-12-29 22:02:46,2024-01-28 22:02:46,150.46,BRL,Paid
ARINV000432,ORD000432,CUST001025,2024-06-20 14:50:35,2024-07-20 14:50:35,1117.11,BRL,Open
ARINV000433,ORD000433,CUST001419,2023-07-31 02:40:22,2023-08-30 02:40:22,931.35,BRL,Paid
ARINV000434,ORD000434,CUST001144,2024-01-27 13:41:15,2024-02-26 13:41:15,1760.04,BRL,Paid
ARINV000435,ORD000435,CUST000301,2023-01-17 07:50:55,2023-02-16 07:50:55,1494.63,BRL,Paid
ARINV000436,ORD000436,CUST000230,2023-05-24 23:37:55,2023-06-23 23:37:55,634.3,BRL,Paid
ARINV000437,ORD000437,CUST000932,2023-01-17 08:16:02,2023-02-16 08:16:02,334.4,BRL,Cancelled
ARINV000438,ORD000438,CUST001869,2024-05-13 14:32:09,2024-06-12 14:32:09,168.61,BRL,Paid
ARINV000439,ORD000439,CUST001949,2023-05-14 15:08:19,2023-06-13 15:08:19,1581.76,BRL,Paid
ARINV000440,ORD000440,CUST001487,2024-10-17 03:41:15,2024-11-16 03:41:15,1328.38,BRL,Paid
ARINV000441,ORD000441,CUST000417,2024-10-31 15:46:44,2024-11-30 15:46:44,273.06,BRL,Paid
ARINV000442,ORD000442,CUST001518,2024-07-18 17:22:15,2024-08-17 17:22:15,655.22,BRL,Paid
ARINV000443,ORD000443,CUST001434,2023-07-18 11:17:57,2023-08-17 11:17:57,1222.19,BRL,Cancelled
ARINV000444,ORD000444,CUST000185,2023-01-12 03:41:17,2023-02-11 03:41:17,1008.69,BRL,Paid
ARINV000445,ORD000445,CUST001234,2023-01-26 18:33:02,2023-02-25 18:33:02,865.06,BRL,Paid
ARINV000446,ORD000446,CUST001000,2024-02-18 12:09:43,2024-03-19 12:09:43,154.91,BRL,Paid
ARINV000447,ORD000447,CUST001623,2023-10-19 13:23:50,2023-11-18 13:23:50,557.5,BRL,Open
ARINV000448,ORD000448,CUST001177,2024-05-14 15:46:47,2024-06-13 15:46:47,1252.23,BRL,Paid
ARINV000449,ORD000449,CUST000661,2024-08-02 18:25:15,2024-09-01 18:25:15,955.17,BRL,Paid
ARINV000450,ORD000450,CUST000056,2024-10-12 09:43:30,2024-11-11 09:43:30,1393.65,BRL,Paid
ARINV000451,ORD000451,CUST001074,2023-10-10 14:21:34,2023-11-09 14:21:34,259.47,BRL,Paid
ARINV000452,ORD000452,CUST000686,2023-07-19 15:13:57,2023-08-18 15:13:57,652.89,BRL,Paid
ARINV000453,ORD000453,CUST000446,2024-08-04 09:17:22,2024-09-03 09:17:22,2387.27,BRL,Paid
ARINV000454,ORD000454,CUST000993,2023-03-09 05:56:56,2023-04-08 05:56:56,968.24,BRL,Cancelled
ARINV000455,ORD000455,CUST001675,2023-03-09 07:58:37,2023-04-08 07:58:37,169.75,BRL,Paid
ARINV000456,ORD000456,CUST000174,2023-03-23 16:44:01,2023-04-22 16:44:01,1156.49,BRL,Paid
ARINV000457,ORD000457,CUST000866,2024-04-25 09:23:47,2024-05-25 09:23:47,1280.93,BRL,Paid
ARINV000458,ORD000458,CUST000248,2024-06-23 05:39:54,2024-07-23 05:39:54,788.08,BRL,Paid
ARINV000459,ORD000459,CUST001121,2024-08-31 08:55:51,2024-09-30 08:55:51,845.64,BRL,Paid
ARINV000460,ORD000460,CUST001116,2023-12-03 18:31:34,2024-01-02 18:31:34,208.92,BRL,Paid
ARINV000461,ORD000461,CUST000118,2023-11-04 09:22:49,2023-12-04 09:22:49,1154.48,BRL,Paid
ARINV000462,ORD000462,CUST000703,2023-09-12 16:54:22,2023-10-12 16:54:22,456.83,BRL,Cancelled
ARINV000463,ORD000463,CUST001629,2024-12-15 19:44:28,2025-01-14 19:44:28,561.31,BRL,Paid
ARINV000464,ORD000464,CUST000561,2024-08-03 12:03:32,2024-09-02 12:03:32,1719.79,BRL,Paid
ARINV000465,ORD000465,CUST001342,2024-11-09 02:24:52,2024-12-09 02:24:52,1599.29,BRL,Paid
ARINV000466,ORD000466,CUST001832,2023-06-07 15:04:53,2023-07-07 15:04:53,135.21,BRL,Paid
ARINV000467,ORD000467,CUST001325,2023-11-12 08:34:51,2023-12-12 08:34:51,487.36,BRL,Paid
ARINV000468,ORD000468,CUST000263,2024-02-20 15:39:34,2024-03-21 15:39:34,661.67,BRL,Cancelled
ARINV000469,ORD000469,CUST000816,2024-09-17 06:00:13,2024-10-17 06:00:13,95.89,BRL,Paid
ARINV000470,ORD000470,CUST000313,2023-03-26 03:39:53,2023-04-25 03:39:53,868.48,BRL,Paid
ARINV000471,ORD000471,CUST000277,2024-03-14 17:56:12,2024-04-13 17:56:12,420.79,BRL,Cancelled
ARINV000472,ORD000472,CUST001603,2023-02-22 00:04:33,2023-03-24 00:04:33,907.44,BRL,Paid
ARINV000473,ORD000473,CUST001954,2024-11-26 13:00:25,2024-12-26 13:00:25,202.72,BRL,Paid
ARINV000474,ORD000474,CUST001739,2023-12-05 03:38:23,2024-01-04 03:38:23,353.16,BRL,Paid
ARINV000475,ORD000475,CUST000241,2023-07-16 06:11:13,2023-08-15 06:11:13,656.65,BRL,Cancelled
ARINV000476,ORD000476,CUST001072,2023-04-21 09:43:59,2023-05-21 09:43:59,828.39,BRL,Paid
ARINV000477,ORD000477,CUST000132,2023-05-22 02:21:52,2023-06-21 02:21:52,255.63,BRL,Paid
ARINV000478,ORD000478,CUST001547,2023-04-09 18:04:26,2023-05-09 18:04:26,854.92,BRL,Paid
ARINV000479,ORD000479,CUST000316,2023-12-13 05:55:39,2024-01-12 05:55:39,491.94,BRL,Paid
ARINV000480,ORD000480,CUST000628,2023-10-28 23:47:34,2023-11-27 23:47:34,453.73,BRL,Paid
ARINV000481,ORD000481,CUST001343,2023-11-13 11:53:29,2023-12-13 11:53:29,1640.85,BRL,Paid
ARINV000482,ORD000482,CUST001395,2023-02-07 02:53:34,2023-03-09 02:53:34,931.95,BRL,Open
ARINV000483,ORD000483,CUST000785,2023-05-10 05:26:12,2023-06-09 05:26:12,499.77,BRL,Paid
ARINV000484,ORD000484,CUST001332,2024-08-16 08:42:39,2024-09-15 08:42:39,542.53,BRL,Paid
ARINV000485,ORD000485,CUST001847,2024-08-24 11:00:55,2024-09-23 11:00:55,777.67,BRL,Paid
ARINV000486,ORD000486,CUST000916,2024-11-02 01:13:54,2024-12-02 01:13:54,945.24,BRL,Paid
ARINV000487,ORD000487,CUST001710,2023-02-20 01:08:32,2023-03-22 01:08:32,1460.04,BRL,Cancelled
ARINV000488,ORD000488,CUST001161,2023-07-11 18:07:03,2023-08-10 18:07:03,210.55,BRL,Paid
ARINV000489,ORD000489,CUST001610,2024-04-05 04:50:19,2024-05-05 04:50:19,1095.34,BRL,Paid
ARINV000490,ORD000490,CUST001222,2024-11-05 11:27:39,2024-12-05 11:27:39,471.55,BRL,Paid
ARINV000491,ORD000491,CUST000055,2023-01-08 05:58:39,2023-02-07 05:58:39,616.68,BRL,Open
ARINV000492,ORD000492,CUST001502,2024-05-13 12:10:50,2024-06-12 12:10:50,314.75,BRL,Paid
ARINV000493,ORD000493,CUST001467,2023-10-12 07:21:50,2023-11-11 07:21:50,1112.59,BRL,Open
ARINV000494,ORD000494,CUST000885,2024-10-08 13:08:01,2024-11-07 13:08:01,383.18,BRL,Paid
ARINV000495,ORD000495,CUST001543,2023-04-18 17:34:41,2023-05-18 17:34:41,1546.51,BRL,Paid
ARINV000496,ORD000496,CUST000656,2023-12-07 23:58:52,2024-01-06 23:58:52,359.35,BRL,Cancelled
ARINV000497,ORD000497,CUST001750,2023-10-08 19:19:42,2023-11-07 19:19:42,633.93,BRL,Paid
ARINV000498,ORD000498,CUST001157,2024-03-21 01:26:07,2024-04-20 01:26:07,456.53,BRL,Paid
ARINV000499,ORD000499,CUST000062,2024-07-05 16:37:06,2024-08-04 16:37:06,210.13,BRL,Paid
ARINV000500,ORD000500,CUST001249,2024-10-04 02:17:11,2024-11-03 02:17:11,404.02,BRL,Paid
ARINV000501,ORD000501,CUST000289,2023-08-25 11:28:31,2023-09-24 11:28:31,861.06,BRL,Paid
ARINV000502,ORD000502,CUST001804,2023-11-04 23:44:26,2023-12-04 23:44:26,564.27,BRL,Cancelled
ARINV000503,ORD000503,CUST000238,2023-09-18 14:22:28,2023-10-18 14:22:28,608.22,BRL,Paid
ARINV000504,ORD000504,CUST000883,2024-04-05 08:42:03,2024-05-05 08:42:03,880.33,BRL,Paid
ARINV000505,ORD000505,CUST001480,2024-07-02 19:53:56,2024-08-01 19:53:56,2749.44,BRL,Paid
ARINV000506,ORD000506,CUST001949,2024-10-17 11:08:54,2024-11-16 11:08:54,405.58,BRL,Paid
ARINV000507,ORD000507,CUST001547,2023-08-07 19:26:44,2023-09-06 19:26:44,527.53,BRL,Paid
ARINV000508,ORD000508,CUST001723,2024-02-03 20:24:59,2024-03-04 20:24:59,993.63,BRL,Paid
ARINV000509,ORD000509,CUST001270,2023-01-15 15:38:15,2023-02-14 15:38:15,933.46,BRL,Paid
ARINV000510,ORD000510,CUST000004,2023-04-12 04:43:43,2023-05-12 04:43:43,1468.05,BRL,Paid
ARINV000511,ORD000511,CUST001611,2023-06-23 23:56:14,2023-07-23 23:56:14,857.15,BRL,Paid
ARINV000512,ORD000512,CUST000723,2023-07-28 05:58:03,2023-08-27 05:58:03,839.37,BRL,Paid
ARINV000513,ORD000513,CUST000248,2024-10-16 02:29:50,2024-11-15 02:29:50,866.64,BRL,Paid
ARINV000514,ORD000514,CUST001938,2023-09-03 02:24:08,2023-10-03 02:24:08,876.77,BRL,Paid
ARINV000515,ORD000515,CUST001083,2023-12-12 04:25:17,2024-01-11 04:25:17,768.14,BRL,Paid
ARINV000516,ORD000516,CUST001488,2024-05-07 22:22:06,2024-06-06 22:22:06,605.54,BRL,Paid
ARINV000517,ORD000517,CUST001108,2023-12-28 06:25:20,2024-01-27 06:25:20,742.01,BRL,Paid
ARINV000518,ORD000518,CUST001594,2024-09-27 03:08:47,2024-10-27 03:08:47,606.29,BRL,Paid
ARINV000519,ORD000519,CUST000527,2023-12-17 05:50:16,2024-01-16 05:50:16,821.13,BRL,Paid
ARINV000520,ORD000520,CUST001332,2024-10-08 12:47:36,2024-11-07 12:47:36,184.88,BRL,Paid
ARINV000521,ORD000521,CUST000730,2024-02-17 07:43:54,2024-03-18 07:43:54,785.78,BRL,Paid
ARINV000522,ORD000522,CUST001164,2024-12-15 02:26:08,2025-01-14 02:26:08,84.59,BRL,Paid
ARINV000523,ORD000523,CUST001070,2024-11-03 17:59:58,2024-12-03 17:59:58,1103.92,BRL,Paid
ARINV000524,ORD000524,CUST000992,2023-07-23 01:31:40,2023-08-22 01:31:40,481.81,BRL,Paid
ARINV000525,ORD000525,CUST000806,2023-01-18 13:33:49,2023-02-17 13:33:49,979.77,BRL,Paid
ARINV000526,ORD000526,CUST000290,2023-11-19 16:52:29,2023-12-19 16:52:29,1173.18,BRL,Paid
ARINV000527,ORD000527,CUST000006,2023-04-30 21:35:10,2023-05-30 21:35:10,1165.35,BRL,Open
ARINV000528,ORD000528,CUST000303,2023-05-03 22:45:12,2023-06-02 22:45:12,799.11,BRL,Paid
ARINV000529,ORD000529,CUST000499,2023-11-16 19:33:16,2023-12-16 19:33:16,779.88,BRL,Paid
ARINV000530,ORD000530,CUST000972,2023-02-26 10:55:48,2023-03-28 10:55:48,806.75,BRL,Paid
ARINV000531,ORD000531,CUST001896,2023-06-06 10:13:07,2023-07-06 10:13:07,307.0,BRL,Paid
ARINV000532,ORD000532,CUST000304,2023-03-18 18:08:31,2023-04-17 18:08:31,1402.7,BRL,Paid
ARINV000533,ORD000533,CUST000003,2023-10-19 11:55:59,2023-11-18 11:55:59,1092.5,BRL,Paid
ARINV000534,ORD000534,CUST000727,2024-01-07 04:07:40,2024-02-06 04:07:40,27.75,BRL,Paid
ARINV000535,ORD000535,CUST000196,2023-07-07 20:59:11,2023-08-06 20:59:11,1980.84,BRL,Paid
ARINV000536,ORD000536,CUST000662,2023-11-15 20:01:56,2023-12-15 20:01:56,200.34,BRL,Paid
ARINV000537,ORD000537,CUST001814,2024-12-08 19:52:53,2025-01-07 19:52:53,235.56,BRL,Open
ARINV000538,ORD000538,CUST001364,2024-02-18 01:28:59,2024-03-19 01:28:59,855.78,BRL,Paid
ARINV000539,ORD000539,CUST001840,2023-10-03 01:53:42,2023-11-02 01:53:42,1800.54,BRL,Paid
ARINV000540,ORD000540,CUST000739,2024-05-03 01:32:53,2024-06-02 01:32:53,414.77,BRL,Paid
ARINV000541,ORD000541,CUST001918,2023-09-28 05:46:55,2023-10-28 05:46:55,378.61,BRL,Paid
ARINV000542,ORD000542,CUST000760,2023-06-22 06:44:25,2023-07-22 06:44:25,1635.55,BRL,Paid
ARINV000543,ORD000543,CUST000675,2024-10-07 00:36:47,2024-11-06 00:36:47,678.12,BRL,Paid
ARINV000544,ORD000544,CUST000107,2024-11-29 18:33:25,2024-12-29 18:33:25,1751.38,BRL,Paid
ARINV000545,ORD000545,CUST000260,2023-10-07 20:59:48,2023-11-06 20:59:48,834.49,BRL,Paid
ARINV000546,ORD000546,CUST000880,2023-09-01 02:09:41,2023-10-01 02:09:41,321.48,BRL,Paid
ARINV000547,ORD000547,CUST001835,2024-06-24 10:39:25,2024-07-24 10:39:25,681.04,BRL,Paid
ARINV000548,ORD000548,CUST001328,2023-10-22 09:48:25,2023-11-21 09:48:25,1534.87,BRL,Paid
ARINV000549,ORD000549,CUST001198,2024-10-25 22:02:12,2024-11-24 22:02:12,1012.43,BRL,Paid
ARINV000550,ORD000550,CUST001042,2023-09-17 04:40:02,2023-10-17 04:40:02,1148.36,BRL,Paid
ARINV000551,ORD000551,CUST000168,2023-05-16 01:27:49,2023-06-15 01:27:49,113.31,BRL,Paid
ARINV000552,ORD000552,CUST000404,2024-12-01 14:22:16,2024-12-31 14:22:16,538.84,BRL,Paid
ARINV000553,ORD000553,CUST001598,2023-01-03 23:43:59,2023-02-02 23:43:59,421.79,BRL,Paid
ARINV000554,ORD000554,CUST000872,2023-04-20 12:25:42,2023-05-20 12:25:42,804.43,BRL,Paid
ARINV000555,ORD000555,CUST000727,2024-01-13 11:50:13,2024-02-12 11:50:13,444.31,BRL,Paid
ARINV000556,ORD000556,CUST001351,2024-11-27 10:00:53,2024-12-27 10:00:53,1317.22,BRL,Paid
ARINV000557,ORD000557,CUST000012,2024-02-03 12:51:31,2024-03-04 12:51:31,658.0,BRL,Paid
ARINV000558,ORD000558,CUST001919,2024-05-15 09:58:20,2024-06-14 09:58:20,917.73,BRL,Paid
ARINV000559,ORD000559,CUST001104,2023-06-12 02:14:08,2023-07-12 02:14:08,821.05,BRL,Paid
ARINV000560,ORD000560,CUST001493,2024-06-20 10:31:29,2024-07-20 10:31:29,408.81,BRL,Paid
ARINV000561,ORD000561,CUST001526,2023-10-14 06:26:47,2023-11-13 06:26:47,416.51,BRL,Paid
ARINV000562,ORD000562,CUST000171,2023-03-08 21:21:11,2023-04-07 21:21:11,333.15,BRL,Paid
ARINV000563,ORD000563,CUST001509,2023-07-25 10:02:05,2023-08-24 10:02:05,105.14,BRL,Paid
ARINV000564,ORD000564,CUST001390,2024-05-06 08:01:49,2024-06-05 08:01:49,805.67,BRL,Paid
ARINV000565,ORD000565,CUST000563,2024-10-22 17:41:28,2024-11-21 17:41:28,883.02,BRL,Paid
ARINV000566,ORD000566,CUST001781,2023-04-23 09:44:44,2023-05-23 09:44:44,329.6,BRL,Paid
ARINV000567,ORD000567,CUST000485,2023-10-06 23:58:03,2023-11-05 23:58:03,1862.8,BRL,Paid
ARINV000568,ORD000568,CUST001394,2023-03-06 20:38:58,2023-04-05 20:38:58,102.96,BRL,Paid
ARINV000569,ORD000569,CUST000672,2023-10-17 09:10:43,2023-11-16 09:10:43,665.43,BRL,Paid
ARINV000570,ORD000570,CUST000027,2024-06-26 06:39:39,2024-07-26 06:39:39,211.07,BRL,Paid
ARINV000571,ORD000571,CUST000142,2023-12-02 20:09:57,2024-01-01 20:09:57,366.88,BRL,Paid
ARINV000572,ORD000572,CUST000313,2023-07-11 03:56:56,2023-08-10 03:56:56,1701.59,BRL,Open
ARINV000573,ORD000573,CUST000161,2024-08-23 07:15:44,2024-09-22 07:15:44,1604.43,BRL,Paid
ARINV000574,ORD000574,CUST001747,2024-01-01 03:29:54,2024-01-31 03:29:54,834.16,BRL,Paid
ARINV000575,ORD000575,CUST001427,2023-02-16 12:14:19,2023-03-18 12:14:19,625.71,BRL,Paid
ARINV000576,ORD000576,CUST000277,2023-08-22 15:41:08,2023-09-21 15:41:08,106.42,BRL,Paid
ARINV000577,ORD000577,CUST001939,2023-04-16 20:34:36,2023-05-16 20:34:36,2539.68,BRL,Cancelled
ARINV000578,ORD000578,CUST000683,2024-02-25 01:35:51,2024-03-26 01:35:51,322.76,BRL,Paid
ARINV000579,ORD000579,CUST001124,2023-04-16 19:58:21,2023-05-16 19:58:21,802.89,BRL,Open
ARINV000580,ORD000580,CUST000403,2023-08-12 13:30:11,2023-09-11 13:30:11,783.32,BRL,Paid
ARINV000581,ORD000581,CUST001429,2023-05-04 10:12:34,2023-06-03 10:12:34,613.54,BRL,Paid
ARINV000582,ORD000582,CUST000790,2023-08-31 22:16:26,2023-09-30 22:16:26,117.67,BRL,Paid
ARINV000583,ORD000583,CUST001989,2023-02-15 17:19:51,2023-03-17 17:19:51,794.64,BRL,Paid
ARINV000584,ORD000584,CUST001757,2024-05-16 07:52:38,2024-06-15 07:52:38,2559.53,BRL,Paid
ARINV000585,ORD000585,CUST001347,2024-05-30 21:13:19,2024-06-29 21:13:19,506.53,BRL,Paid
ARINV000586,ORD000586,CUST001743,2024-12-14 12:42:18,2025-01-13 12:42:18,351.16,BRL,Paid
ARINV000587,ORD000587,CUST001242,2024-12-13 05:58:54,2025-01-12 05:58:54,314.41,BRL,Paid
ARINV000588,ORD000588,CUST001689,2024-11-14 10:01:18,2024-12-14 10:01:18,1642.19,BRL,Paid
ARINV000589,ORD000589,CUST000833,2023-07-03 07:07:51,2023-08-02 07:07:51,524.94,BRL,Paid
ARINV000590,ORD000590,CUST000565,2024-04-16 02:13:51,2024-05-16 02:13:51,281.62,BRL,Paid
ARINV000591,ORD000591,CUST000733,2023-05-01 07:26:00,2023-05-31 07:26:00,2057.38,BRL,Paid
ARINV000592,ORD000592,CUST001516,2024-12-05 02:18:12,2025-01-04 02:18:12,859.66,BRL,Paid
ARINV000593,ORD000593,CUST001220,2023-01-08 06:14:22,2023-02-07 06:14:22,1313.07,BRL,Paid
ARINV000594,ORD000594,CUST000119,2023-04-22 03:05:18,2023-05-22 03:05:18,881.4,BRL,Open
ARINV000595,ORD000595,CUST001226,2023-04-22 15:49:26,2023-05-22 15:49:26,383.91,BRL,Paid
ARINV000596,ORD000596,CUST000165,2024-12-31 20:12:24,2025-01-30 20:12:24,762.59,BRL,Cancelled
ARINV000597,ORD000597,CUST001526,2024-08-22 12:01:00,2024-09-21 12:01:00,958.53,BRL,Cancelled
ARINV000598,ORD000598,CUST000548,2024-11-07 20:39:16,2024-12-07 20:39:16,1516.15,BRL,Paid
ARINV000599,ORD000599,CUST000463,2023-10-13 11:29:43,2023-11-12 11:29:43,1539.95,BRL,Paid
ARINV000600,ORD000600,CUST001539,2023-07-20 14:46:31,2023-08-19 14:46:31,331.82,BRL,Paid
ARINV000601,ORD000601,CUST000179,2023-04-29 04:36:57,2023-05-29 04:36:57,1502.46,BRL,Cancelled
ARINV000602,ORD000602,CUST000082,2024-12-18 19:25:32,2025-01-17 19:25:32,120.8,BRL,Open
ARINV000603,ORD000603,CUST001875,2024-05-05 14:22:01,2024-06-04 14:22:01,580.27,BRL,Cancelled
ARINV000604,ORD000604,CUST001445,2024-12-30 04:55:23,2025-01-29 04:55:23,901.67,BRL,Paid
ARINV000605,ORD000605,CUST000525,2023-09-04 01:50:52,2023-10-04 01:50:52,1022.5,BRL,Paid
ARINV000606,ORD000606,CUST000982,2024-07-05 20:06:28,2024-08-04 20:06:28,211.78,BRL,Paid
ARINV000607,ORD000607,CUST000270,2023-09-25 12:05:25,2023-10-25 12:05:25,405.51,BRL,Paid
ARINV000608,ORD000608,CUST001229,2023-07-30 05:05:12,2023-08-29 05:05:12,866.98,BRL,Paid
ARINV000609,ORD000609,CUST001892,2024-06-14 05:22:55,2024-07-14 05:22:55,648.61,BRL,Paid
ARINV000610,ORD000610,CUST001760,2023-03-24 11:43:04,2023-04-23 11:43:04,1483.35,BRL,Paid
ARINV000611,ORD000611,CUST001494,2023-01-31 01:12:19,2023-03-02 01:12:19,284.54,BRL,Paid
ARINV000612,ORD000612,CUST001562,2023-02-01 03:02:42,2023-03-03 03:02:42,912.07,BRL,Paid
ARINV000613,ORD000613,CUST000830,2023-03-26 06:55:58,2023-04-25 06:55:58,608.85,BRL,Paid
ARINV000614,ORD000614,CUST000833,2024-10-25 13:31:38,2024-11-24 13:31:38,1339.94,BRL,Open
ARINV000615,ORD000615,CUST000989,2023-06-03 12:51:52,2023-07-03 12:51:52,935.83,BRL,Paid
ARINV000616,ORD000616,CUST001985,2024-10-23 10:33:12,2024-11-22 10:33:12,1449.87,BRL,Paid
ARINV000617,ORD000617,CUST000211,2023-06-01 21:51:28,2023-07-01 21:51:28,718.98,BRL,Paid
ARINV000618,ORD000618,CUST001641,2024-06-18 02:47:20,2024-07-18 02:47:20,1096.62,BRL,Paid
ARINV000619,ORD000619,CUST001110,2023-11-18 13:48:54,2023-12-18 13:48:54,827.61,BRL,Paid
ARINV000620,ORD000620,CUST001298,2023-02-15 21:48:59,2023-03-17 21:48:59,789.57,BRL,Paid
ARINV000621,ORD000621,CUST001933,2023-12-20 23:10:49,2024-01-19 23:10:49,496.1,BRL,Paid
ARINV000622,ORD000622,CUST001867,2024-06-26 05:27:35,2024-07-26 05:27:35,468.93,BRL,Paid
ARINV000623,ORD000623,CUST000812,2023-06-02 09:48:32,2023-07-02 09:48:32,936.47,BRL,Paid
ARINV000624,ORD000624,CUST001993,2024-01-10 11:17:28,2024-02-09 11:17:28,780.06,BRL,Open
ARINV000625,ORD000625,CUST001690,2024-07-19 01:26:01,2024-08-18 01:26:01,976.45,BRL,Paid
ARINV000626,ORD000626,CUST001639,2024-02-25 21:55:18,2024-03-26 21:55:18,289.87,BRL,Cancelled
ARINV000627,ORD000627,CUST000523,2024-09-24 12:55:40,2024-10-24 12:55:40,898.9,BRL,Paid
ARINV000628,ORD000628,CUST001395,2023-07-09 04:34:44,2023-08-08 04:34:44,288.63,BRL,Paid
ARINV000629,ORD000629,CUST000162,2023-09-16 19:14:41,2023-10-16 19:14:41,2006.52,BRL,Paid
ARINV000630,ORD000630,CUST000705,2023-09-25 22:46:35,2023-10-25 22:46:35,607.42,BRL,Paid
ARINV000631,ORD000631,CUST000052,2024-05-25 09:03:58,2024-06-24 09:03:58,775.08,BRL,Open
ARINV000632,ORD000632,CUST001755,2024-06-25 23:35:00,2024-07-25 23:35:00,341.01,BRL,Paid
ARINV000633,ORD000633,CUST000541,2023-05-25 14:33:59,2023-06-24 14:33:59,404.89,BRL,Paid
ARINV000634,ORD000634,CUST001020,2024-08-08 23:29:25,2024-09-07 23:29:25,1265.68,BRL,Paid
ARINV000635,ORD000635,CUST000889,2023-06-12 00:45:14,2023-07-12 00:45:14,147.5,BRL,Paid
ARINV000636,ORD000636,CUST001445,2024-06-25 15:41:17,2024-07-25 15:41:17,924.77,BRL,Paid
ARINV000637,ORD000637,CUST000986,2023-02-11 14:12:22,2023-03-13 14:12:22,1150.71,BRL,Paid
ARINV000638,ORD000638,CUST000021,2024-01-18 10:34:51,2024-02-17 10:34:51,946.85,BRL,Cancelled
ARINV000639,ORD000639,CUST000915,2024-02-17 08:20:25,2024-03-18 08:20:25,891.03,BRL,Paid
ARINV000640,ORD000640,CUST000768,2023-10-28 06:58:42,2023-11-27 06:58:42,260.36,BRL,Paid
ARINV000641,ORD000641,CUST001747,2024-11-15 03:04:49,2024-12-15 03:04:49,805.91,BRL,Paid
ARINV000642,ORD000642,CUST001324,2023-10-25 18:40:37,2023-11-24 18:40:37,407.08,BRL,Paid
ARINV000643,ORD000643,CUST001045,2023-04-22 13:24:43,2023-05-22 13:24:43,795.39,BRL,Paid
ARINV000644,ORD000644,CUST001360,2023-10-10 12:04:17,2023-11-09 12:04:17,705.03,BRL,Paid
ARINV000645,ORD000645,CUST000021,2024-11-20 12:22:35,2024-12-20 12:22:35,1762.28,BRL,Paid
ARINV000646,ORD000646,CUST001121,2023-09-02 07:27:02,2023-10-02 07:27:02,1822.49,BRL,Cancelled
ARINV000647,ORD000647,CUST000234,2023-12-30 07:04:31,2024-01-29 07:04:31,712.54,BRL,Paid
ARINV000648,ORD000648,CUST000611,2024-12-26 04:26:54,2025-01-25 04:26:54,845.6,BRL,Paid
ARINV000649,ORD000649,CUST001853,2023-04-03 03:26:36,2023-05-03 03:26:36,914.69,BRL,Paid
ARINV000650,ORD000650,CUST001453,2024-07-11 01:45:34,2024-08-10 01:45:34,1047.02,BRL,Paid
ARINV000651,ORD000651,CUST001089,2024-10-08 07:12:30,2024-11-07 07:12:30,923.14,BRL,Paid
ARINV000652,ORD000652,CUST000333,2023-08-20 01:25:39,2023-09-19 01:25:39,1004.41,BRL,Cancelled
ARINV000653,ORD000653,CUST000364,2023-03-27 22:16:39,2023-04-26 22:16:39,815.1,BRL,Paid
ARINV000654,ORD000654,CUST001924,2024-04-17 18:13:45,2024-05-17 18:13:45,658.26,BRL,Cancelled
ARINV000655,ORD000655,CUST000554,2023-01-09 00:23:18,2023-02-08 00:23:18,899.49,BRL,Cancelled
ARINV000656,ORD000656,CUST000647,2023-01-28 01:04:13,2023-02-27 01:04:13,1230.36,BRL,Paid
ARINV000657,ORD000657,CUST001774,2023-05-11 21:44:35,2023-06-10 21:44:35,1509.88,BRL,Paid
ARINV000658,ORD000658,CUST000366,2023-12-08 17:11:41,2024-01-07 17:11:41,487.4,BRL,Paid
ARINV000659,ORD000659,CUST001165,2024-09-02 04:21:29,2024-10-02 04:21:29,439.95,BRL,Paid
ARINV000660,ORD000660,CUST000888,2024-09-27 07:46:50,2024-10-27 07:46:50,816.08,BRL,Paid
ARINV000661,ORD000661,CUST001732,2023-03-20 11:19:53,2023-04-19 11:19:53,1677.2,BRL,Paid
ARINV000662,ORD000662,CUST000334,2023-10-21 03:57:47,2023-11-20 03:57:47,219.42,BRL,Open
ARINV000663,ORD000663,CUST001868,2024-05-03 12:29:11,2024-06-02 12:29:11,438.23,BRL,Paid
ARINV000664,ORD000664,CUST000476,2023-07-19 06:12:40,2023-08-18 06:12:40,1438.48,BRL,Paid
ARINV000665,ORD000665,CUST001666,2023-06-01 02:40:33,2023-07-01 02:40:33,1769.62,BRL,Paid
ARINV000666,ORD000666,CUST001129,2023-03-20 03:21:28,2023-04-19 03:21:28,825.4,BRL,Paid
ARINV000667,ORD000667,CUST001057,2023-05-14 18:55:15,2023-06-13 18:55:15,1190.61,BRL,Paid
ARINV000668,ORD000668,CUST000218,2024-10-07 00:46:25,2024-11-06 00:46:25,2344.32,BRL,Paid
ARINV000669,ORD000669,CUST001145,2024-03-14 15:51:04,2024-04-13 15:51:04,835.97,BRL,Paid
ARINV000670,ORD000670,CUST000172,2024-06-15 03:29:40,2024-07-15 03:29:40,2192.99,BRL,Paid
ARINV000671,ORD000671,CUST000855,2023-02-13 07:01:28,2023-03-15 07:01:28,1456.3,BRL,Cancelled
ARINV000672,ORD000672,CUST000504,2023-07-28 13:09:19,2023-08-27 13:09:19,634.54,BRL,Paid
ARINV000673,ORD000673,CUST000673,2024-01-31 05:36:24,2024-03-01 05:36:24,879.48,BRL,Paid
ARINV000674,ORD000674,CUST001974,2023-04-13 06:23:24,2023-05-13 06:23:24,676.89,BRL,Paid
ARINV000675,ORD000675,CUST001825,2024-03-16 18:32:05,2024-04-15 18:32:05,929.84,BRL,Paid
ARINV000676,ORD000676,CUST001629,2024-10-03 17:40:05,2024-11-02 17:40:05,1126.1,BRL,Paid
ARINV000677,ORD000677,CUST000161,2024-06-21 09:36:14,2024-07-21 09:36:14,2330.09,BRL,Paid
ARINV000678,ORD000678,CUST001325,2024-07-21 00:10:49,2024-08-20 00:10:49,175.9,BRL,Paid
ARINV000679,ORD000679,CUST001286,2023-11-02 08:38:39,2023-12-02 08:38:39,139.18,BRL,Paid
ARINV000680,ORD000680,CUST000085,2023-05-20 14:50:06,2023-06-19 14:50:06,942.79,BRL,Paid
ARINV000681,ORD000681,CUST000667,2023-02-24 03:43:51,2023-03-26 03:43:51,2228.85,BRL,Paid
ARINV000682,ORD000682,CUST000377,2024-09-12 01:43:44,2024-10-12 01:43:44,794.73,BRL,Paid
ARINV000683,ORD000683,CUST000314,2023-10-24 10:24:15,2023-11-23 10:24:15,1503.69,BRL,Paid
ARINV000684,ORD000684,CUST001633,2024-08-19 06:01:45,2024-09-18 06:01:45,2110.65,BRL,Paid
ARINV000685,ORD000685,CUST001096,2024-10-01 20:51:06,2024-10-31 20:51:06,818.06,BRL,Paid
ARINV000686,ORD000686,CUST001768,2024-10-19 22:00:54,2024-11-18 22:00:54,1628.49,BRL,Paid
ARINV000687,ORD000687,CUST000066,2023-04-02 19:00:47,2023-05-02 19:00:47,1362.59,BRL,Paid
ARINV000688,ORD000688,CUST001230,2024-10-14 20:42:28,2024-11-13 20:42:28,1473.76,BRL,Paid
ARINV000689,ORD000689,CUST000997,2023-01-22 18:13:13,2023-02-21 18:13:13,159.71,BRL,Cancelled
ARINV000690,ORD000690,CUST001943,2023-06-29 06:55:52,2023-07-29 06:55:52,833.95,BRL,Paid
ARINV000691,ORD000691,CUST000402,2024-03-16 14:43:00,2024-04-15 14:43:00,1542.21,BRL,Paid
ARINV000692,ORD000692,CUST001851,2024-07-25 17:13:14,2024-08-24 17:13:14,1206.73,BRL,Paid
ARINV000693,ORD000693,CUST000087,2023-02-01 23:22:19,2023-03-03 23:22:19,541.86,BRL,Paid
ARINV000694,ORD000694,CUST000634,2023-08-22 18:55:56,2023-09-21 18:55:56,486.3,BRL,Paid
ARINV000695,ORD000695,CUST001968,2024-10-27 08:52:56,2024-11-26 08:52:56,324.2,BRL,Cancelled
ARINV000696,ORD000696,CUST000873,2023-05-22 23:55:48,2023-06-21 23:55:48,1648.38,BRL,Cancelled
ARINV000697,ORD000697,CUST000365,2023-10-19 00:06:42,2023-11-18 00:06:42,456.68,BRL,Cancelled
ARINV000698,ORD000698,CUST001215,2024-11-10 04:17:20,2024-12-10 04:17:20,564.48,BRL,Open
ARINV000699,ORD000699,CUST001781,2024-09-16 15:48:24,2024-10-16 15:48:24,766.3,BRL,Paid
ARINV000700,ORD000700,CUST000594,2024-01-03 19:49:28,2024-02-02 19:49:28,474.2,BRL,Paid
ARINV000701,ORD000701,CUST001334,2024-07-17 13:55:26,2024-08-16 13:55:26,1090.71,BRL,Paid
ARINV000702,ORD000702,CUST000201,2023-08-10 00:32:37,2023-09-09 00:32:37,297.72,BRL,Paid
ARINV000703,ORD000703,CUST000838,2023-07-14 19:14:32,2023-08-13 19:14:32,1276.79,BRL,Paid
ARINV000704,ORD000704,CUST000159,2023-10-01 14:30:54,2023-10-31 14:30:54,2813.78,BRL,Paid
ARINV000705,ORD000705,CUST000768,2024-06-05 09:53:58,2024-07-05 09:53:58,443.2,BRL,Paid
ARINV000706,ORD000706,CUST001369,2024-05-04 08:08:45,2024-06-03 08:08:45,166.88,BRL,Paid
ARINV000707,ORD000707,CUST000262,2024-02-03 02:16:45,2024-03-04 02:16:45,704.88,BRL,Paid
ARINV000708,ORD000708,CUST000873,2024-05-30 07:21:24,2024-06-29 07:21:24,259.11,BRL,Open
ARINV000709,ORD000709,CUST001267,2023-01-27 01:44:40,2023-02-26 01:44:40,334.89,BRL,Paid
ARINV000710,ORD000710,CUST001686,2023-02-27 22:17:04,2023-03-29 22:17:04,593.74,BRL,Paid
ARINV000711,ORD000711,CUST000800,2023-11-26 01:58:40,2023-12-26 01:58:40,760.59,BRL,Paid
ARINV000712,ORD000712,CUST001381,2024-08-19 16:08:26,2024-09-18 16:08:26,362.29,BRL,Paid
ARINV000713,ORD000713,CUST000569,2023-08-14 23:12:38,2023-09-13 23:12:38,108.74,BRL,Paid
ARINV000714,ORD000714,CUST000112,2024-09-05 10:14:56,2024-10-05 10:14:56,1010.68,BRL,Paid
ARINV000715,ORD000715,CUST000419,2024-02-17 14:59:15,2024-03-18 14:59:15,622.02,BRL,Paid
ARINV000716,ORD000716,CUST001911,2024-07-22 03:21:07,2024-08-21 03:21:07,603.84,BRL,Paid
ARINV000717,ORD000717,CUST001505,2024-01-29 01:44:11,2024-02-28 01:44:11,717.05,BRL,Paid
ARINV000718,ORD000718,CUST001964,2023-09-27 00:49:39,2023-10-27 00:49:39,702.21,BRL,Paid
ARINV000719,ORD000719,CUST001132,2023-03-10 07:06:34,2023-04-09 07:06:34,337.05,BRL,Paid
ARINV000720,ORD000720,CUST000413,2023-11-18 13:01:47,2023-12-18 13:01:47,730.46,BRL,Open
ARINV000721,ORD000721,CUST000764,2023-04-22 17:00:35,2023-05-22 17:00:35,765.33,BRL,Paid
ARINV000722,ORD000722,CUST000237,2023-06-18 03:42:04,2023-07-18 03:42:04,572.03,BRL,Paid
ARINV000723,ORD000723,CUST001033,2023-08-13 15:21:39,2023-09-12 15:21:39,422.14,BRL,Paid
ARINV000724,ORD000724,CUST001793,2024-04-23 18:02:58,2024-05-23 18:02:58,154.22,BRL,Paid
ARINV000725,ORD000725,CUST000520,2023-08-12 16:17:33,2023-09-11 16:17:33,730.25,BRL,Paid
ARINV000726,ORD000726,CUST001604,2023-09-28 21:34:27,2023-10-28 21:34:27,1244.72,BRL,Paid
ARINV000727,ORD000727,CUST000525,2023-05-25 14:24:10,2023-06-24 14:24:10,565.09,BRL,Paid
ARINV000728,ORD000728,CUST000477,2023-10-19 01:55:33,2023-11-18 01:55:33,779.55,BRL,Paid
ARINV000729,ORD000729,CUST001903,2024-02-12 17:07:36,2024-03-13 17:07:36,793.96,BRL,Paid
ARINV000730,ORD000730,CUST001718,2024-11-14 18:41:31,2024-12-14 18:41:31,1831.4,BRL,Open
ARINV000731,ORD000731,CUST000856,2024-10-16 03:21:33,2024-11-15 03:21:33,240.34,BRL,Cancelled
ARINV000732,ORD000732,CUST000480,2023-07-06 03:43:33,2023-08-05 03:43:33,415.74,BRL,Paid
ARINV000733,ORD000733,CUST000934,2024-08-09 19:53:01,2024-09-08 19:53:01,887.14,BRL,Paid
ARINV000734,ORD000734,CUST001031,2023-08-28 15:30:39,2023-09-27 15:30:39,306.1,BRL,Cancelled
ARINV000735,ORD000735,CUST000604,2023-09-06 04:11:11,2023-10-06 04:11:11,696.04,BRL,Cancelled
ARINV000736,ORD000736,CUST000225,2024-11-28 11:35:38,2024-12-28 11:35:38,1153.5,BRL,Paid
ARINV000737,ORD000737,CUST000589,2023-01-24 17:56:35,2023-02-23 17:56:35,1658.3,BRL,Paid
ARINV000738,ORD000738,CUST001328,2024-02-17 04:19:56,2024-03-18 04:19:56,1534.48,BRL,Paid
ARINV000739,ORD000739,CUST000293,2023-08-30 14:44:55,2023-09-29 14:44:55,294.95,BRL,Paid
ARINV000740,ORD000740,CUST000168,2024-01-21 19:41:00,2024-02-20 19:41:00,355.7,BRL,Paid
ARINV000741,ORD000741,CUST000479,2024-10-06 12:43:03,2024-11-05 12:43:03,1739.29,BRL,Paid
ARINV000742,ORD000742,CUST000550,2023-01-16 12:11:55,2023-02-15 12:11:55,1143.67,BRL,Paid
ARINV000743,ORD000743,CUST001733,2024-02-19 20:43:56,2024-03-20 20:43:56,880.33,BRL,Open
ARINV000744,ORD000744,CUST001346,2023-03-16 20:46:32,2023-04-15 20:46:32,948.84,BRL,Paid
ARINV000745,ORD000745,CUST001054,2024-07-24 21:30:15,2024-08-23 21:30:15,1050.89,BRL,Paid
ARINV000746,ORD000746,CUST001696,2024-09-30 22:10:17,2024-10-30 22:10:17,1550.34,BRL,Paid
ARINV000747,ORD000747,CUST000043,2023-02-08 12:02:49,2023-03-10 12:02:49,1123.21,BRL,Paid
ARINV000748,ORD000748,CUST001656,2024-11-09 19:44:38,2024-12-09 19:44:38,854.3,BRL,Open
ARINV000749,ORD000749,CUST000001,2024-06-03 10:37:35,2024-07-03 10:37:35,1103.83,BRL,Paid
ARINV000750,ORD000750,CUST000470,2024-07-20 22:55:11,2024-08-19 22:55:11,540.72,BRL,Paid
ARINV000751,ORD000751,CUST000878,2024-10-03 19:52:04,2024-11-02 19:52:04,269.57,BRL,Paid
ARINV000752,ORD000752,CUST000961,2023-04-04 12:59:44,2023-05-04 12:59:44,246.81,BRL,Cancelled
ARINV000753,ORD000753,CUST001125,2024-07-11 14:37:25,2024-08-10 14:37:25,375.6,BRL,Paid
ARINV000754,ORD000754,CUST001854,2023-01-27 22:24:45,2023-02-26 22:24:45,892.93,BRL,Paid
ARINV000755,ORD000755,CUST001655,2024-10-04 16:47:57,2024-11-03 16:47:57,713.9,BRL,Paid
ARINV000756,ORD000756,CUST001910,2023-06-03 22:42:21,2023-07-03 22:42:21,463.08,BRL,Paid
ARINV000757,ORD000757,CUST001265,2023-05-13 11:39:18,2023-06-12 11:39:18,865.16,BRL,Paid
ARINV000758,ORD000758,CUST000405,2024-10-20 19:22:28,2024-11-19 19:22:28,630.11,BRL,Paid
ARINV000759,ORD000759,CUST000515,2024-11-29 22:45:46,2024-12-29 22:45:46,924.84,BRL,Paid
ARINV000760,ORD000760,CUST001419,2023-01-31 13:07:12,2023-03-02 13:07:12,342.37,BRL,Paid
ARINV000761,ORD000761,CUST001540,2024-12-03 16:37:32,2025-01-02 16:37:32,345.97,BRL,Paid
ARINV000762,ORD000762,CUST001329,2023-10-14 19:43:30,2023-11-13 19:43:30,559.72,BRL,Paid
ARINV000763,ORD000763,CUST000407,2023-10-02 09:08:46,2023-11-01 09:08:46,810.89,BRL,Paid
ARINV000764,ORD000764,CUST000048,2024-02-08 07:08:24,2024-03-09 07:08:24,834.68,BRL,Paid
ARINV000765,ORD000765,CUST001959,2024-10-11 04:50:45,2024-11-10 04:50:45,227.58,BRL,Open
ARINV000766,ORD000766,CUST000112,2024-02-05 08:05:23,2024-03-06 08:05:23,722.95,BRL,Cancelled
ARINV000767,ORD000767,CUST001181,2024-08-09 03:45:13,2024-09-08 03:45:13,1187.26,BRL,Paid
ARINV000768,ORD000768,CUST001027,2023-07-11 19:24:26,2023-08-10 19:24:26,1373.62,BRL,Paid
ARINV000769,ORD000769,CUST001524,2024-02-03 06:06:18,2024-03-04 06:06:18,815.52,BRL,Paid
ARINV000770,ORD000770,CUST001740,2024-08-26 08:04:12,2024-09-25 08:04:12,914.41,BRL,Cancelled
ARINV000771,ORD000771,CUST000124,2024-06-26 22:08:03,2024-07-26 22:08:03,627.31,BRL,Open
ARINV000772,ORD000772,CUST001560,2024-05-31 03:52:01,2024-06-30 03:52:01,1658.49,BRL,Paid
ARINV000773,ORD000773,CUST000157,2024-10-23 17:49:37,2024-11-22 17:49:37,515.07,BRL,Paid
ARINV000774,ORD000774,CUST001231,2024-09-16 11:40:00,2024-10-16 11:40:00,97.9,BRL,Paid
ARINV000775,ORD000775,CUST000668,2023-08-18 00:16:36,2023-09-17 00:16:36,2073.11,BRL,Open
ARINV000776,ORD000776,CUST001214,2024-08-13 02:42:46,2024-09-12 02:42:46,828.65,BRL,Cancelled
ARINV000777,ORD000777,CUST001630,2024-05-07 21:48:32,2024-06-06 21:48:32,670.68,BRL,Paid
ARINV000778,ORD000778,CUST001281,2024-08-18 08:35:35,2024-09-17 08:35:35,703.33,BRL,Paid
ARINV000779,ORD000779,CUST000430,2023-08-04 14:21:51,2023-09-03 14:21:51,1394.74,BRL,Paid
ARINV000780,ORD000780,CUST000554,2023-12-01 11:56:00,2023-12-31 11:56:00,264.44,BRL,Paid
ARINV000781,ORD000781,CUST001119,2024-09-26 07:48:30,2024-10-26 07:48:30,625.41,BRL,Paid
ARINV000782,ORD000782,CUST001537,2023-04-10 08:40:14,2023-05-10 08:40:14,595.57,BRL,Paid
ARINV000783,ORD000783,CUST000068,2023-01-17 22:36:05,2023-02-16 22:36:05,1726.45,BRL,Paid
ARINV000784,ORD000784,CUST001220,2023-10-18 03:10:21,2023-11-17 03:10:21,538.47,BRL,Paid
ARINV000785,ORD000785,CUST001977,2024-09-22 19:16:04,2024-10-22 19:16:04,1602.03,BRL,Paid
ARINV000786,ORD000786,CUST001850,2024-06-20 17:13:02,2024-07-20 17:13:02,1140.11,BRL,Paid
ARINV000787,ORD000787,CUST000932,2024-05-04 00:14:41,2024-06-03 00:14:41,648.67,BRL,Open
ARINV000788,ORD000788,CUST000781,2024-06-23 20:18:32,2024-07-23 20:18:32,807.17,BRL,Cancelled
ARINV000789,ORD000789,CUST000146,2023-06-16 04:58:57,2023-07-16 04:58:57,655.73,BRL,Paid
ARINV000790,ORD000790,CUST001612,2024-03-02 02:07:30,2024-04-01 02:07:30,906.98,BRL,Paid
ARINV000791,ORD000791,CUST001008,2024-03-01 16:22:33,2024-03-31 16:22:33,2109.05,BRL,Paid
ARINV000792,ORD000792,CUST001884,2023-05-22 17:56:20,2023-06-21 17:56:20,1060.18,BRL,Paid
ARINV000793,ORD000793,CUST000683,2024-07-08 23:01:00,2024-08-07 23:01:00,747.05,BRL,Paid
ARINV000794,ORD000794,CUST000237,2024-12-30 22:20:32,2025-01-29 22:20:32,931.52,BRL,Paid
ARINV000795,ORD000795,CUST001762,2023-03-26 15:35:12,2023-04-25 15:35:12,876.49,BRL,Paid
ARINV000796,ORD000796,CUST000453,2023-01-07 01:26:04,2023-02-06 01:26:04,830.11,BRL,Paid
ARINV000797,ORD000797,CUST001784,2024-08-23 23:34:08,2024-09-22 23:34:08,931.05,BRL,Cancelled
ARINV000798,ORD000798,CUST000250,2023-05-15 23:23:53,2023-06-14 23:23:53,767.3,BRL,Cancelled
ARINV000799,ORD000799,CUST000190,2023-11-21 02:31:15,2023-12-21 02:31:15,375.33,BRL,Open
ARINV000800,ORD000800,CUST000164,2024-06-18 07:25:50,2024-07-18 07:25:50,394.47,BRL,Paid
ARINV000801,ORD000801,CUST001741,2024-11-29 03:39:15,2024-12-29 03:39:15,914.66,BRL,Paid
ARINV000802,ORD000802,CUST000993,2024-01-31 21:21:05,2024-03-01 21:21:05,100.28,BRL,Open
ARINV000803,ORD000803,CUST001809,2024-12-07 08:05:09,2025-01-06 08:05:09,235.89,BRL,Open
ARINV000804,ORD000804,CUST000196,2024-10-20 15:02:49,2024-11-19 15:02:49,780.37,BRL,Paid
ARINV000805,ORD000805,CUST000219,2024-12-21 06:06:21,2025-01-20 06:06:21,336.4,BRL,Cancelled
ARINV000806,ORD000806,CUST001695,2023-08-03 02:32:01,2023-09-02 02:32:01,570.19,BRL,Paid
ARINV000807,ORD000807,CUST000270,2023-05-17 06:55:59,2023-06-16 06:55:59,474.73,BRL,Paid
ARINV000808,ORD000808,CUST001628,2024-10-22 00:15:28,2024-11-21 00:15:28,820.42,BRL,Paid
ARINV000809,ORD000809,CUST000497,2023-01-09 03:16:16,2023-02-08 03:16:16,297.24,BRL,Paid
ARINV000810,ORD000810,CUST001023,2023-07-28 20:07:29,2023-08-27 20:07:29,141.55,BRL,Paid
ARINV000811,ORD000811,CUST001616,2024-02-18 18:53:04,2024-03-19 18:53:04,904.93,BRL,Open
ARINV000812,ORD000812,CUST000946,2023-12-25 17:28:44,2024-01-24 17:28:44,721.58,BRL,Paid
ARINV000813,ORD000813,CUST001212,2024-10-04 09:40:16,2024-11-03 09:40:16,1092.3,BRL,Paid
ARINV000814,ORD000814,CUST000616,2023-02-03 11:50:55,2023-03-05 11:50:55,269.0,BRL,Paid
ARINV000815,ORD000815,CUST001830,2024-01-27 23:56:43,2024-02-26 23:56:43,602.53,BRL,Paid
ARINV000816,ORD000816,CUST000877,2024-07-16 06:36:49,2024-08-15 06:36:49,316.3,BRL,Paid
ARINV000817,ORD000817,CUST001101,2023-03-06 16:38:41,2023-04-05 16:38:41,669.11,BRL,Paid
ARINV000818,ORD000818,CUST000252,2024-08-01 23:51:44,2024-08-31 23:51:44,2073.58,BRL,Paid
ARINV000819,ORD000819,CUST001393,2023-06-26 05:39:01,2023-07-26 05:39:01,728.54,BRL,Paid
ARINV000820,ORD000820,CUST001699,2023-06-25 03:40:13,2023-07-25 03:40:13,506.95,BRL,Paid
ARINV000821,ORD000821,CUST000193,2023-03-19 23:18:52,2023-04-18 23:18:52,1226.83,BRL,Paid
ARINV000822,ORD000822,CUST000679,2023-06-20 11:50:11,2023-07-20 11:50:11,842.52,BRL,Paid
ARINV000823,ORD000823,CUST001599,2024-07-07 07:23:52,2024-08-06 07:23:52,491.99,BRL,Paid
ARINV000824,ORD000824,CUST001395,2024-05-15 23:28:09,2024-06-14 23:28:09,791.55,BRL,Open
ARINV000825,ORD000825,CUST000591,2024-02-07 10:33:10,2024-03-08 10:33:10,657.05,BRL,Paid
ARINV000826,ORD000826,CUST000903,2023-09-17 21:01:48,2023-10-17 21:01:48,418.36,BRL,Paid
ARINV000827,ORD000827,CUST001695,2023-07-04 16:16:06,2023-08-03 16:16:06,1591.37,BRL,Paid
ARINV000828,ORD000828,CUST000780,2024-08-07 06:20:49,2024-09-06 06:20:49,232.36,BRL,Paid
ARINV000829,ORD000829,CUST000732,2024-11-13 21:41:45,2024-12-13 21:41:45,271.03,BRL,Paid
ARINV000830,ORD000830,CUST001754,2023-08-08 17:51:08,2023-09-07 17:51:08,262.55,BRL,Open
ARINV000831,ORD000831,CUST000113,2024-06-15 08:50:54,2024-07-15 08:50:54,623.58,BRL,Paid
ARINV000832,ORD000832,CUST001427,2023-05-18 13:15:50,2023-06-17 13:15:50,749.63,BRL,Paid
ARINV000833,ORD000833,CUST000973,2023-06-27 01:22:15,2023-07-27 01:22:15,895.84,BRL,Cancelled
ARINV000834,ORD000834,CUST001183,2024-05-15 22:05:05,2024-06-14 22:05:05,198.06,BRL,Open
ARINV000835,ORD000835,CUST001318,2024-05-30 18:25:11,2024-06-29 18:25:11,394.48,BRL,Cancelled
ARINV000836,ORD000836,CUST000798,2024-12-01 07:40:01,2024-12-31 07:40:01,543.33,BRL,Paid
ARINV000837,ORD000837,CUST001962,2024-01-01 06:43:23,2024-01-31 06:43:23,794.21,BRL,Paid
ARINV000838,ORD000838,CUST001269,2023-07-26 00:37:52,2023-08-25 00:37:52,228.0,BRL,Paid
ARINV000839,ORD000839,CUST001957,2024-08-09 20:53:35,2024-09-08 20:53:35,413.01,BRL,Paid
ARINV000840,ORD000840,CUST000635,2023-08-04 20:46:18,2023-09-03 20:46:18,599.84,BRL,Cancelled
ARINV000841,ORD000841,CUST000616,2023-01-24 05:25:57,2023-02-23 05:25:57,573.54,BRL,Paid
ARINV000842,ORD000842,CUST001339,2024-11-10 00:52:29,2024-12-10 00:52:29,231.69,BRL,Paid
ARINV000843,ORD000843,CUST001263,2023-07-17 02:03:50,2023-08-16 02:03:50,875.33,BRL,Paid
ARINV000844,ORD000844,CUST000158,2024-04-26 03:00:32,2024-05-26 03:00:32,155.59,BRL,Paid
ARINV000845,ORD000845,CUST001352,2023-05-29 14:29:02,2023-06-28 14:29:02,1722.82,BRL,Paid
ARINV000846,ORD000846,CUST001925,2023-08-01 05:43:51,2023-08-31 05:43:51,1025.53,BRL,Paid
ARINV000847,ORD000847,CUST001278,2024-04-22 05:05:02,2024-05-22 05:05:02,798.17,BRL,Open
ARINV000848,ORD000848,CUST000114,2023-04-29 04:06:13,2023-05-29 04:06:13,1326.14,BRL,Paid
ARINV000849,ORD000849,CUST000773,2023-05-04 22:28:58,2023-06-03 22:28:58,974.09,BRL,Paid
ARINV000850,ORD000850,CUST000177,2024-11-08 19:15:57,2024-12-08 19:15:57,744.85,BRL,Paid
ARINV000851,ORD000851,CUST000008,2023-02-07 10:41:24,2023-03-09 10:41:24,442.18,BRL,Open
ARINV000852,ORD000852,CUST001017,2024-07-03 00:29:17,2024-08-02 00:29:17,570.74,BRL,Paid
ARINV000853,ORD000853,CUST001828,2024-06-17 03:46:22,2024-07-17 03:46:22,718.09,BRL,Paid
ARINV000854,ORD000854,CUST001684,2023-10-19 00:49:36,2023-11-18 00:49:36,430.38,BRL,Paid
ARINV000855,ORD000855,CUST000399,2023-05-24 12:16:31,2023-06-23 12:16:31,1864.12,BRL,Cancelled
ARINV000856,ORD000856,CUST001621,2023-05-18 05:27:57,2023-06-17 05:27:57,1706.63,BRL,Paid
ARINV000857,ORD000857,CUST000966,2023-07-18 13:21:07,2023-08-17 13:21:07,1976.23,BRL,Paid
ARINV000858,ORD000858,CUST001230,2023-03-09 23:51:12,2023-04-08 23:51:12,1829.54,BRL,Paid
ARINV000859,ORD000859,CUST001836,2024-09-02 12:34:11,2024-10-02 12:34:11,424.25,BRL,Open
ARINV000860,ORD000860,CUST001210,2023-04-10 08:19:57,2023-05-10 08:19:57,1231.35,BRL,Open
ARINV000861,ORD000861,CUST000695,2023-10-10 06:56:42,2023-11-09 06:56:42,316.27,BRL,Paid
ARINV000862,ORD000862,CUST000239,2024-01-11 14:06:13,2024-02-10 14:06:13,567.56,BRL,Paid
ARINV000863,ORD000863,CUST000829,2023-09-23 02:43:43,2023-10-23 02:43:43,371.85,BRL,Cancelled
ARINV000864,ORD000864,CUST000836,2023-05-25 17:32:37,2023-06-24 17:32:37,799.47,BRL,Paid
ARINV000865,ORD000865,CUST001143,2024-01-06 22:21:51,2024-02-05 22:21:51,858.23,BRL,Paid
ARINV000866,ORD000866,CUST001213,2023-03-03 06:03:24,2023-04-02 06:03:24,822.04,BRL,Paid
ARINV000867,ORD000867,CUST001156,2024-03-17 15:31:02,2024-04-16 15:31:02,526.3,BRL,Cancelled
ARINV000868,ORD000868,CUST000371,2023-08-22 04:43:57,2023-09-21 04:43:57,123.35,BRL,Paid
ARINV000869,ORD000869,CUST001361,2023-12-17 11:37:49,2024-01-16 11:37:49,105.91,BRL,Paid
ARINV000870,ORD000870,CUST000850,2023-08-16 10:23:35,2023-09-15 10:23:35,741.96,BRL,Paid
ARINV000871,ORD000871,CUST000794,2024-02-20 18:04:22,2024-03-21 18:04:22,727.59,BRL,Open
ARINV000872,ORD000872,CUST000958,2023-11-12 22:40:45,2023-12-12 22:40:45,630.05,BRL,Paid
ARINV000873,ORD000873,CUST001216,2024-01-16 10:22:41,2024-02-15 10:22:41,519.37,BRL,Paid
ARINV000874,ORD000874,CUST001037,2023-04-19 04:58:58,2023-05-19 04:58:58,683.44,BRL,Paid
ARINV000875,ORD000875,CUST001560,2023-01-03 04:01:31,2023-02-02 04:01:31,393.83,BRL,Open
ARINV000876,ORD000876,CUST001864,2023-05-06 01:24:36,2023-06-05 01:24:36,332.64,BRL,Paid
ARINV000877,ORD000877,CUST000827,2023-04-13 16:21:34,2023-05-13 16:21:34,1023.63,BRL,Paid
ARINV000878,ORD000878,CUST001572,2024-06-12 01:33:06,2024-07-12 01:33:06,2063.86,BRL,Paid
ARINV000879,ORD000879,CUST001565,2024-04-03 03:54:37,2024-05-03 03:54:37,380.01,BRL,Paid
ARINV000880,ORD000880,CUST001850,2024-12-22 02:12:49,2025-01-21 02:12:49,491.99,BRL,Paid
ARINV000881,ORD000881,CUST001684,2024-04-08 03:42:05,2024-05-08 03:42:05,203.82,BRL,Paid
ARINV000882,ORD000882,CUST000363,2023-03-23 01:44:25,2023-04-22 01:44:25,1368.42,BRL,Open
ARINV000883,ORD000883,CUST001303,2023-10-10 17:54:51,2023-11-09 17:54:51,648.11,BRL,Paid
ARINV000884,ORD000884,CUST000698,2023-01-26 00:38:04,2023-02-25 00:38:04,1282.18,BRL,Paid
ARINV000885,ORD000885,CUST001077,2024-11-23 12:56:14,2024-12-23 12:56:14,2094.33,BRL,Paid
ARINV000886,ORD000886,CUST001738,2024-05-23 01:04:50,2024-06-22 01:04:50,181.41,BRL,Paid
ARINV000887,ORD000887,CUST001181,2024-11-18 07:17:42,2024-12-18 07:17:42,851.51,BRL,Paid
ARINV000888,ORD000888,CUST000480,2024-02-08 15:54:13,2024-03-09 15:54:13,970.59,BRL,Open
ARINV000889,ORD000889,CUST000062,2023-03-07 19:06:02,2023-04-06 19:06:02,161.15,BRL,Paid
ARINV000890,ORD000890,CUST001702,2023-01-20 01:10:05,2023-02-19 01:10:05,426.35,BRL,Paid
ARINV000891,ORD000891,CUST000109,2023-04-13 11:18:31,2023-05-13 11:18:31,616.74,BRL,Paid
ARINV000892,ORD000892,CUST000780,2023-01-26 02:28:08,2023-02-25 02:28:08,839.19,BRL,Paid
ARINV000893,ORD000893,CUST000528,2024-05-12 17:00:57,2024-06-11 17:00:57,1520.04,BRL,Paid
ARINV000894,ORD000894,CUST000521,2024-08-22 08:35:26,2024-09-21 08:35:26,143.31,BRL,Paid
ARINV000895,ORD000895,CUST000851,2024-12-17 22:58:36,2025-01-16 22:58:36,894.98,BRL,Paid
ARINV000896,ORD000896,CUST001515,2024-11-14 02:23:41,2024-12-14 02:23:41,371.44,BRL,Paid
ARINV000897,ORD000897,CUST001426,2023-02-08 21:28:06,2023-03-10 21:28:06,714.86,BRL,Paid
ARINV000898,ORD000898,CUST000908,2024-05-19 23:15:39,2024-06-18 23:15:39,716.81,BRL,Paid
ARINV000899,ORD000899,CUST000082,2024-03-25 04:22:45,2024-04-24 04:22:45,1337.86,BRL,Paid
ARINV000900,ORD000900,CUST000477,2023-10-27 03:42:56,2023-11-26 03:42:56,739.8,BRL,Paid
ARINV000901,ORD000901,CUST000767,2024-05-11 10:26:12,2024-06-10 10:26:12,437.01,BRL,Paid
ARINV000902,ORD000902,CUST001419,2024-08-07 09:41:27,2024-09-06 09:41:27,534.76,BRL,Paid
ARINV000903,ORD000903,CUST000818,2023-08-04 18:45:52,2023-09-03 18:45:52,970.61,BRL,Paid
ARINV000904,ORD000904,CUST000276,2023-04-27 22:13:45,2023-05-27 22:13:45,359.9,BRL,Paid
ARINV000905,ORD000905,CUST000721,2023-06-19 15:41:04,2023-07-19 15:41:04,943.67,BRL,Cancelled
ARINV000906,ORD000906,CUST001242,2023-01-27 07:48:14,2023-02-26 07:48:14,931.72,BRL,Paid
ARINV000907,ORD000907,CUST000548,2023-06-25 03:50:53,2023-07-25 03:50:53,588.83,BRL,Paid
ARINV000908,ORD000908,CUST000083,2024-10-07 22:51:23,2024-11-06 22:51:23,636.58,BRL,Paid
ARINV000909,ORD000909,CUST001647,2024-12-01 22:23:56,2024-12-31 22:23:56,621.38,BRL,Paid
ARINV000910,ORD000910,CUST000160,2024-04-04 05:20:15,2024-05-04 05:20:15,242.15,BRL,Cancelled
ARINV000911,ORD000911,CUST000917,2024-03-31 00:48:57,2024-04-30 00:48:57,78.31,BRL,Open
ARINV000912,ORD000912,CUST000543,2023-10-24 18:30:13,2023-11-23 18:30:13,1692.28,BRL,Paid
ARINV000913,ORD000913,CUST001343,2023-11-08 19:28:57,2023-12-08 19:28:57,615.15,BRL,Paid
ARINV000914,ORD000914,CUST000270,2024-06-09 08:29:17,2024-07-09 08:29:17,648.18,BRL,Paid
ARINV000915,ORD000915,CUST001040,2023-01-12 19:37:40,2023-02-11 19:37:40,912.93,BRL,Paid
ARINV000916,ORD000916,CUST001118,2024-03-04 17:16:08,2024-04-03 17:16:08,1488.12,BRL,Paid
ARINV000917,ORD000917,CUST001379,2023-07-13 13:50:40,2023-08-12 13:50:40,1533.74,BRL,Paid
ARINV000918,ORD000918,CUST001329,2024-10-25 03:03:34,2024-11-24 03:03:34,1082.45,BRL,Paid
ARINV000919,ORD000919,CUST001755,2024-11-21 21:29:48,2024-12-21 21:29:48,1352.71,BRL,Paid
ARINV000920,ORD000920,CUST000267,2024-07-27 18:22:30,2024-08-26 18:22:30,387.98,BRL,Paid
ARINV000921,ORD000921,CUST001124,2024-11-11 23:08:01,2024-12-11 23:08:01,2360.78,BRL,Paid
ARINV000922,ORD000922,CUST000159,2024-12-31 04:17:35,2025-01-30 04:17:35,50.36,BRL,Paid
ARINV000923,ORD000923,CUST001082,2023-12-30 15:33:07,2024-01-29 15:33:07,1123.09,BRL,Paid
ARINV000924,ORD000924,CUST001850,2024-05-14 10:20:39,2024-06-13 10:20:39,1421.79,BRL,Paid
ARINV000925,ORD000925,CUST000894,2023-12-08 13:44:24,2024-01-07 13:44:24,1539.69,BRL,Paid
ARINV000926,ORD000926,CUST000301,2023-07-06 10:39:44,2023-08-05 10:39:44,745.52,BRL,Open
ARINV000927,ORD000927,CUST001975,2024-09-16 13:42:04,2024-10-16 13:42:04,776.77,BRL,Paid
ARINV000928,ORD000928,CUST001549,2023-01-27 09:40:18,2023-02-26 09:40:18,494.65,BRL,Paid
ARINV000929,ORD000929,CUST000953,2023-01-12 05:34:07,2023-02-11 05:34:07,530.41,BRL,Paid
ARINV000930,ORD000930,CUST000763,2023-12-31 21:07:01,2024-01-30 21:07:01,113.93,BRL,Paid
ARINV000931,ORD000931,CUST001294,2024-07-13 04:33:11,2024-08-12 04:33:11,515.82,BRL,Paid
ARINV000932,ORD000932,CUST000102,2024-02-14 19:23:42,2024-03-15 19:23:42,327.8,BRL,Paid
ARINV000933,ORD000933,CUST001499,2023-05-21 09:24:46,2023-06-20 09:24:46,792.51,BRL,Paid
ARINV000934,ORD000934,CUST001256,2023-03-11 15:28:14,2023-04-10 15:28:14,940.22,BRL,Paid
ARINV000935,ORD000935,CUST001145,2023-08-08 04:06:44,2023-09-07 04:06:44,149.05,BRL,Paid
ARINV000936,ORD000936,CUST000529,2023-07-29 14:49:56,2023-08-28 14:49:56,109.88,BRL,Paid
ARINV000937,ORD000937,CUST001293,2023-01-01 12:26:31,2023-01-31 12:26:31,612.82,BRL,Paid
ARINV000938,ORD000938,CUST001159,2024-07-23 18:36:23,2024-08-22 18:36:23,392.24,BRL,Paid
ARINV000939,ORD000939,CUST000965,2024-01-04 10:08:12,2024-02-03 10:08:12,508.81,BRL,Paid
ARINV000940,ORD000940,CUST001881,2024-09-23 03:32:41,2024-10-23 03:32:41,843.99,BRL,Paid
ARINV000941,ORD000941,CUST000079,2024-12-14 10:31:39,2025-01-13 10:31:39,1376.0,BRL,Open
ARINV000942,ORD000942,CUST001929,2024-04-26 17:37:50,2024-05-26 17:37:50,204.79,BRL,Cancelled
ARINV000943,ORD000943,CUST000740,2024-06-12 04:36:56,2024-07-12 04:36:56,775.51,BRL,Open
ARINV000944,ORD000944,CUST000558,2024-10-07 01:31:22,2024-11-06 01:31:22,196.24,BRL,Paid
ARINV000945,ORD000945,CUST001095,2024-04-17 20:04:00,2024-05-17 20:04:00,512.69,BRL,Paid
ARINV000946,ORD000946,CUST000729,2024-02-28 18:49:20,2024-03-29 18:49:20,838.18,BRL,Cancelled
ARINV000947,ORD000947,CUST001157,2023-12-01 22:39:58,2023-12-31 22:39:58,332.01,BRL,Paid
ARINV000948,ORD000948,CUST001100,2024-07-13 15:22:16,2024-08-12 15:22:16,628.78,BRL,Paid
ARINV000949,ORD000949,CUST000760,2024-12-16 21:10:53,2025-01-15 21:10:53,756.9,BRL,Paid
ARINV000950,ORD000950,CUST001122,2024-06-02 13:52:39,2024-07-02 13:52:39,694.1,BRL,Paid
ARINV000951,ORD000951,CUST001363,2024-08-25 09:30:38,2024-09-24 09:30:38,779.38,BRL,Paid
ARINV000952,ORD000952,CUST001416,2023-04-24 04:31:08,2023-05-24 04:31:08,678.31,BRL,Open
ARINV000953,ORD000953,CUST001606,2023-03-01 17:23:40,2023-03-31 17:23:40,729.58,BRL,Paid
ARINV000954,ORD000954,CUST001506,2024-12-12 01:37:11,2025-01-11 01:37:11,323.88,BRL,Paid
ARINV000955,ORD000955,CUST001543,2024-11-30 02:15:09,2024-12-30 02:15:09,1847.68,BRL,Paid
ARINV000956,ORD000956,CUST001773,2024-02-09 07:32:30,2024-03-10 07:32:30,776.03,BRL,Paid
ARINV000957,ORD000957,CUST000626,2023-04-13 18:44:18,2023-05-13 18:44:18,1434.44,BRL,Paid
ARINV000958,ORD000958,CUST000379,2024-01-24 17:40:36,2024-02-23 17:40:36,482.84,BRL,Paid
ARINV000959,ORD000959,CUST001654,2023-11-05 04:56:50,2023-12-05 04:56:50,2108.82,BRL,Paid
ARINV000960,ORD000960,CUST000513,2023-10-28 13:42:07,2023-11-27 13:42:07,159.64,BRL,Paid
ARINV000961,ORD000961,CUST000890,2024-07-24 22:19:58,2024-08-23 22:19:58,133.85,BRL,Paid
ARINV000962,ORD000962,CUST001811,2024-03-22 09:32:38,2024-04-21 09:32:38,661.29,BRL,Paid
ARINV000963,ORD000963,CUST001607,2024-05-16 16:07:57,2024-06-15 16:07:57,1864.64,BRL,Paid
ARINV000964,ORD000964,CUST000143,2023-11-23 08:02:11,2023-12-23 08:02:11,321.85,BRL,Paid
ARINV000965,ORD000965,CUST001800,2023-05-14 08:49:47,2023-06-13 08:49:47,1600.61,BRL,Cancelled
ARINV000966,ORD000966,CUST001373,2024-02-19 13:52:52,2024-03-20 13:52:52,1461.04,BRL,Paid
ARINV000967,ORD000967,CUST001593,2023-12-11 10:31:44,2024-01-10 10:31:44,842.14,BRL,Open
ARINV000968,ORD000968,CUST001312,2023-08-23 01:57:18,2023-09-22 01:57:18,566.39,BRL,Paid
ARINV000969,ORD000969,CUST000742,2023-05-02 06:22:05,2023-06-01 06:22:05,141.24,BRL,Paid
ARINV000970,ORD000970,CUST001624,2024-12-11 23:54:27,2025-01-10 23:54:27,882.87,BRL,Paid
ARINV000971,ORD000971,CUST001694,2024-09-19 02:27:05,2024-10-19 02:27:05,538.39,BRL,Paid
ARINV000972,ORD000972,CUST000363,2024-12-27 03:38:16,2025-01-26 03:38:16,205.44,BRL,Paid
ARINV000973,ORD000973,CUST001466,2024-10-16 14:08:08,2024-11-15 14:08:08,845.53,BRL,Paid
ARINV000974,ORD000974,CUST000379,2023-01-16 03:56:41,2023-02-15 03:56:41,1695.82,BRL,Open
ARINV000975,ORD000975,CUST001705,2024-07-26 04:39:17,2024-08-25 04:39:17,496.91,BRL,Paid
ARINV000976,ORD000976,CUST000664,2024-03-30 00:29:45,2024-04-29 00:29:45,770.63,BRL,Paid
ARINV000977,ORD000977,CUST000232,2023-05-19 14:52:29,2023-06-18 14:52:29,871.43,BRL,Paid
ARINV000978,ORD000978,CUST000811,2023-03-19 05:21:43,2023-04-18 05:21:43,694.66,BRL,Paid
ARINV000979,ORD000979,CUST001652,2023-09-15 08:19:50,2023-10-15 08:19:50,1554.89,BRL,Paid
ARINV000980,ORD000980,CUST001392,2023-12-21 21:26:07,2024-01-20 21:26:07,826.54,BRL,Paid
ARINV000981,ORD000981,CUST000074,2023-12-25 23:08:23,2024-01-24 23:08:23,107.57,BRL,Paid
ARINV000982,ORD000982,CUST000297,2023-05-11 04:29:35,2023-06-10 04:29:35,222.96,BRL,Paid
ARINV000983,ORD000983,CUST000699,2023-09-17 13:10:51,2023-10-17 13:10:51,170.94,BRL,Paid
ARINV000984,ORD000984,CUST000549,2024-11-23 15:37:40,2024-12-23 15:37:40,2027.79,BRL,Paid
ARINV000985,ORD000985,CUST000719,2023-12-13 05:18:09,2024-01-12 05:18:09,502.93,BRL,Cancelled
ARINV000986,ORD000986,CUST001699,2023-05-24 07:02:48,2023-06-23 07:02:48,215.01,BRL,Paid
ARINV000987,ORD000987,CUST000050,2024-09-21 17:53:09,2024-10-21 17:53:09,215.1,BRL,Paid
ARINV000988,ORD000988,CUST001769,2024-04-06 15:57:40,2024-05-06 15:57:40,1863.25,BRL,Cancelled
ARINV000989,ORD000989,CUST000268,2023-07-31 08:50:36,2023-08-30 08:50:36,1041.69,BRL,Paid
ARINV000990,ORD000990,CUST001985,2024-05-16 06:10:45,2024-06-15 06:10:45,914.63,BRL,Paid
ARINV000991,ORD000991,CUST000111,2023-03-16 17:17:04,2023-04-15 17:17:04,104.55,BRL,Paid
ARINV000992,ORD000992,CUST001353,2023-03-10 22:05:26,2023-04-09 22:05:26,217.42,BRL,Open
ARINV000993,ORD000993,CUST001405,2023-12-03 23:07:55,2024-01-02 23:07:55,801.68,BRL,Paid
ARINV000994,ORD000994,CUST000030,2023-11-29 19:51:16,2023-12-29 19:51:16,536.18,BRL,Open
ARINV000995,ORD000995,CUST000729,2023-12-05 08:21:23,2024-01-04 08:21:23,786.36,BRL,Cancelled
ARINV000996,ORD000996,CUST001704,2024-12-17 23:05:48,2025-01-16 23:05:48,307.27,BRL,Paid
ARINV000997,ORD000997,CUST000954,2024-03-27 17:15:50,2024-04-26 17:15:50,873.39,BRL,Paid
ARINV000998,ORD000998,CUST000961,2023-12-20 06:16:17,2024-01-19 06:16:17,729.23,BRL,Paid
ARINV000999,ORD000999,CUST001252,2023-09-26 15:33:52,2023-10-26 15:33:52,1177.51,BRL,Paid
ARINV001000,ORD001000,CUST000245,2024-01-06 02:24:05,2024-02-05 02:24:05,992.92,BRL,Paid
ARINV001001,ORD001001,CUST001634,2023-04-20 00:34:00,2023-05-20 00:34:00,1202.43,BRL,Paid
ARINV001002,ORD001002,CUST001506,2023-09-04 23:26:04,2023-10-04 23:26:04,1763.56,BRL,Paid
ARINV001003,ORD001003,CUST001609,2024-06-08 09:18:03,2024-07-08 09:18:03,138.89,BRL,Cancelled
ARINV001004,ORD001004,CUST000982,2024-09-29 20:40:35,2024-10-29 20:40:35,798.85,BRL,Paid
ARINV001005,ORD001005,CUST001027,2024-12-08 21:48:12,2025-01-07 21:48:12,1549.79,BRL,Open
ARINV001006,ORD001006,CUST000868,2024-05-05 03:48:37,2024-06-04 03:48:37,315.25,BRL,Paid
ARINV001007,ORD001007,CUST001329,2024-01-21 08:28:00,2024-02-20 08:28:00,118.59,BRL,Paid
ARINV001008,ORD001008,CUST000904,2024-01-26 09:11:53,2024-02-25 09:11:53,607.15,BRL,Paid
ARINV001009,ORD001009,CUST001291,2024-10-26 08:14:32,2024-11-25 08:14:32,137.21,BRL,Paid
ARINV001010,ORD001010,CUST001535,2024-08-04 03:45:27,2024-09-03 03:45:27,230.05,BRL,Paid
ARINV001011,ORD001011,CUST001587,2024-05-26 01:05:43,2024-06-25 01:05:43,400.89,BRL,Paid
ARINV001012,ORD001012,CUST001040,2024-06-13 18:44:20,2024-07-13 18:44:20,242.52,BRL,Cancelled
ARINV001013,ORD001013,CUST001579,2024-07-24 07:43:19,2024-08-23 07:43:19,1165.3,BRL,Paid
ARINV001014,ORD001014,CUST000443,2023-01-16 06:44:23,2023-02-15 06:44:23,365.18,BRL,Paid
ARINV001015,ORD001015,CUST000859,2024-01-31 16:47:44,2024-03-01 16:47:44,1595.39,BRL,Paid
ARINV001016,ORD001016,CUST000575,2024-10-08 21:43:52,2024-11-07 21:43:52,866.36,BRL,Paid
ARINV001017,ORD001017,CUST000373,2023-05-05 00:24:28,2023-06-04 00:24:28,1553.37,BRL,Paid
ARINV001018,ORD001018,CUST000998,2023-04-06 10:30:48,2023-05-06 10:30:48,868.57,BRL,Open
ARINV001019,ORD001019,CUST000341,2023-11-23 23:39:40,2023-12-23 23:39:40,2076.0,BRL,Paid
ARINV001020,ORD001020,CUST000725,2024-05-09 10:03:43,2024-06-08 10:03:43,85.86,BRL,Paid
ARINV001021,ORD001021,CUST000333,2023-11-19 11:15:44,2023-12-19 11:15:44,1074.69,BRL,Paid
ARINV001022,ORD001022,CUST000116,2023-02-05 00:07:58,2023-03-07 00:07:58,1309.3,BRL,Paid
ARINV001023,ORD001023,CUST000188,2023-07-06 00:07:39,2023-08-05 00:07:39,1733.35,BRL,Paid
ARINV001024,ORD001024,CUST001190,2024-01-24 15:55:48,2024-02-23 15:55:48,209.1,BRL,Paid
ARINV001025,ORD001025,CUST000345,2024-03-22 15:45:34,2024-04-21 15:45:34,208.69,BRL,Paid
ARINV001026,ORD001026,CUST000246,2024-03-08 09:46:55,2024-04-07 09:46:55,171.36,BRL,Paid
ARINV001027,ORD001027,CUST001660,2023-11-03 03:09:03,2023-12-03 03:09:03,443.32,BRL,Paid
ARINV001028,ORD001028,CUST001356,2024-04-02 19:43:15,2024-05-02 19:43:15,590.43,BRL,Paid
ARINV001029,ORD001029,CUST001822,2023-10-03 22:31:22,2023-11-02 22:31:22,598.01,BRL,Paid
ARINV001030,ORD001030,CUST000958,2024-07-29 07:05:12,2024-08-28 07:05:12,716.22,BRL,Open
ARINV001031,ORD001031,CUST001823,2023-05-25 13:45:34,2023-06-24 13:45:34,927.95,BRL,Paid
ARINV001032,ORD001032,CUST000227,2023-06-13 14:08:30,2023-07-13 14:08:30,1359.31,BRL,Open
ARINV001033,ORD001033,CUST001932,2024-03-19 20:19:02,2024-04-18 20:19:02,1283.37,BRL,Paid
ARINV001034,ORD001034,CUST000191,2024-06-25 23:19:56,2024-07-25 23:19:56,558.65,BRL,Paid
ARINV001035,ORD001035,CUST001937,2024-01-15 21:31:50,2024-02-14 21:31:50,767.89,BRL,Paid
ARINV001036,ORD001036,CUST001319,2024-08-06 16:32:48,2024-09-05 16:32:48,896.19,BRL,Cancelled
ARINV001037,ORD001037,CUST001657,2024-12-10 21:39:08,2025-01-09 21:39:08,2141.75,BRL,Paid
ARINV001038,ORD001038,CUST000296,2024-12-19 13:03:10,2025-01-18 13:03:10,1021.62,BRL,Paid
ARINV001039,ORD001039,CUST001401,2023-07-11 13:50:25,2023-08-10 13:50:25,610.5,BRL,Paid
ARINV001040,ORD001040,CUST000706,2024-08-08 13:25:05,2024-09-07 13:25:05,538.34,BRL,Paid
ARINV001041,ORD001041,CUST001037,2024-01-05 12:13:09,2024-02-04 12:13:09,276.65,BRL,Paid
ARINV001042,ORD001042,CUST000797,2023-10-25 03:17:04,2023-11-24 03:17:04,794.85,BRL,Open
ARINV001043,ORD001043,CUST000058,2024-09-08 06:43:52,2024-10-08 06:43:52,845.69,BRL,Paid
ARINV001044,ORD001044,CUST000670,2023-05-29 10:12:23,2023-06-28 10:12:23,1413.09,BRL,Open
ARINV001045,ORD001045,CUST000759,2024-03-22 09:41:40,2024-04-21 09:41:40,1188.98,BRL,Paid
ARINV001046,ORD001046,CUST000674,2024-06-08 21:23:42,2024-07-08 21:23:42,754.34,BRL,Paid
ARINV001047,ORD001047,CUST000647,2023-09-30 04:48:07,2023-10-30 04:48:07,477.99,BRL,Open
ARINV001048,ORD001048,CUST000815,2024-01-17 17:41:54,2024-02-16 17:41:54,985.23,BRL,Open
ARINV001049,ORD001049,CUST000902,2024-06-01 04:36:09,2024-07-01 04:36:09,851.21,BRL,Paid
ARINV001050,ORD001050,CUST001432,2024-05-23 00:00:07,2024-06-22 00:00:07,986.48,BRL,Paid
ARINV001051,ORD001051,CUST001298,2024-10-09 14:32:16,2024-11-08 14:32:16,215.51,BRL,Paid
ARINV001052,ORD001052,CUST000056,2023-02-24 16:43:28,2023-03-26 16:43:28,805.89,BRL,Paid
ARINV001053,ORD001053,CUST001784,2023-07-01 18:19:02,2023-07-31 18:19:02,898.17,BRL,Paid
ARINV001054,ORD001054,CUST000718,2023-01-06 02:07:36,2023-02-05 02:07:36,511.95,BRL,Paid
ARINV001055,ORD001055,CUST000201,2023-07-07 05:51:31,2023-08-06 05:51:31,2496.42,BRL,Paid
ARINV001056,ORD001056,CUST001977,2023-05-20 15:16:48,2023-06-19 15:16:48,2127.4,BRL,Paid
ARINV001057,ORD001057,CUST001291,2023-03-09 02:08:42,2023-04-08 02:08:42,77.25,BRL,Paid
ARINV001058,ORD001058,CUST001952,2023-04-04 04:13:46,2023-05-04 04:13:46,363.67,BRL,Paid
ARINV001059,ORD001059,CUST000924,2023-04-22 23:55:06,2023-05-22 23:55:06,588.76,BRL,Open
ARINV001060,ORD001060,CUST001730,2024-01-07 08:16:47,2024-02-06 08:16:47,622.87,BRL,Paid
ARINV001061,ORD001061,CUST001042,2024-08-06 04:57:27,2024-09-05 04:57:27,145.98,BRL,Paid
ARINV001062,ORD001062,CUST001572,2024-08-30 11:25:44,2024-09-29 11:25:44,282.35,BRL,Paid
ARINV001063,ORD001063,CUST000842,2024-05-31 20:53:55,2024-06-30 20:53:55,900.44,BRL,Paid
ARINV001064,ORD001064,CUST000574,2024-12-16 10:40:08,2025-01-15 10:40:08,274.15,BRL,Paid
ARINV001065,ORD001065,CUST001379,2024-06-18 17:03:04,2024-07-18 17:03:04,258.92,BRL,Open
ARINV001066,ORD001066,CUST001850,2023-12-19 04:47:16,2024-01-18 04:47:16,104.43,BRL,Paid
ARINV001067,ORD001067,CUST001162,2024-02-28 03:12:26,2024-03-29 03:12:26,904.43,BRL,Paid
ARINV001068,ORD001068,CUST001302,2023-05-25 17:15:45,2023-06-24 17:15:45,254.81,BRL,Paid
ARINV001069,ORD001069,CUST001828,2023-03-14 01:17:35,2023-04-13 01:17:35,603.57,BRL,Open
ARINV001070,ORD001070,CUST000905,2024-11-10 22:14:15,2024-12-10 22:14:15,672.45,BRL,Paid
ARINV001071,ORD001071,CUST000357,2023-10-31 07:46:02,2023-11-30 07:46:02,931.7,BRL,Paid
ARINV001072,ORD001072,CUST001335,2024-03-24 09:19:18,2024-04-23 09:19:18,159.41,BRL,Paid
ARINV001073,ORD001073,CUST000833,2024-03-06 19:17:40,2024-04-05 19:17:40,521.32,BRL,Open
ARINV001074,ORD001074,CUST001739,2024-03-15 16:18:14,2024-04-14 16:18:14,396.93,BRL,Paid
ARINV001075,ORD001075,CUST001388,2023-11-03 19:43:53,2023-12-03 19:43:53,770.07,BRL,Paid
ARINV001076,ORD001076,CUST001448,2023-08-22 13:55:51,2023-09-21 13:55:51,433.29,BRL,Cancelled
ARINV001077,ORD001077,CUST000809,2024-02-20 05:01:14,2024-03-21 05:01:14,853.73,BRL,Paid
ARINV001078,ORD001078,CUST001999,2024-03-30 10:04:27,2024-04-29 10:04:27,1373.52,BRL,Paid
ARINV001079,ORD001079,CUST000582,2023-12-27 02:54:53,2024-01-26 02:54:53,1574.18,BRL,Paid
ARINV001080,ORD001080,CUST001785,2023-07-07 00:21:15,2023-08-06 00:21:15,884.93,BRL,Paid
ARINV001081,ORD001081,CUST000799,2023-04-20 01:32:51,2023-05-20 01:32:51,2296.3,BRL,Paid
ARINV001082,ORD001082,CUST001313,2024-11-13 21:50:54,2024-12-13 21:50:54,1261.93,BRL,Paid
ARINV001083,ORD001083,CUST001146,2024-04-18 18:28:40,2024-05-18 18:28:40,258.47,BRL,Open
ARINV001084,ORD001084,CUST000356,2023-05-26 11:57:41,2023-06-25 11:57:41,805.15,BRL,Paid
ARINV001085,ORD001085,CUST000229,2023-02-25 06:26:59,2023-03-27 06:26:59,255.52,BRL,Paid
ARINV001086,ORD001086,CUST000354,2023-08-28 11:28:24,2023-09-27 11:28:24,1114.55,BRL,Paid
ARINV001087,ORD001087,CUST000394,2024-11-29 06:26:56,2024-12-29 06:26:56,807.8,BRL,Paid
ARINV001088,ORD001088,CUST000511,2023-07-06 15:56:15,2023-08-05 15:56:15,451.16,BRL,Cancelled
ARINV001089,ORD001089,CUST000764,2024-01-01 02:10:01,2024-01-31 02:10:01,352.3,BRL,Paid
ARINV001090,ORD001090,CUST001267,2023-11-24 04:02:28,2023-12-24 04:02:28,104.82,BRL,Paid
ARINV001091,ORD001091,CUST000285,2023-09-23 16:01:31,2023-10-23 16:01:31,698.64,BRL,Paid
ARINV001092,ORD001092,CUST000132,2023-10-17 01:35:44,2023-11-16 01:35:44,1401.64,BRL,Open
ARINV001093,ORD001093,CUST000476,2024-03-29 06:57:49,2024-04-28 06:57:49,935.11,BRL,Cancelled
ARINV001094,ORD001094,CUST001983,2023-02-20 12:53:01,2023-03-22 12:53:01,1021.96,BRL,Paid
ARINV001095,ORD001095,CUST000078,2023-08-25 02:23:39,2023-09-24 02:23:39,1856.47,BRL,Paid
ARINV001096,ORD001096,CUST000278,2023-11-08 00:26:39,2023-12-08 00:26:39,763.33,BRL,Paid
ARINV001097,ORD001097,CUST001606,2023-12-23 04:35:22,2024-01-22 04:35:22,312.26,BRL,Open
ARINV001098,ORD001098,CUST000529,2023-02-16 18:26:25,2023-03-18 18:26:25,590.74,BRL,Paid
ARINV001099,ORD001099,CUST000534,2023-11-04 22:49:23,2023-12-04 22:49:23,829.72,BRL,Paid
ARINV001100,ORD001100,CUST001223,2024-09-22 22:26:58,2024-10-22 22:26:58,879.8,BRL,Cancelled
ARINV001101,ORD001101,CUST000700,2024-01-03 12:36:05,2024-02-02 12:36:05,345.98,BRL,Paid
ARINV001102,ORD001102,CUST000114,2023-12-15 05:20:03,2024-01-14 05:20:03,247.09,BRL,Paid
ARINV001103,ORD001103,CUST000558,2024-02-22 17:43:38,2024-03-23 17:43:38,730.86,BRL,Open
ARINV001104,ORD001104,CUST000622,2024-02-12 20:47:47,2024-03-13 20:47:47,92.72,BRL,Paid
ARINV001105,ORD001105,CUST000635,2024-02-01 15:59:31,2024-03-02 15:59:31,569.81,BRL,Paid
ARINV001106,ORD001106,CUST001044,2024-05-27 09:43:23,2024-06-26 09:43:23,945.51,BRL,Paid
ARINV001107,ORD001107,CUST000818,2024-08-06 10:31:16,2024-09-05 10:31:16,157.3,BRL,Paid
ARINV001108,ORD001108,CUST001990,2023-01-22 00:06:04,2023-02-21 00:06:04,780.7,BRL,Paid
ARINV001109,ORD001109,CUST001137,2023-12-09 11:56:43,2024-01-08 11:56:43,1286.99,BRL,Paid
ARINV001110,ORD001110,CUST000942,2023-03-16 17:57:28,2023-04-15 17:57:28,320.87,BRL,Paid
ARINV001111,ORD001111,CUST000655,2024-02-05 06:41:10,2024-03-06 06:41:10,1309.57,BRL,Paid
ARINV001112,ORD001112,CUST001563,2024-08-19 02:13:34,2024-09-18 02:13:34,533.33,BRL,Paid
ARINV001113,ORD001113,CUST000821,2023-08-13 08:03:29,2023-09-12 08:03:29,330.38,BRL,Paid
ARINV001114,ORD001114,CUST000406,2024-08-08 01:27:01,2024-09-07 01:27:01,455.73,BRL,Paid
ARINV001115,ORD001115,CUST000446,2023-09-08 00:12:16,2023-10-08 00:12:16,687.56,BRL,Paid
ARINV001116,ORD001116,CUST001457,2023-09-17 08:50:47,2023-10-17 08:50:47,1142.44,BRL,Paid
ARINV001117,ORD001117,CUST000473,2024-03-30 08:00:28,2024-04-29 08:00:28,2130.22,BRL,Paid
ARINV001118,ORD001118,CUST001451,2024-11-25 12:10:45,2024-12-25 12:10:45,684.65,BRL,Paid
ARINV001119,ORD001119,CUST001812,2024-07-30 20:15:39,2024-08-29 20:15:39,2091.09,BRL,Paid
ARINV001120,ORD001120,CUST001395,2024-08-02 06:46:28,2024-09-01 06:46:28,308.82,BRL,Paid
ARINV001121,ORD001121,CUST001177,2023-11-16 06:05:52,2023-12-16 06:05:52,1059.49,BRL,Paid
ARINV001122,ORD001122,CUST001601,2023-01-09 05:09:02,2023-02-08 05:09:02,721.05,BRL,Paid
ARINV001123,ORD001123,CUST000933,2023-09-19 16:49:07,2023-10-19 16:49:07,309.99,BRL,Paid
ARINV001124,ORD001124,CUST000596,2023-01-02 16:11:56,2023-02-01 16:11:56,598.61,BRL,Paid
ARINV001125,ORD001125,CUST001730,2023-01-07 06:35:15,2023-02-06 06:35:15,529.75,BRL,Open
ARINV001126,ORD001126,CUST000413,2023-03-11 12:50:12,2023-04-10 12:50:12,1071.85,BRL,Cancelled
ARINV001127,ORD001127,CUST000408,2023-05-08 19:00:52,2023-06-07 19:00:52,159.92,BRL,Paid
ARINV001128,ORD001128,CUST001365,2024-08-02 03:26:21,2024-09-01 03:26:21,704.53,BRL,Paid
ARINV001129,ORD001129,CUST001510,2024-07-02 13:31:23,2024-08-01 13:31:23,463.03,BRL,Paid
ARINV001130,ORD001130,CUST000499,2023-11-17 20:42:56,2023-12-17 20:42:56,411.46,BRL,Paid
ARINV001131,ORD001131,CUST001436,2024-01-26 20:14:37,2024-02-25 20:14:37,1263.28,BRL,Paid
ARINV001132,ORD001132,CUST001054,2023-08-31 17:25:50,2023-09-30 17:25:50,580.83,BRL,Paid
ARINV001133,ORD001133,CUST001934,2023-03-10 19:56:00,2023-04-09 19:56:00,1027.27,BRL,Paid
ARINV001134,ORD001134,CUST001853,2024-06-04 21:11:08,2024-07-04 21:11:08,1919.47,BRL,Paid
ARINV001135,ORD001135,CUST000367,2023-11-15 01:56:41,2023-12-15 01:56:41,576.16,BRL,Paid
ARINV001136,ORD001136,CUST001231,2023-06-16 00:02:39,2023-07-16 00:02:39,995.38,BRL,Paid
ARINV001137,ORD001137,CUST001633,2024-07-03 04:38:26,2024-08-02 04:38:26,859.55,BRL,Paid
ARINV001138,ORD001138,CUST001352,2023-03-02 09:10:25,2023-04-01 09:10:25,701.32,BRL,Paid
ARINV001139,ORD001139,CUST000134,2023-05-15 19:06:39,2023-06-14 19:06:39,604.53,BRL,Paid
ARINV001140,ORD001140,CUST001289,2024-09-08 07:08:47,2024-10-08 07:08:47,1192.38,BRL,Paid
ARINV001141,ORD001141,CUST001792,2023-05-11 01:18:53,2023-06-10 01:18:53,212.71,BRL,Paid
ARINV001142,ORD001142,CUST001245,2023-08-13 04:46:36,2023-09-12 04:46:36,920.67,BRL,Paid
ARINV001143,ORD001143,CUST000101,2024-12-13 03:45:31,2025-01-12 03:45:31,99.72,BRL,Paid
ARINV001144,ORD001144,CUST000773,2024-05-30 03:24:20,2024-06-29 03:24:20,178.31,BRL,Paid
ARINV001145,ORD001145,CUST001801,2023-07-21 00:06:18,2023-08-20 00:06:18,184.93,BRL,Paid
ARINV001146,ORD001146,CUST001595,2024-03-26 16:38:09,2024-04-25 16:38:09,216.86,BRL,Paid
ARINV001147,ORD001147,CUST000765,2023-08-18 04:48:24,2023-09-17 04:48:24,228.15,BRL,Paid
ARINV001148,ORD001148,CUST001176,2024-09-04 03:15:51,2024-10-04 03:15:51,909.52,BRL,Paid
ARINV001149,ORD001149,CUST000231,2023-11-02 13:46:00,2023-12-02 13:46:00,240.32,BRL,Cancelled
ARINV001150,ORD001150,CUST001965,2024-08-19 19:19:44,2024-09-18 19:19:44,356.86,BRL,Open
ARINV001151,ORD001151,CUST000818,2023-10-10 02:26:06,2023-11-09 02:26:06,476.38,BRL,Paid
ARINV001152,ORD001152,CUST000530,2023-03-25 07:23:30,2023-04-24 07:23:30,1419.66,BRL,Paid
ARINV001153,ORD001153,CUST001757,2023-01-15 18:14:38,2023-02-14 18:14:38,1280.83,BRL,Paid
ARINV001154,ORD001154,CUST000701,2024-02-07 16:45:59,2024-03-08 16:45:59,852.09,BRL,Paid
ARINV001155,ORD001155,CUST000957,2023-08-28 14:20:42,2023-09-27 14:20:42,481.52,BRL,Cancelled
ARINV001156,ORD001156,CUST001241,2024-08-07 18:38:47,2024-09-06 18:38:47,106.34,BRL,Paid
ARINV001157,ORD001157,CUST000365,2023-11-07 21:09:40,2023-12-07 21:09:40,346.24,BRL,Open
ARINV001158,ORD001158,CUST000303,2024-03-27 15:42:35,2024-04-26 15:42:35,776.46,BRL,Paid
ARINV001159,ORD001159,CUST001219,2023-08-19 20:39:50,2023-09-18 20:39:50,68.79,BRL,Paid
ARINV001160,ORD001160,CUST001990,2023-06-21 16:30:56,2023-07-21 16:30:56,664.7,BRL,Paid
ARINV001161,ORD001161,CUST001403,2023-05-01 03:13:14,2023-05-31 03:13:14,977.56,BRL,Paid
ARINV001162,ORD001162,CUST001692,2024-11-12 05:00:15,2024-12-12 05:00:15,501.96,BRL,Cancelled
ARINV001163,ORD001163,CUST001256,2024-11-01 20:11:59,2024-12-01 20:11:59,702.22,BRL,Paid
ARINV001164,ORD001164,CUST001164,2024-11-26 18:44:21,2024-12-26 18:44:21,1435.35,BRL,Cancelled
ARINV001165,ORD001165,CUST000448,2024-06-30 17:56:57,2024-07-30 17:56:57,1303.13,BRL,Open
ARINV001166,ORD001166,CUST000242,2024-09-29 14:50:20,2024-10-29 14:50:20,1086.08,BRL,Paid
ARINV001167,ORD001167,CUST001589,2024-11-04 21:52:26,2024-12-04 21:52:26,651.98,BRL,Paid
ARINV001168,ORD001168,CUST001414,2024-07-27 12:20:11,2024-08-26 12:20:11,478.91,BRL,Paid
ARINV001169,ORD001169,CUST000407,2024-04-16 06:47:45,2024-05-16 06:47:45,837.54,BRL,Cancelled
ARINV001170,ORD001170,CUST000509,2024-01-09 19:21:21,2024-02-08 19:21:21,1307.48,BRL,Paid
ARINV001171,ORD001171,CUST001626,2024-12-07 08:46:13,2025-01-06 08:46:13,2179.63,BRL,Paid
ARINV001172,ORD001172,CUST000953,2024-05-26 14:46:11,2024-06-25 14:46:11,448.5,BRL,Paid
ARINV001173,ORD001173,CUST001723,2024-02-04 20:31:27,2024-03-05 20:31:27,576.4,BRL,Paid
ARINV001174,ORD001174,CUST001581,2024-02-16 21:21:56,2024-03-17 21:21:56,931.11,BRL,Paid
ARINV001175,ORD001175,CUST000060,2023-07-24 13:07:30,2023-08-23 13:07:30,729.96,BRL,Open
ARINV001176,ORD001176,CUST001413,2024-07-31 17:11:30,2024-08-30 17:11:30,2320.98,BRL,Paid
ARINV001177,ORD001177,CUST000799,2024-01-31 21:39:01,2024-03-01 21:39:01,649.56,BRL,Paid
ARINV001178,ORD001178,CUST001071,2023-10-15 04:36:17,2023-11-14 04:36:17,809.07,BRL,Paid
ARINV001179,ORD001179,CUST000599,2024-07-02 00:17:18,2024-08-01 00:17:18,197.31,BRL,Paid
ARINV001180,ORD001180,CUST001132,2023-12-16 06:44:56,2024-01-15 06:44:56,291.5,BRL,Paid
ARINV001181,ORD001181,CUST001220,2024-08-12 13:52:56,2024-09-11 13:52:56,717.83,BRL,Paid
ARINV001182,ORD001182,CUST001217,2023-01-14 16:30:01,2023-02-13 16:30:01,741.31,BRL,Cancelled
ARINV001183,ORD001183,CUST001598,2023-09-03 13:23:46,2023-10-03 13:23:46,534.96,BRL,Paid
ARINV001184,ORD001184,CUST001157,2024-01-30 04:27:41,2024-02-29 04:27:41,798.02,BRL,Paid
ARINV001185,ORD001185,CUST000737,2024-11-14 09:38:24,2024-12-14 09:38:24,605.05,BRL,Paid
ARINV001186,ORD001186,CUST000747,2024-03-01 04:14:09,2024-03-31 04:14:09,688.91,BRL,Paid
ARINV001187,ORD001187,CUST000214,2024-04-08 20:37:41,2024-05-08 20:37:41,1594.41,BRL,Paid
ARINV001188,ORD001188,CUST000789,2024-11-28 00:39:28,2024-12-28 00:39:28,756.01,BRL,Paid
ARINV001189,ORD001189,CUST000963,2024-05-22 19:19:36,2024-06-21 19:19:36,1134.99,BRL,Paid
ARINV001190,ORD001190,CUST001176,2023-03-23 13:24:41,2023-04-22 13:24:41,2368.53,BRL,Paid
ARINV001191,ORD001191,CUST000340,2023-11-22 05:41:42,2023-12-22 05:41:42,1679.42,BRL,Paid
ARINV001192,ORD001192,CUST000472,2024-03-19 18:24:15,2024-04-18 18:24:15,686.98,BRL,Paid
ARINV001193,ORD001193,CUST001204,2023-02-19 04:05:36,2023-03-21 04:05:36,798.58,BRL,Paid
ARINV001194,ORD001194,CUST001960,2024-12-09 19:15:41,2025-01-08 19:15:41,1090.14,BRL,Paid
ARINV001195,ORD001195,CUST001276,2023-08-16 16:11:28,2023-09-15 16:11:28,959.3,BRL,Paid
ARINV001196,ORD001196,CUST000606,2024-11-29 11:47:36,2024-12-29 11:47:36,1771.69,BRL,Paid
ARINV001197,ORD001197,CUST000392,2023-10-13 02:15:19,2023-11-12 02:15:19,147.54,BRL,Open
ARINV001198,ORD001198,CUST001056,2023-06-06 15:59:43,2023-07-06 15:59:43,402.28,BRL,Paid
ARINV001199,ORD001199,CUST000716,2024-01-12 11:51:01,2024-02-11 11:51:01,253.65,BRL,Paid
ARINV001200,ORD001200,CUST001239,2023-06-05 17:36:58,2023-07-05 17:36:58,157.89,BRL,Cancelled
ARINV001201,ORD001201,CUST001854,2023-03-09 11:15:25,2023-04-08 11:15:25,604.56,BRL,Paid
ARINV001202,ORD001202,CUST001844,2023-05-03 15:29:20,2023-06-02 15:29:20,835.69,BRL,Paid
ARINV001203,ORD001203,CUST001561,2023-08-11 14:29:26,2023-09-10 14:29:26,223.0,BRL,Paid
ARINV001204,ORD001204,CUST001684,2023-06-18 01:16:38,2023-07-18 01:16:38,1238.25,BRL,Paid
ARINV001205,ORD001205,CUST001845,2023-12-26 05:36:47,2024-01-25 05:36:47,546.98,BRL,Paid
ARINV001206,ORD001206,CUST000472,2024-09-07 23:28:45,2024-10-07 23:28:45,496.83,BRL,Paid
ARINV001207,ORD001207,CUST000267,2023-09-10 12:31:24,2023-10-10 12:31:24,581.16,BRL,Paid
ARINV001208,ORD001208,CUST000153,2023-08-29 05:24:05,2023-09-28 05:24:05,610.37,BRL,Paid
ARINV001209,ORD001209,CUST000770,2023-08-21 22:25:33,2023-09-20 22:25:33,764.41,BRL,Paid
ARINV001210,ORD001210,CUST001182,2023-01-02 10:27:40,2023-02-01 10:27:40,302.18,BRL,Paid
ARINV001211,ORD001211,CUST001532,2023-12-29 08:12:36,2024-01-28 08:12:36,1995.1,BRL,Paid
ARINV001212,ORD001212,CUST000563,2023-12-25 01:15:55,2024-01-24 01:15:55,1680.18,BRL,Paid
ARINV001213,ORD001213,CUST001790,2023-02-16 18:37:16,2023-03-18 18:37:16,306.71,BRL,Paid
ARINV001214,ORD001214,CUST000801,2024-06-01 05:46:01,2024-07-01 05:46:01,783.47,BRL,Paid
ARINV001215,ORD001215,CUST001402,2023-04-12 00:30:55,2023-05-12 00:30:55,778.87,BRL,Open
ARINV001216,ORD001216,CUST000889,2024-10-22 20:09:24,2024-11-21 20:09:24,537.71,BRL,Paid
ARINV001217,ORD001217,CUST000422,2024-12-24 03:15:49,2025-01-23 03:15:49,396.7,BRL,Paid
ARINV001218,ORD001218,CUST001414,2024-12-25 09:32:39,2025-01-24 09:32:39,557.73,BRL,Paid
ARINV001219,ORD001219,CUST000093,2023-11-29 16:06:54,2023-12-29 16:06:54,944.76,BRL,Paid
ARINV001220,ORD001220,CUST001694,2024-12-08 05:33:43,2025-01-07 05:33:43,241.6,BRL,Paid
ARINV001221,ORD001221,CUST000187,2024-10-11 03:51:50,2024-11-10 03:51:50,785.33,BRL,Paid
ARINV001222,ORD001222,CUST001507,2024-07-27 20:36:36,2024-08-26 20:36:36,1379.61,BRL,Paid
ARINV001223,ORD001223,CUST000509,2023-07-02 12:52:45,2023-08-01 12:52:45,690.36,BRL,Paid
ARINV001224,ORD001224,CUST001551,2023-08-05 13:31:45,2023-09-04 13:31:45,987.45,BRL,Paid
ARINV001225,ORD001225,CUST000906,2023-09-08 02:25:38,2023-10-08 02:25:38,53.74,BRL,Cancelled
ARINV001226,ORD001226,CUST000271,2023-02-26 09:53:13,2023-03-28 09:53:13,566.01,BRL,Paid
ARINV001227,ORD001227,CUST001195,2023-01-07 17:40:44,2023-02-06 17:40:44,1299.54,BRL,Paid
ARINV001228,ORD001228,CUST001960,2024-10-30 20:27:01,2024-11-29 20:27:01,92.05,BRL,Paid
ARINV001229,ORD001229,CUST001964,2024-01-30 06:21:14,2024-02-29 06:21:14,99.26,BRL,Paid
ARINV001230,ORD001230,CUST000984,2024-11-10 14:32:16,2024-12-10 14:32:16,791.31,BRL,Open
ARINV001231,ORD001231,CUST000108,2024-01-31 02:18:11,2024-03-01 02:18:11,530.13,BRL,Paid
ARINV001232,ORD001232,CUST000420,2023-11-23 09:09:15,2023-12-23 09:09:15,1036.54,BRL,Paid
ARINV001233,ORD001233,CUST001681,2024-01-13 03:08:54,2024-02-12 03:08:54,1204.56,BRL,Paid
ARINV001234,ORD001234,CUST000711,2024-08-02 12:27:35,2024-09-01 12:27:35,1125.34,BRL,Paid
ARINV001235,ORD001235,CUST001851,2024-08-13 13:41:19,2024-09-12 13:41:19,838.41,BRL,Open
ARINV001236,ORD001236,CUST000837,2024-07-14 18:04:57,2024-08-13 18:04:57,1831.95,BRL,Paid
ARINV001237,ORD001237,CUST001050,2023-05-21 00:39:40,2023-06-20 00:39:40,880.33,BRL,Paid
ARINV001238,ORD001238,CUST000888,2023-03-14 22:40:25,2023-04-13 22:40:25,756.93,BRL,Cancelled
ARINV001239,ORD001239,CUST001084,2023-05-20 03:16:10,2023-06-19 03:16:10,615.53,BRL,Paid
ARINV001240,ORD001240,CUST001489,2024-03-16 22:35:04,2024-04-15 22:35:04,110.01,BRL,Paid
ARINV001241,ORD001241,CUST000120,2024-02-20 01:19:22,2024-03-21 01:19:22,656.97,BRL,Paid
ARINV001242,ORD001242,CUST000172,2023-06-18 15:31:24,2023-07-18 15:31:24,1239.45,BRL,Paid
ARINV001243,ORD001243,CUST001458,2023-05-16 15:56:29,2023-06-15 15:56:29,2140.68,BRL,Paid
ARINV001244,ORD001244,CUST000692,2024-12-13 20:59:59,2025-01-12 20:59:59,195.36,BRL,Paid
ARINV001245,ORD001245,CUST000206,2024-10-26 19:49:54,2024-11-25 19:49:54,455.69,BRL,Paid
ARINV001246,ORD001246,CUST000652,2024-12-16 11:14:30,2025-01-15 11:14:30,733.49,BRL,Paid
ARINV001247,ORD001247,CUST001477,2023-12-03 11:14:30,2024-01-02 11:14:30,1023.05,BRL,Paid
ARINV001248,ORD001248,CUST001144,2024-10-14 12:11:32,2024-11-13 12:11:32,926.69,BRL,Paid
ARINV001249,ORD001249,CUST001959,2023-05-04 21:20:20,2023-06-03 21:20:20,686.34,BRL,Paid
ARINV001250,ORD001250,CUST000992,2023-10-06 10:17:45,2023-11-05 10:17:45,2274.42,BRL,Paid
ARINV001251,ORD001251,CUST000886,2024-12-29 01:49:05,2025-01-28 01:49:05,362.62,BRL,Paid
ARINV001252,ORD001252,CUST001784,2023-11-10 11:15:25,2023-12-10 11:15:25,472.49,BRL,Paid
ARINV001253,ORD001253,CUST000912,2024-08-09 16:18:17,2024-09-08 16:18:17,1088.99,BRL,Paid
ARINV001254,ORD001254,CUST000572,2024-01-30 12:39:15,2024-02-29 12:39:15,194.91,BRL,Paid
ARINV001255,ORD001255,CUST001047,2023-02-03 00:50:21,2023-03-05 00:50:21,1519.59,BRL,Paid
ARINV001256,ORD001256,CUST000331,2024-04-26 07:15:06,2024-05-26 07:15:06,1102.04,BRL,Paid
ARINV001257,ORD001257,CUST000226,2024-03-12 22:26:40,2024-04-11 22:26:40,853.28,BRL,Paid
ARINV001258,ORD001258,CUST000176,2024-10-12 20:35:12,2024-11-11 20:35:12,319.71,BRL,Paid
ARINV001259,ORD001259,CUST000038,2023-08-17 11:41:26,2023-09-16 11:41:26,1554.68,BRL,Paid
ARINV001260,ORD001260,CUST001529,2023-01-09 06:31:34,2023-02-08 06:31:34,994.02,BRL,Paid
ARINV001261,ORD001261,CUST000885,2024-04-18 15:03:21,2024-05-18 15:03:21,372.45,BRL,Paid
ARINV001262,ORD001262,CUST001945,2023-11-18 22:21:28,2023-12-18 22:21:28,419.28,BRL,Paid
ARINV001263,ORD001263,CUST000419,2024-08-06 12:12:41,2024-09-05 12:12:41,557.92,BRL,Paid
ARINV001264,ORD001264,CUST001711,2023-09-11 10:52:09,2023-10-11 10:52:09,864.71,BRL,Paid
ARINV001265,ORD001265,CUST001877,2023-08-15 11:11:30,2023-09-14 11:11:30,1032.9,BRL,Paid
ARINV001266,ORD001266,CUST001004,2024-02-10 20:43:50,2024-03-11 20:43:50,389.6,BRL,Cancelled
ARINV001267,ORD001267,CUST000003,2023-09-08 22:07:01,2023-10-08 22:07:01,354.33,BRL,Paid
ARINV001268,ORD001268,CUST000199,2024-04-06 10:22:47,2024-05-06 10:22:47,422.13,BRL,Paid
ARINV001269,ORD001269,CUST000369,2024-06-22 23:56:04,2024-07-22 23:56:04,1258.25,BRL,Paid
ARINV001270,ORD001270,CUST000793,2024-08-30 11:56:56,2024-09-29 11:56:56,325.32,BRL,Paid
ARINV001271,ORD001271,CUST001390,2023-08-12 20:57:27,2023-09-11 20:57:27,1243.43,BRL,Paid
ARINV001272,ORD001272,CUST000898,2024-08-19 09:48:58,2024-09-18 09:48:58,471.1,BRL,Paid
ARINV001273,ORD001273,CUST000635,2024-04-01 04:41:59,2024-05-01 04:41:59,138.16,BRL,Paid
ARINV001274,ORD001274,CUST000153,2023-02-14 17:26:14,2023-03-16 17:26:14,447.5,BRL,Paid
ARINV001275,ORD001275,CUST000571,2024-10-07 15:01:46,2024-11-06 15:01:46,208.45,BRL,Paid
ARINV001276,ORD001276,CUST001534,2023-02-08 08:53:58,2023-03-10 08:53:58,496.52,BRL,Paid
ARINV001277,ORD001277,CUST001180,2023-11-08 13:53:24,2023-12-08 13:53:24,533.94,BRL,Cancelled
ARINV001278,ORD001278,CUST001764,2024-09-17 08:08:07,2024-10-17 08:08:07,730.51,BRL,Paid
ARINV001279,ORD001279,CUST001692,2023-04-20 04:57:53,2023-05-20 04:57:53,404.66,BRL,Paid
ARINV001280,ORD001280,CUST000615,2023-12-08 14:19:34,2024-01-07 14:19:34,421.42,BRL,Cancelled
ARINV001281,ORD001281,CUST000657,2023-07-14 12:02:34,2023-08-13 12:02:34,728.48,BRL,Paid
ARINV001282,ORD001282,CUST000775,2023-01-03 20:13:14,2023-02-02 20:13:14,880.79,BRL,Paid
ARINV001283,ORD001283,CUST001036,2024-09-16 07:57:06,2024-10-16 07:57:06,470.18,BRL,Paid
ARINV001284,ORD001284,CUST000896,2024-07-19 10:51:44,2024-08-18 10:51:44,1411.05,BRL,Paid
ARINV001285,ORD001285,CUST000589,2023-08-15 03:04:54,2023-09-14 03:04:54,830.39,BRL,Paid
ARINV001286,ORD001286,CUST001348,2023-07-29 10:47:59,2023-08-28 10:47:59,640.56,BRL,Cancelled
ARINV001287,ORD001287,CUST001981,2024-02-22 05:44:13,2024-03-23 05:44:13,245.6,BRL,Paid
ARINV001288,ORD001288,CUST001068,2023-02-04 09:03:12,2023-03-06 09:03:12,665.46,BRL,Paid
ARINV001289,ORD001289,CUST001315,2024-02-21 07:34:11,2024-03-22 07:34:11,1128.13,BRL,Paid
ARINV001290,ORD001290,CUST000390,2024-08-16 15:08:04,2024-09-15 15:08:04,607.17,BRL,Paid
ARINV001291,ORD001291,CUST000050,2024-07-07 01:01:12,2024-08-06 01:01:12,332.05,BRL,Paid
ARINV001292,ORD001292,CUST000491,2024-08-05 10:12:56,2024-09-04 10:12:56,1601.34,BRL,Paid
ARINV001293,ORD001293,CUST000146,2024-10-24 17:44:30,2024-11-23 17:44:30,377.0,BRL,Paid
ARINV001294,ORD001294,CUST000115,2023-07-12 01:22:00,2023-08-11 01:22:00,978.08,BRL,Paid
ARINV001295,ORD001295,CUST000505,2024-07-03 13:20:52,2024-08-02 13:20:52,798.61,BRL,Paid
ARINV001296,ORD001296,CUST001145,2024-07-26 22:11:28,2024-08-25 22:11:28,1218.54,BRL,Paid
ARINV001297,ORD001297,CUST000338,2023-12-13 06:35:46,2024-01-12 06:35:46,413.69,BRL,Paid
ARINV001298,ORD001298,CUST000174,2023-07-23 07:19:10,2023-08-22 07:19:10,1475.84,BRL,Paid
ARINV001299,ORD001299,CUST000809,2023-01-10 04:57:44,2023-02-09 04:57:44,1947.64,BRL,Paid
ARINV001300,ORD001300,CUST000803,2023-08-09 07:26:32,2023-09-08 07:26:32,1462.31,BRL,Cancelled
ARINV001301,ORD001301,CUST001870,2023-08-13 07:10:56,2023-09-12 07:10:56,892.11,BRL,Open
ARINV001302,ORD001302,CUST000302,2024-11-17 15:34:29,2024-12-17 15:34:29,537.05,BRL,Paid
ARINV001303,ORD001303,CUST001825,2024-03-13 05:10:11,2024-04-12 05:10:11,1203.93,BRL,Paid
ARINV001304,ORD001304,CUST001392,2023-09-13 02:03:47,2023-10-13 02:03:47,868.94,BRL,Paid
ARINV001305,ORD001305,CUST000667,2023-03-22 06:18:00,2023-04-21 06:18:00,379.11,BRL,Cancelled
ARINV001306,ORD001306,CUST000844,2024-07-23 09:24:17,2024-08-22 09:24:17,1878.49,BRL,Paid
ARINV001307,ORD001307,CUST001714,2023-08-10 09:51:41,2023-09-09 09:51:41,1077.64,BRL,Paid
ARINV001308,ORD001308,CUST000179,2023-10-31 16:41:30,2023-11-30 16:41:30,400.97,BRL,Paid
ARINV001309,ORD001309,CUST000170,2023-04-04 16:32:15,2023-05-04 16:32:15,681.29,BRL,Paid
ARINV001310,ORD001310,CUST001106,2023-10-27 01:53:51,2023-11-26 01:53:51,614.19,BRL,Cancelled
ARINV001311,ORD001311,CUST000259,2024-02-28 09:25:40,2024-03-29 09:25:40,647.0,BRL,Paid
ARINV001312,ORD001312,CUST001504,2024-05-02 23:22:53,2024-06-01 23:22:53,515.3,BRL,Paid
ARINV001313,ORD001313,CUST001137,2024-02-28 03:51:16,2024-03-29 03:51:16,1161.37,BRL,Paid
ARINV001314,ORD001314,CUST001147,2024-01-31 13:05:54,2024-03-01 13:05:54,662.48,BRL,Paid
ARINV001315,ORD001315,CUST000082,2023-06-07 17:04:53,2023-07-07 17:04:53,338.65,BRL,Open
ARINV001316,ORD001316,CUST001972,2023-07-04 05:39:48,2023-08-03 05:39:48,467.13,BRL,Paid
ARINV001317,ORD001317,CUST001747,2024-01-30 14:21:08,2024-02-29 14:21:08,265.37,BRL,Paid
ARINV001318,ORD001318,CUST000889,2023-05-31 09:00:27,2023-06-30 09:00:27,702.92,BRL,Paid
ARINV001319,ORD001319,CUST000342,2023-03-20 06:46:59,2023-04-19 06:46:59,1257.76,BRL,Paid
ARINV001320,ORD001320,CUST000730,2024-06-27 16:40:16,2024-07-27 16:40:16,83.51,BRL,Paid
ARINV001321,ORD001321,CUST001577,2024-12-14 12:37:16,2025-01-13 12:37:16,555.18,BRL,Paid
ARINV001322,ORD001322,CUST001850,2024-09-20 01:49:13,2024-10-20 01:49:13,949.53,BRL,Paid
ARINV001323,ORD001323,CUST000578,2024-05-11 10:36:27,2024-06-10 10:36:27,499.32,BRL,Paid
ARINV001324,ORD001324,CUST001362,2023-12-27 03:46:14,2024-01-26 03:46:14,801.93,BRL,Paid
ARINV001325,ORD001325,CUST000097,2023-07-02 21:46:44,2023-08-01 21:46:44,125.74,BRL,Paid
ARINV001326,ORD001326,CUST000910,2023-06-29 05:10:25,2023-07-29 05:10:25,549.72,BRL,Cancelled
ARINV001327,ORD001327,CUST000535,2023-09-18 09:05:38,2023-10-18 09:05:38,708.45,BRL,Paid
ARINV001328,ORD001328,CUST000840,2024-01-05 10:31:54,2024-02-04 10:31:54,823.92,BRL,Paid
ARINV001329,ORD001329,CUST000056,2024-11-26 11:40:08,2024-12-26 11:40:08,248.83,BRL,Paid
ARINV001330,ORD001330,CUST000220,2023-07-16 07:06:38,2023-08-15 07:06:38,494.21,BRL,Open
ARINV001331,ORD001331,CUST001728,2023-07-27 10:33:17,2023-08-26 10:33:17,180.9,BRL,Paid
ARINV001332,ORD001332,CUST001621,2024-06-15 18:10:17,2024-07-15 18:10:17,839.34,BRL,Paid
ARINV001333,ORD001333,CUST000992,2024-04-20 00:45:27,2024-05-20 00:45:27,355.25,BRL,Paid
ARINV001334,ORD001334,CUST000289,2024-06-03 12:43:11,2024-07-03 12:43:11,626.92,BRL,Paid
ARINV001335,ORD001335,CUST000968,2024-05-23 09:22:15,2024-06-22 09:22:15,625.35,BRL,Paid
ARINV001336,ORD001336,CUST001884,2023-06-13 21:45:46,2023-07-13 21:45:46,813.34,BRL,Paid
ARINV001337,ORD001337,CUST001417,2024-04-08 18:07:54,2024-05-08 18:07:54,475.26,BRL,Paid
ARINV001338,ORD001338,CUST000594,2023-06-07 00:38:18,2023-07-07 00:38:18,1327.35,BRL,Paid
ARINV001339,ORD001339,CUST000599,2023-05-26 22:00:44,2023-06-25 22:00:44,634.56,BRL,Paid
ARINV001340,ORD001340,CUST000234,2023-06-04 21:34:23,2023-07-04 21:34:23,323.97,BRL,Paid
ARINV001341,ORD001341,CUST001138,2023-08-12 01:31:50,2023-09-11 01:31:50,123.17,BRL,Paid
ARINV001342,ORD001342,CUST001575,2024-02-16 08:28:06,2024-03-17 08:28:06,1196.46,BRL,Paid
ARINV001343,ORD001343,CUST001933,2024-10-23 14:52:36,2024-11-22 14:52:36,831.94,BRL,Paid
ARINV001344,ORD001344,CUST000544,2023-02-13 15:42:32,2023-03-15 15:42:32,516.36,BRL,Paid
ARINV001345,ORD001345,CUST001077,2023-01-28 23:31:52,2023-02-27 23:31:52,466.99,BRL,Paid
ARINV001346,ORD001346,CUST000782,2023-04-20 08:07:13,2023-05-20 08:07:13,606.94,BRL,Paid
ARINV001347,ORD001347,CUST000508,2024-07-01 08:10:19,2024-07-31 08:10:19,141.77,BRL,Open
ARINV001348,ORD001348,CUST000308,2023-07-01 05:31:41,2023-07-31 05:31:41,1955.53,BRL,Paid
ARINV001349,ORD001349,CUST000422,2024-06-07 04:06:05,2024-07-07 04:06:05,64.31,BRL,Paid
ARINV001350,ORD001350,CUST000986,2024-07-10 15:11:17,2024-08-09 15:11:17,804.37,BRL,Paid
ARINV001351,ORD001351,CUST000815,2024-08-19 03:59:43,2024-09-18 03:59:43,417.06,BRL,Paid
ARINV001352,ORD001352,CUST001703,2024-02-03 11:15:41,2024-03-04 11:15:41,276.27,BRL,Paid
ARINV001353,ORD001353,CUST000966,2023-02-13 14:08:10,2023-03-15 14:08:10,477.97,BRL,Paid
ARINV001354,ORD001354,CUST001446,2024-05-06 08:54:13,2024-06-05 08:54:13,1116.62,BRL,Paid
ARINV001355,ORD001355,CUST000683,2024-10-15 14:37:35,2024-11-14 14:37:35,1672.0,BRL,Paid
ARINV001356,ORD001356,CUST001941,2024-09-02 15:51:01,2024-10-02 15:51:01,857.72,BRL,Paid
ARINV001357,ORD001357,CUST001930,2023-04-25 22:13:41,2023-05-25 22:13:41,708.47,BRL,Paid
ARINV001358,ORD001358,CUST001625,2023-07-17 06:39:49,2023-08-16 06:39:49,661.32,BRL,Paid
ARINV001359,ORD001359,CUST000730,2023-06-17 22:16:21,2023-07-17 22:16:21,2494.93,BRL,Paid
ARINV001360,ORD001360,CUST001750,2024-06-07 20:41:35,2024-07-07 20:41:35,705.62,BRL,Paid
ARINV001361,ORD001361,CUST001743,2024-09-21 16:15:25,2024-10-21 16:15:25,2124.51,BRL,Paid
ARINV001362,ORD001362,CUST000389,2024-08-12 19:10:54,2024-09-11 19:10:54,824.65,BRL,Paid
ARINV001363,ORD001363,CUST001141,2023-04-24 20:00:30,2023-05-24 20:00:30,1645.78,BRL,Paid
ARINV001364,ORD001364,CUST001158,2023-01-22 06:07:12,2023-02-21 06:07:12,156.84,BRL,Paid
ARINV001365,ORD001365,CUST001033,2023-06-15 19:37:59,2023-07-15 19:37:59,1272.6,BRL,Paid
ARINV001366,ORD001366,CUST001335,2023-01-04 11:42:54,2023-02-03 11:42:54,804.26,BRL,Paid
ARINV001367,ORD001367,CUST000666,2024-06-26 08:33:14,2024-07-26 08:33:14,246.81,BRL,Paid
ARINV001368,ORD001368,CUST000397,2024-03-03 22:25:33,2024-04-02 22:25:33,746.73,BRL,Paid
ARINV001369,ORD001369,CUST001306,2024-04-06 14:29:40,2024-05-06 14:29:40,179.26,BRL,Paid
ARINV001370,ORD001370,CUST000505,2024-03-22 08:53:10,2024-04-21 08:53:10,968.06,BRL,Cancelled
ARINV001371,ORD001371,CUST000136,2023-07-31 18:15:45,2023-08-30 18:15:45,687.07,BRL,Paid
ARINV001372,ORD001372,CUST001732,2023-08-08 17:36:33,2023-09-07 17:36:33,645.2,BRL,Paid
ARINV001373,ORD001373,CUST000557,2024-10-12 04:09:08,2024-11-11 04:09:08,343.3,BRL,Cancelled
ARINV001374,ORD001374,CUST001852,2023-07-01 14:28:40,2023-07-31 14:28:40,536.55,BRL,Paid
ARINV001375,ORD001375,CUST000422,2023-04-22 00:01:47,2023-05-22 00:01:47,89.98,BRL,Paid
ARINV001376,ORD001376,CUST000234,2024-11-10 18:25:01,2024-12-10 18:25:01,268.29,BRL,Paid
ARINV001377,ORD001377,CUST000130,2023-04-12 19:40:52,2023-05-12 19:40:52,238.92,BRL,Cancelled
ARINV001378,ORD001378,CUST001472,2023-12-24 06:48:08,2024-01-23 06:48:08,476.4,BRL,Paid
ARINV001379,ORD001379,CUST000747,2024-06-25 17:21:44,2024-07-25 17:21:44,170.85,BRL,Paid
ARINV001380,ORD001380,CUST000538,2024-05-08 17:56:59,2024-06-07 17:56:59,710.1,BRL,Paid
ARINV001381,ORD001381,CUST001991,2024-08-18 06:04:55,2024-09-17 06:04:55,1452.32,BRL,Paid
ARINV001382,ORD001382,CUST001215,2023-09-11 02:43:58,2023-10-11 02:43:58,197.56,BRL,Paid
ARINV001383,ORD001383,CUST000519,2023-04-30 16:46:17,2023-05-30 16:46:17,768.4,BRL,Cancelled
ARINV001384,ORD001384,CUST000136,2023-12-27 21:36:20,2024-01-26 21:36:20,1208.39,BRL,Paid
ARINV001385,ORD001385,CUST001550,2024-12-10 10:52:58,2025-01-09 10:52:58,1695.25,BRL,Paid
ARINV001386,ORD001386,CUST001722,2023-06-04 14:13:41,2023-07-04 14:13:41,1126.7,BRL,Paid
ARINV001387,ORD001387,CUST001911,2023-06-24 22:16:08,2023-07-24 22:16:08,868.75,BRL,Cancelled
ARINV001388,ORD001388,CUST001406,2023-05-22 11:47:04,2023-06-21 11:47:04,801.14,BRL,Paid
ARINV001389,ORD001389,CUST000269,2024-08-02 05:55:00,2024-09-01 05:55:00,70.02,BRL,Paid
ARINV001390,ORD001390,CUST000553,2024-10-05 23:10:22,2024-11-04 23:10:22,1237.6,BRL,Paid
ARINV001391,ORD001391,CUST000727,2024-08-16 22:07:49,2024-09-15 22:07:49,725.1,BRL,Paid
ARINV001392,ORD001392,CUST000305,2024-09-24 15:00:02,2024-10-24 15:00:02,365.14,BRL,Paid
ARINV001393,ORD001393,CUST000115,2024-08-10 22:31:38,2024-09-09 22:31:38,131.59,BRL,Paid
ARINV001394,ORD001394,CUST001084,2024-09-01 16:38:57,2024-10-01 16:38:57,800.76,BRL,Paid
ARINV001395,ORD001395,CUST000982,2023-12-27 22:29:37,2024-01-26 22:29:37,1912.04,BRL,Cancelled
ARINV001396,ORD001396,CUST001335,2023-10-10 02:44:25,2023-11-09 02:44:25,788.99,BRL,Paid
ARINV001397,ORD001397,CUST001710,2023-11-06 04:05:51,2023-12-06 04:05:51,776.39,BRL,Paid
ARINV001398,ORD001398,CUST001183,2024-06-15 22:56:04,2024-07-15 22:56:04,1200.85,BRL,Paid
ARINV001399,ORD001399,CUST001022,2024-06-30 03:53:20,2024-07-30 03:53:20,553.31,BRL,Paid
ARINV001400,ORD001400,CUST000218,2024-06-30 01:01:04,2024-07-30 01:01:04,719.68,BRL,Paid
ARINV001401,ORD001401,CUST001075,2024-11-09 23:18:07,2024-12-09 23:18:07,769.11,BRL,Paid
ARINV001402,ORD001402,CUST001484,2023-05-02 01:08:35,2023-06-01 01:08:35,1479.71,BRL,Paid
ARINV001403,ORD001403,CUST001450,2024-02-14 10:33:14,2024-03-15 10:33:14,424.46,BRL,Paid
ARINV001404,ORD001404,CUST001661,2023-07-03 09:51:02,2023-08-02 09:51:02,892.23,BRL,Paid
ARINV001405,ORD001405,CUST001407,2023-08-15 00:01:11,2023-09-14 00:01:11,937.73,BRL,Paid
ARINV001406,ORD001406,CUST000003,2024-11-12 01:29:53,2024-12-12 01:29:53,1173.65,BRL,Paid
ARINV001407,ORD001407,CUST000064,2024-07-18 08:37:38,2024-08-17 08:37:38,929.61,BRL,Paid
ARINV001408,ORD001408,CUST000770,2024-07-20 12:39:24,2024-08-19 12:39:24,923.47,BRL,Paid
ARINV001409,ORD001409,CUST001268,2024-01-15 00:27:47,2024-02-14 00:27:47,2152.13,BRL,Paid
ARINV001410,ORD001410,CUST001875,2024-02-04 14:41:00,2024-03-05 14:41:00,74.1,BRL,Open
ARINV001411,ORD001411,CUST000367,2023-01-18 13:00:49,2023-02-17 13:00:49,402.58,BRL,Paid
ARINV001412,ORD001412,CUST000244,2023-07-16 15:57:25,2023-08-15 15:57:25,1244.66,BRL,Paid
ARINV001413,ORD001413,CUST000577,2024-03-18 16:20:28,2024-04-17 16:20:28,1223.58,BRL,Paid
ARINV001414,ORD001414,CUST000673,2024-10-31 04:18:27,2024-11-30 04:18:27,311.0,BRL,Paid
ARINV001415,ORD001415,CUST000969,2023-02-01 04:06:50,2023-03-03 04:06:50,667.63,BRL,Paid
ARINV001416,ORD001416,CUST001773,2023-02-18 08:24:27,2023-03-20 08:24:27,1333.71,BRL,Open
ARINV001417,ORD001417,CUST001964,2024-09-07 21:40:27,2024-10-07 21:40:27,951.56,BRL,Paid
ARINV001418,ORD001418,CUST001237,2023-10-08 12:29:10,2023-11-07 12:29:10,359.27,BRL,Paid
ARINV001419,ORD001419,CUST000956,2024-01-19 06:00:05,2024-02-18 06:00:05,192.83,BRL,Paid
ARINV001420,ORD001420,CUST001778,2023-04-30 11:46:55,2023-05-30 11:46:55,493.13,BRL,Cancelled
ARINV001421,ORD001421,CUST001700,2024-05-04 04:59:07,2024-06-03 04:59:07,838.26,BRL,Open
ARINV001422,ORD001422,CUST000274,2023-05-08 22:10:21,2023-06-07 22:10:21,165.29,BRL,Paid
ARINV001423,ORD001423,CUST001667,2024-03-26 01:04:13,2024-04-25 01:04:13,1046.78,BRL,Paid
ARINV001424,ORD001424,CUST000308,2024-07-08 10:30:23,2024-08-07 10:30:23,1411.48,BRL,Paid
ARINV001425,ORD001425,CUST001199,2024-09-07 15:54:48,2024-10-07 15:54:48,355.96,BRL,Paid
ARINV001426,ORD001426,CUST000541,2023-11-17 00:13:20,2023-12-17 00:13:20,938.55,BRL,Paid
ARINV001427,ORD001427,CUST000046,2023-12-23 07:56:34,2024-01-22 07:56:34,192.41,BRL,Paid
ARINV001428,ORD001428,CUST001880,2023-09-13 14:21:33,2023-10-13 14:21:33,521.44,BRL,Paid
ARINV001429,ORD001429,CUST000766,2024-04-28 08:37:21,2024-05-28 08:37:21,947.78,BRL,Cancelled
ARINV001430,ORD001430,CUST001234,2024-10-10 16:52:07,2024-11-09 16:52:07,626.64,BRL,Paid
ARINV001431,ORD001431,CUST000481,2023-09-10 22:28:55,2023-10-10 22:28:55,764.81,BRL,Paid
ARINV001432,ORD001432,CUST001790,2024-07-21 11:49:22,2024-08-20 11:49:22,1859.54,BRL,Paid
ARINV001433,ORD001433,CUST000661,2024-11-28 12:36:27,2024-12-28 12:36:27,830.54,BRL,Paid
ARINV001434,ORD001434,CUST000270,2024-05-29 11:55:51,2024-06-28 11:55:51,1810.91,BRL,Paid
ARINV001435,ORD001435,CUST001654,2023-02-26 12:13:58,2023-03-28 12:13:58,663.49,BRL,Cancelled
ARINV001436,ORD001436,CUST000957,2024-10-14 01:43:01,2024-11-13 01:43:01,1424.18,BRL,Paid
ARINV001437,ORD001437,CUST000588,2024-04-10 11:11:12,2024-05-10 11:11:12,446.77,BRL,Paid
ARINV001438,ORD001438,CUST001426,2024-01-01 05:08:20,2024-01-31 05:08:20,1115.73,BRL,Paid
ARINV001439,ORD001439,CUST000593,2023-04-25 16:47:36,2023-05-25 16:47:36,1744.64,BRL,Open
ARINV001440,ORD001440,CUST001101,2024-04-15 07:15:40,2024-05-15 07:15:40,496.3,BRL,Paid
ARINV001441,ORD001441,CUST001959,2023-08-25 17:46:46,2023-09-24 17:46:46,839.29,BRL,Paid
ARINV001442,ORD001442,CUST000441,2024-06-26 07:55:43,2024-07-26 07:55:43,800.02,BRL,Paid
ARINV001443,ORD001443,CUST000281,2024-10-21 18:58:30,2024-11-20 18:58:30,686.48,BRL,Cancelled
ARINV001444,ORD001444,CUST000662,2024-03-13 01:21:46,2024-04-12 01:21:46,1038.18,BRL,Paid
ARINV001445,ORD001445,CUST000649,2023-03-11 12:50:19,2023-04-10 12:50:19,779.74,BRL,Paid
ARINV001446,ORD001446,CUST001046,2023-07-21 00:21:03,2023-08-20 00:21:03,711.89,BRL,Paid
ARINV001447,ORD001447,CUST001524,2024-12-01 02:16:44,2024-12-31 02:16:44,127.38,BRL,Paid
ARINV001448,ORD001448,CUST001318,2024-02-23 11:53:43,2024-03-24 11:53:43,77.83,BRL,Paid
ARINV001449,ORD001449,CUST001114,2024-05-09 18:38:10,2024-06-08 18:38:10,848.76,BRL,Paid
ARINV001450,ORD001450,CUST000762,2023-12-31 15:28:06,2024-01-30 15:28:06,566.84,BRL,Paid
ARINV001451,ORD001451,CUST001347,2024-05-23 03:11:24,2024-06-22 03:11:24,893.38,BRL,Paid
ARINV001452,ORD001452,CUST000076,2024-08-29 14:28:19,2024-09-28 14:28:19,770.72,BRL,Paid
ARINV001453,ORD001453,CUST001890,2024-02-10 04:58:18,2024-03-11 04:58:18,1254.22,BRL,Paid
ARINV001454,ORD001454,CUST000135,2023-09-26 12:25:55,2023-10-26 12:25:55,1605.42,BRL,Paid
ARINV001455,ORD001455,CUST000923,2024-12-07 01:20:40,2025-01-06 01:20:40,591.66,BRL,Paid
ARINV001456,ORD001456,CUST000767,2024-05-06 08:17:48,2024-06-05 08:17:48,251.88,BRL,Paid
ARINV001457,ORD001457,CUST000942,2023-06-17 03:27:58,2023-07-17 03:27:58,456.08,BRL,Paid
ARINV001458,ORD001458,CUST001978,2023-10-25 10:28:01,2023-11-24 10:28:01,725.55,BRL,Paid
ARINV001459,ORD001459,CUST000415,2024-06-13 10:49:59,2024-07-13 10:49:59,908.85,BRL,Paid
ARINV001460,ORD001460,CUST001532,2024-08-19 13:29:49,2024-09-18 13:29:49,2049.16,BRL,Paid
ARINV001461,ORD001461,CUST001112,2023-12-03 23:07:25,2024-01-02 23:07:25,512.32,BRL,Paid
ARINV001462,ORD001462,CUST001641,2023-04-24 21:33:58,2023-05-24 21:33:58,858.24,BRL,Paid
ARINV001463,ORD001463,CUST001327,2024-04-18 19:37:03,2024-05-18 19:37:03,346.24,BRL,Paid
ARINV001464,ORD001464,CUST001616,2023-05-21 10:53:41,2023-06-20 10:53:41,1265.43,BRL,Paid
ARINV001465,ORD001465,CUST000202,2023-03-25 16:49:31,2023-04-24 16:49:31,89.16,BRL,Paid
ARINV001466,ORD001466,CUST000484,2023-09-26 11:58:07,2023-10-26 11:58:07,649.38,BRL,Paid
ARINV001467,ORD001467,CUST001955,2024-05-23 05:49:15,2024-06-22 05:49:15,641.99,BRL,Paid
ARINV001468,ORD001468,CUST001822,2023-07-06 07:55:26,2023-08-05 07:55:26,769.1,BRL,Paid
ARINV001469,ORD001469,CUST001111,2024-03-20 19:31:43,2024-04-19 19:31:43,706.2,BRL,Paid
ARINV001470,ORD001470,CUST000056,2024-07-05 02:54:17,2024-08-04 02:54:17,199.0,BRL,Paid
ARINV001471,ORD001471,CUST000543,2024-09-24 23:54:33,2024-10-24 23:54:33,1579.16,BRL,Cancelled
ARINV001472,ORD001472,CUST001231,2024-10-07 06:04:39,2024-11-06 06:04:39,602.74,BRL,Paid
ARINV001473,ORD001473,CUST001155,2023-02-18 13:29:09,2023-03-20 13:29:09,856.59,BRL,Paid
ARINV001474,ORD001474,CUST000505,2023-08-01 08:02:48,2023-08-31 08:02:48,711.51,BRL,Paid
ARINV001475,ORD001475,CUST000064,2024-05-31 19:36:17,2024-06-30 19:36:17,2205.69,BRL,Open
ARINV001476,ORD001476,CUST000759,2024-11-15 11:35:35,2024-12-15 11:35:35,739.82,BRL,Open
ARINV001477,ORD001477,CUST001935,2023-05-05 20:57:34,2023-06-04 20:57:34,307.42,BRL,Paid
ARINV001478,ORD001478,CUST001687,2024-06-29 04:34:29,2024-07-29 04:34:29,301.3,BRL,Cancelled
ARINV001479,ORD001479,CUST000551,2023-05-18 23:31:54,2023-06-17 23:31:54,1749.66,BRL,Cancelled
ARINV001480,ORD001480,CUST000318,2023-09-07 15:31:54,2023-10-07 15:31:54,747.79,BRL,Paid
ARINV001481,ORD001481,CUST000308,2024-07-01 03:40:46,2024-07-31 03:40:46,659.85,BRL,Cancelled
ARINV001482,ORD001482,CUST001759,2023-02-13 10:19:06,2023-03-15 10:19:06,670.34,BRL,Paid
ARINV001483,ORD001483,CUST001837,2023-07-31 14:34:49,2023-08-30 14:34:49,183.11,BRL,Paid
ARINV001484,ORD001484,CUST001585,2024-05-23 07:29:13,2024-06-22 07:29:13,372.87,BRL,Open
ARINV001485,ORD001485,CUST001722,2023-08-11 12:41:42,2023-09-10 12:41:42,157.37,BRL,Paid
ARINV001486,ORD001486,CUST001807,2023-08-03 12:51:38,2023-09-02 12:51:38,1221.77,BRL,Paid
ARINV001487,ORD001487,CUST001780,2024-10-03 12:09:20,2024-11-02 12:09:20,920.72,BRL,Paid
ARINV001488,ORD001488,CUST000532,2024-04-06 08:58:04,2024-05-06 08:58:04,349.97,BRL,Paid
ARINV001489,ORD001489,CUST001323,2023-09-03 21:17:28,2023-10-03 21:17:28,611.79,BRL,Paid
ARINV001490,ORD001490,CUST001648,2023-04-14 13:49:45,2023-05-14 13:49:45,708.12,BRL,Paid
ARINV001491,ORD001491,CUST000902,2024-11-06 04:52:46,2024-12-06 04:52:46,208.42,BRL,Paid
ARINV001492,ORD001492,CUST001021,2023-07-06 16:38:11,2023-08-05 16:38:11,625.82,BRL,Paid
ARINV001493,ORD001493,CUST001758,2024-10-27 13:46:12,2024-11-26 13:46:12,644.11,BRL,Paid
ARINV001494,ORD001494,CUST000221,2024-06-17 02:59:35,2024-07-17 02:59:35,1344.88,BRL,Paid
ARINV001495,ORD001495,CUST001117,2023-03-20 01:16:22,2023-04-19 01:16:22,1704.36,BRL,Cancelled
ARINV001496,ORD001496,CUST001995,2023-11-28 23:06:19,2023-12-28 23:06:19,858.2,BRL,Cancelled
ARINV001497,ORD001497,CUST000505,2024-07-02 23:06:46,2024-08-01 23:06:46,1230.1,BRL,Cancelled
ARINV001498,ORD001498,CUST000729,2023-09-29 01:33:36,2023-10-29 01:33:36,652.36,BRL,Paid
ARINV001499,ORD001499,CUST000617,2023-07-13 20:23:48,2023-08-12 20:23:48,598.03,BRL,Paid
ARINV001500,ORD001500,CUST001429,2023-09-28 05:11:45,2023-10-28 05:11:45,2596.77,BRL,Paid
ARINV001501,ORD001501,CUST001650,2023-04-15 09:35:10,2023-05-15 09:35:10,893.65,BRL,Open
ARINV001502,ORD001502,CUST001914,2024-06-25 21:04:52,2024-07-25 21:04:52,1416.19,BRL,Paid
ARINV001503,ORD001503,CUST000609,2024-02-26 20:56:23,2024-03-27 20:56:23,246.58,BRL,Paid
ARINV001504,ORD001504,CUST000773,2023-09-24 22:05:36,2023-10-24 22:05:36,884.22,BRL,Open
ARINV001505,ORD001505,CUST001175,2023-06-27 18:24:37,2023-07-27 18:24:37,172.7,BRL,Paid
ARINV001506,ORD001506,CUST001042,2023-10-04 11:38:50,2023-11-03 11:38:50,272.62,BRL,Paid
ARINV001507,ORD001507,CUST000777,2023-12-03 19:34:29,2024-01-02 19:34:29,903.78,BRL,Paid
ARINV001508,ORD001508,CUST000525,2023-05-07 16:30:42,2023-06-06 16:30:42,519.06,BRL,Paid
ARINV001509,ORD001509,CUST001586,2024-07-20 20:23:13,2024-08-19 20:23:13,113.59,BRL,Paid
ARINV001510,ORD001510,CUST000103,2023-10-05 01:16:42,2023-11-04 01:16:42,642.67,BRL,Paid
ARINV001511,ORD001511,CUST000734,2023-03-08 18:28:07,2023-04-07 18:28:07,426.94,BRL,Paid
ARINV001512,ORD001512,CUST000364,2024-06-08 08:05:56,2024-07-08 08:05:56,1230.67,BRL,Open
ARINV001513,ORD001513,CUST000832,2024-04-05 00:30:25,2024-05-05 00:30:25,860.16,BRL,Paid
ARINV001514,ORD001514,CUST000305,2024-09-11 00:27:12,2024-10-11 00:27:12,1382.85,BRL,Paid
ARINV001515,ORD001515,CUST000612,2024-10-14 15:15:36,2024-11-13 15:15:36,1103.07,BRL,Open
ARINV001516,ORD001516,CUST000167,2023-05-11 14:24:51,2023-06-10 14:24:51,850.54,BRL,Paid
ARINV001517,ORD001517,CUST001580,2023-03-11 23:51:19,2023-04-10 23:51:19,387.59,BRL,Cancelled
ARINV001518,ORD001518,CUST001007,2024-09-17 01:16:07,2024-10-17 01:16:07,861.21,BRL,Paid
ARINV001519,ORD001519,CUST001211,2023-01-08 09:46:36,2023-02-07 09:46:36,182.46,BRL,Paid
ARINV001520,ORD001520,CUST000994,2024-12-07 21:32:17,2025-01-06 21:32:17,199.54,BRL,Paid
ARINV001521,ORD001521,CUST001566,2023-08-09 05:48:33,2023-09-08 05:48:33,608.07,BRL,Paid
ARINV001522,ORD001522,CUST000377,2023-03-02 22:37:26,2023-04-01 22:37:26,1358.06,BRL,Paid
ARINV001523,ORD001523,CUST001173,2023-05-28 10:05:13,2023-06-27 10:05:13,819.18,BRL,Paid
ARINV001524,ORD001524,CUST001976,2024-05-01 05:29:54,2024-05-31 05:29:54,546.38,BRL,Paid
ARINV001525,ORD001525,CUST000763,2023-07-07 06:27:39,2023-08-06 06:27:39,892.33,BRL,Paid
ARINV001526,ORD001526,CUST001152,2023-07-09 10:32:40,2023-08-08 10:32:40,847.18,BRL,Paid
ARINV001527,ORD001527,CUST001879,2023-06-26 15:15:47,2023-07-26 15:15:47,847.62,BRL,Paid
ARINV001528,ORD001528,CUST001229,2023-07-17 11:07:19,2023-08-16 11:07:19,2134.16,BRL,Paid
ARINV001529,ORD001529,CUST000847,2023-08-09 01:49:47,2023-09-08 01:49:47,489.25,BRL,Paid
ARINV001530,ORD001530,CUST001335,2024-12-12 23:46:03,2025-01-11 23:46:03,42.16,BRL,Paid
ARINV001531,ORD001531,CUST000772,2023-08-31 14:13:59,2023-09-30 14:13:59,487.54,BRL,Cancelled
ARINV001532,ORD001532,CUST001023,2023-05-19 02:33:05,2023-06-18 02:33:05,842.86,BRL,Paid
ARINV001533,ORD001533,CUST000491,2023-02-01 00:21:47,2023-03-03 00:21:47,224.34,BRL,Paid
ARINV001534,ORD001534,CUST001222,2023-03-03 03:29:14,2023-04-02 03:29:14,199.79,BRL,Paid
ARINV001535,ORD001535,CUST000239,2023-01-13 00:56:47,2023-02-12 00:56:47,214.8,BRL,Paid
ARINV001536,ORD001536,CUST001388,2023-04-02 06:53:59,2023-05-02 06:53:59,647.94,BRL,Paid
ARINV001537,ORD001537,CUST001393,2023-06-14 03:24:18,2023-07-14 03:24:18,1761.51,BRL,Paid
ARINV001538,ORD001538,CUST001212,2024-06-05 17:12:26,2024-07-05 17:12:26,489.7,BRL,Cancelled
ARINV001539,ORD001539,CUST001013,2024-05-22 05:11:22,2024-06-21 05:11:22,863.63,BRL,Paid
ARINV001540,ORD001540,CUST001183,2024-02-22 04:04:23,2024-03-23 04:04:23,666.47,BRL,Paid
ARINV001541,ORD001541,CUST000935,2023-06-21 19:55:17,2023-07-21 19:55:17,735.6,BRL,Paid
ARINV001542,ORD001542,CUST000433,2024-04-10 09:21:03,2024-05-10 09:21:03,596.76,BRL,Paid
ARINV001543,ORD001543,CUST001157,2023-11-05 10:40:21,2023-12-05 10:40:21,827.62,BRL,Cancelled
ARINV001544,ORD001544,CUST000700,2024-01-05 05:15:03,2024-02-04 05:15:03,891.84,BRL,Paid
ARINV001545,ORD001545,CUST001189,2023-07-05 07:48:57,2023-08-04 07:48:57,613.21,BRL,Cancelled
ARINV001546,ORD001546,CUST000413,2023-03-26 05:10:01,2023-04-25 05:10:01,1055.7,BRL,Open
ARINV001547,ORD001547,CUST000828,2024-08-20 09:53:18,2024-09-19 09:53:18,725.02,BRL,Paid
ARINV001548,ORD001548,CUST001557,2024-09-23 00:49:22,2024-10-23 00:49:22,710.89,BRL,Paid
ARINV001549,ORD001549,CUST001903,2023-11-20 03:26:09,2023-12-20 03:26:09,245.74,BRL,Paid
ARINV001550,ORD001550,CUST000452,2024-10-29 16:57:09,2024-11-28 16:57:09,262.73,BRL,Paid
ARINV001551,ORD001551,CUST000742,2024-11-24 04:52:35,2024-12-24 04:52:35,1925.87,BRL,Paid
ARINV001552,ORD001552,CUST000503,2024-07-07 12:46:14,2024-08-06 12:46:14,912.78,BRL,Paid
ARINV001553,ORD001553,CUST000605,2024-08-11 04:01:15,2024-09-10 04:01:15,793.13,BRL,Paid
ARINV001554,ORD001554,CUST001731,2023-06-24 15:39:03,2023-07-24 15:39:03,327.11,BRL,Paid
ARINV001555,ORD001555,CUST001954,2024-02-28 09:17:42,2024-03-29 09:17:42,287.92,BRL,Paid
ARINV001556,ORD001556,CUST000457,2023-05-10 07:47:15,2023-06-09 07:47:15,1069.57,BRL,Paid
ARINV001557,ORD001557,CUST002000,2023-10-03 11:21:29,2023-11-02 11:21:29,556.24,BRL,Paid
ARINV001558,ORD001558,CUST000611,2024-03-24 23:56:00,2024-04-23 23:56:00,935.64,BRL,Open
ARINV001559,ORD001559,CUST000510,2023-02-03 17:51:56,2023-03-05 17:51:56,649.86,BRL,Paid
ARINV001560,ORD001560,CUST000005,2023-11-04 01:35:16,2023-12-04 01:35:16,1632.7,BRL,Paid
ARINV001561,ORD001561,CUST000070,2023-07-26 14:18:36,2023-08-25 14:18:36,629.18,BRL,Paid
ARINV001562,ORD001562,CUST001236,2023-11-30 08:23:27,2023-12-30 08:23:27,296.02,BRL,Open
ARINV001563,ORD001563,CUST000791,2024-04-04 01:25:21,2024-05-04 01:25:21,852.98,BRL,Paid
ARINV001564,ORD001564,CUST001273,2024-02-25 11:35:54,2024-03-26 11:35:54,1059.38,BRL,Paid
ARINV001565,ORD001565,CUST000458,2023-06-22 02:24:00,2023-07-22 02:24:00,543.02,BRL,Paid
ARINV001566,ORD001566,CUST001819,2024-12-03 05:24:09,2025-01-02 05:24:09,2465.43,BRL,Cancelled
ARINV001567,ORD001567,CUST001788,2023-01-02 07:34:40,2023-02-01 07:34:40,789.72,BRL,Paid
ARINV001568,ORD001568,CUST000544,2024-07-15 18:53:45,2024-08-14 18:53:45,869.86,BRL,Open
ARINV001569,ORD001569,CUST000563,2024-04-09 08:42:41,2024-05-09 08:42:41,523.63,BRL,Paid
ARINV001570,ORD001570,CUST000934,2024-06-17 20:48:58,2024-07-17 20:48:58,719.1,BRL,Paid
ARINV001571,ORD001571,CUST001009,2023-05-02 14:47:20,2023-06-01 14:47:20,1303.73,BRL,Paid
ARINV001572,ORD001572,CUST000570,2024-01-29 20:40:11,2024-02-28 20:40:11,2182.58,BRL,Paid
ARINV001573,ORD001573,CUST000027,2023-05-23 18:00:11,2023-06-22 18:00:11,374.83,BRL,Paid
ARINV001574,ORD001574,CUST000338,2024-11-20 19:22:01,2024-12-20 19:22:01,963.34,BRL,Paid
ARINV001575,ORD001575,CUST001910,2024-09-24 01:37:42,2024-10-24 01:37:42,300.55,BRL,Paid
ARINV001576,ORD001576,CUST001501,2024-07-10 02:59:34,2024-08-09 02:59:34,639.91,BRL,Paid
ARINV001577,ORD001577,CUST001993,2024-05-06 09:23:38,2024-06-05 09:23:38,83.51,BRL,Paid
ARINV001578,ORD001578,CUST000651,2024-06-11 10:05:50,2024-07-11 10:05:50,898.58,BRL,Paid
ARINV001579,ORD001579,CUST001465,2023-09-08 16:13:34,2023-10-08 16:13:34,1230.8,BRL,Paid
ARINV001580,ORD001580,CUST001442,2023-04-05 21:59:44,2023-05-05 21:59:44,354.12,BRL,Paid
ARINV001581,ORD001581,CUST001694,2024-05-28 05:09:09,2024-06-27 05:09:09,656.21,BRL,Paid
ARINV001582,ORD001582,CUST000499,2024-10-13 09:27:29,2024-11-12 09:27:29,1301.6,BRL,Paid
ARINV001583,ORD001583,CUST001181,2024-01-07 07:24:27,2024-02-06 07:24:27,1035.9,BRL,Paid
ARINV001584,ORD001584,CUST001979,2023-01-31 16:15:20,2023-03-02 16:15:20,521.25,BRL,Paid
ARINV001585,ORD001585,CUST001506,2023-10-18 21:11:24,2023-11-17 21:11:24,225.29,BRL,Cancelled
ARINV001586,ORD001586,CUST001728,2024-02-19 15:43:35,2024-03-20 15:43:35,803.07,BRL,Paid
ARINV001587,ORD001587,CUST000749,2024-07-17 05:01:21,2024-08-16 05:01:21,151.2,BRL,Paid
ARINV001588,ORD001588,CUST000541,2024-12-24 19:37:37,2025-01-23 19:37:37,172.09,BRL,Cancelled
ARINV001589,ORD001589,CUST001671,2023-06-05 05:00:58,2023-07-05 05:00:58,1158.07,BRL,Paid
ARINV001590,ORD001590,CUST001857,2023-01-02 05:26:07,2023-02-01 05:26:07,498.59,BRL,Paid
ARINV001591,ORD001591,CUST000262,2023-02-04 19:19:43,2023-03-06 19:19:43,219.82,BRL,Paid
ARINV001592,ORD001592,CUST000514,2023-05-20 17:01:25,2023-06-19 17:01:25,843.31,BRL,Paid
ARINV001593,ORD001593,CUST001396,2023-11-16 05:49:01,2023-12-16 05:49:01,175.02,BRL,Paid
ARINV001594,ORD001594,CUST001844,2024-04-10 00:38:00,2024-05-10 00:38:00,2237.63,BRL,Paid
ARINV001595,ORD001595,CUST000251,2024-07-27 05:04:43,2024-08-26 05:04:43,1043.64,BRL,Paid
ARINV001596,ORD001596,CUST000524,2024-12-04 15:14:36,2025-01-03 15:14:36,941.79,BRL,Open
ARINV001597,ORD001597,CUST001191,2024-10-08 11:55:08,2024-11-07 11:55:08,198.1,BRL,Paid
ARINV001598,ORD001598,CUST000597,2023-04-28 01:09:15,2023-05-28 01:09:15,292.13,BRL,Open
ARINV001599,ORD001599,CUST001115,2023-09-28 15:31:38,2023-10-28 15:31:38,1807.18,BRL,Paid
ARINV001600,ORD001600,CUST001945,2023-09-06 19:01:08,2023-10-06 19:01:08,103.96,BRL,Paid
ARINV001601,ORD001601,CUST001629,2023-07-25 04:37:46,2023-08-24 04:37:46,1364.6,BRL,Paid
ARINV001602,ORD001602,CUST001751,2023-04-02 04:33:16,2023-05-02 04:33:16,89.17,BRL,Paid
ARINV001603,ORD001603,CUST001141,2023-01-12 18:07:22,2023-02-11 18:07:22,527.72,BRL,Paid
ARINV001604,ORD001604,CUST001122,2023-11-16 13:54:07,2023-12-16 13:54:07,574.11,BRL,Paid
ARINV001605,ORD001605,CUST001305,2024-03-26 15:15:14,2024-04-25 15:15:14,813.56,BRL,Paid
ARINV001606,ORD001606,CUST000344,2024-01-28 00:54:56,2024-02-27 00:54:56,718.38,BRL,Paid
ARINV001607,ORD001607,CUST000725,2024-01-10 18:10:33,2024-02-09 18:10:33,511.43,BRL,Paid
ARINV001608,ORD001608,CUST000953,2024-05-18 05:25:16,2024-06-17 05:25:16,1067.18,BRL,Paid
ARINV001609,ORD001609,CUST000369,2024-05-17 14:55:17,2024-06-16 14:55:17,464.67,BRL,Paid
ARINV001610,ORD001610,CUST000442,2024-11-26 04:35:43,2024-12-26 04:35:43,897.21,BRL,Paid
ARINV001611,ORD001611,CUST001129,2024-04-08 00:08:17,2024-05-08 00:08:17,590.99,BRL,Paid
ARINV001612,ORD001612,CUST001329,2023-12-26 14:34:13,2024-01-25 14:34:13,866.87,BRL,Paid
ARINV001613,ORD001613,CUST001999,2023-03-20 22:37:28,2023-04-19 22:37:28,378.59,BRL,Cancelled
ARINV001614,ORD001614,CUST001306,2024-03-28 18:35:30,2024-04-27 18:35:30,2105.52,BRL,Cancelled
ARINV001615,ORD001615,CUST001021,2024-04-29 17:00:21,2024-05-29 17:00:21,363.6,BRL,Open
ARINV001616,ORD001616,CUST001139,2023-03-03 23:16:09,2023-04-02 23:16:09,1089.43,BRL,Paid
ARINV001617,ORD001617,CUST000366,2024-06-06 11:02:35,2024-07-06 11:02:35,888.68,BRL,Paid
ARINV001618,ORD001618,CUST000457,2023-08-29 11:24:12,2023-09-28 11:24:12,468.42,BRL,Cancelled
ARINV001619,ORD001619,CUST001776,2023-02-24 11:11:10,2023-03-26 11:11:10,277.86,BRL,Open
ARINV001620,ORD001620,CUST000684,2023-04-24 05:29:27,2023-05-24 05:29:27,170.28,BRL,Paid
ARINV001621,ORD001621,CUST000445,2024-09-11 12:58:18,2024-10-11 12:58:18,442.03,BRL,Paid
ARINV001622,ORD001622,CUST000510,2023-01-18 14:33:05,2023-02-17 14:33:05,547.44,BRL,Paid
ARINV001623,ORD001623,CUST001064,2023-05-07 03:40:48,2023-06-06 03:40:48,521.4,BRL,Paid
ARINV001624,ORD001624,CUST000684,2024-07-13 20:02:26,2024-08-12 20:02:26,230.45,BRL,Paid
ARINV001625,ORD001625,CUST001878,2024-11-15 15:37:14,2024-12-15 15:37:14,1543.19,BRL,Paid
ARINV001626,ORD001626,CUST000601,2023-10-22 18:13:14,2023-11-21 18:13:14,241.06,BRL,Cancelled
ARINV001627,ORD001627,CUST001689,2023-03-08 19:13:56,2023-04-07 19:13:56,836.31,BRL,Paid
ARINV001628,ORD001628,CUST001219,2024-02-19 14:45:04,2024-03-20 14:45:04,1202.1,BRL,Paid
ARINV001629,ORD001629,CUST001406,2023-04-14 01:35:33,2023-05-14 01:35:33,687.55,BRL,Paid
ARINV001630,ORD001630,CUST001896,2024-11-03 10:09:24,2024-12-03 10:09:24,499.77,BRL,Paid
ARINV001631,ORD001631,CUST001886,2023-05-02 14:36:58,2023-06-01 14:36:58,791.68,BRL,Paid
ARINV001632,ORD001632,CUST001451,2023-01-05 08:43:40,2023-02-04 08:43:40,2502.93,BRL,Paid
ARINV001633,ORD001633,CUST000949,2024-01-30 01:55:29,2024-02-29 01:55:29,1882.14,BRL,Paid
ARINV001634,ORD001634,CUST001453,2023-03-05 07:20:29,2023-04-04 07:20:29,951.05,BRL,Paid
ARINV001635,ORD001635,CUST001665,2024-09-29 22:00:18,2024-10-29 22:00:18,273.09,BRL,Cancelled
ARINV001636,ORD001636,CUST000845,2023-03-24 03:15:26,2023-04-23 03:15:26,359.13,BRL,Paid
ARINV001637,ORD001637,CUST001895,2023-11-01 17:17:18,2023-12-01 17:17:18,295.18,BRL,Paid
ARINV001638,ORD001638,CUST000483,2023-04-12 21:28:12,2023-05-12 21:28:12,113.06,BRL,Paid
ARINV001639,ORD001639,CUST000885,2023-02-16 03:49:17,2023-03-18 03:49:17,756.4,BRL,Cancelled
ARINV001640,ORD001640,CUST000425,2023-12-30 22:27:30,2024-01-29 22:27:30,625.72,BRL,Paid
ARINV001641,ORD001641,CUST001604,2023-09-22 03:35:13,2023-10-22 03:35:13,88.3,BRL,Open
ARINV001642,ORD001642,CUST001819,2023-12-03 13:16:36,2024-01-02 13:16:36,335.12,BRL,Cancelled
ARINV001643,ORD001643,CUST000083,2023-03-20 07:30:05,2023-04-19 07:30:05,983.5,BRL,Paid
ARINV001644,ORD001644,CUST001375,2023-12-12 19:18:02,2024-01-11 19:18:02,1838.11,BRL,Open
ARINV001645,ORD001645,CUST001760,2024-07-25 19:14:29,2024-08-24 19:14:29,342.11,BRL,Open
ARINV001646,ORD001646,CUST000817,2024-04-27 05:00:35,2024-05-27 05:00:35,1027.75,BRL,Paid
ARINV001647,ORD001647,CUST000928,2024-04-24 04:04:33,2024-05-24 04:04:33,940.37,BRL,Paid
ARINV001648,ORD001648,CUST000102,2023-01-29 20:07:00,2023-02-28 20:07:00,474.68,BRL,Paid
ARINV001649,ORD001649,CUST000619,2023-05-13 07:23:01,2023-06-12 07:23:01,1075.56,BRL,Paid
ARINV001650,ORD001650,CUST001837,2024-05-07 17:51:19,2024-06-06 17:51:19,1411.28,BRL,Paid
ARINV001651,ORD001651,CUST000590,2023-08-21 01:28:04,2023-09-20 01:28:04,446.63,BRL,Open
ARINV001652,ORD001652,CUST001541,2023-01-08 06:37:43,2023-02-07 06:37:43,418.73,BRL,Paid
ARINV001653,ORD001653,CUST001298,2024-01-11 12:48:43,2024-02-10 12:48:43,304.06,BRL,Paid
ARINV001654,ORD001654,CUST001462,2024-10-28 09:21:11,2024-11-27 09:21:11,93.42,BRL,Paid
ARINV001655,ORD001655,CUST001400,2023-08-07 14:23:27,2023-09-06 14:23:27,629.69,BRL,Paid
ARINV001656,ORD001656,CUST000205,2024-02-05 21:18:07,2024-03-06 21:18:07,372.35,BRL,Paid
ARINV001657,ORD001657,CUST000557,2024-07-18 12:49:51,2024-08-17 12:49:51,1356.8,BRL,Cancelled
ARINV001658,ORD001658,CUST000452,2024-11-13 17:11:26,2024-12-13 17:11:26,361.0,BRL,Paid
ARINV001659,ORD001659,CUST001723,2023-03-09 15:54:29,2023-04-08 15:54:29,118.72,BRL,Paid
ARINV001660,ORD001660,CUST001104,2024-12-14 05:10:17,2025-01-13 05:10:17,1007.84,BRL,Paid
ARINV001661,ORD001661,CUST001444,2023-11-02 05:17:10,2023-12-02 05:17:10,801.23,BRL,Paid
ARINV001662,ORD001662,CUST001346,2023-07-22 13:15:07,2023-08-21 13:15:07,594.64,BRL,Paid
ARINV001663,ORD001663,CUST001280,2023-06-10 10:16:11,2023-07-10 10:16:11,849.54,BRL,Cancelled
ARINV001664,ORD001664,CUST000598,2024-09-26 19:35:42,2024-10-26 19:35:42,170.98,BRL,Cancelled
ARINV001665,ORD001665,CUST001372,2023-10-23 19:43:38,2023-11-22 19:43:38,867.3,BRL,Cancelled
ARINV001666,ORD001666,CUST000874,2023-08-14 00:51:31,2023-09-13 00:51:31,1663.76,BRL,Paid
ARINV001667,ORD001667,CUST001048,2023-01-16 11:31:10,2023-02-15 11:31:10,548.0,BRL,Cancelled
ARINV001668,ORD001668,CUST001933,2023-04-14 13:24:33,2023-05-14 13:24:33,1189.85,BRL,Cancelled
ARINV001669,ORD001669,CUST001595,2024-05-02 13:16:45,2024-06-01 13:16:45,1084.07,BRL,Open
ARINV001670,ORD001670,CUST000271,2024-02-18 08:55:21,2024-03-19 08:55:21,434.51,BRL,Paid
ARINV001671,ORD001671,CUST000239,2024-07-17 03:18:10,2024-08-16 03:18:10,706.28,BRL,Paid
ARINV001672,ORD001672,CUST001665,2023-10-10 18:09:21,2023-11-09 18:09:21,775.02,BRL,Paid
ARINV001673,ORD001673,CUST000102,2024-03-10 04:27:07,2024-04-09 04:27:07,255.45,BRL,Paid
ARINV001674,ORD001674,CUST000273,2023-04-24 04:58:52,2023-05-24 04:58:52,2121.02,BRL,Paid
ARINV001675,ORD001675,CUST001440,2023-04-11 04:52:41,2023-05-11 04:52:41,281.74,BRL,Paid
ARINV001676,ORD001676,CUST000151,2023-04-11 12:25:43,2023-05-11 12:25:43,183.82,BRL,Paid
ARINV001677,ORD001677,CUST000227,2024-11-18 21:47:34,2024-12-18 21:47:34,455.13,BRL,Paid
ARINV001678,ORD001678,CUST001213,2023-06-07 10:45:49,2023-07-07 10:45:49,846.23,BRL,Paid
ARINV001679,ORD001679,CUST001121,2023-10-14 15:23:43,2023-11-13 15:23:43,1596.44,BRL,Paid
ARINV001680,ORD001680,CUST000963,2023-03-08 16:04:33,2023-04-07 16:04:33,241.45,BRL,Paid
ARINV001681,ORD001681,CUST001051,2024-04-19 04:27:36,2024-05-19 04:27:36,462.55,BRL,Paid
ARINV001682,ORD001682,CUST001309,2024-10-18 08:22:10,2024-11-17 08:22:10,1160.72,BRL,Paid
ARINV001683,ORD001683,CUST000880,2024-05-13 11:34:47,2024-06-12 11:34:47,928.32,BRL,Paid
ARINV001684,ORD001684,CUST001737,2024-03-28 10:47:43,2024-04-27 10:47:43,850.15,BRL,Paid
ARINV001685,ORD001685,CUST001254,2024-12-23 16:42:44,2025-01-22 16:42:44,1088.09,BRL,Open
ARINV001686,ORD001686,CUST001964,2023-06-26 12:05:59,2023-07-26 12:05:59,283.0,BRL,Paid
ARINV001687,ORD001687,CUST001224,2023-06-01 16:24:56,2023-07-01 16:24:56,228.65,BRL,Open
ARINV001688,ORD001688,CUST001607,2024-03-02 15:36:18,2024-04-01 15:36:18,391.47,BRL,Paid
ARINV001689,ORD001689,CUST001891,2024-11-30 07:31:55,2024-12-30 07:31:55,1421.42,BRL,Paid
ARINV001690,ORD001690,CUST000966,2023-08-02 19:58:11,2023-09-01 19:58:11,708.93,BRL,Paid
ARINV001691,ORD001691,CUST001566,2024-03-03 05:02:15,2024-04-02 05:02:15,256.04,BRL,Paid
ARINV001692,ORD001692,CUST001282,2024-05-31 17:18:03,2024-06-30 17:18:03,611.33,BRL,Paid
ARINV001693,ORD001693,CUST001380,2023-09-27 18:49:25,2023-10-27 18:49:25,209.86,BRL,Cancelled
ARINV001694,ORD001694,CUST000706,2024-02-07 21:31:45,2024-03-08 21:31:45,1836.47,BRL,Paid
ARINV001695,ORD001695,CUST001687,2024-01-15 08:34:03,2024-02-14 08:34:03,448.02,BRL,Paid
ARINV001696,ORD001696,CUST001382,2024-09-10 05:16:17,2024-10-10 05:16:17,646.48,BRL,Paid
ARINV001697,ORD001697,CUST000963,2023-12-02 21:42:22,2024-01-01 21:42:22,903.62,BRL,Cancelled
ARINV001698,ORD001698,CUST001188,2023-01-10 11:26:32,2023-02-09 11:26:32,178.71,BRL,Paid
ARINV001699,ORD001699,CUST001508,2024-04-06 02:06:12,2024-05-06 02:06:12,469.81,BRL,Paid
ARINV001700,ORD001700,CUST000492,2024-12-28 12:20:33,2025-01-27 12:20:33,632.11,BRL,Paid
ARINV001701,ORD001701,CUST000411,2024-08-23 01:00:20,2024-09-22 01:00:20,824.57,BRL,Paid
ARINV001702,ORD001702,CUST001998,2024-05-03 07:38:52,2024-06-02 07:38:52,1352.37,BRL,Cancelled
ARINV001703,ORD001703,CUST001858,2024-04-11 07:30:32,2024-05-11 07:30:32,115.82,BRL,Paid
ARINV001704,ORD001704,CUST000891,2024-05-08 03:45:38,2024-06-07 03:45:38,1593.67,BRL,Paid
ARINV001705,ORD001705,CUST001043,2024-10-28 17:50:37,2024-11-27 17:50:37,446.24,BRL,Paid
ARINV001706,ORD001706,CUST000721,2023-06-18 02:04:58,2023-07-18 02:04:58,438.85,BRL,Paid
ARINV001707,ORD001707,CUST000399,2023-04-27 10:31:13,2023-05-27 10:31:13,1080.18,BRL,Open
ARINV001708,ORD001708,CUST000484,2023-08-27 01:10:44,2023-09-26 01:10:44,738.6,BRL,Paid
ARINV001709,ORD001709,CUST001684,2023-08-01 21:16:53,2023-08-31 21:16:53,1045.31,BRL,Cancelled
ARINV001710,ORD001710,CUST000243,2023-01-31 06:33:36,2023-03-02 06:33:36,701.99,BRL,Paid
ARINV001711,ORD001711,CUST001346,2023-09-30 06:42:47,2023-10-30 06:42:47,1677.51,BRL,Paid
ARINV001712,ORD001712,CUST001377,2023-03-04 15:22:32,2023-04-03 15:22:32,742.33,BRL,Paid
ARINV001713,ORD001713,CUST001599,2023-08-10 02:55:36,2023-09-09 02:55:36,213.38,BRL,Paid
ARINV001714,ORD001714,CUST001637,2023-12-17 00:23:32,2024-01-16 00:23:32,932.96,BRL,Paid
ARINV001715,ORD001715,CUST001026,2023-07-23 07:35:51,2023-08-22 07:35:51,726.49,BRL,Paid
ARINV001716,ORD001716,CUST000677,2024-01-21 21:01:43,2024-02-20 21:01:43,392.87,BRL,Paid
ARINV001717,ORD001717,CUST000525,2023-10-13 16:09:03,2023-11-12 16:09:03,341.93,BRL,Paid
ARINV001718,ORD001718,CUST001778,2023-08-16 20:29:30,2023-09-15 20:29:30,626.28,BRL,Paid
ARINV001719,ORD001719,CUST001494,2023-06-10 12:44:08,2023-07-10 12:44:08,1161.81,BRL,Paid
ARINV001720,ORD001720,CUST001315,2024-12-16 21:58:38,2025-01-15 21:58:38,566.04,BRL,Paid
ARINV001721,ORD001721,CUST001588,2024-12-18 05:45:09,2025-01-17 05:45:09,128.69,BRL,Paid
ARINV001722,ORD001722,CUST000306,2024-07-07 03:10:04,2024-08-06 03:10:04,661.02,BRL,Paid
ARINV001723,ORD001723,CUST000814,2023-08-16 12:40:21,2023-09-15 12:40:21,193.33,BRL,Paid
ARINV001724,ORD001724,CUST000563,2023-03-02 04:34:01,2023-04-01 04:34:01,1271.38,BRL,Open
ARINV001725,ORD001725,CUST000026,2024-02-09 23:30:57,2024-03-10 23:30:57,817.37,BRL,Paid
ARINV001726,ORD001726,CUST000260,2024-07-20 23:27:58,2024-08-19 23:27:58,532.54,BRL,Paid
ARINV001727,ORD001727,CUST000333,2024-09-30 22:48:49,2024-10-30 22:48:49,468.7,BRL,Paid
ARINV001728,ORD001728,CUST001372,2024-06-01 19:53:02,2024-07-01 19:53:02,729.97,BRL,Paid
ARINV001729,ORD001729,CUST000804,2024-01-08 15:01:44,2024-02-07 15:01:44,693.23,BRL,Cancelled
ARINV001730,ORD001730,CUST001193,2023-02-15 19:51:58,2023-03-17 19:51:58,332.9,BRL,Paid
ARINV001731,ORD001731,CUST000151,2024-09-01 01:41:29,2024-10-01 01:41:29,928.36,BRL,Open
ARINV001732,ORD001732,CUST000261,2023-09-01 22:33:44,2023-10-01 22:33:44,625.12,BRL,Paid
ARINV001733,ORD001733,CUST000559,2024-08-21 08:11:53,2024-09-20 08:11:53,298.37,BRL,Paid
ARINV001734,ORD001734,CUST001983,2023-07-31 06:18:36,2023-08-30 06:18:36,1041.22,BRL,Paid
ARINV001735,ORD001735,CUST000941,2023-02-11 05:36:20,2023-03-13 05:36:20,792.37,BRL,Paid
ARINV001736,ORD001736,CUST000155,2023-03-02 04:07:59,2023-04-01 04:07:59,97.48,BRL,Paid
ARINV001737,ORD001737,CUST000055,2023-12-03 01:12:56,2024-01-02 01:12:56,459.06,BRL,Paid
ARINV001738,ORD001738,CUST000480,2024-07-27 10:22:14,2024-08-26 10:22:14,1810.14,BRL,Paid
ARINV001739,ORD001739,CUST001217,2023-07-17 05:54:20,2023-08-16 05:54:20,423.14,BRL,Paid
ARINV001740,ORD001740,CUST001591,2024-03-12 04:48:55,2024-04-11 04:48:55,855.48,BRL,Open
ARINV001741,ORD001741,CUST001751,2024-07-05 23:29:15,2024-08-04 23:29:15,804.16,BRL,Paid
ARINV001742,ORD001742,CUST000468,2023-04-03 05:53:13,2023-05-03 05:53:13,527.63,BRL,Cancelled
ARINV001743,ORD001743,CUST000104,2023-12-08 21:47:19,2024-01-07 21:47:19,424.74,BRL,Open
ARINV001744,ORD001744,CUST001121,2023-02-27 04:17:33,2023-03-29 04:17:33,107.56,BRL,Paid
ARINV001745,ORD001745,CUST001178,2024-05-07 16:44:25,2024-06-06 16:44:25,62.55,BRL,Paid
ARINV001746,ORD001746,CUST001665,2023-01-16 13:58:42,2023-02-15 13:58:42,744.78,BRL,Paid
ARINV001747,ORD001747,CUST001193,2023-07-28 16:18:58,2023-08-27 16:18:58,740.01,BRL,Paid
ARINV001748,ORD001748,CUST000372,2024-02-10 16:15:02,2024-03-11 16:15:02,555.21,BRL,Paid
ARINV001749,ORD001749,CUST001748,2023-08-26 14:35:31,2023-09-25 14:35:31,815.63,BRL,Paid
ARINV001750,ORD001750,CUST000910,2023-06-04 18:31:15,2023-07-04 18:31:15,623.37,BRL,Paid
ARINV001751,ORD001751,CUST000453,2023-05-26 00:55:29,2023-06-25 00:55:29,189.39,BRL,Cancelled
ARINV001752,ORD001752,CUST000887,2023-05-04 16:19:54,2023-06-03 16:19:54,253.99,BRL,Open
ARINV001753,ORD001753,CUST001698,2024-08-07 21:35:37,2024-09-06 21:35:37,136.33,BRL,Paid
ARINV001754,ORD001754,CUST000636,2023-05-21 09:50:52,2023-06-20 09:50:52,293.51,BRL,Paid
ARINV001755,ORD001755,CUST000242,2023-12-29 08:23:02,2024-01-28 08:23:02,1321.76,BRL,Cancelled
ARINV001756,ORD001756,CUST000853,2023-11-22 03:25:32,2023-12-22 03:25:32,1356.57,BRL,Paid
ARINV001757,ORD001757,CUST000509,2024-10-17 03:49:31,2024-11-16 03:49:31,682.15,BRL,Paid
ARINV001758,ORD001758,CUST000083,2024-05-11 21:31:40,2024-06-10 21:31:40,902.95,BRL,Paid
ARINV001759,ORD001759,CUST001486,2024-01-19 09:09:01,2024-02-18 09:09:01,183.53,BRL,Cancelled
ARINV001760,ORD001760,CUST000273,2024-05-28 19:51:07,2024-06-27 19:51:07,952.34,BRL,Paid
ARINV001761,ORD001761,CUST000094,2024-12-18 19:38:59,2025-01-17 19:38:59,872.18,BRL,Paid
ARINV001762,ORD001762,CUST001990,2023-11-06 19:45:36,2023-12-06 19:45:36,887.2,BRL,Paid
ARINV001763,ORD001763,CUST001279,2024-08-11 07:13:08,2024-09-10 07:13:08,844.47,BRL,Paid
ARINV001764,ORD001764,CUST001905,2024-08-26 21:27:55,2024-09-25 21:27:55,675.51,BRL,Paid
ARINV001765,ORD001765,CUST000989,2023-04-08 13:01:59,2023-05-08 13:01:59,1623.61,BRL,Cancelled
ARINV001766,ORD001766,CUST001906,2023-12-15 17:00:46,2024-01-14 17:00:46,147.25,BRL,Open
ARINV001767,ORD001767,CUST001595,2023-02-28 18:55:26,2023-03-30 18:55:26,778.37,BRL,Paid
ARINV001768,ORD001768,CUST001067,2024-06-27 06:59:39,2024-07-27 06:59:39,399.42,BRL,Paid
ARINV001769,ORD001769,CUST001829,2024-12-17 15:55:10,2025-01-16 15:55:10,574.15,BRL,Paid
ARINV001770,ORD001770,CUST001943,2023-01-19 18:29:33,2023-02-18 18:29:33,164.85,BRL,Paid
ARINV001771,ORD001771,CUST001673,2023-06-22 13:11:42,2023-07-22 13:11:42,932.84,BRL,Paid
ARINV001772,ORD001772,CUST001350,2024-01-18 02:55:05,2024-02-17 02:55:05,288.28,BRL,Paid
ARINV001773,ORD001773,CUST001044,2023-06-12 06:17:04,2023-07-12 06:17:04,678.8,BRL,Paid
ARINV001774,ORD001774,CUST001145,2024-06-30 06:40:32,2024-07-30 06:40:32,927.51,BRL,Paid
ARINV001775,ORD001775,CUST000729,2023-11-04 16:16:58,2023-12-04 16:16:58,426.91,BRL,Paid
ARINV001776,ORD001776,CUST001072,2023-07-04 23:31:28,2023-08-03 23:31:28,867.49,BRL,Paid
ARINV001777,ORD001777,CUST000958,2023-03-31 10:27:59,2023-04-30 10:27:59,90.8,BRL,Paid
ARINV001778,ORD001778,CUST001480,2024-09-12 23:51:08,2024-10-12 23:51:08,279.02,BRL,Paid
ARINV001779,ORD001779,CUST000670,2023-05-18 14:55:27,2023-06-17 14:55:27,687.0,BRL,Paid
ARINV001780,ORD001780,CUST001781,2024-08-17 13:09:17,2024-09-16 13:09:17,850.52,BRL,Paid
ARINV001781,ORD001781,CUST001367,2024-10-24 01:25:56,2024-11-23 01:25:56,785.79,BRL,Paid
ARINV001782,ORD001782,CUST000213,2023-03-28 20:55:56,2023-04-27 20:55:56,953.47,BRL,Paid
ARINV001783,ORD001783,CUST000352,2023-05-18 05:50:13,2023-06-17 05:50:13,807.15,BRL,Paid
ARINV001784,ORD001784,CUST000194,2023-08-16 13:55:11,2023-09-15 13:55:11,673.21,BRL,Cancelled
ARINV001785,ORD001785,CUST001421,2024-03-05 00:46:27,2024-04-04 00:46:27,649.87,BRL,Paid
ARINV001786,ORD001786,CUST001355,2024-05-12 23:59:46,2024-06-11 23:59:46,768.16,BRL,Open
ARINV001787,ORD001787,CUST001364,2024-12-02 15:13:06,2025-01-01 15:13:06,663.76,BRL,Paid
ARINV001788,ORD001788,CUST001342,2023-05-13 14:13:58,2023-06-12 14:13:58,328.57,BRL,Paid
ARINV001789,ORD001789,CUST000518,2023-01-11 00:32:10,2023-02-10 00:32:10,864.81,BRL,Paid
ARINV001790,ORD001790,CUST001160,2023-10-05 15:25:29,2023-11-04 15:25:29,646.05,BRL,Paid
ARINV001791,ORD001791,CUST001393,2024-11-20 04:03:11,2024-12-20 04:03:11,1108.54,BRL,Paid
ARINV001792,ORD001792,CUST001266,2024-10-20 22:28:20,2024-11-19 22:28:20,550.67,BRL,Paid
ARINV001793,ORD001793,CUST000797,2023-05-21 07:17:00,2023-06-20 07:17:00,82.31,BRL,Paid
ARINV001794,ORD001794,CUST000952,2023-04-30 07:09:32,2023-05-30 07:09:32,710.26,BRL,Paid
ARINV001795,ORD001795,CUST001834,2024-06-19 13:10:49,2024-07-19 13:10:49,490.33,BRL,Paid
ARINV001796,ORD001796,CUST001933,2023-09-15 22:00:20,2023-10-15 22:00:20,427.02,BRL,Paid
ARINV001797,ORD001797,CUST000843,2024-03-14 02:31:44,2024-04-13 02:31:44,913.08,BRL,Paid
ARINV001798,ORD001798,CUST001300,2024-03-27 00:43:11,2024-04-26 00:43:11,303.87,BRL,Paid
ARINV001799,ORD001799,CUST000021,2023-07-13 06:16:41,2023-08-12 06:16:41,941.0,BRL,Paid
ARINV001800,ORD001800,CUST000110,2024-07-27 07:58:50,2024-08-26 07:58:50,959.48,BRL,Paid
ARINV001801,ORD001801,CUST001750,2023-06-22 07:58:27,2023-07-22 07:58:27,733.85,BRL,Open
ARINV001802,ORD001802,CUST001527,2024-05-28 14:09:10,2024-06-27 14:09:10,2080.86,BRL,Paid
ARINV001803,ORD001803,CUST000079,2023-06-19 13:04:06,2023-07-19 13:04:06,805.25,BRL,Cancelled
ARINV001804,ORD001804,CUST000169,2023-08-19 13:46:50,2023-09-18 13:46:50,2033.44,BRL,Cancelled
ARINV001805,ORD001805,CUST000230,2024-07-26 20:40:25,2024-08-25 20:40:25,662.3,BRL,Paid
ARINV001806,ORD001806,CUST000020,2024-06-12 15:47:48,2024-07-12 15:47:48,474.65,BRL,Paid
ARINV001807,ORD001807,CUST001368,2023-01-04 21:41:09,2023-02-03 21:41:09,396.33,BRL,Paid
ARINV001808,ORD001808,CUST000044,2024-05-08 09:45:16,2024-06-07 09:45:16,2037.52,BRL,Paid
ARINV001809,ORD001809,CUST000299,2023-11-25 21:28:48,2023-12-25 21:28:48,340.19,BRL,Paid
ARINV001810,ORD001810,CUST000046,2024-05-03 19:25:44,2024-06-02 19:25:44,339.36,BRL,Paid
ARINV001811,ORD001811,CUST000710,2024-05-15 23:34:34,2024-06-14 23:34:34,929.26,BRL,Paid
ARINV001812,ORD001812,CUST000130,2024-04-11 18:23:36,2024-05-11 18:23:36,119.33,BRL,Paid
ARINV001813,ORD001813,CUST000564,2023-10-10 07:43:43,2023-11-09 07:43:43,604.01,BRL,Paid
ARINV001814,ORD001814,CUST000494,2024-07-09 16:26:02,2024-08-08 16:26:02,407.44,BRL,Cancelled
ARINV001815,ORD001815,CUST000616,2023-09-20 15:04:36,2023-10-20 15:04:36,1335.2,BRL,Cancelled
ARINV001816,ORD001816,CUST000961,2023-08-28 14:42:50,2023-09-27 14:42:50,2526.17,BRL,Paid
ARINV001817,ORD001817,CUST001781,2024-12-11 03:10:20,2025-01-10 03:10:20,763.27,BRL,Paid
ARINV001818,ORD001818,CUST001603,2023-02-04 02:10:39,2023-03-06 02:10:39,2234.94,BRL,Paid
ARINV001819,ORD001819,CUST000881,2023-04-23 00:24:13,2023-05-23 00:24:13,884.11,BRL,Paid
ARINV001820,ORD001820,CUST000155,2024-10-27 20:27:55,2024-11-26 20:27:55,693.05,BRL,Paid
ARINV001821,ORD001821,CUST001950,2024-03-14 01:12:40,2024-04-13 01:12:40,434.04,BRL,Paid
ARINV001822,ORD001822,CUST001571,2024-03-30 09:43:17,2024-04-29 09:43:17,2085.89,BRL,Cancelled
ARINV001823,ORD001823,CUST000607,2024-06-05 08:56:37,2024-07-05 08:56:37,111.81,BRL,Paid
ARINV001824,ORD001824,CUST000572,2024-11-12 07:40:54,2024-12-12 07:40:54,252.59,BRL,Paid
ARINV001825,ORD001825,CUST000950,2024-07-15 04:56:18,2024-08-14 04:56:18,844.63,BRL,Paid
ARINV001826,ORD001826,CUST000149,2024-08-11 23:23:17,2024-09-10 23:23:17,1287.19,BRL,Paid
ARINV001827,ORD001827,CUST000212,2024-04-07 18:29:55,2024-05-07 18:29:55,898.16,BRL,Paid
ARINV001828,ORD001828,CUST001196,2023-12-04 21:45:54,2024-01-03 21:45:54,585.03,BRL,Paid
ARINV001829,ORD001829,CUST001277,2023-07-30 20:50:57,2023-08-29 20:50:57,688.08,BRL,Paid
ARINV001830,ORD001830,CUST001990,2024-12-14 18:45:06,2025-01-13 18:45:06,304.97,BRL,Open
ARINV001831,ORD001831,CUST000228,2023-11-19 23:13:02,2023-12-19 23:13:02,1075.89,BRL,Paid
ARINV001832,ORD001832,CUST001986,2024-08-07 05:01:34,2024-09-06 05:01:34,828.1,BRL,Open
ARINV001833,ORD001833,CUST000060,2023-09-26 23:35:23,2023-10-26 23:35:23,1046.46,BRL,Cancelled
ARINV001834,ORD001834,CUST001901,2024-07-12 14:37:01,2024-08-11 14:37:01,725.94,BRL,Paid
ARINV001835,ORD001835,CUST000180,2023-07-30 06:48:06,2023-08-29 06:48:06,462.0,BRL,Paid
ARINV001836,ORD001836,CUST001520,2024-08-14 00:32:23,2024-09-13 00:32:23,304.74,BRL,Paid
ARINV001837,ORD001837,CUST001419,2024-09-22 02:54:57,2024-10-22 02:54:57,66.09,BRL,Paid
ARINV001838,ORD001838,CUST000636,2023-05-03 20:27:23,2023-06-02 20:27:23,502.46,BRL,Paid
ARINV001839,ORD001839,CUST001457,2023-08-27 16:52:51,2023-09-26 16:52:51,891.34,BRL,Paid
ARINV001840,ORD001840,CUST001131,2023-11-12 22:14:11,2023-12-12 22:14:11,867.05,BRL,Paid
ARINV001841,ORD001841,CUST001635,2023-01-31 07:30:33,2023-03-02 07:30:33,1766.69,BRL,Paid
ARINV001842,ORD001842,CUST000674,2023-03-31 08:38:37,2023-04-30 08:38:37,1406.28,BRL,Paid
ARINV001843,ORD001843,CUST000523,2023-04-26 10:16:38,2023-05-26 10:16:38,1653.66,BRL,Paid
ARINV001844,ORD001844,CUST001974,2023-01-28 13:50:57,2023-02-27 13:50:57,361.88,BRL,Paid
ARINV001845,ORD001845,CUST000749,2024-03-25 06:54:44,2024-04-24 06:54:44,856.45,BRL,Paid
ARINV001846,ORD001846,CUST000681,2023-10-06 08:26:48,2023-11-05 08:26:48,162.17,BRL,Paid
ARINV001847,ORD001847,CUST001253,2024-11-05 08:55:59,2024-12-05 08:55:59,746.89,BRL,Paid
ARINV001848,ORD001848,CUST001504,2024-04-22 19:36:58,2024-05-22 19:36:58,713.92,BRL,Paid
ARINV001849,ORD001849,CUST001300,2024-01-31 23:05:01,2024-03-01 23:05:01,861.68,BRL,Paid
ARINV001850,ORD001850,CUST001532,2024-11-25 04:08:48,2024-12-25 04:08:48,104.77,BRL,Paid
ARINV001851,ORD001851,CUST000269,2023-04-16 13:49:16,2023-05-16 13:49:16,486.52,BRL,Paid
ARINV001852,ORD001852,CUST001713,2024-10-31 18:36:18,2024-11-30 18:36:18,1386.28,BRL,Paid
ARINV001853,ORD001853,CUST000171,2023-04-28 17:19:44,2023-05-28 17:19:44,927.67,BRL,Paid
ARINV001854,ORD001854,CUST000972,2023-02-13 16:14:53,2023-03-15 16:14:53,1227.55,BRL,Cancelled
ARINV001855,ORD001855,CUST001412,2024-06-09 22:54:17,2024-07-09 22:54:17,461.26,BRL,Paid
ARINV001856,ORD001856,CUST001954,2024-04-10 05:48:04,2024-05-10 05:48:04,1649.92,BRL,Paid
ARINV001857,ORD001857,CUST001970,2024-07-17 06:19:47,2024-08-16 06:19:47,1272.16,BRL,Open
ARINV001858,ORD001858,CUST001879,2023-12-01 01:05:57,2023-12-31 01:05:57,1583.51,BRL,Paid
ARINV001859,ORD001859,CUST001754,2024-06-03 21:05:50,2024-07-03 21:05:50,186.56,BRL,Paid
ARINV001860,ORD001860,CUST001950,2024-10-18 23:33:03,2024-11-17 23:33:03,266.71,BRL,Open
ARINV001861,ORD001861,CUST001657,2024-07-06 00:04:46,2024-08-05 00:04:46,414.57,BRL,Paid
ARINV001862,ORD001862,CUST000145,2023-04-23 06:14:37,2023-05-23 06:14:37,1327.77,BRL,Paid
ARINV001863,ORD001863,CUST001919,2023-01-16 20:17:48,2023-02-15 20:17:48,904.64,BRL,Paid
ARINV001864,ORD001864,CUST000030,2024-04-12 02:04:07,2024-05-12 02:04:07,1981.96,BRL,Open
ARINV001865,ORD001865,CUST001429,2023-10-15 09:48:20,2023-11-14 09:48:20,2016.94,BRL,Paid
ARINV001866,ORD001866,CUST001559,2024-10-19 09:12:51,2024-11-18 09:12:51,895.58,BRL,Paid
ARINV001867,ORD001867,CUST000538,2023-01-07 02:57:26,2023-02-06 02:57:26,660.0,BRL,Paid
ARINV001868,ORD001868,CUST000965,2023-11-02 05:54:33,2023-12-02 05:54:33,1324.95,BRL,Paid
ARINV001869,ORD001869,CUST000354,2024-08-22 03:16:39,2024-09-21 03:16:39,582.3,BRL,Paid
ARINV001870,ORD001870,CUST001717,2024-04-14 13:15:40,2024-05-14 13:15:40,812.18,BRL,Paid
ARINV001871,ORD001871,CUST000570,2024-04-07 14:44:53,2024-05-07 14:44:53,456.97,BRL,Paid
ARINV001872,ORD001872,CUST001405,2024-09-16 13:42:57,2024-10-16 13:42:57,329.03,BRL,Paid
ARINV001873,ORD001873,CUST000020,2023-09-06 13:40:08,2023-10-06 13:40:08,609.84,BRL,Paid
ARINV001874,ORD001874,CUST000789,2023-12-30 08:05:38,2024-01-29 08:05:38,1813.58,BRL,Paid
ARINV001875,ORD001875,CUST000200,2024-12-17 19:23:53,2025-01-16 19:23:53,775.56,BRL,Paid
ARINV001876,ORD001876,CUST001545,2023-09-06 14:34:02,2023-10-06 14:34:02,1760.12,BRL,Paid
ARINV001877,ORD001877,CUST001788,2023-05-31 04:19:38,2023-06-30 04:19:38,2676.6,BRL,Paid
ARINV001878,ORD001878,CUST000557,2023-09-12 18:51:05,2023-10-12 18:51:05,891.2,BRL,Paid
ARINV001879,ORD001879,CUST001276,2023-07-22 04:37:48,2023-08-21 04:37:48,1215.82,BRL,Open
ARINV001880,ORD001880,CUST001535,2024-09-10 22:45:10,2024-10-10 22:45:10,1292.4,BRL,Paid
ARINV001881,ORD001881,CUST000679,2024-08-22 02:40:58,2024-09-21 02:40:58,2242.08,BRL,Paid
ARINV001882,ORD001882,CUST000960,2024-11-13 06:20:30,2024-12-13 06:20:30,347.44,BRL,Paid
ARINV001883,ORD001883,CUST001269,2024-02-01 06:43:05,2024-03-02 06:43:05,698.47,BRL,Paid
ARINV001884,ORD001884,CUST000186,2023-01-12 13:58:29,2023-02-11 13:58:29,920.05,BRL,Paid
ARINV001885,ORD001885,CUST000190,2024-02-22 06:26:29,2024-03-23 06:26:29,641.4,BRL,Paid
ARINV001886,ORD001886,CUST001795,2024-09-07 23:55:54,2024-10-07 23:55:54,240.48,BRL,Paid
ARINV001887,ORD001887,CUST001139,2023-09-11 07:50:24,2023-10-11 07:50:24,343.17,BRL,Paid
ARINV001888,ORD001888,CUST001441,2024-07-23 18:44:31,2024-08-22 18:44:31,1279.46,BRL,Paid
ARINV001889,ORD001889,CUST001565,2024-01-17 15:47:42,2024-02-16 15:47:42,274.16,BRL,Paid
ARINV001890,ORD001890,CUST001065,2023-06-26 01:46:43,2023-07-26 01:46:43,1942.11,BRL,Open
ARINV001891,ORD001891,CUST001985,2023-04-08 11:55:09,2023-05-08 11:55:09,446.29,BRL,Paid
ARINV001892,ORD001892,CUST000747,2023-06-08 04:35:22,2023-07-08 04:35:22,117.56,BRL,Paid
ARINV001893,ORD001893,CUST000382,2023-11-01 01:48:30,2023-12-01 01:48:30,274.7,BRL,Paid
ARINV001894,ORD001894,CUST001572,2023-05-31 22:27:43,2023-06-30 22:27:43,262.33,BRL,Paid
ARINV001895,ORD001895,CUST001391,2023-02-04 10:20:56,2023-03-06 10:20:56,936.76,BRL,Paid
ARINV001896,ORD001896,CUST001218,2023-05-02 00:36:26,2023-06-01 00:36:26,770.0,BRL,Paid
ARINV001897,ORD001897,CUST001886,2024-10-12 19:47:26,2024-11-11 19:47:26,603.79,BRL,Open
ARINV001898,ORD001898,CUST000516,2024-03-21 23:27:46,2024-04-20 23:27:46,573.96,BRL,Paid
ARINV001899,ORD001899,CUST001622,2024-11-14 04:55:51,2024-12-14 04:55:51,103.55,BRL,Paid
ARINV001900,ORD001900,CUST000867,2023-02-26 18:52:52,2023-03-28 18:52:52,895.35,BRL,Paid
ARINV001901,ORD001901,CUST000958,2024-05-11 15:31:58,2024-06-10 15:31:58,2581.66,BRL,Paid
ARINV001902,ORD001902,CUST000973,2024-09-27 14:35:17,2024-10-27 14:35:17,303.6,BRL,Paid
ARINV001903,ORD001903,CUST000529,2024-10-26 13:28:19,2024-11-25 13:28:19,565.01,BRL,Paid
ARINV001904,ORD001904,CUST000335,2024-11-05 13:16:15,2024-12-05 13:16:15,901.75,BRL,Paid
ARINV001905,ORD001905,CUST000699,2024-02-23 03:39:33,2024-03-24 03:39:33,837.55,BRL,Paid
ARINV001906,ORD001906,CUST000781,2023-12-08 17:29:12,2024-01-07 17:29:12,791.11,BRL,Paid
ARINV001907,ORD001907,CUST001802,2023-01-07 11:16:22,2023-02-06 11:16:22,577.44,BRL,Paid
ARINV001908,ORD001908,CUST000584,2024-12-28 05:56:52,2025-01-27 05:56:52,743.34,BRL,Paid
ARINV001909,ORD001909,CUST000376,2024-11-07 22:31:30,2024-12-07 22:31:30,918.34,BRL,Paid
ARINV001910,ORD001910,CUST000903,2024-05-23 17:50:50,2024-06-22 17:50:50,271.19,BRL,Open
ARINV001911,ORD001911,CUST001022,2023-12-25 02:15:40,2024-01-24 02:15:40,302.12,BRL,Paid
ARINV001912,ORD001912,CUST000548,2023-02-16 05:20:16,2023-03-18 05:20:16,1631.06,BRL,Paid
ARINV001913,ORD001913,CUST001662,2024-09-03 02:35:03,2024-10-03 02:35:03,690.69,BRL,Paid
ARINV001914,ORD001914,CUST000848,2024-04-15 01:28:04,2024-05-15 01:28:04,612.92,BRL,Paid
ARINV001915,ORD001915,CUST001059,2023-11-14 10:00:52,2023-12-14 10:00:52,155.77,BRL,Cancelled
ARINV001916,ORD001916,CUST001206,2024-09-15 00:00:11,2024-10-15 00:00:11,197.34,BRL,Paid
ARINV001917,ORD001917,CUST000975,2024-07-01 15:08:43,2024-07-31 15:08:43,626.33,BRL,Cancelled
ARINV001918,ORD001918,CUST000466,2023-03-09 00:11:13,2023-04-08 00:11:13,806.52,BRL,Paid
ARINV001919,ORD001919,CUST000343,2024-09-14 02:35:44,2024-10-14 02:35:44,144.97,BRL,Paid
ARINV001920,ORD001920,CUST000828,2024-01-01 03:16:13,2024-01-31 03:16:13,837.94,BRL,Open
ARINV001921,ORD001921,CUST001328,2024-08-30 12:38:16,2024-09-29 12:38:16,688.84,BRL,Paid
ARINV001922,ORD001922,CUST000196,2023-02-07 22:01:40,2023-03-09 22:01:40,256.53,BRL,Paid
ARINV001923,ORD001923,CUST000657,2023-01-02 12:32:09,2023-02-01 12:32:09,82.06,BRL,Paid
ARINV001924,ORD001924,CUST001763,2023-11-25 16:27:10,2023-12-25 16:27:10,181.72,BRL,Paid
ARINV001925,ORD001925,CUST000959,2023-09-12 21:55:41,2023-10-12 21:55:41,273.57,BRL,Paid
ARINV001926,ORD001926,CUST001051,2024-04-29 00:05:52,2024-05-29 00:05:52,830.3,BRL,Paid
ARINV001927,ORD001927,CUST001321,2023-11-15 11:36:43,2023-12-15 11:36:43,391.91,BRL,Cancelled
ARINV001928,ORD001928,CUST001242,2024-07-06 10:03:34,2024-08-05 10:03:34,1388.37,BRL,Paid
ARINV001929,ORD001929,CUST000136,2023-06-03 06:29:18,2023-07-03 06:29:18,389.36,BRL,Paid
ARINV001930,ORD001930,CUST000820,2024-08-25 13:55:50,2024-09-24 13:55:50,1743.93,BRL,Paid
ARINV001931,ORD001931,CUST000004,2023-09-02 18:42:17,2023-10-02 18:42:17,1988.93,BRL,Paid
ARINV001932,ORD001932,CUST000584,2024-10-05 00:45:57,2024-11-04 00:45:57,1202.87,BRL,Open
ARINV001933,ORD001933,CUST000698,2024-02-06 11:42:45,2024-03-07 11:42:45,472.7,BRL,Paid
ARINV001934,ORD001934,CUST001173,2023-10-17 15:55:21,2023-11-16 15:55:21,358.88,BRL,Paid
ARINV001935,ORD001935,CUST001625,2023-12-17 15:12:05,2024-01-16 15:12:05,309.11,BRL,Paid
ARINV001936,ORD001936,CUST001712,2023-11-04 09:35:56,2023-12-04 09:35:56,1621.66,BRL,Cancelled
ARINV001937,ORD001937,CUST001734,2023-02-24 15:43:43,2023-03-26 15:43:43,884.96,BRL,Paid
ARINV001938,ORD001938,CUST000038,2024-05-09 01:32:58,2024-06-08 01:32:58,1670.35,BRL,Paid
ARINV001939,ORD001939,CUST001576,2024-09-05 22:23:46,2024-10-05 22:23:46,2247.53,BRL,Paid
ARINV001940,ORD001940,CUST000383,2023-08-16 02:52:16,2023-09-15 02:52:16,329.97,BRL,Paid
ARINV001941,ORD001941,CUST000027,2024-01-23 03:39:01,2024-02-22 03:39:01,661.48,BRL,Paid
ARINV001942,ORD001942,CUST000352,2024-07-28 01:42:46,2024-08-27 01:42:46,867.87,BRL,Paid
ARINV001943,ORD001943,CUST000116,2023-04-25 21:37:36,2023-05-25 21:37:36,276.31,BRL,Paid
ARINV001944,ORD001944,CUST000467,2023-05-31 00:39:31,2023-06-30 00:39:31,220.62,BRL,Paid
ARINV001945,ORD001945,CUST000972,2024-05-02 17:22:54,2024-06-01 17:22:54,1745.09,BRL,Open
ARINV001946,ORD001946,CUST001988,2023-10-31 17:29:07,2023-11-30 17:29:07,116.27,BRL,Paid
ARINV001947,ORD001947,CUST000730,2024-10-17 07:09:40,2024-11-16 07:09:40,1845.17,BRL,Paid
ARINV001948,ORD001948,CUST000246,2024-09-24 20:50:11,2024-10-24 20:50:11,452.66,BRL,Paid
ARINV001949,ORD001949,CUST000391,2024-05-12 14:06:28,2024-06-11 14:06:28,909.11,BRL,Paid
ARINV001950,ORD001950,CUST001150,2023-07-04 09:02:11,2023-08-03 09:02:11,434.93,BRL,Paid
ARINV001951,ORD001951,CUST001461,2023-08-26 00:29:43,2023-09-25 00:29:43,143.07,BRL,Paid
ARINV001952,ORD001952,CUST000450,2023-11-05 00:35:55,2023-12-05 00:35:55,269.77,BRL,Open
ARINV001953,ORD001953,CUST000984,2023-08-10 14:08:10,2023-09-09 14:08:10,905.74,BRL,Paid
ARINV001954,ORD001954,CUST000930,2024-02-07 08:36:39,2024-03-08 08:36:39,433.69,BRL,Paid
ARINV001955,ORD001955,CUST001825,2024-01-15 01:36:09,2024-02-14 01:36:09,248.22,BRL,Paid
ARINV001956,ORD001956,CUST000159,2023-09-30 00:17:30,2023-10-30 00:17:30,336.16,BRL,Paid
ARINV001957,ORD001957,CUST000877,2024-08-23 01:35:41,2024-09-22 01:35:41,278.32,BRL,Paid
ARINV001958,ORD001958,CUST001246,2024-10-16 01:02:56,2024-11-15 01:02:56,1228.62,BRL,Open
ARINV001959,ORD001959,CUST001687,2023-12-14 05:45:19,2024-01-13 05:45:19,106.08,BRL,Paid
ARINV001960,ORD001960,CUST000792,2024-12-13 21:45:09,2025-01-12 21:45:09,398.33,BRL,Open
ARINV001961,ORD001961,CUST001275,2024-02-06 01:31:00,2024-03-07 01:31:00,1197.49,BRL,Paid
ARINV001962,ORD001962,CUST000386,2023-05-17 16:52:27,2023-06-16 16:52:27,1654.22,BRL,Paid
ARINV001963,ORD001963,CUST001400,2023-09-21 09:57:09,2023-10-21 09:57:09,1653.07,BRL,Paid
ARINV001964,ORD001964,CUST000552,2023-02-14 11:36:54,2023-03-16 11:36:54,152.25,BRL,Paid
ARINV001965,ORD001965,CUST000926,2023-12-04 08:11:48,2024-01-03 08:11:48,267.63,BRL,Paid
ARINV001966,ORD001966,CUST000035,2023-05-04 19:57:10,2023-06-03 19:57:10,303.33,BRL,Paid
ARINV001967,ORD001967,CUST001853,2023-08-05 10:19:04,2023-09-04 10:19:04,1703.59,BRL,Cancelled
ARINV001968,ORD001968,CUST001381,2024-02-12 14:47:14,2024-03-13 14:47:14,902.16,BRL,Paid
ARINV001969,ORD001969,CUST000427,2023-06-02 04:29:27,2023-07-02 04:29:27,346.18,BRL,Paid
ARINV001970,ORD001970,CUST001837,2024-01-25 00:26:22,2024-02-24 00:26:22,44.62,BRL,Paid
ARINV001971,ORD001971,CUST000877,2023-05-23 11:16:19,2023-06-22 11:16:19,801.3,BRL,Paid
ARINV001972,ORD001972,CUST001500,2024-04-04 23:18:51,2024-05-04 23:18:51,1457.4,BRL,Open
ARINV001973,ORD001973,CUST001065,2023-07-21 12:51:50,2023-08-20 12:51:50,572.48,BRL,Paid
ARINV001974,ORD001974,CUST001979,2024-01-09 00:59:21,2024-02-08 00:59:21,1865.12,BRL,Paid
ARINV001975,ORD001975,CUST000971,2024-03-27 08:23:18,2024-04-26 08:23:18,442.79,BRL,Paid
ARINV001976,ORD001976,CUST001635,2023-04-07 11:30:23,2023-05-07 11:30:23,859.06,BRL,Paid
ARINV001977,ORD001977,CUST000587,2023-03-05 13:35:44,2023-04-04 13:35:44,1264.56,BRL,Paid
ARINV001978,ORD001978,CUST000047,2023-09-09 21:30:28,2023-10-09 21:30:28,397.08,BRL,Paid
ARINV001979,ORD001979,CUST001500,2024-12-27 13:40:01,2025-01-26 13:40:01,522.79,BRL,Paid
ARINV001980,ORD001980,CUST000812,2023-08-07 03:32:03,2023-09-06 03:32:03,832.74,BRL,Paid
ARINV001981,ORD001981,CUST001955,2023-02-25 11:37:33,2023-03-27 11:37:33,249.86,BRL,Paid
ARINV001982,ORD001982,CUST000297,2024-10-20 19:06:15,2024-11-19 19:06:15,688.67,BRL,Paid
ARINV001983,ORD001983,CUST001169,2024-02-19 21:08:38,2024-03-20 21:08:38,1045.79,BRL,Paid
ARINV001984,ORD001984,CUST001970,2023-08-29 07:05:33,2023-09-28 07:05:33,744.19,BRL,Cancelled
ARINV001985,ORD001985,CUST000573,2023-09-28 22:50:08,2023-10-28 22:50:08,713.03,BRL,Paid
ARINV001986,ORD001986,CUST000814,2024-01-19 17:03:54,2024-02-18 17:03:54,434.2,BRL,Paid
ARINV001987,ORD001987,CUST001122,2024-04-30 03:13:46,2024-05-30 03:13:46,929.92,BRL,Paid
ARINV001988,ORD001988,CUST000022,2024-07-31 06:45:28,2024-08-30 06:45:28,255.03,BRL,Paid
ARINV001989,ORD001989,CUST000056,2023-09-05 07:54:04,2023-10-05 07:54:04,898.65,BRL,Open
ARINV001990,ORD001990,CUST000958,2023-08-06 04:51:06,2023-09-05 04:51:06,743.68,BRL,Paid
ARINV001991,ORD001991,CUST000832,2023-07-10 20:24:48,2023-08-09 20:24:48,748.75,BRL,Cancelled
ARINV001992,ORD001992,CUST001084,2023-09-03 05:57:58,2023-10-03 05:57:58,844.11,BRL,Open
ARINV001993,ORD001993,CUST001010,2024-10-30 06:48:08,2024-11-29 06:48:08,859.33,BRL,Paid
ARINV001994,ORD001994,CUST000663,2023-08-18 19:28:32,2023-09-17 19:28:32,2497.02,BRL,Cancelled
ARINV001995,ORD001995,CUST000045,2023-02-17 04:58:32,2023-03-19 04:58:32,543.19,BRL,Paid
ARINV001996,ORD001996,CUST000218,2023-09-15 00:00:17,2023-10-15 00:00:17,619.78,BRL,Paid
ARINV001997,ORD001997,CUST001790,2024-06-12 10:09:16,2024-07-12 10:09:16,753.01,BRL,Open
ARINV001998,ORD001998,CUST001552,2024-09-11 21:31:02,2024-10-11 21:31:02,699.4,BRL,Paid
ARINV001999,ORD001999,CUST000673,2023-12-06 11:41:24,2024-01-05 11:41:24,150.51,BRL,Cancelled
ARINV002000,ORD002000,CUST001201,2024-12-07 12:27:19,2025-01-06 12:27:19,34.73,BRL,Paid
ARINV002001,ORD002001,CUST001224,2024-03-22 20:41:40,2024-04-21 20:41:40,1047.02,BRL,Open
ARINV002002,ORD002002,CUST001693,2023-08-15 04:31:34,2023-09-14 04:31:34,69.91,BRL,Paid
ARINV002003,ORD002003,CUST001741,2023-09-09 07:46:16,2023-10-09 07:46:16,1120.06,BRL,Paid
ARINV002004,ORD002004,CUST000235,2023-05-12 17:56:27,2023-06-11 17:56:27,824.27,BRL,Paid
ARINV002005,ORD002005,CUST001677,2024-02-29 18:25:52,2024-03-30 18:25:52,818.5,BRL,Paid
ARINV002006,ORD002006,CUST000410,2024-05-04 01:01:46,2024-06-03 01:01:46,1449.42,BRL,Cancelled
ARINV002007,ORD002007,CUST000442,2023-01-04 07:32:55,2023-02-03 07:32:55,662.48,BRL,Open
ARINV002008,ORD002008,CUST001752,2023-12-10 22:22:05,2024-01-09 22:22:05,670.02,BRL,Open
ARINV002009,ORD002009,CUST000872,2023-05-19 22:56:38,2023-06-18 22:56:38,933.01,BRL,Paid
ARINV002010,ORD002010,CUST000051,2024-12-26 10:49:55,2025-01-25 10:49:55,1589.35,BRL,Paid
ARINV002011,ORD002011,CUST000694,2024-11-22 23:35:35,2024-12-22 23:35:35,643.02,BRL,Cancelled
ARINV002012,ORD002012,CUST000662,2024-06-02 06:04:49,2024-07-02 06:04:49,757.79,BRL,Paid
ARINV002013,ORD002013,CUST001963,2023-01-03 15:38:41,2023-02-02 15:38:41,322.59,BRL,Open
ARINV002014,ORD002014,CUST001804,2024-12-24 14:44:22,2025-01-23 14:44:22,1442.17,BRL,Open
ARINV002015,ORD002015,CUST000750,2023-09-26 14:59:12,2023-10-26 14:59:12,915.43,BRL,Paid
ARINV002016,ORD002016,CUST001832,2023-11-19 21:39:49,2023-12-19 21:39:49,313.17,BRL,Paid
ARINV002017,ORD002017,CUST000888,2023-08-11 21:22:29,2023-09-10 21:22:29,701.17,BRL,Open
ARINV002018,ORD002018,CUST000605,2024-07-08 10:06:51,2024-08-07 10:06:51,198.02,BRL,Cancelled
ARINV002019,ORD002019,CUST000548,2023-09-21 21:47:58,2023-10-21 21:47:58,564.28,BRL,Cancelled
ARINV002020,ORD002020,CUST001153,2024-03-13 01:15:06,2024-04-12 01:15:06,641.81,BRL,Open
ARINV002021,ORD002021,CUST001218,2023-01-15 10:16:14,2023-02-14 10:16:14,575.01,BRL,Open
ARINV002022,ORD002022,CUST001642,2024-03-22 10:47:55,2024-04-21 10:47:55,884.46,BRL,Paid
ARINV002023,ORD002023,CUST000071,2023-09-21 13:52:19,2023-10-21 13:52:19,187.27,BRL,Paid
ARINV002024,ORD002024,CUST000050,2024-08-22 19:25:48,2024-09-21 19:25:48,341.44,BRL,Paid
ARINV002025,ORD002025,CUST000408,2023-12-04 22:25:29,2024-01-03 22:25:29,868.53,BRL,Paid
ARINV002026,ORD002026,CUST001837,2023-01-05 02:39:58,2023-02-04 02:39:58,150.27,BRL,Open
ARINV002027,ORD002027,CUST000450,2023-05-21 07:01:51,2023-06-20 07:01:51,998.86,BRL,Paid
ARINV002028,ORD002028,CUST000189,2024-05-24 10:55:44,2024-06-23 10:55:44,191.62,BRL,Open
ARINV002029,ORD002029,CUST001285,2024-04-17 18:21:02,2024-05-17 18:21:02,760.76,BRL,Paid
ARINV002030,ORD002030,CUST001465,2024-06-22 05:08:46,2024-07-22 05:08:46,178.94,BRL,Cancelled
ARINV002031,ORD002031,CUST000956,2023-07-29 16:23:35,2023-08-28 16:23:35,682.83,BRL,Paid
ARINV002032,ORD002032,CUST001547,2023-12-04 23:55:48,2024-01-03 23:55:48,447.85,BRL,Open
ARINV002033,ORD002033,CUST000306,2023-02-20 13:59:46,2023-03-22 13:59:46,600.23,BRL,Paid
ARINV002034,ORD002034,CUST000184,2024-08-12 23:23:25,2024-09-11 23:23:25,510.43,BRL,Paid
ARINV002035,ORD002035,CUST001668,2024-09-05 19:31:57,2024-10-05 19:31:57,602.91,BRL,Paid
ARINV002036,ORD002036,CUST000457,2023-01-26 11:49:01,2023-02-25 11:49:01,921.17,BRL,Paid
ARINV002037,ORD002037,CUST001831,2024-08-03 14:05:01,2024-09-02 14:05:01,617.01,BRL,Paid
ARINV002038,ORD002038,CUST000436,2024-09-27 16:11:37,2024-10-27 16:11:37,218.62,BRL,Paid
ARINV002039,ORD002039,CUST000273,2023-03-02 20:53:46,2023-04-01 20:53:46,512.13,BRL,Cancelled
ARINV002040,ORD002040,CUST001302,2024-01-29 14:35:30,2024-02-28 14:35:30,239.79,BRL,Paid
ARINV002041,ORD002041,CUST001128,2023-11-23 16:22:12,2023-12-23 16:22:12,205.81,BRL,Paid
ARINV002042,ORD002042,CUST001538,2024-11-12 19:01:56,2024-12-12 19:01:56,1583.03,BRL,Paid
ARINV002043,ORD002043,CUST001519,2024-01-03 17:58:08,2024-02-02 17:58:08,299.39,BRL,Paid
ARINV002044,ORD002044,CUST000572,2023-10-09 00:12:29,2023-11-08 00:12:29,602.8,BRL,Paid
ARINV002045,ORD002045,CUST001014,2024-06-17 15:06:25,2024-07-17 15:06:25,166.3,BRL,Paid
ARINV002046,ORD002046,CUST000761,2024-01-01 02:35:44,2024-01-31 02:35:44,509.11,BRL,Paid
ARINV002047,ORD002047,CUST000044,2023-06-07 06:22:33,2023-07-07 06:22:33,1326.3,BRL,Cancelled
ARINV002048,ORD002048,CUST001279,2023-09-24 02:30:06,2023-10-24 02:30:06,143.57,BRL,Paid
ARINV002049,ORD002049,CUST000345,2023-01-06 05:13:57,2023-02-05 05:13:57,1253.82,BRL,Paid
ARINV002050,ORD002050,CUST001156,2024-02-21 19:27:26,2024-03-22 19:27:26,1617.83,BRL,Paid
ARINV002051,ORD002051,CUST000072,2023-08-27 11:35:17,2023-09-26 11:35:17,944.81,BRL,Paid
ARINV002052,ORD002052,CUST000976,2024-04-08 00:43:25,2024-05-08 00:43:25,170.01,BRL,Paid
ARINV002053,ORD002053,CUST000628,2023-02-16 22:39:14,2023-03-18 22:39:14,667.36,BRL,Paid
ARINV002054,ORD002054,CUST000075,2024-10-20 14:58:18,2024-11-19 14:58:18,765.29,BRL,Paid
ARINV002055,ORD002055,CUST000841,2024-07-07 22:15:45,2024-08-06 22:15:45,185.09,BRL,Paid
ARINV002056,ORD002056,CUST000563,2023-03-12 07:44:24,2023-04-11 07:44:24,804.84,BRL,Paid
ARINV002057,ORD002057,CUST000822,2024-10-15 02:24:38,2024-11-14 02:24:38,882.62,BRL,Paid
ARINV002058,ORD002058,CUST000901,2024-08-12 17:43:49,2024-09-11 17:43:49,1067.66,BRL,Paid
ARINV002059,ORD002059,CUST000410,2023-10-03 03:59:14,2023-11-02 03:59:14,706.28,BRL,Paid
ARINV002060,ORD002060,CUST000706,2023-01-14 10:52:47,2023-02-13 10:52:47,488.14,BRL,Paid
ARINV002061,ORD002061,CUST000773,2024-01-22 17:55:06,2024-02-21 17:55:06,369.94,BRL,Open
ARINV002062,ORD002062,CUST001044,2024-05-25 23:18:34,2024-06-24 23:18:34,107.55,BRL,Paid
ARINV002063,ORD002063,CUST000433,2023-12-11 21:16:48,2024-01-10 21:16:48,2373.59,BRL,Paid
ARINV002064,ORD002064,CUST000333,2024-11-04 15:44:08,2024-12-04 15:44:08,315.39,BRL,Paid
ARINV002065,ORD002065,CUST001870,2023-05-31 23:41:25,2023-06-30 23:41:25,665.95,BRL,Cancelled
ARINV002066,ORD002066,CUST000894,2023-04-03 12:52:49,2023-05-03 12:52:49,456.19,BRL,Cancelled
ARINV002067,ORD002067,CUST001822,2023-12-07 18:57:14,2024-01-06 18:57:14,983.51,BRL,Paid
ARINV002068,ORD002068,CUST000617,2023-06-07 01:29:16,2023-07-07 01:29:16,1562.17,BRL,Paid
ARINV002069,ORD002069,CUST001781,2024-04-27 10:24:07,2024-05-27 10:24:07,581.02,BRL,Paid
ARINV002070,ORD002070,CUST001776,2023-04-27 23:53:43,2023-05-27 23:53:43,1218.82,BRL,Paid
ARINV002071,ORD002071,CUST000773,2024-12-04 19:01:48,2025-01-03 19:01:48,544.17,BRL,Paid
ARINV002072,ORD002072,CUST001935,2023-05-13 22:04:38,2023-06-12 22:04:38,533.72,BRL,Paid
ARINV002073,ORD002073,CUST001352,2024-12-14 18:43:30,2025-01-13 18:43:30,646.82,BRL,Paid
ARINV002074,ORD002074,CUST000728,2024-03-06 05:47:43,2024-04-05 05:47:43,2353.51,BRL,Paid
ARINV002075,ORD002075,CUST001032,2024-10-20 13:07:43,2024-11-19 13:07:43,611.79,BRL,Paid
ARINV002076,ORD002076,CUST000331,2023-06-19 16:43:14,2023-07-19 16:43:14,694.24,BRL,Paid
ARINV002077,ORD002077,CUST001621,2023-04-12 16:08:44,2023-05-12 16:08:44,212.52,BRL,Paid
ARINV002078,ORD002078,CUST001507,2024-08-27 07:46:41,2024-09-26 07:46:41,591.19,BRL,Open
ARINV002079,ORD002079,CUST000256,2023-04-05 19:16:59,2023-05-05 19:16:59,304.19,BRL,Cancelled
ARINV002080,ORD002080,CUST001466,2024-04-24 19:41:34,2024-05-24 19:41:34,746.66,BRL,Paid
ARINV002081,ORD002081,CUST001851,2023-12-15 20:30:10,2024-01-14 20:30:10,349.5,BRL,Paid
ARINV002082,ORD002082,CUST000313,2024-03-06 05:33:42,2024-04-05 05:33:42,592.6,BRL,Paid
ARINV002083,ORD002083,CUST000015,2024-10-31 17:14:56,2024-11-30 17:14:56,245.6,BRL,Paid
ARINV002084,ORD002084,CUST000692,2023-06-05 06:14:07,2023-07-05 06:14:07,1291.12,BRL,Paid
ARINV002085,ORD002085,CUST000603,2024-12-26 15:35:52,2025-01-25 15:35:52,671.22,BRL,Paid
ARINV002086,ORD002086,CUST001451,2023-02-26 20:06:16,2023-03-28 20:06:16,875.69,BRL,Paid
ARINV002087,ORD002087,CUST001987,2024-12-21 09:26:51,2025-01-20 09:26:51,893.22,BRL,Paid
ARINV002088,ORD002088,CUST001450,2023-11-18 07:22:25,2023-12-18 07:22:25,787.55,BRL,Paid
ARINV002089,ORD002089,CUST001528,2024-04-08 07:39:02,2024-05-08 07:39:02,273.31,BRL,Paid
ARINV002090,ORD002090,CUST001879,2023-11-25 17:59:24,2023-12-25 17:59:24,256.73,BRL,Paid
ARINV002091,ORD002091,CUST001316,2024-06-06 22:09:20,2024-07-06 22:09:20,2667.93,BRL,Paid
ARINV002092,ORD002092,CUST000408,2024-07-17 07:38:57,2024-08-16 07:38:57,1715.47,BRL,Paid
ARINV002093,ORD002093,CUST000152,2023-07-30 19:07:09,2023-08-29 19:07:09,710.39,BRL,Paid
ARINV002094,ORD002094,CUST001549,2024-02-13 02:53:10,2024-03-14 02:53:10,1365.13,BRL,Paid
ARINV002095,ORD002095,CUST001477,2023-07-04 04:10:09,2023-08-03 04:10:09,588.64,BRL,Paid
ARINV002096,ORD002096,CUST001943,2024-10-09 12:09:03,2024-11-08 12:09:03,940.62,BRL,Paid
ARINV002097,ORD002097,CUST000433,2024-08-03 23:33:28,2024-09-02 23:33:28,33.47,BRL,Paid
ARINV002098,ORD002098,CUST000656,2024-11-02 03:34:43,2024-12-02 03:34:43,818.28,BRL,Paid
ARINV002099,ORD002099,CUST001241,2023-01-08 14:37:43,2023-02-07 14:37:43,563.66,BRL,Paid
ARINV002100,ORD002100,CUST001366,2023-02-18 16:33:16,2023-03-20 16:33:16,880.93,BRL,Paid
ARINV002101,ORD002101,CUST000459,2024-08-26 20:12:03,2024-09-25 20:12:03,1595.48,BRL,Paid
ARINV002102,ORD002102,CUST000614,2023-10-09 18:37:07,2023-11-08 18:37:07,197.82,BRL,Paid
ARINV002103,ORD002103,CUST000057,2023-02-17 08:49:59,2023-03-19 08:49:59,1490.17,BRL,Paid
ARINV002104,ORD002104,CUST001457,2024-04-16 18:36:22,2024-05-16 18:36:22,979.78,BRL,Paid
ARINV002105,ORD002105,CUST001905,2023-07-15 12:19:04,2023-08-14 12:19:04,1309.16,BRL,Paid
ARINV002106,ORD002106,CUST001914,2024-03-28 08:35:49,2024-04-27 08:35:49,267.68,BRL,Paid
ARINV002107,ORD002107,CUST000058,2023-11-27 11:59:18,2023-12-27 11:59:18,2658.16,BRL,Paid
ARINV002108,ORD002108,CUST000669,2024-03-26 01:11:30,2024-04-25 01:11:30,157.8,BRL,Paid
ARINV002109,ORD002109,CUST000370,2024-09-24 21:58:22,2024-10-24 21:58:22,757.76,BRL,Paid
ARINV002110,ORD002110,CUST001637,2024-12-28 10:12:00,2025-01-27 10:12:00,553.0,BRL,Paid
ARINV002111,ORD002111,CUST001826,2023-08-03 03:48:39,2023-09-02 03:48:39,873.4,BRL,Paid
ARINV002112,ORD002112,CUST001391,2023-11-12 17:35:59,2023-12-12 17:35:59,1468.88,BRL,Paid
ARINV002113,ORD002113,CUST001954,2023-06-06 08:15:29,2023-07-06 08:15:29,233.1,BRL,Paid
ARINV002114,ORD002114,CUST001599,2023-07-23 14:35:06,2023-08-22 14:35:06,316.89,BRL,Paid
ARINV002115,ORD002115,CUST001438,2024-06-30 21:54:31,2024-07-30 21:54:31,439.75,BRL,Paid
ARINV002116,ORD002116,CUST000948,2024-04-06 22:29:50,2024-05-06 22:29:50,528.46,BRL,Paid
ARINV002117,ORD002117,CUST001694,2024-10-04 09:43:17,2024-11-03 09:43:17,1324.8,BRL,Paid
ARINV002118,ORD002118,CUST001575,2024-04-29 20:55:01,2024-05-29 20:55:01,689.87,BRL,Paid
ARINV002119,ORD002119,CUST001710,2024-03-13 10:51:20,2024-04-12 10:51:20,1705.98,BRL,Paid
ARINV002120,ORD002120,CUST001741,2023-05-18 22:19:27,2023-06-17 22:19:27,1720.41,BRL,Paid
ARINV002121,ORD002121,CUST000516,2023-05-02 12:55:39,2023-06-01 12:55:39,1700.61,BRL,Paid
ARINV002122,ORD002122,CUST001004,2024-09-07 05:21:47,2024-10-07 05:21:47,375.71,BRL,Paid
ARINV002123,ORD002123,CUST000480,2024-07-26 07:35:12,2024-08-25 07:35:12,550.11,BRL,Paid
ARINV002124,ORD002124,CUST001031,2023-12-06 20:21:36,2024-01-05 20:21:36,1201.58,BRL,Paid
ARINV002125,ORD002125,CUST001769,2023-08-21 08:15:06,2023-09-20 08:15:06,305.55,BRL,Paid
ARINV002126,ORD002126,CUST001579,2023-03-12 20:01:28,2023-04-11 20:01:28,97.68,BRL,Paid
ARINV002127,ORD002127,CUST000528,2024-08-20 15:45:35,2024-09-19 15:45:35,881.46,BRL,Paid
ARINV002128,ORD002128,CUST001311,2023-11-04 10:37:05,2023-12-04 10:37:05,684.17,BRL,Open
ARINV002129,ORD002129,CUST001778,2024-02-03 06:25:58,2024-03-04 06:25:58,485.9,BRL,Open
ARINV002130,ORD002130,CUST000664,2024-01-01 19:50:04,2024-01-31 19:50:04,416.72,BRL,Paid
ARINV002131,ORD002131,CUST000744,2024-09-16 04:11:00,2024-10-16 04:11:00,1173.24,BRL,Open
ARINV002132,ORD002132,CUST000392,2023-06-15 06:01:43,2023-07-15 06:01:43,477.09,BRL,Paid
ARINV002133,ORD002133,CUST001668,2024-07-19 02:36:51,2024-08-18 02:36:51,1403.31,BRL,Paid
ARINV002134,ORD002134,CUST001867,2023-10-08 17:27:30,2023-11-07 17:27:30,203.32,BRL,Paid
ARINV002135,ORD002135,CUST001618,2024-07-29 07:24:19,2024-08-28 07:24:19,735.92,BRL,Paid
ARINV002136,ORD002136,CUST001738,2024-08-28 04:33:53,2024-09-27 04:33:53,201.15,BRL,Open
ARINV002137,ORD002137,CUST001091,2023-07-26 01:02:38,2023-08-25 01:02:38,621.32,BRL,Paid
ARINV002138,ORD002138,CUST001762,2023-01-31 20:56:24,2023-03-02 20:56:24,149.97,BRL,Paid
ARINV002139,ORD002139,CUST001937,2023-04-30 20:18:35,2023-05-30 20:18:35,636.08,BRL,Cancelled
ARINV002140,ORD002140,CUST001184,2024-01-22 16:28:19,2024-02-21 16:28:19,572.4,BRL,Open
ARINV002141,ORD002141,CUST001360,2024-02-28 15:51:22,2024-03-29 15:51:22,283.25,BRL,Paid
ARINV002142,ORD002142,CUST001420,2023-11-17 14:21:02,2023-12-17 14:21:02,479.29,BRL,Cancelled
ARINV002143,ORD002143,CUST001448,2023-06-28 01:10:03,2023-07-28 01:10:03,827.96,BRL,Paid
ARINV002144,ORD002144,CUST001313,2023-10-03 22:20:41,2023-11-02 22:20:41,99.12,BRL,Open
ARINV002145,ORD002145,CUST001736,2024-03-09 20:09:38,2024-04-08 20:09:38,572.0,BRL,Paid
ARINV002146,ORD002146,CUST001296,2023-04-07 17:16:14,2023-05-07 17:16:14,526.68,BRL,Cancelled
ARINV002147,ORD002147,CUST001949,2023-12-02 05:27:04,2024-01-01 05:27:04,2198.87,BRL,Paid
ARINV002148,ORD002148,CUST001765,2023-10-28 00:58:46,2023-11-27 00:58:46,1395.49,BRL,Paid
ARINV002149,ORD002149,CUST001048,2023-03-06 16:40:20,2023-04-05 16:40:20,1438.54,BRL,Paid
ARINV002150,ORD002150,CUST000500,2023-05-24 13:43:20,2023-06-23 13:43:20,1152.06,BRL,Paid
ARINV002151,ORD002151,CUST001852,2023-09-10 17:49:34,2023-10-10 17:49:34,222.02,BRL,Paid
ARINV002152,ORD002152,CUST000408,2024-08-21 12:59:13,2024-09-20 12:59:13,369.46,BRL,Paid
ARINV002153,ORD002153,CUST001187,2023-12-31 21:12:48,2024-01-30 21:12:48,1112.67,BRL,Paid
ARINV002154,ORD002154,CUST000002,2024-01-20 09:33:53,2024-02-19 09:33:53,900.23,BRL,Paid
ARINV002155,ORD002155,CUST000345,2023-01-27 07:52:35,2023-02-26 07:52:35,386.09,BRL,Cancelled
ARINV002156,ORD002156,CUST000694,2023-11-28 00:05:25,2023-12-28 00:05:25,842.62,BRL,Paid
ARINV002157,ORD002157,CUST001972,2023-12-18 02:18:49,2024-01-17 02:18:49,581.19,BRL,Paid
ARINV002158,ORD002158,CUST000689,2024-11-30 09:18:50,2024-12-30 09:18:50,1247.02,BRL,Cancelled
ARINV002159,ORD002159,CUST001848,2023-05-25 06:34:27,2023-06-24 06:34:27,1001.63,BRL,Paid
ARINV002160,ORD002160,CUST000959,2023-11-04 17:04:09,2023-12-04 17:04:09,32.75,BRL,Paid
ARINV002161,ORD002161,CUST000411,2023-10-10 13:45:41,2023-11-09 13:45:41,611.19,BRL,Paid
ARINV002162,ORD002162,CUST000459,2023-10-27 21:07:35,2023-11-26 21:07:35,1287.32,BRL,Paid
ARINV002163,ORD002163,CUST001373,2023-04-28 09:29:32,2023-05-28 09:29:32,147.87,BRL,Paid
ARINV002164,ORD002164,CUST000835,2024-04-22 21:28:06,2024-05-22 21:28:06,904.4,BRL,Paid
ARINV002165,ORD002165,CUST000700,2024-12-05 00:17:38,2025-01-04 00:17:38,203.51,BRL,Paid
ARINV002166,ORD002166,CUST001637,2024-03-27 18:02:32,2024-04-26 18:02:32,1357.38,BRL,Paid
ARINV002167,ORD002167,CUST000726,2023-02-23 19:14:10,2023-03-25 19:14:10,218.51,BRL,Paid
ARINV002168,ORD002168,CUST000014,2023-04-13 19:30:43,2023-05-13 19:30:43,1844.23,BRL,Paid
ARINV002169,ORD002169,CUST000497,2024-08-19 03:04:10,2024-09-18 03:04:10,382.85,BRL,Open
ARINV002170,ORD002170,CUST000700,2024-05-07 19:28:25,2024-06-06 19:28:25,193.23,BRL,Paid
ARINV002171,ORD002171,CUST000720,2024-05-12 19:58:13,2024-06-11 19:58:13,1668.01,BRL,Paid
ARINV002172,ORD002172,CUST000410,2024-10-08 19:05:47,2024-11-07 19:05:47,99.93,BRL,Paid
ARINV002173,ORD002173,CUST000543,2023-02-24 14:48:06,2023-03-26 14:48:06,759.1,BRL,Paid
ARINV002174,ORD002174,CUST001067,2024-08-15 23:54:14,2024-09-14 23:54:14,2706.79,BRL,Paid
ARINV002175,ORD002175,CUST000578,2023-07-03 07:08:33,2023-08-02 07:08:33,347.14,BRL,Paid
ARINV002176,ORD002176,CUST001627,2023-02-25 06:44:10,2023-03-27 06:44:10,633.82,BRL,Paid
ARINV002177,ORD002177,CUST000792,2024-10-24 12:12:07,2024-11-23 12:12:07,453.29,BRL,Cancelled
ARINV002178,ORD002178,CUST001175,2024-11-22 11:53:07,2024-12-22 11:53:07,108.12,BRL,Cancelled
ARINV002179,ORD002179,CUST001630,2023-06-22 10:29:48,2023-07-22 10:29:48,541.32,BRL,Paid
ARINV002180,ORD002180,CUST000877,2023-01-28 14:41:55,2023-02-27 14:41:55,1085.2,BRL,Paid
ARINV002181,ORD002181,CUST001376,2023-09-20 11:38:31,2023-10-20 11:38:31,1487.24,BRL,Paid
ARINV002182,ORD002182,CUST000502,2024-02-16 15:27:08,2024-03-17 15:27:08,429.8,BRL,Cancelled
ARINV002183,ORD002183,CUST000027,2024-06-15 05:07:15,2024-07-15 05:07:15,811.35,BRL,Paid
ARINV002184,ORD002184,CUST001962,2023-11-24 08:27:02,2023-12-24 08:27:02,1254.54,BRL,Cancelled
ARINV002185,ORD002185,CUST000338,2023-07-08 06:24:41,2023-08-07 06:24:41,458.03,BRL,Paid
ARINV002186,ORD002186,CUST001373,2023-04-08 22:21:11,2023-05-08 22:21:11,1933.69,BRL,Paid
ARINV002187,ORD002187,CUST001060,2023-09-20 19:26:56,2023-10-20 19:26:56,165.06,BRL,Paid
ARINV002188,ORD002188,CUST000879,2023-08-22 23:21:54,2023-09-21 23:21:54,2341.13,BRL,Paid
ARINV002189,ORD002189,CUST000612,2023-08-08 05:45:51,2023-09-07 05:45:51,386.26,BRL,Paid
ARINV002190,ORD002190,CUST001803,2024-11-26 10:18:53,2024-12-26 10:18:53,94.19,BRL,Paid
ARINV002191,ORD002191,CUST001199,2024-02-14 10:51:52,2024-03-15 10:51:52,222.23,BRL,Paid
ARINV002192,ORD002192,CUST001209,2023-01-06 06:18:29,2023-02-05 06:18:29,1543.45,BRL,Paid
ARINV002193,ORD002193,CUST001014,2023-10-02 06:19:49,2023-11-01 06:19:49,644.47,BRL,Paid
ARINV002194,ORD002194,CUST001823,2024-03-23 16:31:22,2024-04-22 16:31:22,195.95,BRL,Paid
ARINV002195,ORD002195,CUST001959,2023-10-11 20:51:24,2023-11-10 20:51:24,732.52,BRL,Paid
ARINV002196,ORD002196,CUST001762,2023-08-26 12:58:09,2023-09-25 12:58:09,1740.15,BRL,Paid
ARINV002197,ORD002197,CUST001763,2024-01-28 14:43:10,2024-02-27 14:43:10,951.75,BRL,Paid
ARINV002198,ORD002198,CUST000328,2023-10-01 17:45:53,2023-10-31 17:45:53,300.93,BRL,Paid
ARINV002199,ORD002199,CUST000364,2024-10-16 18:36:04,2024-11-15 18:36:04,523.96,BRL,Paid
ARINV002200,ORD002200,CUST000560,2023-09-30 17:12:41,2023-10-30 17:12:41,954.55,BRL,Paid
ARINV002201,ORD002201,CUST000874,2024-02-19 21:10:32,2024-03-20 21:10:32,173.89,BRL,Paid
ARINV002202,ORD002202,CUST001703,2024-02-08 15:48:44,2024-03-09 15:48:44,190.13,BRL,Paid
ARINV002203,ORD002203,CUST000431,2024-07-28 21:08:15,2024-08-27 21:08:15,30.81,BRL,Paid
ARINV002204,ORD002204,CUST001234,2024-07-18 12:20:44,2024-08-17 12:20:44,123.46,BRL,Paid
ARINV002205,ORD002205,CUST001404,2024-05-20 21:34:05,2024-06-19 21:34:05,707.53,BRL,Paid
ARINV002206,ORD002206,CUST001455,2023-06-10 23:20:11,2023-07-10 23:20:11,573.46,BRL,Paid
ARINV002207,ORD002207,CUST000806,2024-10-02 19:55:03,2024-11-01 19:55:03,347.45,BRL,Open
ARINV002208,ORD002208,CUST001138,2023-08-06 10:26:07,2023-09-05 10:26:07,1654.87,BRL,Paid
ARINV002209,ORD002209,CUST001896,2023-09-10 21:02:06,2023-10-10 21:02:06,1004.79,BRL,Open
ARINV002210,ORD002210,CUST001465,2023-05-31 10:46:41,2023-06-30 10:46:41,225.1,BRL,Paid
ARINV002211,ORD002211,CUST001633,2024-11-04 02:48:34,2024-12-04 02:48:34,872.96,BRL,Paid
ARINV002212,ORD002212,CUST000516,2023-03-27 03:41:44,2023-04-26 03:41:44,292.8,BRL,Paid
ARINV002213,ORD002213,CUST000382,2023-04-01 01:03:50,2023-05-01 01:03:50,722.7,BRL,Open
ARINV002214,ORD002214,CUST001856,2024-01-24 02:08:44,2024-02-23 02:08:44,1113.52,BRL,Open
ARINV002215,ORD002215,CUST001394,2024-07-03 22:20:18,2024-08-02 22:20:18,1983.04,BRL,Paid
ARINV002216,ORD002216,CUST000611,2024-07-23 05:05:41,2024-08-22 05:05:41,225.3,BRL,Paid
ARINV002217,ORD002217,CUST001397,2023-05-15 04:27:34,2023-06-14 04:27:34,133.63,BRL,Paid
ARINV002218,ORD002218,CUST001321,2024-08-29 10:50:39,2024-09-28 10:50:39,43.31,BRL,Paid
ARINV002219,ORD002219,CUST001369,2023-11-28 23:23:26,2023-12-28 23:23:26,610.58,BRL,Paid
ARINV002220,ORD002220,CUST000843,2024-02-02 10:47:47,2024-03-03 10:47:47,123.8,BRL,Paid
ARINV002221,ORD002221,CUST001240,2024-09-04 03:57:51,2024-10-04 03:57:51,1259.39,BRL,Paid
ARINV002222,ORD002222,CUST001602,2024-10-07 10:56:36,2024-11-06 10:56:36,125.14,BRL,Paid
ARINV002223,ORD002223,CUST000931,2024-11-11 02:54:35,2024-12-11 02:54:35,873.14,BRL,Paid
ARINV002224,ORD002224,CUST000065,2024-10-19 15:03:32,2024-11-18 15:03:32,671.72,BRL,Paid
ARINV002225,ORD002225,CUST000928,2024-04-16 03:13:10,2024-05-16 03:13:10,605.41,BRL,Paid
ARINV002226,ORD002226,CUST000113,2024-11-29 20:03:01,2024-12-29 20:03:01,2250.43,BRL,Paid
ARINV002227,ORD002227,CUST000675,2023-02-03 03:49:06,2023-03-05 03:49:06,855.18,BRL,Open
ARINV002228,ORD002228,CUST000109,2023-12-25 20:47:50,2024-01-24 20:47:50,132.68,BRL,Paid
ARINV002229,ORD002229,CUST000447,2024-09-08 09:54:25,2024-10-08 09:54:25,1589.74,BRL,Open
ARINV002230,ORD002230,CUST001625,2023-08-26 09:54:34,2023-09-25 09:54:34,725.7,BRL,Paid
ARINV002231,ORD002231,CUST001837,2024-11-12 15:15:53,2024-12-12 15:15:53,1015.43,BRL,Paid
ARINV002232,ORD002232,CUST000259,2024-06-30 03:39:18,2024-07-30 03:39:18,1342.18,BRL,Paid
ARINV002233,ORD002233,CUST000052,2023-04-01 02:15:36,2023-05-01 02:15:36,892.76,BRL,Paid
ARINV002234,ORD002234,CUST001853,2024-09-06 07:52:58,2024-10-06 07:52:58,811.56,BRL,Paid
ARINV002235,ORD002235,CUST001017,2024-02-15 00:22:46,2024-03-16 00:22:46,519.36,BRL,Open
ARINV002236,ORD002236,CUST000784,2024-11-09 23:56:45,2024-12-09 23:56:45,372.94,BRL,Paid
ARINV002237,ORD002237,CUST000583,2024-11-02 05:52:54,2024-12-02 05:52:54,978.77,BRL,Cancelled
ARINV002238,ORD002238,CUST000944,2023-06-04 19:17:00,2023-07-04 19:17:00,185.41,BRL,Paid
ARINV002239,ORD002239,CUST000298,2024-07-11 01:12:02,2024-08-10 01:12:02,698.02,BRL,Paid
ARINV002240,ORD002240,CUST001253,2023-09-10 10:37:50,2023-10-10 10:37:50,195.78,BRL,Paid
ARINV002241,ORD002241,CUST001883,2023-11-06 20:09:10,2023-12-06 20:09:10,715.11,BRL,Paid
ARINV002242,ORD002242,CUST001044,2023-07-22 02:43:09,2023-08-21 02:43:09,374.54,BRL,Paid
ARINV002243,ORD002243,CUST001180,2024-05-12 21:32:32,2024-06-11 21:32:32,252.33,BRL,Paid
ARINV002244,ORD002244,CUST001781,2023-11-28 17:29:46,2023-12-28 17:29:46,1681.3,BRL,Paid
ARINV002245,ORD002245,CUST001686,2023-04-29 07:24:04,2023-05-29 07:24:04,134.64,BRL,Cancelled
ARINV002246,ORD002246,CUST001983,2024-08-19 11:15:58,2024-09-18 11:15:58,703.25,BRL,Cancelled
ARINV002247,ORD002247,CUST001461,2023-05-19 11:02:54,2023-06-18 11:02:54,1317.15,BRL,Cancelled
ARINV002248,ORD002248,CUST000231,2023-06-15 18:57:36,2023-07-15 18:57:36,296.49,BRL,Paid
ARINV002249,ORD002249,CUST001190,2023-05-03 04:49:29,2023-06-02 04:49:29,537.85,BRL,Cancelled
ARINV002250,ORD002250,CUST001574,2023-11-21 04:58:39,2023-12-21 04:58:39,2034.51,BRL,Cancelled
ARINV002251,ORD002251,CUST000312,2024-09-14 07:45:34,2024-10-14 07:45:34,401.43,BRL,Paid
ARINV002252,ORD002252,CUST001237,2024-01-13 17:52:17,2024-02-12 17:52:17,1116.03,BRL,Paid
ARINV002253,ORD002253,CUST000294,2023-09-02 20:10:28,2023-10-02 20:10:28,882.2,BRL,Paid
ARINV002254,ORD002254,CUST000683,2023-11-05 22:22:45,2023-12-05 22:22:45,938.18,BRL,Paid
ARINV002255,ORD002255,CUST000819,2023-05-06 21:01:46,2023-06-05 21:01:46,368.53,BRL,Paid
ARINV002256,ORD002256,CUST000740,2024-10-18 05:31:30,2024-11-17 05:31:30,929.98,BRL,Paid
ARINV002257,ORD002257,CUST000157,2023-03-26 12:12:56,2023-04-25 12:12:56,1399.23,BRL,Open
ARINV002258,ORD002258,CUST001988,2024-11-08 06:45:19,2024-12-08 06:45:19,1043.99,BRL,Paid
ARINV002259,ORD002259,CUST000534,2023-12-12 06:05:17,2024-01-11 06:05:17,460.92,BRL,Open
ARINV002260,ORD002260,CUST001056,2023-11-16 02:43:57,2023-12-16 02:43:57,1777.1,BRL,Open
ARINV002261,ORD002261,CUST001419,2023-03-08 16:59:10,2023-04-07 16:59:10,2029.55,BRL,Paid
ARINV002262,ORD002262,CUST000953,2024-06-17 19:08:26,2024-07-17 19:08:26,759.86,BRL,Cancelled
ARINV002263,ORD002263,CUST001720,2024-03-12 14:12:54,2024-04-11 14:12:54,876.38,BRL,Open
ARINV002264,ORD002264,CUST000939,2023-03-01 01:06:54,2023-03-31 01:06:54,394.21,BRL,Paid
ARINV002265,ORD002265,CUST001550,2024-03-19 16:26:08,2024-04-18 16:26:08,271.19,BRL,Paid
ARINV002266,ORD002266,CUST000552,2024-01-08 18:22:53,2024-02-07 18:22:53,926.95,BRL,Paid
ARINV002267,ORD002267,CUST001211,2024-04-11 05:40:55,2024-05-11 05:40:55,1167.43,BRL,Paid
ARINV002268,ORD002268,CUST000024,2024-01-11 00:56:33,2024-02-10 00:56:33,778.48,BRL,Open
ARINV002269,ORD002269,CUST001186,2023-03-26 10:42:23,2023-04-25 10:42:23,647.4,BRL,Cancelled
ARINV002270,ORD002270,CUST000437,2023-04-24 08:06:01,2023-05-24 08:06:01,493.7,BRL,Paid
ARINV002271,ORD002271,CUST000639,2023-07-04 09:29:27,2023-08-03 09:29:27,152.38,BRL,Paid
ARINV002272,ORD002272,CUST001762,2023-01-06 00:07:29,2023-02-05 00:07:29,112.27,BRL,Paid
ARINV002273,ORD002273,CUST001873,2024-07-08 21:49:38,2024-08-07 21:49:38,926.65,BRL,Paid
ARINV002274,ORD002274,CUST001260,2024-07-03 05:07:24,2024-08-02 05:07:24,815.57,BRL,Paid
ARINV002275,ORD002275,CUST000342,2023-04-24 04:25:53,2023-05-24 04:25:53,505.45,BRL,Paid
ARINV002276,ORD002276,CUST001075,2023-05-27 20:06:19,2023-06-26 20:06:19,340.61,BRL,Paid
ARINV002277,ORD002277,CUST000630,2023-01-14 19:31:01,2023-02-13 19:31:01,1468.13,BRL,Paid
ARINV002278,ORD002278,CUST001037,2024-01-02 22:03:49,2024-02-01 22:03:49,663.68,BRL,Paid
ARINV002279,ORD002279,CUST000390,2023-04-05 01:25:13,2023-05-05 01:25:13,1370.76,BRL,Open
ARINV002280,ORD002280,CUST001987,2023-08-22 13:34:53,2023-09-21 13:34:53,1655.38,BRL,Cancelled
ARINV002281,ORD002281,CUST001739,2023-09-10 12:38:05,2023-10-10 12:38:05,1305.63,BRL,Paid
ARINV002282,ORD002282,CUST001042,2023-05-30 05:59:51,2023-06-29 05:59:51,797.99,BRL,Paid
ARINV002283,ORD002283,CUST000582,2024-03-23 10:31:54,2024-04-22 10:31:54,668.97,BRL,Open
ARINV002284,ORD002284,CUST001304,2024-07-23 01:29:25,2024-08-22 01:29:25,2014.35,BRL,Paid
ARINV002285,ORD002285,CUST001321,2023-05-11 19:40:37,2023-06-10 19:40:37,678.39,BRL,Paid
ARINV002286,ORD002286,CUST000296,2024-09-28 10:28:29,2024-10-28 10:28:29,484.45,BRL,Cancelled
ARINV002287,ORD002287,CUST001850,2023-09-06 10:58:09,2023-10-06 10:58:09,406.38,BRL,Paid
ARINV002288,ORD002288,CUST000746,2023-04-08 23:52:35,2023-05-08 23:52:35,1060.09,BRL,Paid
ARINV002289,ORD002289,CUST000363,2023-10-22 22:53:39,2023-11-21 22:53:39,484.59,BRL,Paid
ARINV002290,ORD002290,CUST001220,2024-11-21 20:13:25,2024-12-21 20:13:25,481.32,BRL,Cancelled
ARINV002291,ORD002291,CUST000764,2023-01-24 14:02:11,2023-02-23 14:02:11,363.69,BRL,Paid
ARINV002292,ORD002292,CUST001008,2024-11-20 08:16:38,2024-12-20 08:16:38,70.13,BRL,Open
ARINV002293,ORD002293,CUST001960,2023-04-10 08:04:47,2023-05-10 08:04:47,1335.9,BRL,Paid
ARINV002294,ORD002294,CUST001416,2023-09-14 08:43:18,2023-10-14 08:43:18,625.96,BRL,Paid
ARINV002295,ORD002295,CUST001303,2023-01-15 11:36:43,2023-02-14 11:36:43,2105.92,BRL,Paid
ARINV002296,ORD002296,CUST001054,2024-05-19 13:32:49,2024-06-18 13:32:49,264.94,BRL,Paid
ARINV002297,ORD002297,CUST001103,2024-07-11 10:07:51,2024-08-10 10:07:51,222.53,BRL,Paid
ARINV002298,ORD002298,CUST000502,2024-09-09 15:39:11,2024-10-09 15:39:11,640.69,BRL,Paid
ARINV002299,ORD002299,CUST001433,2023-06-06 18:55:34,2023-07-06 18:55:34,819.75,BRL,Paid
ARINV002300,ORD002300,CUST000915,2023-03-10 01:45:53,2023-04-09 01:45:53,529.34,BRL,Paid
ARINV002301,ORD002301,CUST001454,2024-04-08 09:57:10,2024-05-08 09:57:10,1073.05,BRL,Paid
ARINV002302,ORD002302,CUST000885,2023-05-28 16:10:16,2023-06-27 16:10:16,1327.87,BRL,Paid
ARINV002303,ORD002303,CUST000354,2023-03-12 10:52:49,2023-04-11 10:52:49,1353.23,BRL,Paid
ARINV002304,ORD002304,CUST001908,2023-08-14 23:07:13,2023-09-13 23:07:13,765.84,BRL,Open
ARINV002305,ORD002305,CUST001911,2024-09-22 22:20:49,2024-10-22 22:20:49,426.56,BRL,Paid
ARINV002306,ORD002306,CUST001979,2023-11-05 16:44:31,2023-12-05 16:44:31,2098.6,BRL,Paid
ARINV002307,ORD002307,CUST000643,2024-06-28 10:16:00,2024-07-28 10:16:00,1124.31,BRL,Paid
ARINV002308,ORD002308,CUST001130,2023-06-28 07:44:24,2023-07-28 07:44:24,950.73,BRL,Paid
ARINV002309,ORD002309,CUST000320,2024-04-10 04:35:17,2024-05-10 04:35:17,361.88,BRL,Paid
ARINV002310,ORD002310,CUST000132,2024-02-12 21:51:29,2024-03-13 21:51:29,1115.13,BRL,Paid
ARINV002311,ORD002311,CUST000336,2023-10-16 21:17:51,2023-11-15 21:17:51,1366.72,BRL,Cancelled
ARINV002312,ORD002312,CUST000364,2023-06-28 18:10:03,2023-07-28 18:10:03,910.9,BRL,Paid
ARINV002313,ORD002313,CUST000943,2023-06-18 13:25:55,2023-07-18 13:25:55,948.81,BRL,Open
ARINV002314,ORD002314,CUST000307,2024-09-27 12:18:14,2024-10-27 12:18:14,795.64,BRL,Paid
ARINV002315,ORD002315,CUST000646,2023-03-26 11:43:45,2023-04-25 11:43:45,292.97,BRL,Paid
ARINV002316,ORD002316,CUST000004,2023-02-17 10:10:39,2023-03-19 10:10:39,1532.87,BRL,Paid
ARINV002317,ORD002317,CUST001726,2023-07-08 22:28:22,2023-08-07 22:28:22,804.24,BRL,Paid
ARINV002318,ORD002318,CUST000010,2023-10-30 05:42:54,2023-11-29 05:42:54,1389.63,BRL,Paid
ARINV002319,ORD002319,CUST001905,2024-02-22 16:53:38,2024-03-23 16:53:38,479.29,BRL,Open
ARINV002320,ORD002320,CUST000419,2024-08-27 06:24:40,2024-09-26 06:24:40,83.86,BRL,Cancelled
ARINV002321,ORD002321,CUST001585,2024-09-10 07:38:34,2024-10-10 07:38:34,1563.06,BRL,Paid
ARINV002322,ORD002322,CUST000365,2023-12-30 01:12:07,2024-01-29 01:12:07,711.84,BRL,Paid
ARINV002323,ORD002323,CUST000078,2024-08-23 05:42:44,2024-09-22 05:42:44,436.59,BRL,Paid
ARINV002324,ORD002324,CUST001503,2023-01-08 06:44:01,2023-02-07 06:44:01,1072.75,BRL,Paid
ARINV002325,ORD002325,CUST000806,2023-02-19 03:52:05,2023-03-21 03:52:05,90.42,BRL,Paid
ARINV002326,ORD002326,CUST001524,2024-09-25 08:13:02,2024-10-25 08:13:02,881.6,BRL,Paid
ARINV002327,ORD002327,CUST000952,2023-01-03 02:06:59,2023-02-02 02:06:59,1465.86,BRL,Paid
ARINV002328,ORD002328,CUST000942,2024-03-16 03:37:15,2024-04-15 03:37:15,257.34,BRL,Paid
ARINV002329,ORD002329,CUST001099,2024-12-17 17:55:17,2025-01-16 17:55:17,776.12,BRL,Paid
ARINV002330,ORD002330,CUST001359,2023-01-03 16:21:56,2023-02-02 16:21:56,729.46,BRL,Paid
ARINV002331,ORD002331,CUST000020,2023-10-20 12:31:45,2023-11-19 12:31:45,600.36,BRL,Paid
ARINV002332,ORD002332,CUST001016,2023-03-26 14:01:11,2023-04-25 14:01:11,258.09,BRL,Paid
ARINV002333,ORD002333,CUST001051,2023-03-19 10:22:17,2023-04-18 10:22:17,2504.98,BRL,Paid
ARINV002334,ORD002334,CUST001693,2023-09-08 16:09:47,2023-10-08 16:09:47,860.48,BRL,Paid
ARINV002335,ORD002335,CUST001522,2023-12-28 07:07:45,2024-01-27 07:07:45,1128.12,BRL,Paid
ARINV002336,ORD002336,CUST000695,2024-05-25 15:34:46,2024-06-24 15:34:46,1643.75,BRL,Paid
ARINV002337,ORD002337,CUST001873,2023-12-15 02:07:36,2024-01-14 02:07:36,1684.66,BRL,Paid
ARINV002338,ORD002338,CUST000539,2023-03-10 04:33:06,2023-04-09 04:33:06,2379.74,BRL,Paid
ARINV002339,ORD002339,CUST000484,2024-12-18 23:35:35,2025-01-17 23:35:35,493.26,BRL,Paid
ARINV002340,ORD002340,CUST001241,2024-10-01 02:10:47,2024-10-31 02:10:47,853.43,BRL,Open
ARINV002341,ORD002341,CUST000761,2024-02-05 17:25:12,2024-03-06 17:25:12,943.06,BRL,Paid
ARINV002342,ORD002342,CUST001092,2024-10-06 17:23:49,2024-11-05 17:23:49,299.48,BRL,Paid
ARINV002343,ORD002343,CUST001519,2023-06-04 07:13:27,2023-07-04 07:13:27,1318.04,BRL,Paid
ARINV002344,ORD002344,CUST000521,2023-06-09 02:36:26,2023-07-09 02:36:26,1836.18,BRL,Cancelled
ARINV002345,ORD002345,CUST001354,2023-10-19 23:33:39,2023-11-18 23:33:39,188.84,BRL,Paid
ARINV002346,ORD002346,CUST000285,2023-03-27 10:24:55,2023-04-26 10:24:55,335.37,BRL,Cancelled
ARINV002347,ORD002347,CUST000241,2023-07-17 00:47:07,2023-08-16 00:47:07,571.33,BRL,Open
ARINV002348,ORD002348,CUST001656,2023-09-09 20:44:44,2023-10-09 20:44:44,269.49,BRL,Paid
ARINV002349,ORD002349,CUST001239,2024-12-20 02:39:47,2025-01-19 02:39:47,1950.0,BRL,Paid
ARINV002350,ORD002350,CUST001723,2024-01-25 13:50:05,2024-02-24 13:50:05,527.9,BRL,Paid
ARINV002351,ORD002351,CUST000716,2024-12-31 09:23:17,2025-01-30 09:23:17,577.7,BRL,Paid
ARINV002352,ORD002352,CUST001716,2024-02-27 12:28:11,2024-03-28 12:28:11,238.43,BRL,Paid
ARINV002353,ORD002353,CUST001300,2023-02-12 03:25:53,2023-03-14 03:25:53,1475.49,BRL,Paid
ARINV002354,ORD002354,CUST000023,2024-02-02 12:51:21,2024-03-03 12:51:21,515.3,BRL,Paid
ARINV002355,ORD002355,CUST001625,2024-03-17 16:12:22,2024-04-16 16:12:22,210.93,BRL,Cancelled
ARINV002356,ORD002356,CUST001481,2023-03-07 05:15:39,2023-04-06 05:15:39,394.75,BRL,Paid
ARINV002357,ORD002357,CUST001202,2023-09-12 17:48:15,2023-10-12 17:48:15,729.09,BRL,Paid
ARINV002358,ORD002358,CUST000900,2023-11-18 14:03:01,2023-12-18 14:03:01,737.18,BRL,Paid
ARINV002359,ORD002359,CUST000774,2024-06-07 10:41:10,2024-07-07 10:41:10,334.05,BRL,Paid
ARINV002360,ORD002360,CUST001096,2023-10-22 13:23:03,2023-11-21 13:23:03,792.71,BRL,Open
ARINV002361,ORD002361,CUST001791,2024-10-02 05:01:39,2024-11-01 05:01:39,1164.87,BRL,Paid
ARINV002362,ORD002362,CUST001825,2024-03-04 11:54:19,2024-04-03 11:54:19,626.21,BRL,Paid
ARINV002363,ORD002363,CUST001536,2024-03-07 04:36:04,2024-04-06 04:36:04,1082.83,BRL,Paid
ARINV002364,ORD002364,CUST000539,2024-09-03 08:25:32,2024-10-03 08:25:32,890.89,BRL,Paid
ARINV002365,ORD002365,CUST001873,2024-08-21 07:50:47,2024-09-20 07:50:47,701.12,BRL,Paid
ARINV002366,ORD002366,CUST001275,2024-08-12 04:00:50,2024-09-11 04:00:50,739.02,BRL,Paid
ARINV002367,ORD002367,CUST000300,2023-05-31 07:07:54,2023-06-30 07:07:54,357.13,BRL,Paid
ARINV002368,ORD002368,CUST000271,2023-10-21 12:33:25,2023-11-20 12:33:25,828.97,BRL,Paid
ARINV002369,ORD002369,CUST001035,2024-04-19 04:59:09,2024-05-19 04:59:09,1254.99,BRL,Paid
ARINV002370,ORD002370,CUST001040,2024-04-14 00:52:55,2024-05-14 00:52:55,1556.67,BRL,Paid
ARINV002371,ORD002371,CUST000579,2023-04-06 10:39:12,2023-05-06 10:39:12,1633.27,BRL,Paid
ARINV002372,ORD002372,CUST000939,2023-07-17 16:11:28,2023-08-16 16:11:28,1897.71,BRL,Paid
ARINV002373,ORD002373,CUST001068,2024-12-16 09:49:13,2025-01-15 09:49:13,691.34,BRL,Paid
ARINV002374,ORD002374,CUST000065,2024-03-31 00:25:40,2024-04-30 00:25:40,713.02,BRL,Paid
ARINV002375,ORD002375,CUST001907,2024-06-16 15:31:21,2024-07-16 15:31:21,1291.29,BRL,Paid
ARINV002376,ORD002376,CUST001085,2023-01-28 01:47:03,2023-02-27 01:47:03,959.67,BRL,Cancelled
ARINV002377,ORD002377,CUST000842,2023-10-27 18:19:38,2023-11-26 18:19:38,1091.38,BRL,Cancelled
ARINV002378,ORD002378,CUST001627,2024-02-02 09:12:57,2024-03-03 09:12:57,942.25,BRL,Paid
ARINV002379,ORD002379,CUST001524,2024-03-09 16:26:00,2024-04-08 16:26:00,672.14,BRL,Paid
ARINV002380,ORD002380,CUST001273,2023-06-20 19:40:12,2023-07-20 19:40:12,709.4,BRL,Paid
ARINV002381,ORD002381,CUST000977,2024-12-15 07:31:51,2025-01-14 07:31:51,856.01,BRL,Paid
ARINV002382,ORD002382,CUST001798,2024-09-13 10:24:51,2024-10-13 10:24:51,862.44,BRL,Cancelled
ARINV002383,ORD002383,CUST000842,2023-01-25 20:28:20,2023-02-24 20:28:20,396.03,BRL,Paid
ARINV002384,ORD002384,CUST000913,2024-08-04 01:53:35,2024-09-03 01:53:35,747.67,BRL,Paid
ARINV002385,ORD002385,CUST000420,2023-04-06 20:31:54,2023-05-06 20:31:54,984.82,BRL,Paid
ARINV002386,ORD002386,CUST001657,2024-10-30 00:01:59,2024-11-29 00:01:59,615.26,BRL,Paid
ARINV002387,ORD002387,CUST001134,2024-05-01 12:33:37,2024-05-31 12:33:37,767.6,BRL,Paid
ARINV002388,ORD002388,CUST001259,2024-07-07 01:46:34,2024-08-06 01:46:34,78.76,BRL,Paid
ARINV002389,ORD002389,CUST001056,2024-10-16 01:18:02,2024-11-15 01:18:02,403.47,BRL,Paid
ARINV002390,ORD002390,CUST001007,2023-03-04 09:54:03,2023-04-03 09:54:03,97.26,BRL,Open
ARINV002391,ORD002391,CUST000506,2023-12-15 02:45:41,2024-01-14 02:45:41,789.47,BRL,Paid
ARINV002392,ORD002392,CUST000635,2023-10-09 18:45:08,2023-11-08 18:45:08,1460.04,BRL,Paid
ARINV002393,ORD002393,CUST000495,2023-12-27 18:24:41,2024-01-26 18:24:41,1199.97,BRL,Paid
ARINV002394,ORD002394,CUST001902,2023-04-16 14:41:03,2023-05-16 14:41:03,394.72,BRL,Open
ARINV002395,ORD002395,CUST000006,2023-04-23 17:43:59,2023-05-23 17:43:59,1501.21,BRL,Cancelled
ARINV002396,ORD002396,CUST000276,2023-09-26 01:18:50,2023-10-26 01:18:50,866.04,BRL,Paid
ARINV002397,ORD002397,CUST001489,2024-11-03 03:44:22,2024-12-03 03:44:22,887.12,BRL,Open
ARINV002398,ORD002398,CUST001606,2024-10-23 07:26:05,2024-11-22 07:26:05,1065.35,BRL,Paid
ARINV002399,ORD002399,CUST001902,2024-01-10 18:47:07,2024-02-09 18:47:07,1566.24,BRL,Cancelled
ARINV002400,ORD002400,CUST000953,2024-06-13 15:22:44,2024-07-13 15:22:44,1002.8,BRL,Paid
ARINV002401,ORD002401,CUST001483,2024-03-25 12:58:14,2024-04-24 12:58:14,1467.6,BRL,Paid
ARINV002402,ORD002402,CUST001640,2023-06-13 15:04:00,2023-07-13 15:04:00,395.75,BRL,Paid
ARINV002403,ORD002403,CUST001591,2023-12-07 19:31:35,2024-01-06 19:31:35,765.85,BRL,Paid
ARINV002404,ORD002404,CUST001105,2023-03-10 21:24:38,2023-04-09 21:24:38,2409.79,BRL,Paid
ARINV002405,ORD002405,CUST001832,2024-07-12 13:27:26,2024-08-11 13:27:26,1109.38,BRL,Paid
ARINV002406,ORD002406,CUST001082,2024-06-05 05:56:17,2024-07-05 05:56:17,236.87,BRL,Paid
ARINV002407,ORD002407,CUST000509,2023-04-07 17:02:38,2023-05-07 17:02:38,1388.5,BRL,Cancelled
ARINV002408,ORD002408,CUST000314,2023-12-10 20:22:22,2024-01-09 20:22:22,919.0,BRL,Paid
ARINV002409,ORD002409,CUST000187,2024-03-11 15:34:26,2024-04-10 15:34:26,418.65,BRL,Paid
ARINV002410,ORD002410,CUST001876,2023-01-07 05:31:13,2023-02-06 05:31:13,165.51,BRL,Paid
ARINV002411,ORD002411,CUST001556,2024-04-18 06:30:31,2024-05-18 06:30:31,338.11,BRL,Paid
ARINV002412,ORD002412,CUST001991,2024-10-24 08:04:55,2024-11-23 08:04:55,1116.8,BRL,Paid
ARINV002413,ORD002413,CUST000422,2023-06-18 11:38:54,2023-07-18 11:38:54,598.2,BRL,Open
ARINV002414,ORD002414,CUST001537,2023-04-20 08:41:07,2023-05-20 08:41:07,748.35,BRL,Paid
ARINV002415,ORD002415,CUST001989,2023-01-08 19:29:05,2023-02-07 19:29:05,92.21,BRL,Cancelled
ARINV002416,ORD002416,CUST001373,2023-05-09 00:17:25,2023-06-08 00:17:25,2353.13,BRL,Paid
ARINV002417,ORD002417,CUST001025,2024-05-10 17:17:54,2024-06-09 17:17:54,799.19,BRL,Open
ARINV002418,ORD002418,CUST000579,2023-10-27 05:06:17,2023-11-26 05:06:17,975.48,BRL,Paid
ARINV002419,ORD002419,CUST001295,2024-02-04 07:13:27,2024-03-05 07:13:27,404.5,BRL,Paid
ARINV002420,ORD002420,CUST001955,2023-03-26 05:19:52,2023-04-25 05:19:52,274.23,BRL,Paid
ARINV002421,ORD002421,CUST000823,2023-05-25 07:02:37,2023-06-24 07:02:37,711.97,BRL,Paid
ARINV002422,ORD002422,CUST000808,2023-12-24 23:58:50,2024-01-23 23:58:50,1968.74,BRL,Paid
ARINV002423,ORD002423,CUST001878,2023-04-07 22:32:19,2023-05-07 22:32:19,684.03,BRL,Open
ARINV002424,ORD002424,CUST000378,2024-11-25 21:06:12,2024-12-25 21:06:12,787.89,BRL,Paid
ARINV002425,ORD002425,CUST000083,2024-12-27 22:12:22,2025-01-26 22:12:22,303.35,BRL,Paid
ARINV002426,ORD002426,CUST001181,2024-02-21 10:46:36,2024-03-22 10:46:36,430.47,BRL,Paid
ARINV002427,ORD002427,CUST001507,2024-06-20 08:32:20,2024-07-20 08:32:20,330.55,BRL,Paid
ARINV002428,ORD002428,CUST001911,2023-06-05 05:52:45,2023-07-05 05:52:45,330.04,BRL,Open
ARINV002429,ORD002429,CUST001947,2024-11-21 13:49:49,2024-12-21 13:49:49,251.02,BRL,Paid
ARINV002430,ORD002430,CUST000332,2024-10-01 07:17:32,2024-10-31 07:17:32,742.48,BRL,Paid
ARINV002431,ORD002431,CUST001352,2023-04-01 21:05:50,2023-05-01 21:05:50,1409.59,BRL,Open
ARINV002432,ORD002432,CUST000537,2024-04-14 00:46:25,2024-05-14 00:46:25,845.45,BRL,Paid
ARINV002433,ORD002433,CUST001092,2024-03-07 01:49:22,2024-04-06 01:49:22,740.68,BRL,Paid
ARINV002434,ORD002434,CUST000991,2023-04-28 03:00:28,2023-05-28 03:00:28,1100.87,BRL,Cancelled
ARINV002435,ORD002435,CUST000357,2023-02-08 03:30:06,2023-03-10 03:30:06,680.34,BRL,Paid
ARINV002436,ORD002436,CUST000444,2024-03-05 00:19:28,2024-04-04 00:19:28,177.67,BRL,Paid
ARINV002437,ORD002437,CUST001771,2024-07-27 20:49:09,2024-08-26 20:49:09,1332.87,BRL,Paid
ARINV002438,ORD002438,CUST001854,2023-12-11 21:46:04,2024-01-10 21:46:04,611.19,BRL,Paid
ARINV002439,ORD002439,CUST001184,2023-10-23 18:28:52,2023-11-22 18:28:52,830.68,BRL,Paid
ARINV002440,ORD002440,CUST000892,2024-09-06 06:48:16,2024-10-06 06:48:16,538.17,BRL,Paid
ARINV002441,ORD002441,CUST000827,2023-04-04 09:10:49,2023-05-04 09:10:49,2002.04,BRL,Paid
ARINV002442,ORD002442,CUST001465,2023-10-18 08:44:25,2023-11-17 08:44:25,212.67,BRL,Paid
ARINV002443,ORD002443,CUST001242,2024-05-21 05:03:00,2024-06-20 05:03:00,760.9,BRL,Paid
ARINV002444,ORD002444,CUST001191,2023-05-30 18:52:33,2023-06-29 18:52:33,2074.54,BRL,Paid
ARINV002445,ORD002445,CUST000308,2024-08-29 06:03:36,2024-09-28 06:03:36,1227.54,BRL,Paid
ARINV002446,ORD002446,CUST000257,2023-10-25 00:05:42,2023-11-24 00:05:42,548.69,BRL,Paid
ARINV002447,ORD002447,CUST000122,2023-01-22 19:52:58,2023-02-21 19:52:58,1458.83,BRL,Paid
ARINV002448,ORD002448,CUST001170,2023-01-18 11:38:14,2023-02-17 11:38:14,188.01,BRL,Paid
ARINV002449,ORD002449,CUST001231,2023-10-14 07:35:24,2023-11-13 07:35:24,1444.11,BRL,Paid
ARINV002450,ORD002450,CUST000734,2024-10-29 07:23:16,2024-11-28 07:23:16,808.55,BRL,Paid
ARINV002451,ORD002451,CUST001570,2023-08-29 11:39:38,2023-09-28 11:39:38,133.35,BRL,Cancelled
ARINV002452,ORD002452,CUST001457,2024-01-26 21:46:56,2024-02-25 21:46:56,552.73,BRL,Paid
ARINV002453,ORD002453,CUST000815,2023-02-28 01:22:23,2023-03-30 01:22:23,702.72,BRL,Paid
ARINV002454,ORD002454,CUST000854,2023-03-09 20:08:08,2023-04-08 20:08:08,1379.21,BRL,Paid
ARINV002455,ORD002455,CUST000498,2024-06-28 01:37:59,2024-07-28 01:37:59,424.67,BRL,Paid
ARINV002456,ORD002456,CUST000893,2023-03-08 12:12:02,2023-04-07 12:12:02,278.39,BRL,Paid
ARINV002457,ORD002457,CUST000749,2024-09-28 08:22:41,2024-10-28 08:22:41,183.5,BRL,Paid
ARINV002458,ORD002458,CUST000665,2024-03-03 15:27:45,2024-04-02 15:27:45,704.68,BRL,Paid
ARINV002459,ORD002459,CUST001014,2024-10-20 00:54:01,2024-11-19 00:54:01,1033.67,BRL,Paid
ARINV002460,ORD002460,CUST001452,2024-06-16 02:25:52,2024-07-16 02:25:52,316.13,BRL,Paid
ARINV002461,ORD002461,CUST001444,2024-12-15 09:20:11,2025-01-14 09:20:11,457.38,BRL,Paid
ARINV002462,ORD002462,CUST001379,2023-03-17 03:12:50,2023-04-16 03:12:50,155.4,BRL,Paid
ARINV002463,ORD002463,CUST000129,2024-11-21 08:54:08,2024-12-21 08:54:08,396.1,BRL,Paid
ARINV002464,ORD002464,CUST000482,2024-09-11 16:18:22,2024-10-11 16:18:22,1388.35,BRL,Paid
ARINV002465,ORD002465,CUST000931,2024-08-21 04:32:36,2024-09-20 04:32:36,599.31,BRL,Paid
ARINV002466,ORD002466,CUST001760,2024-04-30 14:51:42,2024-05-30 14:51:42,213.26,BRL,Open
ARINV002467,ORD002467,CUST000864,2024-02-20 17:41:17,2024-03-21 17:41:17,398.12,BRL,Open
ARINV002468,ORD002468,CUST000649,2024-05-05 14:29:43,2024-06-04 14:29:43,284.66,BRL,Cancelled
ARINV002469,ORD002469,CUST000475,2024-07-09 07:53:29,2024-08-08 07:53:29,705.62,BRL,Open
ARINV002470,ORD002470,CUST000560,2024-11-11 13:01:02,2024-12-11 13:01:02,330.95,BRL,Paid
ARINV002471,ORD002471,CUST000203,2024-04-15 14:37:07,2024-05-15 14:37:07,618.76,BRL,Paid
ARINV002472,ORD002472,CUST001569,2024-03-21 16:09:36,2024-04-20 16:09:36,511.78,BRL,Paid
ARINV002473,ORD002473,CUST000041,2024-12-17 07:05:21,2025-01-16 07:05:21,244.97,BRL,Paid
ARINV002474,ORD002474,CUST000381,2023-06-23 06:49:04,2023-07-23 06:49:04,345.45,BRL,Paid
ARINV002475,ORD002475,CUST000551,2024-09-15 00:01:28,2024-10-15 00:01:28,842.05,BRL,Paid
ARINV002476,ORD002476,CUST001990,2024-08-02 19:29:43,2024-09-01 19:29:43,503.68,BRL,Paid
ARINV002477,ORD002477,CUST000896,2024-05-06 16:55:29,2024-06-05 16:55:29,741.96,BRL,Paid
ARINV002478,ORD002478,CUST001616,2024-01-25 10:47:27,2024-02-24 10:47:27,883.92,BRL,Paid
ARINV002479,ORD002479,CUST000752,2023-01-26 11:32:41,2023-02-25 11:32:41,1667.02,BRL,Paid
ARINV002480,ORD002480,CUST001111,2024-03-27 03:58:54,2024-04-26 03:58:54,812.83,BRL,Cancelled
ARINV002481,ORD002481,CUST001011,2023-12-04 17:34:47,2024-01-03 17:34:47,151.54,BRL,Paid
ARINV002482,ORD002482,CUST001943,2024-08-27 12:50:00,2024-09-26 12:50:00,1840.0,BRL,Cancelled
ARINV002483,ORD002483,CUST000031,2024-07-01 19:24:05,2024-07-31 19:24:05,1243.22,BRL,Paid
ARINV002484,ORD002484,CUST000439,2024-06-22 15:36:08,2024-07-22 15:36:08,1276.16,BRL,Paid
ARINV002485,ORD002485,CUST000812,2023-01-05 21:58:17,2023-02-04 21:58:17,794.96,BRL,Paid
ARINV002486,ORD002486,CUST000224,2024-06-19 16:16:56,2024-07-19 16:16:56,1970.16,BRL,Paid
ARINV002487,ORD002487,CUST001504,2023-02-20 22:48:31,2023-03-22 22:48:31,563.15,BRL,Paid
ARINV002488,ORD002488,CUST001410,2023-01-19 04:29:46,2023-02-18 04:29:46,945.19,BRL,Paid
ARINV002489,ORD002489,CUST001120,2023-03-07 23:26:17,2023-04-06 23:26:17,724.77,BRL,Paid
ARINV002490,ORD002490,CUST000837,2023-06-25 20:48:43,2023-07-25 20:48:43,2580.49,BRL,Open
ARINV002491,ORD002491,CUST000254,2023-06-02 06:35:44,2023-07-02 06:35:44,885.48,BRL,Paid
ARINV002492,ORD002492,CUST001771,2023-05-02 23:04:58,2023-06-01 23:04:58,401.67,BRL,Paid
ARINV002493,ORD002493,CUST001385,2024-05-25 23:15:46,2024-06-24 23:15:46,1949.99,BRL,Paid
ARINV002494,ORD002494,CUST001713,2024-01-30 23:42:35,2024-02-29 23:42:35,515.06,BRL,Paid
ARINV002495,ORD002495,CUST000688,2024-04-07 13:14:02,2024-05-07 13:14:02,645.86,BRL,Paid
ARINV002496,ORD002496,CUST000738,2024-12-15 11:53:32,2025-01-14 11:53:32,617.14,BRL,Paid
ARINV002497,ORD002497,CUST000566,2023-11-09 14:14:12,2023-12-09 14:14:12,809.33,BRL,Paid
ARINV002498,ORD002498,CUST000405,2024-02-22 18:03:36,2024-03-23 18:03:36,1406.07,BRL,Open
ARINV002499,ORD002499,CUST001747,2023-08-02 13:10:33,2023-09-01 13:10:33,1646.46,BRL,Paid
ARINV002500,ORD002500,CUST001046,2023-12-05 02:23:16,2024-01-04 02:23:16,911.01,BRL,Paid
ARINV002501,ORD002501,CUST001897,2024-11-09 15:14:57,2024-12-09 15:14:57,842.13,BRL,Open
ARINV002502,ORD002502,CUST000221,2024-06-02 07:13:11,2024-07-02 07:13:11,574.21,BRL,Paid
ARINV002503,ORD002503,CUST001441,2024-11-08 12:51:31,2024-12-08 12:51:31,357.12,BRL,Paid
ARINV002504,ORD002504,CUST001561,2024-05-21 07:51:29,2024-06-20 07:51:29,310.99,BRL,Open
ARINV002505,ORD002505,CUST000129,2023-09-04 05:36:58,2023-10-04 05:36:58,567.57,BRL,Open
ARINV002506,ORD002506,CUST000142,2024-06-21 17:08:54,2024-07-21 17:08:54,1022.85,BRL,Paid
ARINV002507,ORD002507,CUST001859,2023-06-12 23:40:55,2023-07-12 23:40:55,635.82,BRL,Paid
ARINV002508,ORD002508,CUST000842,2023-11-04 08:52:42,2023-12-04 08:52:42,1161.82,BRL,Cancelled
ARINV002509,ORD002509,CUST001681,2024-09-03 12:16:39,2024-10-03 12:16:39,878.1,BRL,Cancelled
ARINV002510,ORD002510,CUST000683,2023-01-25 11:07:35,2023-02-24 11:07:35,271.08,BRL,Paid
ARINV002511,ORD002511,CUST001757,2024-09-02 06:22:00,2024-10-02 06:22:00,642.56,BRL,Paid
ARINV002512,ORD002512,CUST001775,2023-02-22 16:40:15,2023-03-24 16:40:15,907.06,BRL,Paid
ARINV002513,ORD002513,CUST000857,2024-08-03 01:39:47,2024-09-02 01:39:47,663.84,BRL,Paid
ARINV002514,ORD002514,CUST000204,2023-05-26 21:29:30,2023-06-25 21:29:30,1012.35,BRL,Paid
ARINV002515,ORD002515,CUST000274,2023-09-05 20:28:12,2023-10-05 20:28:12,443.61,BRL,Cancelled
ARINV002516,ORD002516,CUST000498,2024-03-07 05:00:49,2024-04-06 05:00:49,459.13,BRL,Paid
ARINV002517,ORD002517,CUST001216,2024-11-23 04:49:47,2024-12-23 04:49:47,1488.71,BRL,Paid
ARINV002518,ORD002518,CUST001259,2023-01-24 23:57:16,2023-02-23 23:57:16,812.38,BRL,Paid
ARINV002519,ORD002519,CUST001321,2023-12-18 08:15:50,2024-01-17 08:15:50,989.19,BRL,Cancelled
ARINV002520,ORD002520,CUST001076,2024-09-02 09:38:30,2024-10-02 09:38:30,1875.73,BRL,Paid
ARINV002521,ORD002521,CUST001437,2023-08-18 17:53:38,2023-09-17 17:53:38,923.66,BRL,Paid
ARINV002522,ORD002522,CUST001032,2023-04-25 05:10:43,2023-05-25 05:10:43,198.57,BRL,Paid
ARINV002523,ORD002523,CUST001731,2023-06-20 14:36:13,2023-07-20 14:36:13,63.82,BRL,Paid
ARINV002524,ORD002524,CUST000133,2024-03-20 13:50:47,2024-04-19 13:50:47,612.89,BRL,Cancelled
ARINV002525,ORD002525,CUST000412,2023-04-24 01:51:39,2023-05-24 01:51:39,596.39,BRL,Open
ARINV002526,ORD002526,CUST000154,2024-07-21 12:44:47,2024-08-20 12:44:47,1187.57,BRL,Paid
ARINV002527,ORD002527,CUST001995,2023-02-11 21:58:38,2023-03-13 21:58:38,367.0,BRL,Paid
ARINV002528,ORD002528,CUST000085,2023-08-26 11:48:10,2023-09-25 11:48:10,466.46,BRL,Paid
ARINV002529,ORD002529,CUST000377,2024-01-02 11:23:01,2024-02-01 11:23:01,1360.54,BRL,Paid
ARINV002530,ORD002530,CUST000427,2024-03-03 04:56:28,2024-04-02 04:56:28,491.91,BRL,Paid
ARINV002531,ORD002531,CUST001239,2023-07-24 09:00:33,2023-08-23 09:00:33,1206.43,BRL,Paid
ARINV002532,ORD002532,CUST000296,2023-03-30 11:33:30,2023-04-29 11:33:30,735.73,BRL,Paid
ARINV002533,ORD002533,CUST001156,2024-03-11 09:22:08,2024-04-10 09:22:08,300.43,BRL,Cancelled
ARINV002534,ORD002534,CUST000374,2023-01-30 18:42:11,2023-03-01 18:42:11,587.09,BRL,Paid
ARINV002535,ORD002535,CUST000371,2024-02-06 05:49:03,2024-03-07 05:49:03,797.4,BRL,Paid
ARINV002536,ORD002536,CUST001106,2023-08-28 03:03:08,2023-09-27 03:03:08,660.53,BRL,Paid
ARINV002537,ORD002537,CUST001821,2024-09-25 21:45:43,2024-10-25 21:45:43,1418.19,BRL,Paid
ARINV002538,ORD002538,CUST001149,2023-03-02 11:18:52,2023-04-01 11:18:52,1226.63,BRL,Paid
ARINV002539,ORD002539,CUST000154,2024-07-06 05:12:02,2024-08-05 05:12:02,739.44,BRL,Cancelled
ARINV002540,ORD002540,CUST000515,2024-11-24 15:14:49,2024-12-24 15:14:49,1375.08,BRL,Paid
ARINV002541,ORD002541,CUST001380,2023-10-15 08:20:35,2023-11-14 08:20:35,298.98,BRL,Paid
ARINV002542,ORD002542,CUST001424,2023-02-09 11:14:05,2023-03-11 11:14:05,466.66,BRL,Paid
ARINV002543,ORD002543,CUST000168,2023-02-28 05:17:18,2023-03-30 05:17:18,185.83,BRL,Open
ARINV002544,ORD002544,CUST001139,2023-02-17 05:16:13,2023-03-19 05:16:13,704.66,BRL,Paid
ARINV002545,ORD002545,CUST000140,2023-09-19 04:49:28,2023-10-19 04:49:28,138.68,BRL,Paid
ARINV002546,ORD002546,CUST000809,2023-07-09 22:04:39,2023-08-08 22:04:39,211.48,BRL,Paid
ARINV002547,ORD002547,CUST001560,2024-08-27 00:53:02,2024-09-26 00:53:02,762.22,BRL,Open
ARINV002548,ORD002548,CUST001539,2024-06-17 07:23:43,2024-07-17 07:23:43,127.41,BRL,Paid
ARINV002549,ORD002549,CUST001507,2023-08-19 03:04:42,2023-09-18 03:04:42,157.9,BRL,Cancelled
ARINV002550,ORD002550,CUST001708,2024-11-11 21:18:30,2024-12-11 21:18:30,1347.61,BRL,Paid
ARINV002551,ORD002551,CUST001113,2023-11-25 00:34:30,2023-12-25 00:34:30,365.31,BRL,Paid
ARINV002552,ORD002552,CUST001379,2024-09-11 04:36:21,2024-10-11 04:36:21,1348.35,BRL,Paid
ARINV002553,ORD002553,CUST001260,2023-06-15 18:32:26,2023-07-15 18:32:26,1737.57,BRL,Paid
ARINV002554,ORD002554,CUST000652,2023-02-24 18:19:44,2023-03-26 18:19:44,223.82,BRL,Paid
ARINV002555,ORD002555,CUST001724,2024-08-30 20:01:22,2024-09-29 20:01:22,725.82,BRL,Paid
ARINV002556,ORD002556,CUST000740,2024-03-29 07:55:51,2024-04-28 07:55:51,411.3,BRL,Paid
ARINV002557,ORD002557,CUST000019,2024-01-03 04:59:04,2024-02-02 04:59:04,611.33,BRL,Paid
ARINV002558,ORD002558,CUST001092,2024-03-28 23:25:40,2024-04-27 23:25:40,357.13,BRL,Paid
ARINV002559,ORD002559,CUST001460,2024-01-18 07:09:15,2024-02-17 07:09:15,384.72,BRL,Paid
ARINV002560,ORD002560,CUST001527,2023-07-01 00:12:50,2023-07-31 00:12:50,218.14,BRL,Paid
ARINV002561,ORD002561,CUST001274,2023-09-07 20:24:20,2023-10-07 20:24:20,102.47,BRL,Paid
ARINV002562,ORD002562,CUST001900,2024-10-15 12:36:19,2024-11-14 12:36:19,893.23,BRL,Cancelled
ARINV002563,ORD002563,CUST000773,2024-05-30 14:33:18,2024-06-29 14:33:18,890.91,BRL,Open
ARINV002564,ORD002564,CUST000827,2023-10-06 00:18:35,2023-11-05 00:18:35,133.79,BRL,Paid
ARINV002565,ORD002565,CUST000135,2024-12-02 16:43:13,2025-01-01 16:43:13,2230.67,BRL,Paid
ARINV002566,ORD002566,CUST000233,2024-12-29 05:19:22,2025-01-28 05:19:22,1459.37,BRL,Paid
ARINV002567,ORD002567,CUST001012,2023-02-15 02:44:58,2023-03-17 02:44:58,380.63,BRL,Cancelled
ARINV002568,ORD002568,CUST001541,2024-04-02 06:16:52,2024-05-02 06:16:52,735.62,BRL,Open
ARINV002569,ORD002569,CUST000340,2023-10-15 13:39:50,2023-11-14 13:39:50,350.71,BRL,Paid
ARINV002570,ORD002570,CUST001847,2023-01-03 03:35:15,2023-02-02 03:35:15,1331.37,BRL,Paid
ARINV002571,ORD002571,CUST001876,2023-08-30 06:19:41,2023-09-29 06:19:41,1091.99,BRL,Paid
ARINV002572,ORD002572,CUST001526,2024-11-19 14:04:50,2024-12-19 14:04:50,1168.27,BRL,Paid
ARINV002573,ORD002573,CUST000004,2024-03-01 00:19:44,2024-03-31 00:19:44,1050.55,BRL,Paid
ARINV002574,ORD002574,CUST000366,2024-10-26 17:26:08,2024-11-25 17:26:08,559.05,BRL,Paid
ARINV002575,ORD002575,CUST001048,2024-09-06 00:27:35,2024-10-06 00:27:35,689.89,BRL,Paid
ARINV002576,ORD002576,CUST001972,2024-10-25 17:41:53,2024-11-24 17:41:53,222.32,BRL,Paid
ARINV002577,ORD002577,CUST001181,2023-12-29 04:42:40,2024-01-28 04:42:40,634.65,BRL,Paid
ARINV002578,ORD002578,CUST000883,2024-04-30 00:19:18,2024-05-30 00:19:18,575.28,BRL,Paid
ARINV002579,ORD002579,CUST001116,2024-01-09 01:00:15,2024-02-08 01:00:15,736.97,BRL,Paid
ARINV002580,ORD002580,CUST000332,2023-04-17 06:33:52,2023-05-17 06:33:52,1343.41,BRL,Paid
ARINV002581,ORD002581,CUST001973,2023-04-23 21:16:04,2023-05-23 21:16:04,1572.04,BRL,Paid
ARINV002582,ORD002582,CUST000547,2024-01-06 09:26:58,2024-02-05 09:26:58,821.28,BRL,Paid
ARINV002583,ORD002583,CUST000413,2023-05-26 22:27:29,2023-06-25 22:27:29,422.26,BRL,Paid
ARINV002584,ORD002584,CUST000712,2024-09-06 06:46:27,2024-10-06 06:46:27,488.03,BRL,Paid
ARINV002585,ORD002585,CUST000117,2024-04-01 04:14:07,2024-05-01 04:14:07,172.93,BRL,Open
ARINV002586,ORD002586,CUST000273,2023-05-25 15:29:51,2023-06-24 15:29:51,711.18,BRL,Paid
ARINV002587,ORD002587,CUST001901,2024-02-16 13:53:47,2024-03-17 13:53:47,312.96,BRL,Cancelled
ARINV002588,ORD002588,CUST000005,2024-07-10 07:57:53,2024-08-09 07:57:53,968.54,BRL,Open
ARINV002589,ORD002589,CUST001531,2024-05-21 07:33:13,2024-06-20 07:33:13,730.7,BRL,Paid
ARINV002590,ORD002590,CUST000530,2024-05-04 10:25:51,2024-06-03 10:25:51,456.6,BRL,Paid
ARINV002591,ORD002591,CUST001503,2023-08-11 23:51:28,2023-09-10 23:51:28,2005.07,BRL,Cancelled
ARINV002592,ORD002592,CUST000286,2024-11-14 13:51:49,2024-12-14 13:51:49,380.38,BRL,Paid
ARINV002593,ORD002593,CUST001155,2024-02-05 13:52:52,2024-03-06 13:52:52,1480.66,BRL,Paid
ARINV002594,ORD002594,CUST000685,2023-01-01 10:48:29,2023-01-31 10:48:29,876.42,BRL,Paid
ARINV002595,ORD002595,CUST000228,2024-04-13 15:08:58,2024-05-13 15:08:58,885.57,BRL,Paid
ARINV002596,ORD002596,CUST000383,2024-01-19 06:45:22,2024-02-18 06:45:22,1647.08,BRL,Paid
ARINV002597,ORD002597,CUST000444,2024-06-28 15:20:46,2024-07-28 15:20:46,738.21,BRL,Paid
ARINV002598,ORD002598,CUST000752,2023-09-14 14:08:15,2023-10-14 14:08:15,365.77,BRL,Paid
ARINV002599,ORD002599,CUST001999,2024-06-06 17:35:12,2024-07-06 17:35:12,834.26,BRL,Cancelled
ARINV002600,ORD002600,CUST000150,2024-01-22 20:04:07,2024-02-21 20:04:07,488.59,BRL,Paid
ARINV002601,ORD002601,CUST001458,2024-07-08 08:00:21,2024-08-07 08:00:21,777.57,BRL,Paid
ARINV002602,ORD002602,CUST001080,2023-08-21 02:52:02,2023-09-20 02:52:02,1011.31,BRL,Paid
ARINV002603,ORD002603,CUST001984,2024-12-24 21:37:18,2025-01-23 21:37:18,1462.86,BRL,Paid
ARINV002604,ORD002604,CUST001962,2024-01-28 12:00:31,2024-02-27 12:00:31,912.13,BRL,Paid
ARINV002605,ORD002605,CUST001919,2023-02-21 13:43:49,2023-03-23 13:43:49,1415.5,BRL,Paid
ARINV002606,ORD002606,CUST001444,2023-03-25 19:46:40,2023-04-24 19:46:40,432.27,BRL,Paid
ARINV002607,ORD002607,CUST000442,2024-05-06 04:31:03,2024-06-05 04:31:03,412.79,BRL,Open
ARINV002608,ORD002608,CUST001403,2024-04-02 21:14:25,2024-05-02 21:14:25,635.64,BRL,Paid
ARINV002609,ORD002609,CUST000536,2023-12-09 16:19:06,2024-01-08 16:19:06,804.68,BRL,Paid
ARINV002610,ORD002610,CUST001409,2024-08-13 17:22:09,2024-09-12 17:22:09,743.45,BRL,Cancelled
ARINV002611,ORD002611,CUST001917,2024-09-21 16:20:24,2024-10-21 16:20:24,1735.3,BRL,Paid
ARINV002612,ORD002612,CUST000376,2023-04-20 17:51:08,2023-05-20 17:51:08,797.17,BRL,Paid
ARINV002613,ORD002613,CUST000172,2023-12-10 15:12:03,2024-01-09 15:12:03,2278.7,BRL,Open
ARINV002614,ORD002614,CUST001040,2024-11-09 03:42:50,2024-12-09 03:42:50,310.51,BRL,Paid
ARINV002615,ORD002615,CUST000705,2023-03-20 17:55:55,2023-04-19 17:55:55,602.67,BRL,Paid
ARINV002616,ORD002616,CUST000277,2023-09-07 03:26:54,2023-10-07 03:26:54,640.3,BRL,Paid
ARINV002617,ORD002617,CUST001800,2023-06-22 21:42:48,2023-07-22 21:42:48,2503.37,BRL,Paid
ARINV002618,ORD002618,CUST001268,2024-02-29 03:45:47,2024-03-30 03:45:47,142.47,BRL,Paid
ARINV002619,ORD002619,CUST001059,2024-05-14 20:24:32,2024-06-13 20:24:32,540.45,BRL,Paid
ARINV002620,ORD002620,CUST001908,2024-06-22 21:28:49,2024-07-22 21:28:49,800.9,BRL,Paid
ARINV002621,ORD002621,CUST000124,2023-06-20 01:43:27,2023-07-20 01:43:27,195.57,BRL,Paid
ARINV002622,ORD002622,CUST001762,2024-05-26 02:47:54,2024-06-25 02:47:54,89.86,BRL,Paid
ARINV002623,ORD002623,CUST000568,2023-04-28 14:09:49,2023-05-28 14:09:49,530.4,BRL,Paid
ARINV002624,ORD002624,CUST000415,2023-09-05 02:47:57,2023-10-05 02:47:57,937.09,BRL,Paid
ARINV002625,ORD002625,CUST001246,2023-02-07 01:39:11,2023-03-09 01:39:11,509.35,BRL,Paid
ARINV002626,ORD002626,CUST001622,2024-11-19 05:56:49,2024-12-19 05:56:49,750.86,BRL,Paid
ARINV002627,ORD002627,CUST000993,2023-12-07 18:19:57,2024-01-06 18:19:57,658.16,BRL,Paid
ARINV002628,ORD002628,CUST000747,2024-11-27 21:45:41,2024-12-27 21:45:41,194.0,BRL,Cancelled
ARINV002629,ORD002629,CUST001731,2023-05-07 05:34:33,2023-06-06 05:34:33,660.84,BRL,Paid
ARINV002630,ORD002630,CUST001361,2023-05-29 11:43:45,2023-06-28 11:43:45,731.22,BRL,Paid
ARINV002631,ORD002631,CUST000245,2023-03-13 21:51:09,2023-04-12 21:51:09,177.24,BRL,Paid
ARINV002632,ORD002632,CUST001459,2024-10-06 09:15:00,2024-11-05 09:15:00,1266.46,BRL,Paid
ARINV002633,ORD002633,CUST001399,2024-12-21 06:38:00,2025-01-20 06:38:00,467.43,BRL,Paid
ARINV002634,ORD002634,CUST000713,2024-02-09 08:29:35,2024-03-10 08:29:35,307.28,BRL,Paid
ARINV002635,ORD002635,CUST000768,2023-08-01 20:12:06,2023-08-31 20:12:06,674.54,BRL,Paid
ARINV002636,ORD002636,CUST001519,2023-08-11 01:55:10,2023-09-10 01:55:10,659.09,BRL,Paid
ARINV002637,ORD002637,CUST001440,2024-06-17 12:17:39,2024-07-17 12:17:39,579.09,BRL,Paid
ARINV002638,ORD002638,CUST000595,2024-03-14 11:08:08,2024-04-13 11:08:08,1541.24,BRL,Paid
ARINV002639,ORD002639,CUST000142,2024-10-06 10:06:21,2024-11-05 10:06:21,271.13,BRL,Cancelled
ARINV002640,ORD002640,CUST000509,2024-07-29 22:15:21,2024-08-28 22:15:21,760.98,BRL,Paid
ARINV002641,ORD002641,CUST001437,2024-05-10 23:09:28,2024-06-09 23:09:28,382.7,BRL,Paid
ARINV002642,ORD002642,CUST001409,2024-03-04 14:34:49,2024-04-03 14:34:49,667.57,BRL,Paid
ARINV002643,ORD002643,CUST001579,2023-07-16 15:36:42,2023-08-15 15:36:42,920.58,BRL,Paid
ARINV002644,ORD002644,CUST001594,2024-05-05 23:54:56,2024-06-04 23:54:56,1525.6,BRL,Paid
ARINV002645,ORD002645,CUST000626,2023-11-09 04:49:40,2023-12-09 04:49:40,74.53,BRL,Paid
ARINV002646,ORD002646,CUST000467,2023-04-07 22:27:15,2023-05-07 22:27:15,1889.1,BRL,Paid
ARINV002647,ORD002647,CUST000653,2024-02-26 08:56:35,2024-03-27 08:56:35,594.48,BRL,Paid
ARINV002648,ORD002648,CUST001190,2023-01-15 03:25:39,2023-02-14 03:25:39,972.6,BRL,Cancelled
ARINV002649,ORD002649,CUST000698,2024-10-26 11:17:12,2024-11-25 11:17:12,1871.66,BRL,Paid
ARINV002650,ORD002650,CUST000706,2023-10-05 05:39:15,2023-11-04 05:39:15,931.7,BRL,Paid
ARINV002651,ORD002651,CUST001982,2023-09-08 13:23:35,2023-10-08 13:23:35,748.19,BRL,Paid
ARINV002652,ORD002652,CUST001657,2023-12-26 03:18:29,2024-01-25 03:18:29,981.77,BRL,Paid
ARINV002653,ORD002653,CUST000184,2023-12-11 15:09:55,2024-01-10 15:09:55,487.61,BRL,Paid
ARINV002654,ORD002654,CUST000983,2023-10-19 03:45:06,2023-11-18 03:45:06,213.73,BRL,Paid
ARINV002655,ORD002655,CUST000318,2024-09-26 02:21:53,2024-10-26 02:21:53,705.21,BRL,Cancelled
ARINV002656,ORD002656,CUST000621,2023-02-09 11:38:52,2023-03-11 11:38:52,2893.22,BRL,Paid
ARINV002657,ORD002657,CUST001409,2023-04-06 23:03:45,2023-05-06 23:03:45,728.99,BRL,Paid
ARINV002658,ORD002658,CUST000645,2024-11-14 02:34:13,2024-12-14 02:34:13,591.59,BRL,Paid
ARINV002659,ORD002659,CUST001696,2024-09-23 09:43:38,2024-10-23 09:43:38,1287.15,BRL,Paid
ARINV002660,ORD002660,CUST000729,2024-10-11 06:21:12,2024-11-10 06:21:12,768.29,BRL,Paid
ARINV002661,ORD002661,CUST000284,2024-08-20 15:24:59,2024-09-19 15:24:59,872.78,BRL,Paid
ARINV002662,ORD002662,CUST000226,2023-08-26 19:33:39,2023-09-25 19:33:39,316.31,BRL,Paid
ARINV002663,ORD002663,CUST001085,2024-10-02 19:43:30,2024-11-01 19:43:30,776.19,BRL,Paid
ARINV002664,ORD002664,CUST001763,2024-09-28 08:23:31,2024-10-28 08:23:31,462.86,BRL,Paid
ARINV002665,ORD002665,CUST000953,2024-10-31 22:58:16,2024-11-30 22:58:16,1455.38,BRL,Cancelled
ARINV002666,ORD002666,CUST001054,2024-01-23 15:27:38,2024-02-22 15:27:38,838.73,BRL,Paid
ARINV002667,ORD002667,CUST000246,2024-02-24 06:57:56,2024-03-25 06:57:56,1285.76,BRL,Open
ARINV002668,ORD002668,CUST000140,2024-09-11 08:22:36,2024-10-11 08:22:36,205.5,BRL,Paid
ARINV002669,ORD002669,CUST001882,2024-04-28 13:30:18,2024-05-28 13:30:18,561.92,BRL,Paid
ARINV002670,ORD002670,CUST001469,2024-09-18 09:15:44,2024-10-18 09:15:44,211.74,BRL,Paid
ARINV002671,ORD002671,CUST000063,2023-10-22 06:23:53,2023-11-21 06:23:53,849.46,BRL,Paid
ARINV002672,ORD002672,CUST001218,2024-09-27 04:51:44,2024-10-27 04:51:44,683.41,BRL,Paid
ARINV002673,ORD002673,CUST001590,2023-07-29 12:22:47,2023-08-28 12:22:47,1012.86,BRL,Paid
ARINV002674,ORD002674,CUST001928,2023-06-17 20:22:07,2023-07-17 20:22:07,1396.38,BRL,Paid
ARINV002675,ORD002675,CUST001368,2024-05-06 22:59:39,2024-06-05 22:59:39,56.65,BRL,Cancelled
ARINV002676,ORD002676,CUST000553,2024-03-13 22:01:45,2024-04-12 22:01:45,413.6,BRL,Cancelled
ARINV002677,ORD002677,CUST000329,2023-12-01 07:37:43,2023-12-31 07:37:43,957.03,BRL,Paid
ARINV002678,ORD002678,CUST000934,2023-02-15 09:24:57,2023-03-17 09:24:57,559.34,BRL,Paid
ARINV002679,ORD002679,CUST001005,2023-02-08 21:33:03,2023-03-10 21:33:03,226.64,BRL,Paid
ARINV002680,ORD002680,CUST001535,2024-07-17 18:31:10,2024-08-16 18:31:10,1194.82,BRL,Open
ARINV002681,ORD002681,CUST001034,2023-10-19 22:13:42,2023-11-18 22:13:42,1663.72,BRL,Paid
ARINV002682,ORD002682,CUST001214,2024-03-16 16:22:58,2024-04-15 16:22:58,383.44,BRL,Paid
ARINV002683,ORD002683,CUST001506,2023-01-17 14:52:33,2023-02-16 14:52:33,539.18,BRL,Paid
ARINV002684,ORD002684,CUST000784,2024-03-19 21:16:17,2024-04-18 21:16:17,736.39,BRL,Paid
ARINV002685,ORD002685,CUST000604,2023-03-24 00:57:29,2023-04-23 00:57:29,867.08,BRL,Paid
ARINV002686,ORD002686,CUST000278,2023-09-24 16:18:44,2023-10-24 16:18:44,777.52,BRL,Paid
ARINV002687,ORD002687,CUST000370,2024-03-04 15:44:00,2024-04-03 15:44:00,1695.98,BRL,Paid
ARINV002688,ORD002688,CUST000435,2024-07-09 18:23:35,2024-08-08 18:23:35,1071.86,BRL,Paid
ARINV002689,ORD002689,CUST001361,2024-05-18 10:39:02,2024-06-17 10:39:02,1381.01,BRL,Paid
ARINV002690,ORD002690,CUST001751,2023-10-18 07:33:15,2023-11-17 07:33:15,888.65,BRL,Paid
ARINV002691,ORD002691,CUST001732,2024-08-12 18:49:40,2024-09-11 18:49:40,293.42,BRL,Paid
ARINV002692,ORD002692,CUST000481,2024-10-23 12:12:05,2024-11-22 12:12:05,708.88,BRL,Paid
ARINV002693,ORD002693,CUST000311,2023-08-23 17:38:20,2023-09-22 17:38:20,1286.46,BRL,Paid
ARINV002694,ORD002694,CUST001873,2023-07-02 20:25:30,2023-08-01 20:25:30,626.11,BRL,Paid
ARINV002695,ORD002695,CUST000158,2023-06-21 12:03:22,2023-07-21 12:03:22,1557.49,BRL,Paid
ARINV002696,ORD002696,CUST001895,2023-05-14 12:01:51,2023-06-13 12:01:51,1342.5,BRL,Paid
ARINV002697,ORD002697,CUST001989,2024-12-23 17:51:31,2025-01-22 17:51:31,953.52,BRL,Paid
ARINV002698,ORD002698,CUST001308,2024-06-10 02:35:51,2024-07-10 02:35:51,988.29,BRL,Paid
ARINV002699,ORD002699,CUST000334,2024-08-09 08:54:06,2024-09-08 08:54:06,364.14,BRL,Paid
ARINV002700,ORD002700,CUST000776,2024-11-18 14:01:50,2024-12-18 14:01:50,199.16,BRL,Paid
ARINV002701,ORD002701,CUST001534,2023-03-28 00:47:28,2023-04-27 00:47:28,629.48,BRL,Paid
ARINV002702,ORD002702,CUST001019,2024-01-22 21:53:05,2024-02-21 21:53:05,722.17,BRL,Paid
ARINV002703,ORD002703,CUST000127,2023-10-29 23:24:00,2023-11-28 23:24:00,1446.65,BRL,Cancelled
ARINV002704,ORD002704,CUST001021,2023-05-31 17:49:49,2023-06-30 17:49:49,384.49,BRL,Paid
ARINV002705,ORD002705,CUST000190,2023-02-19 07:52:22,2023-03-21 07:52:22,958.0,BRL,Paid
ARINV002706,ORD002706,CUST000786,2024-03-08 07:51:03,2024-04-07 07:51:03,801.94,BRL,Paid
ARINV002707,ORD002707,CUST001168,2024-02-17 18:31:12,2024-03-18 18:31:12,1409.09,BRL,Paid
ARINV002708,ORD002708,CUST000475,2023-08-27 03:49:16,2023-09-26 03:49:16,475.07,BRL,Open
ARINV002709,ORD002709,CUST001125,2024-01-15 16:00:38,2024-02-14 16:00:38,97.13,BRL,Paid
ARINV002710,ORD002710,CUST001218,2024-04-04 08:00:14,2024-05-04 08:00:14,423.21,BRL,Paid
ARINV002711,ORD002711,CUST001976,2024-01-01 16:47:02,2024-01-31 16:47:02,1630.21,BRL,Paid
ARINV002712,ORD002712,CUST001560,2023-05-20 14:07:52,2023-06-19 14:07:52,358.24,BRL,Paid
ARINV002713,ORD002713,CUST000127,2024-12-14 01:29:52,2025-01-13 01:29:52,837.94,BRL,Open
ARINV002714,ORD002714,CUST000679,2023-09-29 18:03:04,2023-10-29 18:03:04,1323.48,BRL,Paid
ARINV002715,ORD002715,CUST000643,2024-12-01 10:26:38,2024-12-31 10:26:38,267.21,BRL,Paid
ARINV002716,ORD002716,CUST000426,2023-05-22 21:23:16,2023-06-21 21:23:16,479.15,BRL,Paid
ARINV002717,ORD002717,CUST000001,2023-09-17 01:00:04,2023-10-17 01:00:04,753.3,BRL,Paid
ARINV002718,ORD002718,CUST000254,2024-02-03 16:57:24,2024-03-04 16:57:24,463.82,BRL,Open
ARINV002719,ORD002719,CUST001727,2023-06-03 00:49:12,2023-07-03 00:49:12,354.51,BRL,Paid
ARINV002720,ORD002720,CUST000576,2024-04-23 12:54:50,2024-05-23 12:54:50,1375.72,BRL,Paid
ARINV002721,ORD002721,CUST001036,2023-11-02 03:12:49,2023-12-02 03:12:49,566.67,BRL,Paid
ARINV002722,ORD002722,CUST000618,2023-03-02 22:38:45,2023-04-01 22:38:45,435.39,BRL,Paid
ARINV002723,ORD002723,CUST001373,2024-08-07 10:06:46,2024-09-06 10:06:46,831.67,BRL,Paid
ARINV002724,ORD002724,CUST001037,2024-06-02 05:27:42,2024-07-02 05:27:42,852.97,BRL,Paid
ARINV002725,ORD002725,CUST000117,2023-09-08 19:07:36,2023-10-08 19:07:36,938.95,BRL,Paid
ARINV002726,ORD002726,CUST000977,2024-01-10 08:57:23,2024-02-09 08:57:23,587.65,BRL,Paid
ARINV002727,ORD002727,CUST001356,2024-02-26 15:38:59,2024-03-27 15:38:59,360.46,BRL,Paid
ARINV002728,ORD002728,CUST001686,2023-02-07 09:28:28,2023-03-09 09:28:28,639.19,BRL,Paid
ARINV002729,ORD002729,CUST000236,2023-03-03 08:56:20,2023-04-02 08:56:20,1027.24,BRL,Paid
ARINV002730,ORD002730,CUST001042,2024-03-07 02:49:56,2024-04-06 02:49:56,984.05,BRL,Paid
ARINV002731,ORD002731,CUST001974,2024-08-28 14:31:51,2024-09-27 14:31:51,352.39,BRL,Paid
ARINV002732,ORD002732,CUST001567,2023-04-15 11:35:17,2023-05-15 11:35:17,521.15,BRL,Paid
ARINV002733,ORD002733,CUST001090,2024-02-16 15:31:27,2024-03-17 15:31:27,442.79,BRL,Paid
ARINV002734,ORD002734,CUST001157,2024-03-11 03:23:10,2024-04-10 03:23:10,480.94,BRL,Paid
ARINV002735,ORD002735,CUST000743,2024-11-15 00:00:07,2024-12-15 00:00:07,524.01,BRL,Paid
ARINV002736,ORD002736,CUST001272,2024-02-14 23:41:54,2024-03-15 23:41:54,602.39,BRL,Cancelled
ARINV002737,ORD002737,CUST000652,2023-05-31 22:21:32,2023-06-30 22:21:32,381.87,BRL,Paid
ARINV002738,ORD002738,CUST000152,2024-02-18 12:29:29,2024-03-19 12:29:29,1070.58,BRL,Paid
ARINV002739,ORD002739,CUST001289,2023-01-18 19:10:42,2023-02-17 19:10:42,214.27,BRL,Paid
ARINV002740,ORD002740,CUST001146,2024-12-19 08:28:16,2025-01-18 08:28:16,278.37,BRL,Open
ARINV002741,ORD002741,CUST000572,2024-12-22 06:46:10,2025-01-21 06:46:10,927.6,BRL,Paid
ARINV002742,ORD002742,CUST000074,2024-05-07 08:48:35,2024-06-06 08:48:35,306.81,BRL,Paid
ARINV002743,ORD002743,CUST000027,2023-09-17 01:59:42,2023-10-17 01:59:42,569.66,BRL,Open
ARINV002744,ORD002744,CUST000605,2024-01-21 01:10:24,2024-02-20 01:10:24,890.2,BRL,Paid
ARINV002745,ORD002745,CUST000487,2023-08-07 20:05:20,2023-09-06 20:05:20,140.41,BRL,Open
ARINV002746,ORD002746,CUST000203,2023-12-14 06:06:15,2024-01-13 06:06:15,155.24,BRL,Open
ARINV002747,ORD002747,CUST001244,2023-01-03 06:50:38,2023-02-02 06:50:38,372.89,BRL,Paid
ARINV002748,ORD002748,CUST001034,2024-11-19 06:03:41,2024-12-19 06:03:41,776.58,BRL,Cancelled
ARINV002749,ORD002749,CUST001542,2024-05-31 17:30:26,2024-06-30 17:30:26,1383.19,BRL,Paid
ARINV002750,ORD002750,CUST000995,2024-02-28 11:17:24,2024-03-29 11:17:24,806.1,BRL,Cancelled
ARINV002751,ORD002751,CUST000401,2024-05-05 11:00:42,2024-06-04 11:00:42,524.37,BRL,Paid
ARINV002752,ORD002752,CUST000778,2024-06-01 06:50:28,2024-07-01 06:50:28,958.27,BRL,Paid
ARINV002753,ORD002753,CUST001585,2023-10-01 15:14:01,2023-10-31 15:14:01,888.71,BRL,Paid
ARINV002754,ORD002754,CUST001629,2024-09-28 19:11:44,2024-10-28 19:11:44,233.14,BRL,Paid
ARINV002755,ORD002755,CUST001984,2024-05-15 20:02:19,2024-06-14 20:02:19,745.48,BRL,Paid
ARINV002756,ORD002756,CUST000631,2024-08-14 19:01:27,2024-09-13 19:01:27,619.37,BRL,Paid
ARINV002757,ORD002757,CUST001662,2024-01-20 12:01:32,2024-02-19 12:01:32,164.68,BRL,Paid
ARINV002758,ORD002758,CUST001059,2023-12-20 22:36:13,2024-01-19 22:36:13,611.73,BRL,Paid
ARINV002759,ORD002759,CUST001654,2024-08-24 08:01:20,2024-09-23 08:01:20,99.2,BRL,Paid
ARINV002760,ORD002760,CUST001854,2023-02-26 07:08:20,2023-03-28 07:08:20,432.27,BRL,Paid
ARINV002761,ORD002761,CUST000764,2024-01-30 06:53:02,2024-02-29 06:53:02,1997.86,BRL,Paid
ARINV002762,ORD002762,CUST001293,2023-11-16 05:42:56,2023-12-16 05:42:56,173.24,BRL,Paid
ARINV002763,ORD002763,CUST001334,2023-09-05 01:53:38,2023-10-05 01:53:38,1446.86,BRL,Cancelled
ARINV002764,ORD002764,CUST001697,2023-06-27 02:18:18,2023-07-27 02:18:18,831.32,BRL,Paid
ARINV002765,ORD002765,CUST001318,2023-04-03 03:10:23,2023-05-03 03:10:23,425.18,BRL,Paid
ARINV002766,ORD002766,CUST001370,2023-03-27 12:06:00,2023-04-26 12:06:00,1093.86,BRL,Cancelled
ARINV002767,ORD002767,CUST000657,2023-07-20 01:57:54,2023-08-19 01:57:54,618.8,BRL,Paid
ARINV002768,ORD002768,CUST001242,2023-02-09 06:54:38,2023-03-11 06:54:38,758.3,BRL,Paid
ARINV002769,ORD002769,CUST001521,2024-03-27 19:23:58,2024-04-26 19:23:58,1367.54,BRL,Open
ARINV002770,ORD002770,CUST000980,2024-01-05 22:21:06,2024-02-04 22:21:06,2044.26,BRL,Paid
ARINV002771,ORD002771,CUST000363,2024-02-21 15:44:03,2024-03-22 15:44:03,882.45,BRL,Open
ARINV002772,ORD002772,CUST000063,2024-07-25 06:41:26,2024-08-24 06:41:26,678.88,BRL,Paid
ARINV002773,ORD002773,CUST000040,2023-12-16 05:33:34,2024-01-15 05:33:34,623.65,BRL,Paid
ARINV002774,ORD002774,CUST001700,2023-01-24 15:16:05,2023-02-23 15:16:05,143.82,BRL,Paid
ARINV002775,ORD002775,CUST000842,2024-10-18 13:51:17,2024-11-17 13:51:17,840.03,BRL,Paid
ARINV002776,ORD002776,CUST000970,2024-10-13 04:49:15,2024-11-12 04:49:15,802.51,BRL,Paid
ARINV002777,ORD002777,CUST001368,2024-02-19 19:29:55,2024-03-20 19:29:55,459.99,BRL,Paid
ARINV002778,ORD002778,CUST000034,2024-10-10 18:10:33,2024-11-09 18:10:33,791.87,BRL,Paid
ARINV002779,ORD002779,CUST000276,2024-09-25 20:41:51,2024-10-25 20:41:51,230.37,BRL,Paid
ARINV002780,ORD002780,CUST001736,2024-10-08 09:51:59,2024-11-07 09:51:59,1973.71,BRL,Paid
ARINV002781,ORD002781,CUST000090,2023-01-12 12:34:14,2023-02-11 12:34:14,585.78,BRL,Paid
ARINV002782,ORD002782,CUST001055,2024-05-19 04:42:54,2024-06-18 04:42:54,573.44,BRL,Paid
ARINV002783,ORD002783,CUST001028,2024-12-21 07:19:36,2025-01-20 07:19:36,1108.63,BRL,Paid
ARINV002784,ORD002784,CUST000760,2023-10-01 20:20:50,2023-10-31 20:20:50,1610.11,BRL,Paid
ARINV002785,ORD002785,CUST001538,2023-07-15 20:15:41,2023-08-14 20:15:41,802.1,BRL,Paid
ARINV002786,ORD002786,CUST001386,2023-04-01 10:44:57,2023-05-01 10:44:57,330.76,BRL,Paid
ARINV002787,ORD002787,CUST000315,2024-10-19 00:50:23,2024-11-18 00:50:23,948.06,BRL,Paid
ARINV002788,ORD002788,CUST000886,2023-01-17 13:50:20,2023-02-16 13:50:20,333.54,BRL,Paid
ARINV002789,ORD002789,CUST000685,2023-09-26 00:27:56,2023-10-26 00:27:56,1542.79,BRL,Paid
ARINV002790,ORD002790,CUST000388,2024-04-06 14:31:55,2024-05-06 14:31:55,592.27,BRL,Paid
ARINV002791,ORD002791,CUST000766,2023-01-24 09:21:48,2023-02-23 09:21:48,428.55,BRL,Cancelled
ARINV002792,ORD002792,CUST001470,2024-08-21 18:23:19,2024-09-20 18:23:19,745.74,BRL,Paid
ARINV002793,ORD002793,CUST000078,2023-02-06 03:24:50,2023-03-08 03:24:50,1614.65,BRL,Cancelled
ARINV002794,ORD002794,CUST001716,2024-10-04 12:54:14,2024-11-03 12:54:14,204.51,BRL,Paid
ARINV002795,ORD002795,CUST000532,2024-05-18 19:19:38,2024-06-17 19:19:38,489.81,BRL,Paid
ARINV002796,ORD002796,CUST001384,2023-12-22 15:29:40,2024-01-21 15:29:40,74.89,BRL,Paid
ARINV002797,ORD002797,CUST001224,2023-03-17 07:30:01,2023-04-16 07:30:01,387.26,BRL,Paid
ARINV002798,ORD002798,CUST000307,2023-05-22 21:32:19,2023-06-21 21:32:19,667.63,BRL,Paid
ARINV002799,ORD002799,CUST000062,2024-07-23 13:54:54,2024-08-22 13:54:54,551.69,BRL,Paid
ARINV002800,ORD002800,CUST000108,2023-10-11 16:16:57,2023-11-10 16:16:57,84.28,BRL,Cancelled
ARINV002801,ORD002801,CUST000260,2024-08-14 22:24:21,2024-09-13 22:24:21,286.27,BRL,Paid
ARINV002802,ORD002802,CUST000051,2023-05-05 09:20:00,2023-06-04 09:20:00,701.93,BRL,Cancelled
ARINV002803,ORD002803,CUST001274,2023-11-27 08:57:09,2023-12-27 08:57:09,1080.31,BRL,Paid
ARINV002804,ORD002804,CUST001688,2023-03-17 21:26:57,2023-04-16 21:26:57,1126.91,BRL,Paid
ARINV002805,ORD002805,CUST000680,2023-02-18 13:10:07,2023-03-20 13:10:07,121.15,BRL,Open
ARINV002806,ORD002806,CUST000972,2024-08-25 13:02:57,2024-09-24 13:02:57,142.56,BRL,Cancelled
ARINV002807,ORD002807,CUST001594,2024-04-30 07:49:47,2024-05-30 07:49:47,159.34,BRL,Paid
ARINV002808,ORD002808,CUST000171,2023-05-10 23:56:20,2023-06-09 23:56:20,741.8,BRL,Paid
ARINV002809,ORD002809,CUST000514,2023-09-19 18:35:16,2023-10-19 18:35:16,246.04,BRL,Paid
ARINV002810,ORD002810,CUST000884,2023-12-06 13:50:07,2024-01-05 13:50:07,752.88,BRL,Paid
ARINV002811,ORD002811,CUST001311,2024-11-10 19:28:16,2024-12-10 19:28:16,456.51,BRL,Paid
ARINV002812,ORD002812,CUST001314,2023-01-02 04:02:00,2023-02-01 04:02:00,100.51,BRL,Open
ARINV002813,ORD002813,CUST000404,2023-02-12 15:54:10,2023-03-14 15:54:10,1590.87,BRL,Cancelled
ARINV002814,ORD002814,CUST000858,2023-12-18 15:33:00,2024-01-17 15:33:00,126.07,BRL,Paid
ARINV002815,ORD002815,CUST000162,2024-05-11 14:54:34,2024-06-10 14:54:34,1415.69,BRL,Paid
ARINV002816,ORD002816,CUST000126,2023-10-13 11:47:40,2023-11-12 11:47:40,693.7,BRL,Paid
ARINV002817,ORD002817,CUST000011,2023-10-15 20:55:05,2023-11-14 20:55:05,620.05,BRL,Paid
ARINV002818,ORD002818,CUST000541,2023-03-23 08:24:44,2023-04-22 08:24:44,899.96,BRL,Open
ARINV002819,ORD002819,CUST001904,2023-12-19 12:00:21,2024-01-18 12:00:21,1273.94,BRL,Paid
ARINV002820,ORD002820,CUST000850,2023-10-09 19:34:04,2023-11-08 19:34:04,1191.37,BRL,Paid
ARINV002821,ORD002821,CUST001731,2024-12-23 23:09:36,2025-01-22 23:09:36,910.18,BRL,Paid
ARINV002822,ORD002822,CUST001176,2024-03-14 16:09:24,2024-04-13 16:09:24,585.36,BRL,Paid
ARINV002823,ORD002823,CUST000802,2024-09-23 22:31:49,2024-10-23 22:31:49,518.87,BRL,Paid
ARINV002824,ORD002824,CUST000723,2024-09-19 14:47:29,2024-10-19 14:47:29,1623.46,BRL,Paid
ARINV002825,ORD002825,CUST000292,2024-10-18 15:52:05,2024-11-17 15:52:05,712.75,BRL,Paid
ARINV002826,ORD002826,CUST001767,2024-06-26 21:48:12,2024-07-26 21:48:12,1845.58,BRL,Paid
ARINV002827,ORD002827,CUST001339,2024-08-02 07:31:12,2024-09-01 07:31:12,279.81,BRL,Paid
ARINV002828,ORD002828,CUST001680,2024-02-10 06:58:42,2024-03-11 06:58:42,41.94,BRL,Paid
ARINV002829,ORD002829,CUST000095,2024-08-12 17:18:31,2024-09-11 17:18:31,770.93,BRL,Paid
ARINV002830,ORD002830,CUST000617,2023-05-10 19:05:24,2023-06-09 19:05:24,493.98,BRL,Paid
ARINV002831,ORD002831,CUST001874,2024-11-09 21:51:09,2024-12-09 21:51:09,2551.37,BRL,Paid
ARINV002832,ORD002832,CUST000043,2024-08-04 22:52:49,2024-09-03 22:52:49,1091.75,BRL,Paid
ARINV002833,ORD002833,CUST001575,2023-03-26 23:04:29,2023-04-25 23:04:29,795.28,BRL,Cancelled
ARINV002834,ORD002834,CUST000359,2023-01-09 07:25:36,2023-02-08 07:25:36,202.12,BRL,Paid
ARINV002835,ORD002835,CUST000336,2023-12-08 07:58:47,2024-01-07 07:58:47,385.6,BRL,Open
ARINV002836,ORD002836,CUST001281,2024-02-13 14:34:20,2024-03-14 14:34:20,178.54,BRL,Paid
ARINV002837,ORD002837,CUST001004,2023-12-21 11:52:48,2024-01-20 11:52:48,886.41,BRL,Paid
ARINV002838,ORD002838,CUST001158,2024-08-22 05:36:56,2024-09-21 05:36:56,144.78,BRL,Cancelled
ARINV002839,ORD002839,CUST001042,2024-09-21 15:55:33,2024-10-21 15:55:33,896.99,BRL,Paid
ARINV002840,ORD002840,CUST000746,2024-10-10 05:00:59,2024-11-09 05:00:59,571.53,BRL,Paid
ARINV002841,ORD002841,CUST000830,2024-02-09 10:52:59,2024-03-10 10:52:59,2484.6,BRL,Paid
ARINV002842,ORD002842,CUST000816,2024-12-28 19:19:21,2025-01-27 19:19:21,2423.58,BRL,Paid
ARINV002843,ORD002843,CUST001794,2024-10-03 05:35:27,2024-11-02 05:35:27,866.33,BRL,Paid
ARINV002844,ORD002844,CUST001026,2023-06-24 03:06:45,2023-07-24 03:06:45,271.32,BRL,Cancelled
ARINV002845,ORD002845,CUST000065,2024-10-26 23:53:50,2024-11-25 23:53:50,1308.78,BRL,Paid
ARINV002846,ORD002846,CUST000347,2024-04-09 12:23:08,2024-05-09 12:23:08,951.14,BRL,Cancelled
ARINV002847,ORD002847,CUST000839,2023-04-02 05:46:43,2023-05-02 05:46:43,424.35,BRL,Paid
ARINV002848,ORD002848,CUST000804,2024-02-12 17:23:32,2024-03-13 17:23:32,470.83,BRL,Paid
ARINV002849,ORD002849,CUST001931,2023-01-03 16:13:53,2023-02-02 16:13:53,334.71,BRL,Paid
ARINV002850,ORD002850,CUST001504,2023-03-26 20:28:58,2023-04-25 20:28:58,762.04,BRL,Paid
ARINV002851,ORD002851,CUST001753,2024-04-12 17:35:43,2024-05-12 17:35:43,514.29,BRL,Open
ARINV002852,ORD002852,CUST000593,2023-11-03 03:29:39,2023-12-03 03:29:39,1177.2,BRL,Paid
ARINV002853,ORD002853,CUST000369,2023-07-30 03:39:07,2023-08-29 03:39:07,997.56,BRL,Paid
ARINV002854,ORD002854,CUST000243,2024-06-16 08:54:11,2024-07-16 08:54:11,1158.39,BRL,Paid
ARINV002855,ORD002855,CUST001401,2024-05-02 09:54:26,2024-06-01 09:54:26,746.69,BRL,Paid
ARINV002856,ORD002856,CUST001161,2024-08-19 01:20:10,2024-09-18 01:20:10,585.79,BRL,Paid
ARINV002857,ORD002857,CUST001079,2024-10-26 07:39:17,2024-11-25 07:39:17,945.04,BRL,Paid
ARINV002858,ORD002858,CUST001899,2024-07-03 17:08:22,2024-08-02 17:08:22,865.21,BRL,Paid
ARINV002859,ORD002859,CUST001282,2024-07-31 06:21:41,2024-08-30 06:21:41,425.84,BRL,Paid
ARINV002860,ORD002860,CUST000962,2024-08-19 09:40:16,2024-09-18 09:40:16,786.11,BRL,Paid
ARINV002861,ORD002861,CUST000044,2023-11-02 04:05:52,2023-12-02 04:05:52,810.48,BRL,Paid
ARINV002862,ORD002862,CUST001225,2023-05-08 01:51:18,2023-06-07 01:51:18,212.52,BRL,Paid
ARINV002863,ORD002863,CUST001583,2024-04-18 16:33:38,2024-05-18 16:33:38,70.85,BRL,Cancelled
ARINV002864,ORD002864,CUST000056,2023-09-04 02:36:45,2023-10-04 02:36:45,1275.92,BRL,Paid
ARINV002865,ORD002865,CUST001891,2024-05-10 04:51:37,2024-06-09 04:51:37,529.6,BRL,Paid
ARINV002866,ORD002866,CUST000307,2024-02-15 09:16:05,2024-03-16 09:16:05,1100.04,BRL,Paid
ARINV002867,ORD002867,CUST001067,2023-11-13 03:28:02,2023-12-13 03:28:02,298.42,BRL,Paid
ARINV002868,ORD002868,CUST000589,2023-08-08 22:33:28,2023-09-07 22:33:28,287.53,BRL,Paid
ARINV002869,ORD002869,CUST001298,2024-07-03 13:21:06,2024-08-02 13:21:06,828.08,BRL,Open
ARINV002870,ORD002870,CUST000255,2023-01-19 21:11:33,2023-02-18 21:11:33,1133.14,BRL,Paid
ARINV002871,ORD002871,CUST000495,2024-05-14 13:11:04,2024-06-13 13:11:04,1330.72,BRL,Cancelled
ARINV002872,ORD002872,CUST000048,2024-10-31 14:53:00,2024-11-30 14:53:00,977.49,BRL,Paid
ARINV002873,ORD002873,CUST000305,2024-10-05 23:18:42,2024-11-04 23:18:42,1713.54,BRL,Paid
ARINV002874,ORD002874,CUST000313,2023-08-07 23:51:18,2023-09-06 23:51:18,314.45,BRL,Paid
ARINV002875,ORD002875,CUST001902,2023-01-02 10:56:38,2023-02-01 10:56:38,1276.0,BRL,Paid
ARINV002876,ORD002876,CUST001996,2024-03-31 23:04:07,2024-04-30 23:04:07,820.59,BRL,Paid
ARINV002877,ORD002877,CUST001859,2024-05-15 08:56:25,2024-06-14 08:56:25,561.0,BRL,Paid
ARINV002878,ORD002878,CUST001601,2023-12-24 11:37:36,2024-01-23 11:37:36,220.66,BRL,Paid
ARINV002879,ORD002879,CUST000713,2024-05-26 10:19:05,2024-06-25 10:19:05,460.33,BRL,Paid
ARINV002880,ORD002880,CUST000858,2023-01-27 06:57:09,2023-02-26 06:57:09,707.68,BRL,Paid
ARINV002881,ORD002881,CUST001041,2024-04-16 12:40:04,2024-05-16 12:40:04,113.98,BRL,Paid
ARINV002882,ORD002882,CUST000628,2023-04-18 15:57:32,2023-05-18 15:57:32,426.24,BRL,Paid
ARINV002883,ORD002883,CUST000639,2024-08-11 01:13:03,2024-09-10 01:13:03,451.94,BRL,Paid
ARINV002884,ORD002884,CUST000021,2024-06-25 11:22:53,2024-07-25 11:22:53,78.35,BRL,Paid
ARINV002885,ORD002885,CUST001243,2023-04-23 13:17:42,2023-05-23 13:17:42,423.38,BRL,Paid
ARINV002886,ORD002886,CUST000959,2024-03-10 16:12:29,2024-04-09 16:12:29,360.13,BRL,Paid
ARINV002887,ORD002887,CUST001488,2024-05-13 08:44:37,2024-06-12 08:44:37,817.16,BRL,Paid
ARINV002888,ORD002888,CUST000540,2024-08-31 14:50:14,2024-09-30 14:50:14,799.7,BRL,Paid
ARINV002889,ORD002889,CUST000932,2024-06-30 19:36:00,2024-07-30 19:36:00,822.42,BRL,Open
ARINV002890,ORD002890,CUST000314,2023-04-20 07:03:28,2023-05-20 07:03:28,764.49,BRL,Paid
ARINV002891,ORD002891,CUST001099,2024-09-10 17:02:34,2024-10-10 17:02:34,1262.37,BRL,Cancelled
ARINV002892,ORD002892,CUST001678,2023-06-18 17:55:52,2023-07-18 17:55:52,1233.51,BRL,Paid
ARINV002893,ORD002893,CUST001709,2024-11-19 08:11:33,2024-12-19 08:11:33,700.73,BRL,Paid
ARINV002894,ORD002894,CUST001710,2024-03-28 02:16:39,2024-04-27 02:16:39,619.03,BRL,Paid
ARINV002895,ORD002895,CUST001799,2023-01-23 07:08:12,2023-02-22 07:08:12,1820.24,BRL,Paid
ARINV002896,ORD002896,CUST000641,2024-04-12 08:18:47,2024-05-12 08:18:47,460.83,BRL,Open
ARINV002897,ORD002897,CUST001670,2024-07-28 05:35:02,2024-08-27 05:35:02,1294.46,BRL,Open
ARINV002898,ORD002898,CUST000176,2023-07-05 15:06:45,2023-08-04 15:06:45,610.23,BRL,Open
ARINV002899,ORD002899,CUST000649,2023-09-28 02:29:13,2023-10-28 02:29:13,276.82,BRL,Paid
ARINV002900,ORD002900,CUST000390,2024-08-20 03:46:30,2024-09-19 03:46:30,1021.39,BRL,Paid
ARINV002901,ORD002901,CUST000203,2023-06-20 02:45:03,2023-07-20 02:45:03,1447.3,BRL,Paid
ARINV002902,ORD002902,CUST000265,2024-01-22 03:00:27,2024-02-21 03:00:27,229.41,BRL,Cancelled
ARINV002903,ORD002903,CUST000328,2024-05-15 23:22:16,2024-06-14 23:22:16,642.87,BRL,Paid
ARINV002904,ORD002904,CUST000185,2024-02-08 11:35:42,2024-03-09 11:35:42,186.04,BRL,Paid
ARINV002905,ORD002905,CUST000098,2024-01-22 13:33:18,2024-02-21 13:33:18,1622.27,BRL,Paid
ARINV002906,ORD002906,CUST000715,2023-10-14 10:25:40,2023-11-13 10:25:40,683.57,BRL,Cancelled
ARINV002907,ORD002907,CUST001813,2024-06-17 03:33:06,2024-07-17 03:33:06,1874.95,BRL,Open
ARINV002908,ORD002908,CUST000637,2023-03-29 07:47:07,2023-04-28 07:47:07,628.13,BRL,Paid
ARINV002909,ORD002909,CUST001907,2024-12-04 12:18:39,2025-01-03 12:18:39,788.9,BRL,Paid
ARINV002910,ORD002910,CUST001526,2023-04-13 21:35:40,2023-05-13 21:35:40,680.3,BRL,Paid
ARINV002911,ORD002911,CUST001525,2023-04-13 19:33:13,2023-05-13 19:33:13,692.83,BRL,Paid
ARINV002912,ORD002912,CUST001424,2024-01-27 04:53:59,2024-02-26 04:53:59,168.71,BRL,Paid
ARINV002913,ORD002913,CUST000531,2023-09-07 07:13:15,2023-10-07 07:13:15,512.14,BRL,Paid
ARINV002914,ORD002914,CUST001909,2023-07-09 16:07:33,2023-08-08 16:07:33,820.29,BRL,Paid
ARINV002915,ORD002915,CUST000709,2023-01-02 18:30:05,2023-02-01 18:30:05,361.57,BRL,Paid
ARINV002916,ORD002916,CUST001187,2023-02-17 20:51:45,2023-03-19 20:51:45,875.26,BRL,Paid
ARINV002917,ORD002917,CUST001864,2024-03-21 03:56:49,2024-04-20 03:56:49,431.22,BRL,Paid
ARINV002918,ORD002918,CUST001614,2024-01-22 05:15:24,2024-02-21 05:15:24,1265.76,BRL,Paid
ARINV002919,ORD002919,CUST001725,2024-10-31 17:34:38,2024-11-30 17:34:38,194.93,BRL,Paid
ARINV002920,ORD002920,CUST000372,2023-04-07 18:10:03,2023-05-07 18:10:03,716.35,BRL,Paid
ARINV002921,ORD002921,CUST001280,2024-02-09 20:25:20,2024-03-10 20:25:20,116.96,BRL,Paid
ARINV002922,ORD002922,CUST000344,2024-08-11 08:05:46,2024-09-10 08:05:46,2384.3,BRL,Paid
ARINV002923,ORD002923,CUST001852,2024-11-01 11:57:38,2024-12-01 11:57:38,2375.93,BRL,Paid
ARINV002924,ORD002924,CUST000227,2024-04-23 10:52:06,2024-05-23 10:52:06,88.16,BRL,Paid
ARINV002925,ORD002925,CUST000876,2023-11-27 08:23:57,2023-12-27 08:23:57,344.31,BRL,Paid
ARINV002926,ORD002926,CUST000885,2024-08-05 01:12:30,2024-09-04 01:12:30,1101.75,BRL,Paid
ARINV002927,ORD002927,CUST001680,2024-10-22 00:33:47,2024-11-21 00:33:47,1280.72,BRL,Paid
ARINV002928,ORD002928,CUST000044,2024-12-23 21:42:22,2025-01-22 21:42:22,212.78,BRL,Paid
ARINV002929,ORD002929,CUST000175,2024-01-18 20:20:23,2024-02-17 20:20:23,652.21,BRL,Paid
ARINV002930,ORD002930,CUST001588,2024-08-16 14:14:43,2024-09-15 14:14:43,524.3,BRL,Paid
ARINV002931,ORD002931,CUST000064,2023-05-01 12:05:30,2023-05-31 12:05:30,259.11,BRL,Cancelled
ARINV002932,ORD002932,CUST000342,2024-09-04 09:03:52,2024-10-04 09:03:52,60.91,BRL,Paid
ARINV002933,ORD002933,CUST000501,2023-06-25 14:37:09,2023-07-25 14:37:09,516.28,BRL,Paid
ARINV002934,ORD002934,CUST001488,2024-03-09 20:48:12,2024-04-08 20:48:12,131.87,BRL,Paid
ARINV002935,ORD002935,CUST000974,2024-04-11 13:21:22,2024-05-11 13:21:22,261.33,BRL,Paid
ARINV002936,ORD002936,CUST001215,2024-09-09 08:26:36,2024-10-09 08:26:36,1480.1,BRL,Paid
ARINV002937,ORD002937,CUST000482,2023-11-02 06:59:42,2023-12-02 06:59:42,1625.75,BRL,Paid
ARINV002938,ORD002938,CUST001501,2024-02-23 13:10:59,2024-03-24 13:10:59,752.53,BRL,Paid
ARINV002939,ORD002939,CUST000664,2023-12-13 09:14:15,2024-01-12 09:14:15,977.3,BRL,Paid
ARINV002940,ORD002940,CUST000705,2023-05-06 00:56:47,2023-06-05 00:56:47,635.22,BRL,Cancelled
ARINV002941,ORD002941,CUST000543,2023-11-08 01:42:51,2023-12-08 01:42:51,151.24,BRL,Cancelled
ARINV002942,ORD002942,CUST001101,2023-06-04 19:46:22,2023-07-04 19:46:22,262.01,BRL,Paid
ARINV002943,ORD002943,CUST001197,2024-06-09 23:06:42,2024-07-09 23:06:42,469.73,BRL,Paid
ARINV002944,ORD002944,CUST001469,2023-08-14 12:20:16,2023-09-13 12:20:16,378.21,BRL,Paid
ARINV002945,ORD002945,CUST000443,2024-05-19 17:56:51,2024-06-18 17:56:51,663.43,BRL,Paid
ARINV002946,ORD002946,CUST000848,2023-02-03 12:34:32,2023-03-05 12:34:32,185.0,BRL,Paid
ARINV002947,ORD002947,CUST000539,2023-03-17 04:43:02,2023-04-16 04:43:02,750.39,BRL,Paid
ARINV002948,ORD002948,CUST000641,2023-04-06 14:16:41,2023-05-06 14:16:41,460.94,BRL,Paid
ARINV002949,ORD002949,CUST000907,2024-08-27 11:40:42,2024-09-26 11:40:42,1864.66,BRL,Paid
ARINV002950,ORD002950,CUST001274,2023-04-29 20:17:33,2023-05-29 20:17:33,638.37,BRL,Paid
ARINV002951,ORD002951,CUST001913,2023-03-04 00:20:30,2023-04-03 00:20:30,1797.26,BRL,Paid
ARINV002952,ORD002952,CUST001012,2024-04-10 23:07:13,2024-05-10 23:07:13,1517.54,BRL,Open
ARINV002953,ORD002953,CUST001973,2023-08-31 01:37:26,2023-09-30 01:37:26,119.39,BRL,Paid
ARINV002954,ORD002954,CUST001627,2024-04-07 12:08:10,2024-05-07 12:08:10,738.66,BRL,Cancelled
ARINV002955,ORD002955,CUST000952,2023-09-28 12:23:21,2023-10-28 12:23:21,797.85,BRL,Paid
ARINV002956,ORD002956,CUST000294,2024-06-30 01:34:20,2024-07-30 01:34:20,299.78,BRL,Paid
ARINV002957,ORD002957,CUST001735,2023-04-30 19:42:42,2023-05-30 19:42:42,917.19,BRL,Paid
ARINV002958,ORD002958,CUST000125,2023-10-24 05:54:19,2023-11-23 05:54:19,834.42,BRL,Paid
ARINV002959,ORD002959,CUST001701,2024-01-04 21:06:25,2024-02-03 21:06:25,771.48,BRL,Paid
ARINV002960,ORD002960,CUST000895,2023-04-18 03:54:50,2023-05-18 03:54:50,1148.39,BRL,Paid
ARINV002961,ORD002961,CUST000516,2024-04-05 13:10:55,2024-05-05 13:10:55,502.35,BRL,Paid
ARINV002962,ORD002962,CUST000097,2024-04-17 05:27:22,2024-05-17 05:27:22,364.22,BRL,Paid
ARINV002963,ORD002963,CUST000876,2024-11-30 20:59:38,2024-12-30 20:59:38,411.75,BRL,Paid
ARINV002964,ORD002964,CUST001263,2023-07-28 21:06:57,2023-08-27 21:06:57,148.92,BRL,Paid
ARINV002965,ORD002965,CUST000045,2024-06-25 12:42:07,2024-07-25 12:42:07,2268.88,BRL,Paid
ARINV002966,ORD002966,CUST000142,2024-09-03 06:37:34,2024-10-03 06:37:34,647.25,BRL,Cancelled
ARINV002967,ORD002967,CUST001515,2023-03-11 07:57:17,2023-04-10 07:57:17,775.38,BRL,Paid
ARINV002968,ORD002968,CUST001980,2024-10-01 16:07:26,2024-10-31 16:07:26,354.95,BRL,Cancelled
ARINV002969,ORD002969,CUST001526,2024-09-02 13:38:17,2024-10-02 13:38:17,697.87,BRL,Paid
ARINV002970,ORD002970,CUST001181,2024-02-21 05:15:15,2024-03-22 05:15:15,866.79,BRL,Paid
ARINV002971,ORD002971,CUST001910,2024-03-30 02:32:23,2024-04-29 02:32:23,1663.36,BRL,Paid
ARINV002972,ORD002972,CUST001803,2024-01-02 04:29:08,2024-02-01 04:29:08,364.82,BRL,Paid
ARINV002973,ORD002973,CUST001962,2024-11-07 01:10:57,2024-12-07 01:10:57,896.77,BRL,Paid
ARINV002974,ORD002974,CUST000460,2023-06-17 08:26:26,2023-07-17 08:26:26,801.03,BRL,Paid
ARINV002975,ORD002975,CUST001886,2023-08-09 22:27:22,2023-09-08 22:27:22,989.9,BRL,Paid
ARINV002976,ORD002976,CUST000904,2023-01-24 14:36:17,2023-02-23 14:36:17,669.55,BRL,Paid
ARINV002977,ORD002977,CUST000924,2023-09-22 08:14:56,2023-10-22 08:14:56,1259.16,BRL,Paid
ARINV002978,ORD002978,CUST000546,2024-11-01 04:45:06,2024-12-01 04:45:06,166.72,BRL,Paid
ARINV002979,ORD002979,CUST001700,2023-05-24 21:48:04,2023-06-23 21:48:04,357.95,BRL,Paid
ARINV002980,ORD002980,CUST000205,2024-05-08 01:46:04,2024-06-07 01:46:04,230.33,BRL,Paid
ARINV002981,ORD002981,CUST000814,2024-07-23 12:14:43,2024-08-22 12:14:43,355.09,BRL,Paid
ARINV002982,ORD002982,CUST001994,2023-04-30 21:04:05,2023-05-30 21:04:05,1731.66,BRL,Paid
ARINV002983,ORD002983,CUST000380,2024-01-06 12:44:43,2024-02-05 12:44:43,821.82,BRL,Paid
ARINV002984,ORD002984,CUST001723,2023-01-07 11:47:45,2023-02-06 11:47:45,848.78,BRL,Paid
ARINV002985,ORD002985,CUST000886,2023-05-16 13:17:42,2023-06-15 13:17:42,77.3,BRL,Paid
ARINV002986,ORD002986,CUST000581,2024-07-17 19:17:52,2024-08-16 19:17:52,397.36,BRL,Paid
ARINV002987,ORD002987,CUST001009,2024-11-26 06:34:08,2024-12-26 06:34:08,1134.5,BRL,Paid
ARINV002988,ORD002988,CUST001713,2023-05-06 09:04:10,2023-06-05 09:04:10,1347.95,BRL,Cancelled
ARINV002989,ORD002989,CUST001607,2023-04-06 22:37:32,2023-05-06 22:37:32,2914.37,BRL,Paid
ARINV002990,ORD002990,CUST000221,2024-02-15 15:05:56,2024-03-16 15:05:56,2195.98,BRL,Cancelled
ARINV002991,ORD002991,CUST000126,2024-08-13 04:47:44,2024-09-12 04:47:44,416.51,BRL,Open
ARINV002992,ORD002992,CUST001975,2023-06-13 18:54:38,2023-07-13 18:54:38,789.23,BRL,Paid
ARINV002993,ORD002993,CUST000626,2023-11-14 20:39:28,2023-12-14 20:39:28,671.29,BRL,Paid
ARINV002994,ORD002994,CUST001424,2024-04-30 21:01:25,2024-05-30 21:01:25,898.68,BRL,Open
ARINV002995,ORD002995,CUST001962,2023-08-29 07:05:19,2023-09-28 07:05:19,784.19,BRL,Paid
ARINV002996,ORD002996,CUST000920,2024-04-27 00:09:48,2024-05-27 00:09:48,1353.48,BRL,Paid
ARINV002997,ORD002997,CUST001123,2024-06-23 17:45:19,2024-07-23 17:45:19,602.49,BRL,Paid
ARINV002998,ORD002998,CUST000429,2023-05-31 05:47:48,2023-06-30 05:47:48,674.8,BRL,Paid
ARINV002999,ORD002999,CUST000567,2024-01-05 10:50:01,2024-02-04 10:50:01,1943.88,BRL,Paid
ARINV003000,ORD003000,CUST000719,2024-06-26 18:08:31,2024-07-26 18:08:31,513.28,BRL,Paid
