document_number,company_code,fiscal_year,posting_date,document_date,document_type,currency,reference,created_by
JE0000001,1000,2024,2024-10-16 01:02:56,2024-10-16 01:02:56,RV,BRL,ARINV001958,johnsonjoshua
JE0000002,1000,2023,2023-11-18 07:22:25,2023-11-18 07:22:25,RV,BRL,ARINV002088,donaldgarcia
JE0000003,1000,2023,2023-12-27 22:29:37,2023-12-27 22:29:37,RV,BRL,ARINV001395,garzaanthony
JE0000004,1000,2023,2023-08-09 05:48:33,2023-08-09 05:48:33,RV,BRL,ARINV001521,robinsonwilliam
JE0000005,1000,2023,2023-11-04 22:49:23,2023-11-04 22:49:23,RV,BRL,ARINV001099,hoffmanjennifer
JE0000006,1000,2023,2023-07-29 01:27:14,2023-07-29 01:27:14,RV,BRL,ARINV000394,lrobinson
JE0000007,1000,2024,2024-10-24 11:46:11,2024-10-24 11:46:11,RV,BRL,ARINV000029,lisa02
JE0000008,1000,2023,2023-07-23 03:23:57,2023-07-23 03:23:57,RV,BRL,ARINV000100,jpeterson
JE0000009,1000,2024,2024-05-23 13:21:00,2024-05-23 13:21:00,RV,BRL,ARINV000352,susanrogers
JE0000010,1000,2023,2023-01-15 10:16:14,2023-01-15 10:16:14,RV,BRL,ARINV002021,jamesmichael
JE0000011,1000,2023,2023-02-13 14:08:10,2023-02-13 14:08:10,RV,BRL,ARINV001353,cassandra07
JE0000012,1000,2023,2023-07-21 00:06:18,2023-07-21 00:06:18,RV,BRL,ARINV001145,dudleynicholas
JE0000013,1000,2024,2024-08-19 01:20:10,2024-08-19 01:20:10,RV,BRL,ARINV002856,maria95
JE0000014,1000,2023,2023-02-26 09:53:13,2023-02-26 09:53:13,RV,BRL,ARINV001226,janetwilliams
JE0000015,1000,2023,2023-07-05 12:09:29,2023-07-05 12:09:29,RV,BRL,ARINV000298,kendragalloway
JE0000016,1000,2024,2024-05-12 23:59:46,2024-05-12 23:59:46,RV,BRL,ARINV001786,michellejames
JE0000017,1000,2023,2023-07-08 09:29:04,2023-07-08 09:29:04,RV,BRL,ARINV000127,xreid
JE0000018,1000,2023,2023-12-20 22:36:13,2023-12-20 22:36:13,RV,BRL,ARINV002758,mitchellclark
JE0000019,1000,2024,2024-10-08 11:55:08,2024-10-08 11:55:08,RV,BRL,ARINV001597,jacqueline19
JE0000020,1000,2024,2024-05-24 10:55:44,2024-05-24 10:55:44,RV,BRL,ARINV002028,amandasanchez
JE0000021,1000,2024,2024-06-23 17:45:19,2024-06-23 17:45:19,RV,BRL,ARINV002997,ogray
JE0000022,1000,2024,2024-09-12 01:43:44,2024-09-12 01:43:44,RV,BRL,ARINV000682,gabriellecameron
JE0000023,1000,2024,2024-11-15 21:30:35,2024-11-15 21:30:35,RV,BRL,ARINV000046,perezantonio
JE0000024,1000,2024,2024-04-10 11:11:12,2024-04-10 11:11:12,RV,BRL,ARINV001437,richard13
JE0000025,1000,2024,2024-11-19 06:03:41,2024-11-19 06:03:41,RV,BRL,ARINV002748,jason76
JE0000026,1000,2023,2023-01-12 09:59:04,2023-01-12 09:59:04,RV,BRL,ARINV000302,ithomas
JE0000027,1000,2024,2024-10-26 11:17:12,2024-10-26 11:17:12,RV,BRL,ARINV002649,julieryan
JE0000028,1000,2024,2024-05-18 05:25:16,2024-05-18 05:25:16,RV,BRL,ARINV001608,zhurst
JE0000029,1000,2023,2023-02-11 14:12:22,2023-02-11 14:12:22,RV,BRL,ARINV000637,jeffrey28
JE0000030,1000,2023,2023-10-22 09:48:25,2023-10-22 09:48:25,RV,BRL,ARINV000548,ddavis
JE0000031,1000,2024,2024-02-10 20:43:50,2024-02-10 20:43:50,RV,BRL,ARINV001266,hernandezernest
JE0000032,1000,2023,2023-08-12 20:57:27,2023-08-12 20:57:27,RV,BRL,ARINV001271,ycarlson
JE0000033,1000,2023,2023-11-02 08:38:39,2023-11-02 08:38:39,RV,BRL,ARINV000679,dcarlson
JE0000034,1000,2023,2023-12-10 15:12:03,2023-12-10 15:12:03,RV,BRL,ARINV002613,tasha01
JE0000035,1000,2023,2023-12-18 02:18:49,2023-12-18 02:18:49,RV,BRL,ARINV002157,kayla51
JE0000036,1000,2024,2024-05-04 08:08:45,2024-05-04 08:08:45,RV,BRL,ARINV000706,ryan70
JE0000037,1000,2024,2024-07-20 20:23:13,2024-07-20 20:23:13,RV,BRL,ARINV001509,teresa28
JE0000038,1000,2024,2024-06-03 17:19:15,2024-06-03 17:19:15,RV,BRL,ARINV000111,harrellkenneth
JE0000039,1000,2024,2024-02-02 12:51:21,2024-02-02 12:51:21,RV,BRL,ARINV002354,ericfarmer
JE0000040,1000,2024,2024-11-22 11:53:07,2024-11-22 11:53:07,RV,BRL,ARINV002178,georgetracy
JE0000041,1000,2023,2023-01-06 05:13:57,2023-01-06 05:13:57,RV,BRL,ARINV002049,hickmannatasha
JE0000042,1000,2023,2023-09-25 08:16:45,2023-09-25 08:16:45,RV,BRL,ARINV000283,john39
JE0000043,1000,2024,2024-01-03 12:36:05,2024-01-03 12:36:05,RV,BRL,ARINV001101,millertodd
JE0000044,1000,2023,2023-10-14 06:26:47,2023-10-14 06:26:47,RV,BRL,ARINV000561,spenceamanda
JE0000045,1000,2024,2024-05-06 08:01:49,2024-05-06 08:01:49,RV,BRL,ARINV000564,davidalvarez
JE0000046,1000,2024,2024-02-25 01:35:51,2024-02-25 01:35:51,RV,BRL,ARINV000578,josephbrennan
JE0000047,1000,2024,2024-10-27 20:27:55,2024-10-27 20:27:55,RV,BRL,ARINV001820,ibrandt
JE0000048,1000,2023,2023-08-26 00:29:43,2023-08-26 00:29:43,RV,BRL,ARINV001951,jenniferross
JE0000049,1000,2023,2023-11-04 01:35:16,2023-11-04 01:35:16,RV,BRL,ARINV001560,samuel87
JE0000050,1000,2024,2024-09-03 10:23:20,2024-09-03 10:23:20,RV,BRL,ARINV000300,wrightcaleb
JE0000051,1000,2023,2023-01-02 12:32:09,2023-01-02 12:32:09,RV,BRL,ARINV001923,chapmanjerry
JE0000052,1000,2023,2023-12-19 04:47:16,2023-12-19 04:47:16,RV,BRL,ARINV001066,adrianzimmerman
JE0000053,1000,2023,2023-03-02 20:53:46,2023-03-02 20:53:46,RV,BRL,ARINV002039,perezrebecca
JE0000054,1000,2023,2023-07-07 20:59:11,2023-07-07 20:59:11,RV,BRL,ARINV000535,chad34
JE0000055,1000,2024,2024-04-23 10:52:06,2024-04-23 10:52:06,RV,BRL,ARINV002924,ilewis
JE0000056,1000,2023,2023-03-27 12:06:00,2023-03-27 12:06:00,RV,BRL,ARINV002766,esanchez
JE0000057,1000,2023,2023-02-03 03:49:06,2023-02-03 03:49:06,RV,BRL,ARINV002227,glee
JE0000058,1000,2023,2023-12-01 20:07:07,2023-12-01 20:07:07,RV,BRL,ARINV000274,agomez
JE0000059,1000,2023,2023-03-03 00:21:31,2023-03-03 00:21:31,RV,BRL,ARINV000395,dshields
JE0000060,1000,2024,2024-01-31 20:39:29,2024-01-31 20:39:29,RV,BRL,ARINV000193,brownjessica
JE0000061,1000,2023,2023-10-31 20:23:09,2023-10-31 20:23:09,RV,BRL,ARINV000099,wrightjames
JE0000062,1000,2023,2023-05-03 15:29:20,2023-05-03 15:29:20,RV,BRL,ARINV001202,ltaylor
JE0000063,1000,2023,2023-03-13 21:51:09,2023-03-13 21:51:09,RV,BRL,ARINV002631,steven17
JE0000064,1000,2024,2024-08-19 11:15:58,2024-08-19 11:15:58,RV,BRL,ARINV002246,williamsyvette
JE0000065,1000,2024,2024-01-30 06:21:14,2024-01-30 06:21:14,RV,BRL,ARINV001229,novaksara
JE0000066,1000,2023,2023-09-28 05:46:55,2023-09-28 05:46:55,RV,BRL,ARINV000541,gabrieltucker
JE0000067,1000,2024,2024-10-16 01:18:02,2024-10-16 01:18:02,RV,BRL,ARINV002389,michellebarrera
JE0000068,1000,2024,2024-05-04 17:56:32,2024-05-04 17:56:32,RV,BRL,ARINV000042,nicholasgalloway
JE0000069,1000,2024,2024-02-09 07:32:30,2024-02-09 07:32:30,RV,BRL,ARINV000956,sara74
JE0000070,1000,2024,2024-12-17 17:55:17,2024-12-17 17:55:17,RV,BRL,ARINV002329,uhorton
JE0000071,1000,2023,2023-06-20 01:43:27,2023-06-20 01:43:27,RV,BRL,ARINV002621,smoore
JE0000072,1000,2023,2023-06-16 00:02:39,2023-06-16 00:02:39,RV,BRL,ARINV001136,tanyariley
JE0000073,1000,2023,2023-04-28 01:09:15,2023-04-28 01:09:15,RV,BRL,ARINV001598,adkinsbrian
JE0000074,1000,2023,2023-02-10 04:56:13,2023-02-10 04:56:13,RV,BRL,ARINV000206,hshaw
JE0000075,1000,2023,2023-11-16 02:43:57,2023-11-16 02:43:57,RV,BRL,ARINV002260,brianromero
JE0000076,1000,2024,2024-03-13 14:25:44,2024-03-13 14:25:44,RV,BRL,ARINV000004,caseyjones
JE0000077,1000,2023,2023-12-20 23:10:49,2023-12-20 23:10:49,RV,BRL,ARINV000621,richarddavid
JE0000078,1000,2023,2023-11-15 20:01:56,2023-11-15 20:01:56,RV,BRL,ARINV000536,bethwilliams
JE0000079,1000,2024,2024-10-02 05:01:39,2024-10-02 05:01:39,RV,BRL,ARINV002361,barnesbrandy
JE0000080,1000,2024,2024-11-06 04:52:46,2024-11-06 04:52:46,RV,BRL,ARINV001491,sarah35
JE0000081,1000,2024,2024-10-28 10:23:25,2024-10-28 10:23:25,RV,BRL,ARINV000293,josephanderson
JE0000082,1000,2023,2023-01-27 09:40:18,2023-01-27 09:40:18,RV,BRL,ARINV000928,stephen10
JE0000083,1000,2024,2024-04-08 09:57:10,2024-04-08 09:57:10,RV,BRL,ARINV002301,khowell
JE0000084,1000,2023,2023-11-02 05:17:10,2023-11-02 05:17:10,RV,BRL,ARINV001661,jonesjason
JE0000085,1000,2023,2023-07-31 02:40:22,2023-07-31 02:40:22,RV,BRL,ARINV000433,david51
JE0000086,1000,2024,2024-06-03 10:37:35,2024-06-03 10:37:35,RV,BRL,ARINV000749,mikemoore
JE0000087,1000,2023,2023-07-30 05:05:12,2023-07-30 05:05:12,RV,BRL,ARINV000608,cheryl80
JE0000088,1000,2024,2024-10-25 13:31:38,2024-10-25 13:31:38,RV,BRL,ARINV000614,sarah12
JE0000089,1000,2023,2023-06-16 04:58:57,2023-06-16 04:58:57,RV,BRL,ARINV000789,darrell18
JE0000090,1000,2023,2023-09-05 07:54:04,2023-09-05 07:54:04,RV,BRL,ARINV001989,josephjacobs
JE0000091,1000,2023,2023-10-18 03:10:21,2023-10-18 03:10:21,RV,BRL,ARINV000784,james48
JE0000092,1000,2023,2023-05-21 07:17:00,2023-05-21 07:17:00,RV,BRL,ARINV001793,dking
JE0000093,1000,2024,2024-06-22 05:08:46,2024-06-22 05:08:46,RV,BRL,ARINV002030,waltersmaria
JE0000094,1000,2024,2024-03-21 16:09:36,2024-03-21 16:09:36,RV,BRL,ARINV002472,smithkellie
JE0000095,1000,2024,2024-08-23 23:34:08,2024-08-23 23:34:08,RV,BRL,ARINV000797,evan78
JE0000096,1000,2023,2023-04-08 22:21:11,2023-04-08 22:21:11,RV,BRL,ARINV002186,hhoffman
JE0000097,1000,2024,2024-03-10 04:27:07,2024-03-10 04:27:07,RV,BRL,ARINV001673,landryhannah
JE0000098,1000,2024,2024-09-05 10:14:56,2024-09-05 10:14:56,RV,BRL,ARINV000714,amydavenport
JE0000099,1000,2023,2023-04-01 01:03:50,2023-04-01 01:03:50,RV,BRL,ARINV002213,russellwilliams
JE0000100,1000,2023,2023-05-04 19:57:10,2023-05-04 19:57:10,RV,BRL,ARINV001966,rachel05
JE0000101,1000,2023,2023-05-03 22:45:12,2023-05-03 22:45:12,RV,BRL,ARINV000528,evelynestrada
JE0000102,1000,2023,2023-11-01 17:17:18,2023-11-01 17:17:18,RV,BRL,ARINV001637,kimberly69
JE0000103,1000,2024,2024-02-20 16:27:38,2024-02-20 16:27:38,RV,BRL,ARINV000051,sarayoung
JE0000104,1000,2023,2023-10-13 11:47:40,2023-10-13 11:47:40,RV,BRL,ARINV002816,theresacochran
JE0000105,1000,2024,2024-09-14 09:19:50,2024-09-14 09:19:50,RV,BRL,ARINV000292,vjohnson
JE0000106,1000,2023,2023-09-10 22:28:55,2023-09-10 22:28:55,RV,BRL,ARINV001431,kimberly63
JE0000107,1000,2023,2023-10-01 03:01:59,2023-10-01 03:01:59,RV,BRL,ARINV000221,erik16
JE0000108,1000,2024,2024-11-12 07:40:54,2024-11-12 07:40:54,RV,BRL,ARINV001824,garrisonjeffrey
JE0000109,1000,2024,2024-06-16 02:25:52,2024-06-16 02:25:52,RV,BRL,ARINV002460,ybailey
JE0000110,1000,2024,2024-07-07 12:46:14,2024-07-07 12:46:14,RV,BRL,ARINV001552,jeffreykeller
JE0000111,1000,2023,2023-10-10 13:45:41,2023-10-10 13:45:41,RV,BRL,ARINV002161,emurphy
JE0000112,1000,2023,2023-07-09 22:04:39,2023-07-09 22:04:39,RV,BRL,ARINV002546,michael86
JE0000113,1000,2023,2023-07-20 01:57:54,2023-07-20 01:57:54,RV,BRL,ARINV002767,sheila14
JE0000114,1000,2023,2023-07-28 21:06:57,2023-07-28 21:06:57,RV,BRL,ARINV002964,beverlyterrell
JE0000115,1000,2024,2024-02-07 16:45:59,2024-02-07 16:45:59,RV,BRL,ARINV001154,rodriguezryan
JE0000116,1000,2023,2023-02-03 11:50:55,2023-02-03 11:50:55,RV,BRL,ARINV000814,samuel81
JE0000117,1000,2024,2024-10-17 07:09:40,2024-10-17 07:09:40,RV,BRL,ARINV001947,mlam
JE0000118,1000,2023,2023-01-02 05:26:07,2023-01-02 05:26:07,RV,BRL,ARINV001590,bradley60
JE0000119,1000,2024,2024-08-09 08:54:06,2024-08-09 08:54:06,RV,BRL,ARINV002699,michaeljones
JE0000120,1000,2023,2023-07-29 12:22:47,2023-07-29 12:22:47,RV,BRL,ARINV002673,cindy14
JE0000121,1000,2024,2024-08-21 07:50:47,2024-08-21 07:50:47,RV,BRL,ARINV002365,elizabeth56
JE0000122,1000,2024,2024-06-08 13:35:52,2024-06-08 13:35:52,RV,BRL,ARINV000005,angela36
JE0000123,1000,2023,2023-09-28 21:34:27,2023-09-28 21:34:27,RV,BRL,ARINV000726,lbyrd
JE0000124,1000,2023,2023-03-08 12:12:02,2023-03-08 12:12:02,RV,BRL,ARINV002456,richard04
JE0000125,1000,2024,2024-09-24 20:50:11,2024-09-24 20:50:11,RV,BRL,ARINV001948,jason99
JE0000126,1000,2023,2023-10-19 22:13:42,2023-10-19 22:13:42,RV,BRL,ARINV002681,steven73
JE0000127,1000,2024,2024-08-01 03:21:17,2024-08-01 03:21:17,RV,BRL,ARINV000007,yleon
JE0000128,1000,2024,2024-02-01 15:59:31,2024-02-01 15:59:31,RV,BRL,ARINV001105,donnacampbell
JE0000129,1000,2024,2024-10-24 17:44:30,2024-10-24 17:44:30,RV,BRL,ARINV001293,clarence34
JE0000130,1000,2024,2024-04-04 08:00:14,2024-04-04 08:00:14,RV,BRL,ARINV002710,lindsayhernandez
JE0000131,1000,2024,2024-11-03 10:09:24,2024-11-03 10:09:24,RV,BRL,ARINV001630,sanchezthomas
JE0000132,1000,2023,2023-01-03 16:13:53,2023-01-03 16:13:53,RV,BRL,ARINV002849,gibsonolivia
JE0000133,1000,2023,2023-11-19 16:52:29,2023-11-19 16:52:29,RV,BRL,ARINV000526,jennifercruz
JE0000134,1000,2023,2023-11-15 11:36:43,2023-11-15 11:36:43,RV,BRL,ARINV001927,psanchez
JE0000135,1000,2023,2023-10-24 18:30:13,2023-10-24 18:30:13,RV,BRL,ARINV000912,staffordmichelle
JE0000136,1000,2024,2024-08-03 23:33:28,2024-08-03 23:33:28,RV,BRL,ARINV002097,osbornejeffery
JE0000137,1000,2024,2024-06-09 22:54:17,2024-06-09 22:54:17,RV,BRL,ARINV001855,pwilliams
JE0000138,1000,2024,2024-09-16 11:40:00,2024-09-16 11:40:00,RV,BRL,ARINV000774,bryantlaurie
JE0000139,1000,2024,2024-04-16 02:13:51,2024-04-16 02:13:51,RV,BRL,ARINV000590,stephanie79
JE0000140,1000,2023,2023-08-04 18:45:52,2023-08-04 18:45:52,RV,BRL,ARINV000903,jrivas
JE0000141,1000,2024,2024-01-22 20:04:07,2024-01-22 20:04:07,RV,BRL,ARINV002600,vmerritt
JE0000142,1000,2024,2024-02-12 14:47:14,2024-02-12 14:47:14,RV,BRL,ARINV001968,wcole
JE0000143,1000,2024,2024-08-16 14:14:43,2024-08-16 14:14:43,RV,BRL,ARINV002930,maryramirez
JE0000144,1000,2024,2024-03-28 10:47:43,2024-03-28 10:47:43,RV,BRL,ARINV001684,rsims
JE0000145,1000,2023,2023-05-31 17:49:49,2023-05-31 17:49:49,RV,BRL,ARINV002704,sjones
JE0000146,1000,2024,2024-11-05 08:55:59,2024-11-05 08:55:59,RV,BRL,ARINV001847,josephflores
JE0000147,1000,2023,2023-05-26 22:27:29,2023-05-26 22:27:29,RV,BRL,ARINV002583,taylorjesse
JE0000148,1000,2023,2023-07-22 13:15:07,2023-07-22 13:15:07,RV,BRL,ARINV001662,jasminebrown
JE0000149,1000,2024,2024-05-02 06:21:22,2024-05-02 06:21:22,RV,BRL,ARINV000307,drivera
JE0000150,1000,2023,2023-12-28 06:25:20,2023-12-28 06:25:20,RV,BRL,ARINV000517,abrown
JE0000151,1000,2024,2024-03-28 18:35:30,2024-03-28 18:35:30,RV,BRL,ARINV001614,lstein
JE0000152,1000,2024,2024-07-17 05:01:21,2024-07-17 05:01:21,RV,BRL,ARINV001587,gateskathy
JE0000153,1000,2024,2024-06-26 18:08:31,2024-06-26 18:08:31,RV,BRL,ARINV003000,wwoods
JE0000154,1000,2024,2024-11-19 14:04:50,2024-11-19 14:04:50,RV,BRL,ARINV002572,karen68
JE0000155,1000,2023,2023-11-27 23:53:52,2023-11-27 23:53:52,RV,BRL,ARINV000041,tracynelson
JE0000156,1000,2023,2023-09-26 14:47:46,2023-09-26 14:47:46,RV,BRL,ARINV000367,vjohnson
JE0000157,1000,2023,2023-01-08 06:37:43,2023-01-08 06:37:43,RV,BRL,ARINV001652,dramsey
JE0000158,1000,2023,2023-07-03 07:07:51,2023-07-03 07:07:51,RV,BRL,ARINV000589,tinaferguson
JE0000159,1000,2023,2023-03-16 06:36:52,2023-03-16 06:36:52,RV,BRL,ARINV000011,qvargas
JE0000160,1000,2024,2024-03-04 15:44:00,2024-03-04 15:44:00,RV,BRL,ARINV002687,millerroy
JE0000161,1000,2023,2023-05-20 03:16:10,2023-05-20 03:16:10,RV,BRL,ARINV001239,qwhite
JE0000162,1000,2023,2023-12-15 02:07:36,2023-12-15 02:07:36,RV,BRL,ARINV002337,dmurphy
JE0000163,1000,2024,2024-05-18 10:39:02,2024-05-18 10:39:02,RV,BRL,ARINV002689,matthew64
JE0000164,1000,2024,2024-10-06 17:23:49,2024-10-06 17:23:49,RV,BRL,ARINV002342,fking
JE0000165,1000,2023,2023-03-10 04:33:06,2023-03-10 04:33:06,RV,BRL,ARINV002338,ismith
JE0000166,1000,2023,2023-04-06 23:03:45,2023-04-06 23:03:45,RV,BRL,ARINV002657,cookemichael
JE0000167,1000,2024,2024-04-07 18:29:55,2024-04-07 18:29:55,RV,BRL,ARINV001827,harringtondenise
JE0000168,1000,2023,2023-03-17 04:43:02,2023-03-17 04:43:02,RV,BRL,ARINV002947,herringjames
JE0000169,1000,2024,2024-11-10 18:25:01,2024-11-10 18:25:01,RV,BRL,ARINV001376,howelljohn
JE0000170,1000,2023,2023-03-17 07:30:01,2023-03-17 07:30:01,RV,BRL,ARINV002797,kcaldwell
JE0000171,1000,2023,2023-11-29 16:06:54,2023-11-29 16:06:54,RV,BRL,ARINV001219,stevenscott
JE0000172,1000,2023,2023-05-08 19:00:52,2023-05-08 19:00:52,RV,BRL,ARINV001127,gary91
JE0000173,1000,2024,2024-04-30 03:13:46,2024-04-30 03:13:46,RV,BRL,ARINV001987,tamirodriguez
JE0000174,1000,2024,2024-09-05 12:26:20,2024-09-05 12:26:20,RV,BRL,ARINV000322,hickmanbarbara
JE0000175,1000,2024,2024-11-01 11:57:38,2024-11-01 11:57:38,RV,BRL,ARINV002923,tsanders
JE0000176,1000,2024,2024-07-18 08:37:38,2024-07-18 08:37:38,RV,BRL,ARINV001407,charlesvaughn
JE0000177,1000,2024,2024-04-04 01:25:21,2024-04-04 01:25:21,RV,BRL,ARINV001563,curtisbarton
JE0000178,1000,2024,2024-07-19 12:52:20,2024-07-19 12:52:20,RV,BRL,ARINV000397,hoganashlee
JE0000179,1000,2024,2024-05-29 11:55:51,2024-05-29 11:55:51,RV,BRL,ARINV001434,reedross
JE0000180,1000,2023,2023-04-07 17:16:14,2023-04-07 17:16:14,RV,BRL,ARINV002146,casey50
JE0000181,1000,2024,2024-02-14 10:51:52,2024-02-14 10:51:52,RV,BRL,ARINV002191,gshort
JE0000182,1000,2024,2024-05-31 03:52:01,2024-05-31 03:52:01,RV,BRL,ARINV000772,oyu
JE0000183,1000,2023,2023-06-18 15:31:24,2023-06-18 15:31:24,RV,BRL,ARINV001242,bzimmerman
JE0000184,1000,2023,2023-01-18 19:10:42,2023-01-18 19:10:42,RV,BRL,ARINV002739,jessicasheppard
JE0000185,1000,2024,2024-01-05 22:21:06,2024-01-05 22:21:06,RV,BRL,ARINV002770,christina87
JE0000186,1000,2024,2024-03-26 16:38:09,2024-03-26 16:38:09,RV,BRL,ARINV001146,ugraham
JE0000187,1000,2024,2024-02-05 21:18:07,2024-02-05 21:18:07,RV,BRL,ARINV001656,marcus31
JE0000188,1000,2023,2023-05-21 09:50:52,2023-05-21 09:50:52,RV,BRL,ARINV001754,nicole37
JE0000189,1000,2024,2024-12-19 23:28:56,2024-12-19 23:28:56,RV,BRL,ARINV000112,frogers
JE0000190,1000,2023,2023-01-10 11:26:32,2023-01-10 11:26:32,RV,BRL,ARINV001698,hunter35
JE0000191,1000,2024,2024-09-11 08:22:36,2024-09-11 08:22:36,RV,BRL,ARINV002668,matthew94
JE0000192,1000,2024,2024-02-06 05:49:03,2024-02-06 05:49:03,RV,BRL,ARINV002535,blackjames
JE0000193,1000,2024,2024-10-23 12:12:05,2024-10-23 12:12:05,RV,BRL,ARINV002692,jenniferfreeman
JE0000194,1000,2023,2023-07-07 06:27:39,2023-07-07 06:27:39,RV,BRL,ARINV001525,hannahbrewer
JE0000195,1000,2024,2024-07-08 23:14:16,2024-07-08 23:14:16,RV,BRL,ARINV000331,bwest
JE0000196,1000,2024,2024-12-23 17:51:31,2024-12-23 17:51:31,RV,BRL,ARINV002697,phillipsrichard
JE0000197,1000,2024,2024-01-14 15:10:57,2024-01-14 15:10:57,RV,BRL,ARINV000256,kevinperkins
JE0000198,1000,2024,2024-05-14 09:13:36,2024-05-14 09:13:36,RV,BRL,ARINV000158,wtran
JE0000199,1000,2023,2023-05-21 12:07:01,2023-05-21 12:07:01,RV,BRL,ARINV000319,jbarajas
JE0000200,1000,2024,2024-05-25 09:03:58,2024-05-25 09:03:58,RV,BRL,ARINV000631,michael74
JE0000201,1000,2024,2024-10-02 19:55:03,2024-10-02 19:55:03,RV,BRL,ARINV002207,john13
JE0000202,1000,2024,2024-04-28 19:49:40,2024-04-28 19:49:40,RV,BRL,ARINV000315,david82
JE0000203,1000,2024,2024-08-11 23:23:17,2024-08-11 23:23:17,RV,BRL,ARINV001826,javierwashington
JE0000204,1000,2023,2023-04-18 03:54:50,2023-04-18 03:54:50,RV,BRL,ARINV002960,tina34
JE0000205,1000,2023,2023-07-05 07:48:57,2023-07-05 07:48:57,RV,BRL,ARINV001545,michaelturner
JE0000206,1000,2023,2023-05-24 12:16:31,2023-05-24 12:16:31,RV,BRL,ARINV000855,joshuamccann
JE0000207,1000,2023,2023-11-19 21:39:49,2023-11-19 21:39:49,RV,BRL,ARINV002016,heidi27
JE0000208,1000,2024,2024-10-23 07:26:05,2024-10-23 07:26:05,RV,BRL,ARINV002398,salasaudrey
JE0000209,1000,2023,2023-02-10 10:34:08,2023-02-10 10:34:08,RV,BRL,ARINV000347,vmendoza
JE0000210,1000,2023,2023-10-13 11:29:43,2023-10-13 11:29:43,RV,BRL,ARINV000599,tammyking
JE0000211,1000,2023,2023-05-18 05:27:57,2023-05-18 05:27:57,RV,BRL,ARINV000856,ewilson
JE0000212,1000,2023,2023-07-18 11:17:57,2023-07-18 11:17:57,RV,BRL,ARINV000443,kvasquez
JE0000213,1000,2023,2023-03-19 10:22:17,2023-03-19 10:22:17,RV,BRL,ARINV002333,hernandezlisa
JE0000214,1000,2024,2024-03-22 20:41:40,2024-03-22 20:41:40,RV,BRL,ARINV002001,christopher31
JE0000215,1000,2024,2024-02-12 17:23:32,2024-02-12 17:23:32,RV,BRL,ARINV002848,yobrien
JE0000216,1000,2023,2023-03-03 03:29:14,2023-03-03 03:29:14,RV,BRL,ARINV001534,kimberlyjames
JE0000217,1000,2023,2023-10-14 19:43:30,2023-10-14 19:43:30,RV,BRL,ARINV000762,levans
JE0000218,1000,2024,2024-06-02 06:04:49,2024-06-02 06:04:49,RV,BRL,ARINV002012,ntorres
JE0000219,1000,2023,2023-06-20 02:45:03,2023-06-20 02:45:03,RV,BRL,ARINV002901,lynchjody
JE0000220,1000,2023,2023-07-17 06:39:49,2023-07-17 06:39:49,RV,BRL,ARINV001358,colleenbaker
JE0000221,1000,2023,2023-04-12 21:28:12,2023-04-12 21:28:12,RV,BRL,ARINV001638,mooreglenn
JE0000222,1000,2024,2024-03-30 10:04:27,2024-03-30 10:04:27,RV,BRL,ARINV001078,moorericky
JE0000223,1000,2023,2023-07-10 20:24:48,2023-07-10 20:24:48,RV,BRL,ARINV001991,ocarter
JE0000224,1000,2024,2024-02-19 13:52:52,2024-02-19 13:52:52,RV,BRL,ARINV000966,jasmine71
JE0000225,1000,2023,2023-05-27 20:06:19,2023-05-27 20:06:19,RV,BRL,ARINV002276,sandrafrench
JE0000226,1000,2023,2023-10-11 20:51:24,2023-10-11 20:51:24,RV,BRL,ARINV002195,ronaldstephens
JE0000227,1000,2024,2024-12-13 05:58:54,2024-12-13 05:58:54,RV,BRL,ARINV000587,rebekahserrano
JE0000228,1000,2024,2024-05-02 17:02:22,2024-05-02 17:02:22,RV,BRL,ARINV000066,brownlaura
JE0000229,1000,2023,2023-01-01 12:26:31,2023-01-01 12:26:31,RV,BRL,ARINV000937,scott74
JE0000230,1000,2023,2023-01-05 21:58:17,2023-01-05 21:58:17,RV,BRL,ARINV002485,gbender
JE0000231,1000,2024,2024-10-16 03:21:33,2024-10-16 03:21:33,RV,BRL,ARINV000731,mkim
JE0000232,1000,2024,2024-08-13 13:41:19,2024-08-13 13:41:19,RV,BRL,ARINV001235,prestonjessica
JE0000233,1000,2023,2023-08-31 17:25:50,2023-08-31 17:25:50,RV,BRL,ARINV001132,anthony39
JE0000234,1000,2024,2024-10-07 06:04:39,2024-10-07 06:04:39,RV,BRL,ARINV001472,keyemily
JE0000235,1000,2023,2023-07-08 22:28:22,2023-07-08 22:28:22,RV,BRL,ARINV002317,barbara27
JE0000236,1000,2023,2023-05-13 11:39:18,2023-05-13 11:39:18,RV,BRL,ARINV000757,lmoon
JE0000237,1000,2023,2023-05-21 07:01:51,2023-05-21 07:01:51,RV,BRL,ARINV002027,fwalters
JE0000238,1000,2023,2023-11-21 04:58:39,2023-11-21 04:58:39,RV,BRL,ARINV002250,harrisonricky
JE0000239,1000,2023,2023-09-05 20:28:12,2023-09-05 20:28:12,RV,BRL,ARINV002515,elizabeth25
JE0000240,1000,2024,2024-10-18 05:31:30,2024-10-18 05:31:30,RV,BRL,ARINV002256,ssteele
JE0000241,1000,2023,2023-08-31 01:37:26,2023-08-31 01:37:26,RV,BRL,ARINV002953,jcervantes
JE0000242,1000,2024,2024-04-10 00:38:00,2024-04-10 00:38:00,RV,BRL,ARINV001594,gibsonleonard
JE0000243,1000,2024,2024-05-17 14:55:17,2024-05-17 14:55:17,RV,BRL,ARINV001609,darrell68
JE0000244,1000,2024,2024-04-08 00:43:25,2024-04-08 00:43:25,RV,BRL,ARINV002052,sandovalamy
JE0000245,1000,2023,2023-05-15 23:23:53,2023-05-15 23:23:53,RV,BRL,ARINV000798,hbrown
JE0000246,1000,2024,2024-06-22 23:56:04,2024-06-22 23:56:04,RV,BRL,ARINV001269,cindy77
JE0000247,1000,2024,2024-06-30 06:40:32,2024-06-30 06:40:32,RV,BRL,ARINV001774,harrisandrea
JE0000248,1000,2023,2023-10-12 08:17:30,2023-10-12 08:17:30,RV,BRL,ARINV000249,samuel71
JE0000249,1000,2024,2024-12-24 13:15:06,2024-12-24 13:15:06,RV,BRL,ARINV000108,dudleychelsea
JE0000250,1000,2024,2024-02-04 07:13:27,2024-02-04 07:13:27,RV,BRL,ARINV002419,jennifercollins
JE0000251,1000,2024,2024-02-28 11:17:24,2024-02-28 11:17:24,RV,BRL,ARINV002750,tranchristopher
JE0000252,1000,2024,2024-02-03 06:25:58,2024-02-03 06:25:58,RV,BRL,ARINV002129,murraydavid
JE0000253,1000,2024,2024-05-11 15:31:58,2024-05-11 15:31:58,RV,BRL,ARINV001901,tyronemoran
JE0000254,1000,2024,2024-09-10 17:02:34,2024-09-10 17:02:34,RV,BRL,ARINV002891,robert77
JE0000255,1000,2023,2023-09-05 01:53:38,2023-09-05 01:53:38,RV,BRL,ARINV002763,stephenthomas
JE0000256,1000,2023,2023-06-27 18:24:37,2023-06-27 18:24:37,RV,BRL,ARINV001505,sandraromero
JE0000257,1000,2023,2023-10-30 05:42:54,2023-10-30 05:42:54,RV,BRL,ARINV002318,michellehill
JE0000258,1000,2024,2024-08-10 22:31:38,2024-08-10 22:31:38,RV,BRL,ARINV001393,ymorgan
JE0000259,1000,2023,2023-04-04 00:08:23,2023-04-04 00:08:23,RV,BRL,ARINV000228,lori44
JE0000260,1000,2023,2023-08-21 02:52:02,2023-08-21 02:52:02,RV,BRL,ARINV002602,cgrimes
JE0000261,1000,2024,2024-08-03 14:05:01,2024-08-03 14:05:01,RV,BRL,ARINV002037,jreed
JE0000262,1000,2024,2024-03-19 21:16:17,2024-03-19 21:16:17,RV,BRL,ARINV002684,ugibson
JE0000263,1000,2024,2024-03-30 00:29:45,2024-03-30 00:29:45,RV,BRL,ARINV000976,tinaallen
JE0000264,1000,2024,2024-05-23 01:04:50,2024-05-23 01:04:50,RV,BRL,ARINV000886,xhall
JE0000265,1000,2024,2024-01-19 06:45:22,2024-01-19 06:45:22,RV,BRL,ARINV002596,vwilliams
JE0000266,1000,2023,2023-12-16 22:28:51,2023-12-16 22:28:51,RV,BRL,ARINV000225,zthornton
JE0000267,1000,2023,2023-07-13 13:50:40,2023-07-13 13:50:40,RV,BRL,ARINV000917,qhughes
JE0000268,1000,2024,2024-06-15 05:07:15,2024-06-15 05:07:15,RV,BRL,ARINV002183,tylerjohnson
JE0000269,1000,2023,2023-12-07 19:31:35,2023-12-07 19:31:35,RV,BRL,ARINV002403,molly71
JE0000270,1000,2023,2023-02-07 01:39:11,2023-02-07 01:39:11,RV,BRL,ARINV002625,jsmith
JE0000271,1000,2023,2023-04-11 04:52:41,2023-04-11 04:52:41,RV,BRL,ARINV001675,jpitts
JE0000272,1000,2023,2023-06-04 19:17:00,2023-06-04 19:17:00,RV,BRL,ARINV002238,harrisontanya
JE0000273,1000,2024,2024-01-01 02:35:44,2024-01-01 02:35:44,RV,BRL,ARINV002046,cindy61
JE0000274,1000,2023,2023-06-26 15:15:47,2023-06-26 15:15:47,RV,BRL,ARINV001527,melissa86
JE0000275,1000,2023,2023-09-06 10:58:09,2023-09-06 10:58:09,RV,BRL,ARINV002287,courtney78
JE0000276,1000,2023,2023-07-11 18:07:03,2023-07-11 18:07:03,RV,BRL,ARINV000488,williamsonjimmy
JE0000277,1000,2024,2024-12-21 07:19:36,2024-12-21 07:19:36,RV,BRL,ARINV002783,wendy16
JE0000278,1000,2024,2024-08-21 08:11:53,2024-08-21 08:11:53,RV,BRL,ARINV001733,hodgesjane
JE0000279,1000,2023,2023-06-29 05:10:25,2023-06-29 05:10:25,RV,BRL,ARINV001326,wallaceheather
JE0000280,1000,2024,2024-06-27 06:59:39,2024-06-27 06:59:39,RV,BRL,ARINV001768,williamslaura
JE0000281,1000,2024,2024-10-10 18:10:33,2024-10-10 18:10:33,RV,BRL,ARINV002778,michael62
JE0000282,1000,2024,2024-09-05 19:31:57,2024-09-05 19:31:57,RV,BRL,ARINV002035,amandaknight
JE0000283,1000,2024,2024-11-27 21:45:41,2024-11-27 21:45:41,RV,BRL,ARINV002628,georgemiller
JE0000284,1000,2023,2023-03-17 21:26:57,2023-03-17 21:26:57,RV,BRL,ARINV002804,pharvey
JE0000285,1000,2023,2023-09-02 20:10:28,2023-09-02 20:10:28,RV,BRL,ARINV002253,jdurham
JE0000286,1000,2023,2023-06-12 02:14:08,2023-06-12 02:14:08,RV,BRL,ARINV000559,stevenking
JE0000287,1000,2024,2024-09-10 05:16:17,2024-09-10 05:16:17,RV,BRL,ARINV001696,elizabeth74
JE0000288,1000,2024,2024-02-21 10:46:36,2024-02-21 10:46:36,RV,BRL,ARINV002426,charleslandry
JE0000289,1000,2024,2024-01-11 12:48:43,2024-01-11 12:48:43,RV,BRL,ARINV001653,danielle64
JE0000290,1000,2023,2023-09-26 12:25:55,2023-09-26 12:25:55,RV,BRL,ARINV001454,mbruce
JE0000291,1000,2024,2024-06-28 01:37:59,2024-06-28 01:37:59,RV,BRL,ARINV002455,gcastaneda
JE0000292,1000,2023,2023-12-01 07:37:43,2023-12-01 07:37:43,RV,BRL,ARINV002677,patrickhoward
JE0000293,1000,2024,2024-06-18 17:03:04,2024-06-18 17:03:04,RV,BRL,ARINV001065,victoria40
JE0000294,1000,2023,2023-09-07 03:26:54,2023-09-07 03:26:54,RV,BRL,ARINV002616,khill
JE0000295,1000,2024,2024-04-18 15:03:21,2024-04-18 15:03:21,RV,BRL,ARINV001261,lozanojulie
JE0000296,1000,2023,2023-09-03 05:57:58,2023-09-03 05:57:58,RV,BRL,ARINV001992,kimberly39
JE0000297,1000,2024,2024-02-20 18:04:22,2024-02-20 18:04:22,RV,BRL,ARINV000871,jeffery39
JE0000298,1000,2023,2023-03-04 16:06:41,2023-03-04 16:06:41,RV,BRL,ARINV000231,erica21
JE0000299,1000,2023,2023-07-26 11:01:45,2023-07-26 11:01:45,RV,BRL,ARINV000018,parkerscott
JE0000300,1000,2024,2024-09-11 04:36:21,2024-09-11 04:36:21,RV,BRL,ARINV002552,jessica14
JE0000301,1000,2024,2024-11-20 19:22:01,2024-11-20 19:22:01,RV,BRL,ARINV001574,julie23
JE0000302,1000,2024,2024-11-30 02:15:09,2024-11-30 02:15:09,RV,BRL,ARINV000955,kristinwalter
JE0000303,1000,2024,2024-03-24 09:19:18,2024-03-24 09:19:18,RV,BRL,ARINV001072,alyssa42
JE0000304,1000,2023,2023-02-11 21:58:38,2023-02-11 21:58:38,RV,BRL,ARINV002527,robin74
JE0000305,1000,2023,2023-10-14 15:12:00,2023-10-14 15:12:00,RV,BRL,ARINV000305,linda71
JE0000306,1000,2024,2024-05-03 07:38:52,2024-05-03 07:38:52,RV,BRL,ARINV001702,karenperez
JE0000307,1000,2024,2024-03-01 16:22:33,2024-03-01 16:22:33,RV,BRL,ARINV000791,zcoffey
JE0000308,1000,2024,2024-08-13 17:22:09,2024-08-13 17:22:09,RV,BRL,ARINV002610,christopher60
JE0000309,1000,2023,2023-06-03 06:29:18,2023-06-03 06:29:18,RV,BRL,ARINV001929,amanda75
JE0000310,1000,2024,2024-04-26 07:15:06,2024-04-26 07:15:06,RV,BRL,ARINV001256,brenda51
JE0000311,1000,2024,2024-09-25 20:41:51,2024-09-25 20:41:51,RV,BRL,ARINV002779,thomasharvey
JE0000312,1000,2023,2023-06-01 02:40:33,2023-06-01 02:40:33,RV,BRL,ARINV000665,rose31
JE0000313,1000,2023,2023-12-10 13:21:16,2023-12-10 13:21:16,RV,BRL,ARINV000219,tblankenship
JE0000314,1000,2024,2024-04-19 19:57:34,2024-04-19 19:57:34,RV,BRL,ARINV000188,cwilson
JE0000315,1000,2024,2024-04-05 13:10:55,2024-04-05 13:10:55,RV,BRL,ARINV002961,torrestravis
JE0000316,1000,2024,2024-02-15 15:05:56,2024-02-15 15:05:56,RV,BRL,ARINV002990,youngamanda
JE0000317,1000,2023,2023-04-03 12:52:49,2023-04-03 12:52:49,RV,BRL,ARINV002066,qchavez
JE0000318,1000,2024,2024-10-05 00:45:57,2024-10-05 00:45:57,RV,BRL,ARINV001932,umatthews
JE0000319,1000,2024,2024-06-05 17:12:26,2024-06-05 17:12:26,RV,BRL,ARINV001538,nicolepena
JE0000320,1000,2023,2023-04-29 04:36:57,2023-04-29 04:36:57,RV,BRL,ARINV000601,rgilbert
JE0000321,1000,2023,2023-06-22 21:42:48,2023-06-22 21:42:48,RV,BRL,ARINV002617,vaughnjeff
JE0000322,1000,2023,2023-12-31 21:07:01,2023-12-31 21:07:01,RV,BRL,ARINV000930,xsampson
JE0000323,1000,2023,2023-05-31 10:46:41,2023-05-31 10:46:41,RV,BRL,ARINV002210,pollardmichael
JE0000324,1000,2024,2024-09-29 14:50:20,2024-09-29 14:50:20,RV,BRL,ARINV001166,bruce43
JE0000325,1000,2023,2023-02-09 06:54:38,2023-02-09 06:54:38,RV,BRL,ARINV002768,rushmadison
JE0000326,1000,2023,2023-09-12 17:48:15,2023-09-12 17:48:15,RV,BRL,ARINV002357,batesdarlene
JE0000327,1000,2024,2024-12-15 02:26:08,2024-12-15 02:26:08,RV,BRL,ARINV000522,williamsmatthew
JE0000328,1000,2024,2024-01-12 07:50:20,2024-01-12 07:50:20,RV,BRL,ARINV000304,kristinharris
JE0000329,1000,2023,2023-12-07 18:57:14,2023-12-07 18:57:14,RV,BRL,ARINV002067,brendali
JE0000330,1000,2024,2024-10-20 19:22:28,2024-10-20 19:22:28,RV,BRL,ARINV000758,markhernandez
JE0000331,1000,2024,2024-05-07 19:28:25,2024-05-07 19:28:25,RV,BRL,ARINV002170,ramireztracey
JE0000332,1000,2024,2024-04-26 00:42:22,2024-04-26 00:42:22,RV,BRL,ARINV000261,amberlindsey
JE0000333,1000,2023,2023-06-06 18:55:34,2023-06-06 18:55:34,RV,BRL,ARINV002299,guerreroanthony
JE0000334,1000,2023,2023-11-05 00:35:55,2023-11-05 00:35:55,RV,BRL,ARINV001952,howardkristina
JE0000335,1000,2023,2023-11-09 14:14:12,2023-11-09 14:14:12,RV,BRL,ARINV002497,alfred40
JE0000336,1000,2024,2024-02-09 01:00:26,2024-02-09 01:00:26,RV,BRL,ARINV000368,judyfox
JE0000337,1000,2024,2024-12-04 19:01:48,2024-12-04 19:01:48,RV,BRL,ARINV002071,alvarezkimberly
JE0000338,1000,2023,2023-03-20 07:30:05,2023-03-20 07:30:05,RV,BRL,ARINV001643,hayesjeffrey
JE0000339,1000,2023,2023-10-14 15:23:43,2023-10-14 15:23:43,RV,BRL,ARINV001679,acostaregina
JE0000340,1000,2023,2023-08-08 05:45:51,2023-08-08 05:45:51,RV,BRL,ARINV002189,stephen00
JE0000341,1000,2024,2024-04-06 15:57:40,2024-04-06 15:57:40,RV,BRL,ARINV000988,bboone
JE0000342,1000,2024,2024-06-20 08:32:20,2024-06-20 08:32:20,RV,BRL,ARINV002427,henryrenee
JE0000343,1000,2023,2023-04-20 01:32:51,2023-04-20 01:32:51,RV,BRL,ARINV001081,lammarc
JE0000344,1000,2024,2024-04-04 05:20:15,2024-04-04 05:20:15,RV,BRL,ARINV000910,cameronhill
JE0000345,1000,2024,2024-11-26 18:44:21,2024-11-26 18:44:21,RV,BRL,ARINV001164,oscar98
JE0000346,1000,2023,2023-02-20 13:59:46,2023-02-20 13:59:46,RV,BRL,ARINV002033,shawn96
JE0000347,1000,2024,2024-11-17 15:34:29,2024-11-17 15:34:29,RV,BRL,ARINV001302,mcguiredanny
JE0000348,1000,2024,2024-08-18 18:56:12,2024-08-18 18:56:12,RV,BRL,ARINV000383,russellbeasley
JE0000349,1000,2024,2024-12-17 15:55:10,2024-12-17 15:55:10,RV,BRL,ARINV001769,dmorgan
JE0000350,1000,2023,2023-01-31 01:12:19,2023-01-31 01:12:19,RV,BRL,ARINV000611,gperry
JE0000351,1000,2024,2024-08-18 06:04:55,2024-08-18 06:04:55,RV,BRL,ARINV001381,ronald45
JE0000352,1000,2023,2023-09-10 12:38:05,2023-09-10 12:38:05,RV,BRL,ARINV002281,gloriawells
JE0000353,1000,2023,2023-11-27 11:59:18,2023-11-27 11:59:18,RV,BRL,ARINV002107,deckerchristopher
JE0000354,1000,2024,2024-05-26 14:46:11,2024-05-26 14:46:11,RV,BRL,ARINV001172,garnernathan
JE0000355,1000,2023,2023-05-31 05:47:48,2023-05-31 05:47:48,RV,BRL,ARINV002998,angelawillis
JE0000356,1000,2024,2024-05-21 08:03:37,2024-05-21 08:03:37,RV,BRL,ARINV000082,elizabeth65
JE0000357,1000,2023,2023-03-16 07:24:47,2023-03-16 07:24:47,RV,BRL,ARINV000152,uparrish
JE0000358,1000,2024,2024-11-21 13:49:49,2024-11-21 13:49:49,RV,BRL,ARINV002429,schmittcaroline
JE0000359,1000,2024,2024-03-22 09:32:38,2024-03-22 09:32:38,RV,BRL,ARINV000962,dale83
JE0000360,1000,2023,2023-07-15 20:15:41,2023-07-15 20:15:41,RV,BRL,ARINV002785,dianewalker
JE0000361,1000,2024,2024-07-29 05:49:06,2024-07-29 05:49:06,RV,BRL,ARINV000202,bellangela
JE0000362,1000,2024,2024-07-23 09:24:17,2024-07-23 09:24:17,RV,BRL,ARINV001306,farmeraudrey
JE0000363,1000,2023,2023-07-28 13:09:19,2023-07-28 13:09:19,RV,BRL,ARINV000672,xbruce
JE0000364,1000,2023,2023-09-21 13:52:19,2023-09-21 13:52:19,RV,BRL,ARINV002023,lynchdiane
JE0000365,1000,2024,2024-06-15 09:34:14,2024-06-15 09:34:14,RV,BRL,ARINV000055,anthony44
JE0000366,1000,2023,2023-05-14 15:08:19,2023-05-14 15:08:19,RV,BRL,ARINV000439,michael22
JE0000367,1000,2023,2023-12-11 21:46:04,2023-12-11 21:46:04,RV,BRL,ARINV002438,vjones
JE0000368,1000,2023,2023-12-15 02:45:41,2023-12-15 02:45:41,RV,BRL,ARINV002391,davisalyssa
JE0000369,1000,2023,2023-05-08 22:10:21,2023-05-08 22:10:21,RV,BRL,ARINV001422,vbarnes
JE0000370,1000,2023,2023-06-14 03:24:18,2023-06-14 03:24:18,RV,BRL,ARINV001537,mitchellgriffith
JE0000371,1000,2023,2023-09-05 15:52:20,2023-09-05 15:52:20,RV,BRL,ARINV000166,wareeric
JE0000372,1000,2024,2024-06-02 07:13:11,2024-06-02 07:13:11,RV,BRL,ARINV002502,craigjoseph
JE0000373,1000,2024,2024-07-02 13:31:23,2024-07-02 13:31:23,RV,BRL,ARINV001129,ctucker
JE0000374,1000,2024,2024-12-08 21:48:12,2024-12-08 21:48:12,RV,BRL,ARINV001005,wnelson
JE0000375,1000,2024,2024-09-21 15:55:33,2024-09-21 15:55:33,RV,BRL,ARINV002839,reeddaniel
JE0000376,1000,2024,2024-04-17 18:21:02,2024-04-17 18:21:02,RV,BRL,ARINV002029,trose
JE0000377,1000,2024,2024-06-09 08:29:17,2024-06-09 08:29:17,RV,BRL,ARINV000914,walkertracey
JE0000378,1000,2023,2023-02-07 02:53:34,2023-02-07 02:53:34,RV,BRL,ARINV000482,smithkevin
JE0000379,1000,2024,2024-10-04 02:17:11,2024-10-04 02:17:11,RV,BRL,ARINV000500,katrinaduran
JE0000380,1000,2024,2024-03-14 02:31:44,2024-03-14 02:31:44,RV,BRL,ARINV001797,mark07
JE0000381,1000,2024,2024-11-21 21:29:48,2024-11-21 21:29:48,RV,BRL,ARINV000919,ythompson
JE0000382,1000,2024,2024-10-26 13:28:19,2024-10-26 13:28:19,RV,BRL,ARINV001903,vincentwhitaker
JE0000383,1000,2024,2024-12-09 19:15:41,2024-12-09 19:15:41,RV,BRL,ARINV001194,charles06
JE0000384,1000,2024,2024-04-17 05:27:22,2024-04-17 05:27:22,RV,BRL,ARINV002962,stevenschristian
JE0000385,1000,2023,2023-09-10 17:49:34,2023-09-10 17:49:34,RV,BRL,ARINV002151,barbara96
JE0000386,1000,2023,2023-10-19 19:31:28,2023-10-19 19:31:28,RV,BRL,ARINV000162,zroberts
JE0000387,1000,2024,2024-08-05 01:12:30,2024-08-05 01:12:30,RV,BRL,ARINV002926,burchgeorge
JE0000388,1000,2024,2024-10-04 09:40:16,2024-10-04 09:40:16,RV,BRL,ARINV000813,xcollier
JE0000389,1000,2023,2023-03-14 22:40:25,2023-03-14 22:40:25,RV,BRL,ARINV001238,kimdaniel
JE0000390,1000,2024,2024-02-16 15:31:27,2024-02-16 15:31:27,RV,BRL,ARINV002733,hchapman
JE0000391,1000,2023,2023-08-15 00:01:11,2023-08-15 00:01:11,RV,BRL,ARINV001405,fosterkyle
JE0000392,1000,2024,2024-03-12 21:17:54,2024-03-12 21:17:54,RV,BRL,ARINV000076,jeffrey21
JE0000393,1000,2024,2024-11-01 20:11:59,2024-11-01 20:11:59,RV,BRL,ARINV001163,schmidtjames
JE0000394,1000,2024,2024-10-20 13:07:43,2024-10-20 13:07:43,RV,BRL,ARINV002075,michael23
JE0000395,1000,2024,2024-10-04 12:54:14,2024-10-04 12:54:14,RV,BRL,ARINV002794,thomasjames
JE0000396,1000,2024,2024-04-06 08:58:04,2024-04-06 08:58:04,RV,BRL,ARINV001488,kathleenrios
JE0000397,1000,2023,2023-10-29 23:24:00,2023-10-29 23:24:00,RV,BRL,ARINV002703,stephanieburton
JE0000398,1000,2024,2024-06-15 22:56:04,2024-06-15 22:56:04,RV,BRL,ARINV001398,wwebster
JE0000399,1000,2023,2023-12-04 22:25:29,2023-12-04 22:25:29,RV,BRL,ARINV002025,kmaldonado
JE0000400,1000,2023,2023-03-31 10:27:59,2023-03-31 10:27:59,RV,BRL,ARINV001777,michelle52
JE0000401,1000,2023,2023-04-08 23:52:35,2023-04-08 23:52:35,RV,BRL,ARINV002288,cjones
JE0000402,1000,2024,2024-01-06 12:44:43,2024-01-06 12:44:43,RV,BRL,ARINV002983,laura90
JE0000403,1000,2023,2023-09-06 14:34:02,2023-09-06 14:34:02,RV,BRL,ARINV001876,william47
JE0000404,1000,2024,2024-07-12 14:37:01,2024-07-12 14:37:01,RV,BRL,ARINV001834,xjohnson
JE0000405,1000,2024,2024-11-07 22:31:30,2024-11-07 22:31:30,RV,BRL,ARINV001909,chase19
JE0000406,1000,2023,2023-02-19 07:52:22,2023-02-19 07:52:22,RV,BRL,ARINV002705,jford
JE0000407,1000,2024,2024-02-23 16:10:13,2024-02-23 16:10:13,RV,BRL,ARINV000404,colelisa
JE0000408,1000,2023,2023-09-27 05:14:20,2023-09-27 05:14:20,RV,BRL,ARINV000232,marcalvarez
JE0000409,1000,2024,2024-06-03 12:43:11,2024-06-03 12:43:11,RV,BRL,ARINV001334,susanhayes
JE0000410,1000,2023,2023-03-26 14:01:11,2023-03-26 14:01:11,RV,BRL,ARINV002332,toni18
JE0000411,1000,2023,2023-10-25 03:17:04,2023-10-25 03:17:04,RV,BRL,ARINV001042,benjaminzimmerman
JE0000412,1000,2024,2024-02-23 11:53:43,2024-02-23 11:53:43,RV,BRL,ARINV001448,nwarren
JE0000413,1000,2024,2024-05-04 10:25:51,2024-05-04 10:25:51,RV,BRL,ARINV002590,michaelhardin
JE0000414,1000,2024,2024-04-15 01:28:04,2024-04-15 01:28:04,RV,BRL,ARINV001914,vortiz
JE0000415,1000,2024,2024-07-05 20:06:28,2024-07-05 20:06:28,RV,BRL,ARINV000606,mccormickdeborah
JE0000416,1000,2023,2023-05-04 21:20:20,2023-05-04 21:20:20,RV,BRL,ARINV001249,riveraangela
JE0000417,1000,2024,2024-12-23 23:09:36,2024-12-23 23:09:36,RV,BRL,ARINV002821,umitchell
JE0000418,1000,2024,2024-08-29 06:03:36,2024-08-29 06:03:36,RV,BRL,ARINV002445,mathewaguilar
JE0000419,1000,2024,2024-12-13 03:45:31,2024-12-13 03:45:31,RV,BRL,ARINV001143,sabrinacollins
JE0000420,1000,2023,2023-04-04 09:10:49,2023-04-04 09:10:49,RV,BRL,ARINV002441,tanderson
JE0000421,1000,2024,2024-08-11 08:05:46,2024-08-11 08:05:46,RV,BRL,ARINV002922,collinsnicholas
JE0000422,1000,2024,2024-07-19 22:53:22,2024-07-19 22:53:22,RV,BRL,ARINV000204,lisa81
JE0000423,1000,2024,2024-09-22 19:16:04,2024-09-22 19:16:04,RV,BRL,ARINV000785,bromero
JE0000424,1000,2024,2024-12-16 09:49:13,2024-12-16 09:49:13,RV,BRL,ARINV002373,kyle35
JE0000425,1000,2024,2024-08-21 11:53:30,2024-08-21 11:53:30,RV,BRL,ARINV000014,ilee
JE0000426,1000,2023,2023-08-06 10:26:07,2023-08-06 10:26:07,RV,BRL,ARINV002208,chrisrichard
JE0000427,1000,2024,2024-01-22 13:33:18,2024-01-22 13:33:18,RV,BRL,ARINV002905,romeroamber
JE0000428,1000,2024,2024-10-03 17:40:05,2024-10-03 17:40:05,RV,BRL,ARINV000676,stanleynancy
JE0000429,1000,2023,2023-04-23 13:17:42,2023-04-23 13:17:42,RV,BRL,ARINV002885,carlamoore
JE0000430,1000,2024,2024-12-24 21:37:18,2024-12-24 21:37:18,RV,BRL,ARINV002603,mariewise
JE0000431,1000,2024,2024-11-09 02:24:52,2024-11-09 02:24:52,RV,BRL,ARINV000465,jenniferwilliams
JE0000432,1000,2023,2023-08-18 00:16:36,2023-08-18 00:16:36,RV,BRL,ARINV000775,erica37
JE0000433,1000,2023,2023-12-17 15:12:05,2023-12-17 15:12:05,RV,BRL,ARINV001935,karen73
JE0000434,1000,2023,2023-12-07 23:58:52,2023-12-07 23:58:52,RV,BRL,ARINV000496,kylestokes
JE0000435,1000,2024,2024-12-07 08:05:09,2024-12-07 08:05:09,RV,BRL,ARINV000803,mmckee
JE0000436,1000,2023,2023-06-06 10:37:27,2023-06-06 10:37:27,RV,BRL,ARINV000170,erika97
JE0000437,1000,2023,2023-10-14 07:35:24,2023-10-14 07:35:24,RV,BRL,ARINV002449,xhammond
JE0000438,1000,2024,2024-08-19 03:04:10,2024-08-19 03:04:10,RV,BRL,ARINV002169,ashaw
JE0000439,1000,2023,2023-11-05 04:56:50,2023-11-05 04:56:50,RV,BRL,ARINV000959,lisasolis
JE0000440,1000,2024,2024-06-25 12:42:07,2024-06-25 12:42:07,RV,BRL,ARINV002965,moniquewilliams
JE0000441,1000,2024,2024-02-18 12:09:43,2024-02-18 12:09:43,RV,BRL,ARINV000446,jsawyer
JE0000442,1000,2023,2023-06-17 03:27:58,2023-06-17 03:27:58,RV,BRL,ARINV001457,dawsonzachary
JE0000443,1000,2023,2023-08-15 04:31:34,2023-08-15 04:31:34,RV,BRL,ARINV002002,mitchellkathryn
JE0000444,1000,2024,2024-03-26 01:04:13,2024-03-26 01:04:13,RV,BRL,ARINV001423,shannon82
JE0000445,1000,2024,2024-11-14 02:23:41,2024-11-14 02:23:41,RV,BRL,ARINV000896,odavis
JE0000446,1000,2023,2023-10-22 16:46:34,2023-10-22 16:46:34,RV,BRL,ARINV000429,bwilkerson
JE0000447,1000,2024,2024-11-14 02:34:13,2024-11-14 02:34:13,RV,BRL,ARINV002658,gbrown
JE0000448,1000,2023,2023-02-11 05:36:20,2023-02-11 05:36:20,RV,BRL,ARINV001735,joe15
JE0000449,1000,2023,2023-11-20 22:13:20,2023-11-20 22:13:20,RV,BRL,ARINV000196,anthonygalvan
JE0000450,1000,2024,2024-03-29 07:55:51,2024-03-29 07:55:51,RV,BRL,ARINV002556,lacey20
JE0000451,1000,2024,2024-06-24 10:39:25,2024-06-24 10:39:25,RV,BRL,ARINV000547,samantha72
JE0000452,1000,2023,2023-12-04 21:45:54,2023-12-04 21:45:54,RV,BRL,ARINV001828,awest
JE0000453,1000,2024,2024-07-28 05:35:02,2024-07-28 05:35:02,RV,BRL,ARINV002897,smithjason
JE0000454,1000,2023,2023-10-18 21:11:24,2023-10-18 21:11:24,RV,BRL,ARINV001585,anaacosta
JE0000455,1000,2023,2023-01-02 07:34:40,2023-01-02 07:34:40,RV,BRL,ARINV001567,srodriguez
JE0000456,1000,2023,2023-08-19 03:04:42,2023-08-19 03:04:42,RV,BRL,ARINV002549,kevinwilliams
JE0000457,1000,2023,2023-12-14 06:06:15,2023-12-14 06:06:15,RV,BRL,ARINV002746,nfowler
JE0000458,1000,2024,2024-11-16 00:56:00,2024-11-16 00:56:00,RV,BRL,ARINV000088,fbrown
JE0000459,1000,2023,2023-05-25 14:33:59,2023-05-25 14:33:59,RV,BRL,ARINV000633,chenbailey
JE0000460,1000,2023,2023-12-14 05:45:19,2023-12-14 05:45:19,RV,BRL,ARINV001959,kellysmith
JE0000461,1000,2023,2023-02-15 17:19:51,2023-02-15 17:19:51,RV,BRL,ARINV000583,john62
JE0000462,1000,2024,2024-10-11 17:20:14,2024-10-11 17:20:14,RV,BRL,ARINV000257,millsmichael
JE0000463,1000,2023,2023-11-24 04:02:28,2023-11-24 04:02:28,RV,BRL,ARINV001090,myerstheodore
JE0000464,1000,2024,2024-07-09 16:26:02,2024-07-09 16:26:02,RV,BRL,ARINV001814,qzavala
JE0000465,1000,2023,2023-01-18 13:00:49,2023-01-18 13:00:49,RV,BRL,ARINV001411,kellycarlos
JE0000466,1000,2024,2024-01-30 23:00:21,2024-01-30 23:00:21,RV,BRL,ARINV000048,jessicafuller
JE0000467,1000,2023,2023-08-21 01:28:04,2023-08-21 01:28:04,RV,BRL,ARINV001651,dennis58
JE0000468,1000,2024,2024-12-12 23:46:03,2024-12-12 23:46:03,RV,BRL,ARINV001530,lisa27
JE0000469,1000,2024,2024-10-14 12:11:32,2024-10-14 12:11:32,RV,BRL,ARINV001248,zwelch
JE0000470,1000,2024,2024-02-26 20:56:23,2024-02-26 20:56:23,RV,BRL,ARINV001503,bryanparsons
JE0000471,1000,2024,2024-02-12 18:36:05,2024-02-12 18:36:05,RV,BRL,ARINV000059,mjohnson
JE0000472,1000,2024,2024-08-28 14:31:51,2024-08-28 14:31:51,RV,BRL,ARINV002731,moodynina
JE0000473,1000,2023,2023-01-17 14:52:33,2023-01-17 14:52:33,RV,BRL,ARINV002683,sarah86
JE0000474,1000,2023,2023-08-26 15:57:25,2023-08-26 15:57:25,RV,BRL,ARINV000073,wking
JE0000475,1000,2024,2024-05-15 23:34:34,2024-05-15 23:34:34,RV,BRL,ARINV001811,justinatkins
JE0000476,1000,2023,2023-12-05 03:38:23,2023-12-05 03:38:23,RV,BRL,ARINV000474,glennmartin
JE0000477,1000,2023,2023-12-29 04:42:40,2023-12-29 04:42:40,RV,BRL,ARINV002577,lloydsamuel
JE0000478,1000,2023,2023-09-11 02:43:58,2023-09-11 02:43:58,RV,BRL,ARINV001382,ypaul
JE0000479,1000,2023,2023-04-02 03:25:41,2023-04-02 03:25:41,RV,BRL,ARINV000124,terri77
JE0000480,1000,2024,2024-12-24 03:15:49,2024-12-24 03:15:49,RV,BRL,ARINV001217,sandra84
JE0000481,1000,2024,2024-04-08 03:42:05,2024-04-08 03:42:05,RV,BRL,ARINV000881,acostachristian
JE0000482,1000,2023,2023-06-13 21:45:46,2023-06-13 21:45:46,RV,BRL,ARINV001336,amymorris
JE0000483,1000,2024,2024-01-10 18:47:07,2024-01-10 18:47:07,RV,BRL,ARINV002399,murphykenneth
JE0000484,1000,2024,2024-09-04 03:15:51,2024-09-04 03:15:51,RV,BRL,ARINV001148,bmorrison
JE0000485,1000,2024,2024-05-06 08:54:13,2024-05-06 08:54:13,RV,BRL,ARINV001354,hannahbell
JE0000486,1000,2023,2023-02-12 17:53:20,2023-02-12 17:53:20,RV,BRL,ARINV000336,acostarhonda
JE0000487,1000,2023,2023-03-20 01:16:22,2023-03-20 01:16:22,RV,BRL,ARINV001495,yhill
JE0000488,1000,2023,2023-08-26 09:54:34,2023-08-26 09:54:34,RV,BRL,ARINV002230,jonesdana
JE0000489,1000,2024,2024-07-01 15:08:43,2024-07-01 15:08:43,RV,BRL,ARINV001917,william20
JE0000490,1000,2024,2024-06-19 16:16:56,2024-06-19 16:16:56,RV,BRL,ARINV002486,melindagregory
JE0000491,1000,2023,2023-10-21 23:11:45,2023-10-21 23:11:45,RV,BRL,ARINV000181,ejohnson
JE0000492,1000,2024,2024-05-23 03:11:24,2024-05-23 03:11:24,RV,BRL,ARINV001451,kimberlydiaz
JE0000493,1000,2023,2023-02-28 05:17:18,2023-02-28 05:17:18,RV,BRL,ARINV002543,cherring
JE0000494,1000,2023,2023-06-01 21:51:28,2023-06-01 21:51:28,RV,BRL,ARINV000617,erikarush
JE0000495,1000,2024,2024-08-24 04:21:27,2024-08-24 04:21:27,RV,BRL,ARINV000121,scott19
JE0000496,1000,2024,2024-01-09 08:32:43,2024-01-09 08:32:43,RV,BRL,ARINV000109,alyssasanders
JE0000497,1000,2024,2024-04-06 14:31:55,2024-04-06 14:31:55,RV,BRL,ARINV002790,john10
JE0000498,1000,2023,2023-05-17 16:52:27,2023-05-17 16:52:27,RV,BRL,ARINV001962,victorhughes
JE0000499,1000,2023,2023-09-08 16:13:34,2023-09-08 16:13:34,RV,BRL,ARINV001579,greenjorge
JE0000500,1000,2024,2024-05-08 03:45:38,2024-05-08 03:45:38,RV,BRL,ARINV001704,nlewis
JE0000501,1000,2024,2024-07-20 22:55:11,2024-07-20 22:55:11,RV,BRL,ARINV000750,heather73
JE0000502,1000,2024,2024-08-19 06:01:45,2024-08-19 06:01:45,RV,BRL,ARINV000684,taylorcharles
JE0000503,1000,2023,2023-03-02 04:34:01,2023-03-02 04:34:01,RV,BRL,ARINV001724,rachelwallace
JE0000504,1000,2023,2023-09-19 04:49:28,2023-09-19 04:49:28,RV,BRL,ARINV002545,cochrantammy
JE0000505,1000,2024,2024-09-08 19:14:38,2024-09-08 19:14:38,RV,BRL,ARINV000172,elizabeth18
JE0000506,1000,2023,2023-02-11 08:57:11,2023-02-11 08:57:11,RV,BRL,ARINV000103,patricia22
JE0000507,1000,2024,2024-03-03 15:27:45,2024-03-03 15:27:45,RV,BRL,ARINV002458,william13
JE0000508,1000,2024,2024-10-23 17:49:37,2024-10-23 17:49:37,RV,BRL,ARINV000773,joelsnyder
JE0000509,1000,2024,2024-06-30 03:39:18,2024-06-30 03:39:18,RV,BRL,ARINV002232,angela57
JE0000510,1000,2023,2023-02-19 08:19:20,2023-02-19 08:19:20,RV,BRL,ARINV000416,cherylmiller
JE0000511,1000,2023,2023-01-08 05:58:39,2023-01-08 05:58:39,RV,BRL,ARINV000491,raymond78
JE0000512,1000,2024,2024-06-30 17:56:57,2024-06-30 17:56:57,RV,BRL,ARINV001165,khammond
JE0000513,1000,2023,2023-05-11 01:18:53,2023-05-11 01:18:53,RV,BRL,ARINV001141,martinezlogan
JE0000514,1000,2024,2024-03-27 19:23:58,2024-03-27 19:23:58,RV,BRL,ARINV002769,coleerin
JE0000515,1000,2024,2024-11-26 11:40:08,2024-11-26 11:40:08,RV,BRL,ARINV001329,david89
JE0000516,1000,2023,2023-12-24 06:48:08,2023-12-24 06:48:08,RV,BRL,ARINV001378,katrinaanderson
JE0000517,1000,2024,2024-06-30 03:53:20,2024-06-30 03:53:20,RV,BRL,ARINV001399,guerraapril
JE0000518,1000,2023,2023-12-26 14:34:13,2023-12-26 14:34:13,RV,BRL,ARINV001612,fred53
JE0000519,1000,2024,2024-06-30 01:01:04,2024-06-30 01:01:04,RV,BRL,ARINV001400,stacey84
JE0000520,1000,2023,2023-08-08 17:51:08,2023-08-08 17:51:08,RV,BRL,ARINV000830,kingcynthia
JE0000521,1000,2023,2023-10-31 16:41:30,2023-10-31 16:41:30,RV,BRL,ARINV001308,david49
JE0000522,1000,2024,2024-02-03 11:15:41,2024-02-03 11:15:41,RV,BRL,ARINV001352,shawgary
JE0000523,1000,2023,2023-04-02 04:33:16,2023-04-02 04:33:16,RV,BRL,ARINV001602,georgeweber
JE0000524,1000,2023,2023-02-07 09:28:28,2023-02-07 09:28:28,RV,BRL,ARINV002728,megan90
JE0000525,1000,2023,2023-01-22 15:43:08,2023-01-22 15:43:08,RV,BRL,ARINV000182,millerstacy
JE0000526,1000,2024,2024-04-19 04:27:36,2024-04-19 04:27:36,RV,BRL,ARINV001681,debra96
JE0000527,1000,2024,2024-03-02 15:36:18,2024-03-02 15:36:18,RV,BRL,ARINV001688,jimenezcourtney
JE0000528,1000,2023,2023-10-17 22:25:46,2023-10-17 22:25:46,RV,BRL,ARINV000178,dawn47
JE0000529,1000,2023,2023-08-22 18:55:56,2023-08-22 18:55:56,RV,BRL,ARINV000694,lindacohen
JE0000530,1000,2024,2024-06-13 15:22:44,2024-06-13 15:22:44,RV,BRL,ARINV002400,shawn02
JE0000531,1000,2023,2023-02-15 09:24:57,2023-02-15 09:24:57,RV,BRL,ARINV002678,dperry
JE0000532,1000,2024,2024-06-13 18:44:20,2024-06-13 18:44:20,RV,BRL,ARINV001012,matthewthomas
JE0000533,1000,2024,2024-09-15 00:00:11,2024-09-15 00:00:11,RV,BRL,ARINV001916,jessica56
JE0000534,1000,2024,2024-05-27 11:37:52,2024-05-27 11:37:52,RV,BRL,ARINV000286,kathleenrobertson
JE0000535,1000,2024,2024-03-25 04:22:45,2024-03-25 04:22:45,RV,BRL,ARINV000899,floressteven
JE0000536,1000,2024,2024-08-22 08:35:26,2024-08-22 08:35:26,RV,BRL,ARINV000894,shannon21
JE0000537,1000,2023,2023-02-26 20:06:16,2023-02-26 20:06:16,RV,BRL,ARINV002086,robertspatrick
JE0000538,1000,2023,2023-09-07 07:13:15,2023-09-07 07:13:15,RV,BRL,ARINV002913,kwright
JE0000539,1000,2023,2023-04-16 13:49:16,2023-04-16 13:49:16,RV,BRL,ARINV001851,sarah53
JE0000540,1000,2024,2024-07-17 13:55:26,2024-07-17 13:55:26,RV,BRL,ARINV000701,tyronerobertson
JE0000541,1000,2024,2024-12-07 01:20:40,2024-12-07 01:20:40,RV,BRL,ARINV001455,fkoch
JE0000542,1000,2023,2023-07-03 09:51:02,2023-07-03 09:51:02,RV,BRL,ARINV001404,davisphillip
JE0000543,1000,2024,2024-04-08 20:37:41,2024-04-08 20:37:41,RV,BRL,ARINV001187,nlevy
JE0000544,1000,2024,2024-02-15 00:22:46,2024-02-15 00:22:46,RV,BRL,ARINV002235,brandon47
JE0000545,1000,2023,2023-08-05 13:31:45,2023-08-05 13:31:45,RV,BRL,ARINV001224,amitchell
JE0000546,1000,2024,2024-10-09 12:09:03,2024-10-09 12:09:03,RV,BRL,ARINV002096,jordannicole
JE0000547,1000,2024,2024-04-02 21:14:25,2024-04-02 21:14:25,RV,BRL,ARINV002608,kathryn50
JE0000548,1000,2024,2024-10-31 17:14:56,2024-10-31 17:14:56,RV,BRL,ARINV002083,jwilliams
JE0000549,1000,2024,2024-09-14 02:35:44,2024-09-14 02:35:44,RV,BRL,ARINV001919,michaelroberts
JE0000550,1000,2023,2023-07-03 07:08:33,2023-07-03 07:08:33,RV,BRL,ARINV002175,wgordon
JE0000551,1000,2023,2023-01-02 18:30:05,2023-01-02 18:30:05,RV,BRL,ARINV002915,marcia99
JE0000552,1000,2023,2023-08-13 04:46:36,2023-08-13 04:46:36,RV,BRL,ARINV001142,andersoncolin
JE0000553,1000,2023,2023-05-29 11:43:45,2023-05-29 11:43:45,RV,BRL,ARINV002630,laura58
JE0000554,1000,2024,2024-09-03 06:37:34,2024-09-03 06:37:34,RV,BRL,ARINV002966,kari39
JE0000555,1000,2023,2023-07-17 16:11:28,2023-07-17 16:11:28,RV,BRL,ARINV002372,cporter
JE0000556,1000,2023,2023-12-01 22:19:17,2023-12-01 22:19:17,RV,BRL,ARINV000276,taylormason
JE0000557,1000,2023,2023-12-13 06:35:46,2023-12-13 06:35:46,RV,BRL,ARINV001297,jstone
JE0000558,1000,2024,2024-05-12 19:58:13,2024-05-12 19:58:13,RV,BRL,ARINV002171,markaustin
JE0000559,1000,2023,2023-11-30 08:23:27,2023-11-30 08:23:27,RV,BRL,ARINV001562,phillipjensen
JE0000560,1000,2023,2023-04-26 10:16:38,2023-04-26 10:16:38,RV,BRL,ARINV001843,brittney88
JE0000561,1000,2024,2024-07-20 12:39:24,2024-07-20 12:39:24,RV,BRL,ARINV001408,terickson
JE0000562,1000,2024,2024-07-25 19:14:29,2024-07-25 19:14:29,RV,BRL,ARINV001645,xcabrera
JE0000563,1000,2023,2023-05-23 11:16:19,2023-05-23 11:16:19,RV,BRL,ARINV001971,emily69
JE0000564,1000,2023,2023-11-16 05:49:01,2023-11-16 05:49:01,RV,BRL,ARINV001593,laura09
JE0000565,1000,2024,2024-03-22 08:53:10,2024-03-22 08:53:10,RV,BRL,ARINV001370,pbaker
JE0000566,1000,2024,2024-05-11 10:36:27,2024-05-11 10:36:27,RV,BRL,ARINV001323,jennifersilva
JE0000567,1000,2024,2024-03-26 15:15:14,2024-03-26 15:15:14,RV,BRL,ARINV001605,alexandriagriffith
JE0000568,1000,2024,2024-03-17 15:31:02,2024-03-17 15:31:02,RV,BRL,ARINV000867,rhernandez
JE0000569,1000,2024,2024-02-28 18:49:20,2024-02-28 18:49:20,RV,BRL,ARINV000946,anthonyvaughan
JE0000570,1000,2023,2023-08-09 07:26:32,2023-08-09 07:26:32,RV,BRL,ARINV001300,leescott
JE0000571,1000,2023,2023-12-21 21:26:07,2023-12-21 21:26:07,RV,BRL,ARINV000980,shernandez
JE0000572,1000,2024,2024-04-10 05:48:04,2024-04-10 05:48:04,RV,BRL,ARINV001856,roberthampton
JE0000573,1000,2024,2024-11-13 11:36:01,2024-11-13 11:36:01,RV,BRL,ARINV000222,vsalas
JE0000574,1000,2023,2023-08-18 19:28:32,2023-08-18 19:28:32,RV,BRL,ARINV001994,thorntonapril
JE0000575,1000,2024,2024-12-31 04:17:35,2024-12-31 04:17:35,RV,BRL,ARINV000922,whitney78
JE0000576,1000,2024,2024-11-28 12:36:27,2024-11-28 12:36:27,RV,BRL,ARINV001433,ledwards
JE0000577,1000,2024,2024-03-15 16:18:14,2024-03-15 16:18:14,RV,BRL,ARINV001074,vbarr
JE0000578,1000,2023,2023-02-04 10:20:56,2023-02-04 10:20:56,RV,BRL,ARINV001895,erica49
JE0000579,1000,2023,2023-12-27 18:24:41,2023-12-27 18:24:41,RV,BRL,ARINV002393,plee
JE0000580,1000,2024,2024-11-05 19:57:04,2024-11-05 19:57:04,RV,BRL,ARINV000138,angela34
JE0000581,1000,2024,2024-04-30 00:19:18,2024-04-30 00:19:18,RV,BRL,ARINV002578,janet75
JE0000582,1000,2023,2023-01-22 06:07:12,2023-01-22 06:07:12,RV,BRL,ARINV001364,ybailey
JE0000583,1000,2024,2024-11-09 21:51:09,2024-11-09 21:51:09,RV,BRL,ARINV002831,keith98
JE0000584,1000,2024,2024-05-21 07:51:29,2024-05-21 07:51:29,RV,BRL,ARINV002504,zhuang
JE0000585,1000,2023,2023-10-03 22:31:22,2023-10-03 22:31:22,RV,BRL,ARINV001029,stephanie24
JE0000586,1000,2024,2024-05-05 14:22:01,2024-05-05 14:22:01,RV,BRL,ARINV000603,robertsjennifer
JE0000587,1000,2023,2023-03-28 00:47:28,2023-03-28 00:47:28,RV,BRL,ARINV002701,sandra47
JE0000588,1000,2024,2024-01-01 06:43:23,2024-01-01 06:43:23,RV,BRL,ARINV000837,jamesryan
JE0000589,1000,2024,2024-09-22 02:54:57,2024-09-22 02:54:57,RV,BRL,ARINV001837,derrick99
JE0000590,1000,2023,2023-04-20 00:34:00,2023-04-20 00:34:00,RV,BRL,ARINV001001,johnsantiago
JE0000591,1000,2023,2023-02-04 02:10:39,2023-02-04 02:10:39,RV,BRL,ARINV001818,danawilliams
JE0000592,1000,2023,2023-02-18 16:33:16,2023-02-18 16:33:16,RV,BRL,ARINV002100,erivera
JE0000593,1000,2023,2023-11-24 08:27:02,2023-11-24 08:27:02,RV,BRL,ARINV002184,maldonadoderrick
JE0000594,1000,2024,2024-08-08 13:25:05,2024-08-08 13:25:05,RV,BRL,ARINV001040,richarddonovan
JE0000595,1000,2024,2024-10-17 03:41:15,2024-10-17 03:41:15,RV,BRL,ARINV000440,mwoods
JE0000596,1000,2024,2024-12-15 11:53:32,2024-12-15 11:53:32,RV,BRL,ARINV002496,manuel01
JE0000597,1000,2023,2023-04-14 03:17:33,2023-04-14 03:17:33,RV,BRL,ARINV000095,amandasharp
JE0000598,1000,2023,2023-09-17 01:59:42,2023-09-17 01:59:42,RV,BRL,ARINV002743,gentrygregory
JE0000599,1000,2024,2024-12-07 12:27:19,2024-12-07 12:27:19,RV,BRL,ARINV002000,sarahjohnson
JE0000600,1000,2024,2024-07-02 00:17:18,2024-07-02 00:17:18,RV,BRL,ARINV001179,lfrench
JE0000601,1000,2023,2023-11-02 09:30:08,2023-11-02 09:30:08,RV,BRL,ARINV000269,nancy04
JE0000602,1000,2024,2024-06-15 05:30:41,2024-06-15 05:30:41,RV,BRL,ARINV000033,hebertmatthew
JE0000603,1000,2024,2024-01-07 22:41:28,2024-01-07 22:41:28,RV,BRL,ARINV000200,ihays
JE0000604,1000,2023,2023-09-03 21:17:28,2023-09-03 21:17:28,RV,BRL,ARINV001489,ismall
JE0000605,1000,2023,2023-03-23 14:05:11,2023-03-23 14:05:11,RV,BRL,ARINV000229,znelson
JE0000606,1000,2023,2023-05-15 19:06:39,2023-05-15 19:06:39,RV,BRL,ARINV001139,riverajessica
JE0000607,1000,2024,2024-11-26 04:35:43,2024-11-26 04:35:43,RV,BRL,ARINV001610,jennifer05
JE0000608,1000,2024,2024-01-26 20:41:03,2024-01-26 20:41:03,RV,BRL,ARINV000303,ashley32
JE0000609,1000,2024,2024-10-29 16:57:09,2024-10-29 16:57:09,RV,BRL,ARINV001550,gwilcox
JE0000610,1000,2024,2024-05-09 01:32:58,2024-05-09 01:32:58,RV,BRL,ARINV001938,christopher12
JE0000611,1000,2024,2024-10-31 22:58:16,2024-10-31 22:58:16,RV,BRL,ARINV002665,thomasboyle
JE0000612,1000,2024,2024-07-04 04:22:45,2024-07-04 04:22:45,RV,BRL,ARINV000135,greenjoe
JE0000613,1000,2024,2024-07-23 13:54:54,2024-07-23 13:54:54,RV,BRL,ARINV002799,stephanie49
JE0000614,1000,2023,2023-01-09 03:16:16,2023-01-09 03:16:16,RV,BRL,ARINV000809,greenmichael
JE0000615,1000,2023,2023-05-20 14:50:06,2023-05-20 14:50:06,RV,BRL,ARINV000680,bryanwilson
JE0000616,1000,2024,2024-08-23 01:35:41,2024-08-23 01:35:41,RV,BRL,ARINV001957,erik84
JE0000617,1000,2023,2023-01-24 05:25:57,2023-01-24 05:25:57,RV,BRL,ARINV000841,fowlershelia
JE0000618,1000,2023,2023-11-13 11:53:29,2023-11-13 11:53:29,RV,BRL,ARINV000481,christina32
JE0000619,1000,2024,2024-03-09 16:26:00,2024-03-09 16:26:00,RV,BRL,ARINV002379,vhernandez
JE0000620,1000,2023,2023-08-27 01:10:44,2023-08-27 01:10:44,RV,BRL,ARINV001708,robert87
JE0000621,1000,2024,2024-05-31 17:30:26,2024-05-31 17:30:26,RV,BRL,ARINV002749,kathleenbecker
JE0000622,1000,2023,2023-02-17 05:16:13,2023-02-17 05:16:13,RV,BRL,ARINV002544,foxallison
JE0000623,1000,2023,2023-01-22 18:13:13,2023-01-22 18:13:13,RV,BRL,ARINV000689,christian91
JE0000624,1000,2023,2023-11-16 13:54:07,2023-11-16 13:54:07,RV,BRL,ARINV001604,poolerebecca
JE0000625,1000,2024,2024-10-19 22:00:54,2024-10-19 22:00:54,RV,BRL,ARINV000686,ashleyhernandez
JE0000626,1000,2024,2024-10-14 01:43:01,2024-10-14 01:43:01,RV,BRL,ARINV001436,melissa71
JE0000627,1000,2024,2024-07-17 02:28:27,2024-07-17 02:28:27,RV,BRL,ARINV000288,jenniferburns
JE0000628,1000,2023,2023-07-14 19:14:32,2023-07-14 19:14:32,RV,BRL,ARINV000703,dstokes
JE0000629,1000,2023,2023-11-04 23:44:26,2023-11-04 23:44:26,RV,BRL,ARINV000502,williambryant
JE0000630,1000,2024,2024-07-06 21:22:02,2024-07-06 21:22:02,RV,BRL,ARINV000120,hansenemily
JE0000631,1000,2024,2024-05-04 18:41:30,2024-05-04 18:41:30,RV,BRL,ARINV000365,jennifer64
JE0000632,1000,2023,2023-02-08 03:30:06,2023-02-08 03:30:06,RV,BRL,ARINV002435,reesebeth
JE0000633,1000,2024,2024-05-15 09:58:20,2024-05-15 09:58:20,RV,BRL,ARINV000558,hendersonisabella
JE0000634,1000,2024,2024-01-30 14:21:08,2024-01-30 14:21:08,RV,BRL,ARINV001317,michaelcesar
JE0000635,1000,2023,2023-03-08 21:21:11,2023-03-08 21:21:11,RV,BRL,ARINV000562,ajohnson
JE0000636,1000,2023,2023-06-28 01:10:03,2023-06-28 01:10:03,RV,BRL,ARINV002143,kaylacannon
JE0000637,1000,2023,2023-03-25 07:23:30,2023-03-25 07:23:30,RV,BRL,ARINV001152,ybrooks
JE0000638,1000,2023,2023-05-10 07:47:15,2023-05-10 07:47:15,RV,BRL,ARINV001556,ykane
JE0000639,1000,2023,2023-09-09 21:30:28,2023-09-09 21:30:28,RV,BRL,ARINV001978,qmiller
JE0000640,1000,2024,2024-06-06 17:35:12,2024-06-06 17:35:12,RV,BRL,ARINV002599,desireebailey
JE0000641,1000,2024,2024-09-08 09:54:25,2024-09-08 09:54:25,RV,BRL,ARINV002229,victorialong
JE0000642,1000,2023,2023-08-22 13:34:53,2023-08-22 13:34:53,RV,BRL,ARINV002280,jessicawalker
JE0000643,1000,2024,2024-06-28 10:16:00,2024-06-28 10:16:00,RV,BRL,ARINV002307,avilatiffany
JE0000644,1000,2023,2023-05-14 18:55:15,2023-05-14 18:55:15,RV,BRL,ARINV000667,inunez
JE0000645,1000,2023,2023-02-06 03:24:50,2023-02-06 03:24:50,RV,BRL,ARINV002793,opatel
JE0000646,1000,2023,2023-08-12 16:17:33,2023-08-12 16:17:33,RV,BRL,ARINV000725,stevenmoore
JE0000647,1000,2024,2024-01-01 03:29:54,2024-01-01 03:29:54,RV,BRL,ARINV000574,sharonhardy
JE0000648,1000,2024,2024-08-25 13:02:57,2024-08-25 13:02:57,RV,BRL,ARINV002806,johnsondonna
JE0000649,1000,2023,2023-11-16 06:05:52,2023-11-16 06:05:52,RV,BRL,ARINV001121,allencarlos
JE0000650,1000,2023,2023-08-22 05:54:49,2023-08-22 05:54:49,RV,BRL,ARINV000234,griffinemily
JE0000651,1000,2023,2023-06-25 03:50:53,2023-06-25 03:50:53,RV,BRL,ARINV000907,sanchezbradley
JE0000652,1000,2023,2023-11-27 11:16:47,2023-11-27 11:16:47,RV,BRL,ARINV000342,nyoung
JE0000653,1000,2024,2024-05-22 19:19:36,2024-05-22 19:19:36,RV,BRL,ARINV001189,taylorvictoria
JE0000654,1000,2024,2024-07-28 22:05:13,2024-07-28 22:05:13,RV,BRL,ARINV000083,lisadennis
JE0000655,1000,2024,2024-02-19 19:29:55,2024-02-19 19:29:55,RV,BRL,ARINV002777,barbara53
JE0000656,1000,2024,2024-10-21 11:10:25,2024-10-21 11:10:25,RV,BRL,ARINV000189,nancy83
JE0000657,1000,2023,2023-10-10 18:09:21,2023-10-10 18:09:21,RV,BRL,ARINV001672,dturner
JE0000658,1000,2023,2023-09-17 04:40:02,2023-09-17 04:40:02,RV,BRL,ARINV000550,conniesimmons
JE0000659,1000,2024,2024-12-21 06:06:21,2024-12-21 06:06:21,RV,BRL,ARINV000805,wwilliams
JE0000660,1000,2024,2024-11-03 03:44:22,2024-11-03 03:44:22,RV,BRL,ARINV002397,ufloyd
JE0000661,1000,2023,2023-06-15 18:32:26,2023-06-15 18:32:26,RV,BRL,ARINV002553,trussell
JE0000662,1000,2024,2024-07-28 21:08:15,2024-07-28 21:08:15,RV,BRL,ARINV002203,iwhite
JE0000663,1000,2024,2024-08-21 18:23:19,2024-08-21 18:23:19,RV,BRL,ARINV002792,oallen
JE0000664,1000,2024,2024-11-29 18:33:25,2024-11-29 18:33:25,RV,BRL,ARINV000544,meredith27
JE0000665,1000,2023,2023-04-09 18:04:26,2023-04-09 18:04:26,RV,BRL,ARINV000478,harttammy
JE0000666,1000,2023,2023-08-14 23:07:13,2023-08-14 23:07:13,RV,BRL,ARINV002304,paulscott
JE0000667,1000,2023,2023-03-06 16:38:41,2023-03-06 16:38:41,RV,BRL,ARINV000817,deborah75
JE0000668,1000,2023,2023-10-01 15:14:01,2023-10-01 15:14:01,RV,BRL,ARINV002753,nicholsmaria
JE0000669,1000,2024,2024-07-20 21:16:01,2024-07-20 21:16:01,RV,BRL,ARINV000398,adamsemily
JE0000670,1000,2023,2023-08-08 04:06:44,2023-08-08 04:06:44,RV,BRL,ARINV000935,russojacob
JE0000671,1000,2023,2023-01-09 00:23:18,2023-01-09 00:23:18,RV,BRL,ARINV000655,timothybooth
JE0000672,1000,2023,2023-03-26 10:42:23,2023-03-26 10:42:23,RV,BRL,ARINV002269,kevin03
JE0000673,1000,2024,2024-05-30 07:21:24,2024-05-30 07:21:24,RV,BRL,ARINV000708,suzannewilson
JE0000674,1000,2024,2024-08-04 03:45:27,2024-08-04 03:45:27,RV,BRL,ARINV001010,srocha
JE0000675,1000,2024,2024-07-08 10:06:51,2024-07-08 10:06:51,RV,BRL,ARINV002018,randyallen
JE0000676,1000,2023,2023-03-10 11:46:13,2023-03-10 11:46:13,RV,BRL,ARINV000251,kimberly67
JE0000677,1000,2023,2023-01-16 03:56:41,2023-01-16 03:56:41,RV,BRL,ARINV000974,kyle58
JE0000678,1000,2023,2023-09-08 02:25:38,2023-09-08 02:25:38,RV,BRL,ARINV001225,zowens
JE0000679,1000,2024,2024-06-20 17:13:02,2024-06-20 17:13:02,RV,BRL,ARINV000786,ugill
JE0000680,1000,2024,2024-07-12 02:15:46,2024-07-12 02:15:46,RV,BRL,ARINV000281,nathangutierrez
JE0000681,1000,2024,2024-10-26 07:39:17,2024-10-26 07:39:17,RV,BRL,ARINV002857,joycesmith
JE0000682,1000,2024,2024-06-29 04:34:29,2024-06-29 04:34:29,RV,BRL,ARINV001478,mphillips
JE0000683,1000,2023,2023-06-17 08:26:26,2023-06-17 08:26:26,RV,BRL,ARINV002974,jerry93
JE0000684,1000,2023,2023-05-22 17:56:20,2023-05-22 17:56:20,RV,BRL,ARINV000792,rpierce
JE0000685,1000,2023,2023-03-27 10:24:55,2023-03-27 10:24:55,RV,BRL,ARINV002346,jonathan77
JE0000686,1000,2024,2024-08-18 08:35:35,2024-08-18 08:35:35,RV,BRL,ARINV000778,yjackson
JE0000687,1000,2024,2024-03-16 18:32:05,2024-03-16 18:32:05,RV,BRL,ARINV000675,gary87
JE0000688,1000,2023,2023-10-05 15:25:29,2023-10-05 15:25:29,RV,BRL,ARINV001790,sabrinaweaver
JE0000689,1000,2024,2024-12-25 09:32:39,2024-12-25 09:32:39,RV,BRL,ARINV001218,warrenmary
JE0000690,1000,2024,2024-07-23 18:36:23,2024-07-23 18:36:23,RV,BRL,ARINV000938,landryelizabeth
JE0000691,1000,2024,2024-07-17 19:42:51,2024-07-17 19:42:51,RV,BRL,ARINV000430,gutierrezmegan
JE0000692,1000,2024,2024-07-24 07:43:19,2024-07-24 07:43:19,RV,BRL,ARINV001013,carloshernandez
JE0000693,1000,2024,2024-10-28 09:21:11,2024-10-28 09:21:11,RV,BRL,ARINV001654,williambrooks
JE0000694,1000,2023,2023-09-30 06:42:47,2023-09-30 06:42:47,RV,BRL,ARINV001711,bhopkins
JE0000695,1000,2024,2024-11-27 10:00:53,2024-11-27 10:00:53,RV,BRL,ARINV000556,patelrobert
JE0000696,1000,2023,2023-09-09 07:53:57,2023-09-09 07:53:57,RV,BRL,ARINV000187,morenojoshua
JE0000697,1000,2024,2024-09-03 01:29:40,2024-09-03 01:29:40,RV,BRL,ARINV000167,andre62
JE0000698,1000,2023,2023-12-05 08:21:23,2023-12-05 08:21:23,RV,BRL,ARINV000995,hullalice
JE0000699,1000,2023,2023-05-21 00:39:40,2023-05-21 00:39:40,RV,BRL,ARINV001237,jamesfox
JE0000700,1000,2023,2023-05-22 02:21:52,2023-05-22 02:21:52,RV,BRL,ARINV000477,joseph61
JE0000701,1000,2023,2023-11-03 03:09:03,2023-11-03 03:09:03,RV,BRL,ARINV001027,susan79
JE0000702,1000,2024,2024-12-18 19:38:59,2024-12-18 19:38:59,RV,BRL,ARINV001761,veronicaperez
JE0000703,1000,2024,2024-05-08 09:45:16,2024-05-08 09:45:16,RV,BRL,ARINV001808,valdezmichele
JE0000704,1000,2024,2024-12-30 10:45:59,2024-12-30 10:45:59,RV,BRL,ARINV000057,davisnicholas
JE0000705,1000,2023,2023-12-19 12:22:15,2023-12-19 12:22:15,RV,BRL,ARINV000209,abrown
JE0000706,1000,2024,2024-09-02 06:22:00,2024-09-02 06:22:00,RV,BRL,ARINV002511,christopherbruce
JE0000707,1000,2023,2023-06-20 19:40:12,2023-06-20 19:40:12,RV,BRL,ARINV002380,ariel18
JE0000708,1000,2024,2024-06-21 17:08:54,2024-06-21 17:08:54,RV,BRL,ARINV002506,hallrachel
JE0000709,1000,2023,2023-09-29 01:33:36,2023-09-29 01:33:36,RV,BRL,ARINV001498,enelson
JE0000710,1000,2023,2023-09-05 22:10:18,2023-09-05 22:10:18,RV,BRL,ARINV000426,rachel90
JE0000711,1000,2023,2023-11-09 04:49:40,2023-11-09 04:49:40,RV,BRL,ARINV002645,sarahedwards
JE0000712,1000,2023,2023-02-03 17:51:56,2023-02-03 17:51:56,RV,BRL,ARINV001559,brendagoodwin
JE0000713,1000,2023,2023-06-24 01:33:16,2023-06-24 01:33:16,RV,BRL,ARINV000242,thickman
JE0000714,1000,2024,2024-01-20 12:01:32,2024-01-20 12:01:32,RV,BRL,ARINV002757,anneknight
JE0000715,1000,2024,2024-06-17 20:48:58,2024-06-17 20:48:58,RV,BRL,ARINV001570,irhodes
JE0000716,1000,2024,2024-06-26 06:39:39,2024-06-26 06:39:39,RV,BRL,ARINV000570,patrick21
JE0000717,1000,2023,2023-09-08 22:07:01,2023-09-08 22:07:01,RV,BRL,ARINV001267,brian63
JE0000718,1000,2024,2024-03-23 16:31:22,2024-03-23 16:31:22,RV,BRL,ARINV002194,petersonkayla
JE0000719,1000,2023,2023-05-19 11:02:54,2023-05-19 11:02:54,RV,BRL,ARINV002247,unovak
JE0000720,1000,2023,2023-09-24 02:30:06,2023-09-24 02:30:06,RV,BRL,ARINV002048,walterskristen
JE0000721,1000,2024,2024-04-16 12:40:04,2024-04-16 12:40:04,RV,BRL,ARINV002881,whenry
JE0000722,1000,2023,2023-03-30 11:33:30,2023-03-30 11:33:30,RV,BRL,ARINV002532,rreynolds
JE0000723,1000,2024,2024-02-16 21:21:56,2024-02-16 21:21:56,RV,BRL,ARINV001174,nmiller
JE0000724,1000,2024,2024-03-23 10:31:54,2024-03-23 10:31:54,RV,BRL,ARINV002283,lauren11
JE0000725,1000,2023,2023-10-03 11:21:29,2023-10-03 11:21:29,RV,BRL,ARINV001557,eric26
JE0000726,1000,2023,2023-10-15 04:36:17,2023-10-15 04:36:17,RV,BRL,ARINV001178,michael10
JE0000727,1000,2024,2024-05-14 20:24:32,2024-05-14 20:24:32,RV,BRL,ARINV002619,sean41
JE0000728,1000,2023,2023-10-19 03:45:06,2023-10-19 03:45:06,RV,BRL,ARINV002654,christopherjordan
JE0000729,1000,2024,2024-08-25 13:55:50,2024-08-25 13:55:50,RV,BRL,ARINV001930,fgarcia
JE0000730,1000,2024,2024-10-08 07:12:30,2024-10-08 07:12:30,RV,BRL,ARINV000651,angela99
JE0000731,1000,2024,2024-02-09 08:29:35,2024-02-09 08:29:35,RV,BRL,ARINV002634,michelle04
JE0000732,1000,2024,2024-09-17 01:16:07,2024-09-17 01:16:07,RV,BRL,ARINV001518,fhughes
JE0000733,1000,2023,2023-05-05 00:24:28,2023-05-05 00:24:28,RV,BRL,ARINV001017,ashleyjackson
JE0000734,1000,2023,2023-04-15 09:35:10,2023-04-15 09:35:10,RV,BRL,ARINV001501,rjackson
JE0000735,1000,2024,2024-08-19 13:29:49,2024-08-19 13:29:49,RV,BRL,ARINV001460,joseph21
JE0000736,1000,2024,2024-01-31 02:18:11,2024-01-31 02:18:11,RV,BRL,ARINV001231,ryanfisher
JE0000737,1000,2024,2024-06-20 10:31:29,2024-06-20 10:31:29,RV,BRL,ARINV000560,xpatton
JE0000738,1000,2024,2024-01-15 00:27:47,2024-01-15 00:27:47,RV,BRL,ARINV001409,sheryl79
JE0000739,1000,2024,2024-01-09 00:59:21,2024-01-09 00:59:21,RV,BRL,ARINV001974,stephentaylor
JE0000740,1000,2024,2024-02-17 04:19:56,2024-02-17 04:19:56,RV,BRL,ARINV000738,rushmartin
JE0000741,1000,2023,2023-10-06 00:18:35,2023-10-06 00:18:35,RV,BRL,ARINV002564,vbrock
JE0000742,1000,2024,2024-05-07 16:44:25,2024-05-07 16:44:25,RV,BRL,ARINV001745,pcook
JE0000743,1000,2024,2024-07-03 13:20:52,2024-07-03 13:20:52,RV,BRL,ARINV001295,kevinmorrison
JE0000744,1000,2023,2023-09-17 21:01:48,2023-09-17 21:01:48,RV,BRL,ARINV000826,timothythompson
JE0000745,1000,2024,2024-01-10 11:17:28,2024-01-10 11:17:28,RV,BRL,ARINV000624,snovak
JE0000746,1000,2023,2023-05-16 12:36:22,2023-05-16 12:36:22,RV,BRL,ARINV000220,yfaulkner
JE0000747,1000,2023,2023-12-06 07:04:37,2023-12-06 07:04:37,RV,BRL,ARINV000258,markramirez
JE0000748,1000,2023,2023-01-03 20:13:14,2023-01-03 20:13:14,RV,BRL,ARINV001282,kdiaz
JE0000749,1000,2024,2024-10-18 13:51:17,2024-10-18 13:51:17,RV,BRL,ARINV002775,brittanygardner
JE0000750,1000,2023,2023-07-06 10:39:44,2023-07-06 10:39:44,RV,BRL,ARINV000926,bentonsteven
JE0000751,1000,2024,2024-10-01 00:23:19,2024-10-01 00:23:19,RV,BRL,ARINV000217,samuelcarter
JE0000752,1000,2023,2023-06-23 23:56:14,2023-06-23 23:56:14,RV,BRL,ARINV000511,fuenteslaura
JE0000753,1000,2023,2023-05-31 07:07:54,2023-05-31 07:07:54,RV,BRL,ARINV002367,ichambers
JE0000754,1000,2024,2024-12-24 19:37:37,2024-12-24 19:37:37,RV,BRL,ARINV001588,john26
JE0000755,1000,2023,2023-01-08 06:14:22,2023-01-08 06:14:22,RV,BRL,ARINV000593,mjones
JE0000756,1000,2023,2023-10-12 07:21:50,2023-10-12 07:21:50,RV,BRL,ARINV000493,iaguilar
JE0000757,1000,2023,2023-10-30 04:24:29,2023-10-30 04:24:29,RV,BRL,ARINV000332,ystephens
JE0000758,1000,2024,2024-08-12 17:18:31,2024-08-12 17:18:31,RV,BRL,ARINV002829,jacqueline89
JE0000759,1000,2024,2024-07-23 05:05:41,2024-07-23 05:05:41,RV,BRL,ARINV002216,rodriguezjohn
JE0000760,1000,2024,2024-10-22 18:49:46,2024-10-22 18:49:46,RV,BRL,ARINV000415,gabriel90
JE0000761,1000,2023,2023-06-15 06:01:43,2023-06-15 06:01:43,RV,BRL,ARINV002132,vrasmussen
JE0000762,1000,2024,2024-03-22 09:41:40,2024-03-22 09:41:40,RV,BRL,ARINV001045,grodriguez
JE0000763,1000,2024,2024-12-28 05:56:52,2024-12-28 05:56:52,RV,BRL,ARINV001908,jeffrey88
JE0000764,1000,2024,2024-11-20 12:22:35,2024-11-20 12:22:35,RV,BRL,ARINV000645,seanmyers
JE0000765,1000,2024,2024-06-05 08:56:37,2024-06-05 08:56:37,RV,BRL,ARINV001823,michaeljohnson
JE0000766,1000,2023,2023-07-11 13:50:25,2023-07-11 13:50:25,RV,BRL,ARINV001039,phillipssamantha
JE0000767,1000,2023,2023-05-07 16:30:42,2023-05-07 16:30:42,RV,BRL,ARINV001508,wilsonshelia
JE0000768,1000,2023,2023-07-04 09:29:27,2023-07-04 09:29:27,RV,BRL,ARINV002271,michaelcooper
JE0000769,1000,2024,2024-02-17 08:20:25,2024-02-17 08:20:25,RV,BRL,ARINV000639,adrianabailey
JE0000770,1000,2024,2024-10-07 01:31:22,2024-10-07 01:31:22,RV,BRL,ARINV000944,kimheather
JE0000771,1000,2023,2023-03-20 17:55:55,2023-03-20 17:55:55,RV,BRL,ARINV002615,carlos01
JE0000772,1000,2024,2024-04-01 04:14:07,2024-04-01 04:14:07,RV,BRL,ARINV002585,sweeneydeborah
JE0000773,1000,2024,2024-04-24 08:56:44,2024-04-24 08:56:44,RV,BRL,ARINV000195,sarahyang
JE0000774,1000,2023,2023-02-16 12:14:19,2023-02-16 12:14:19,RV,BRL,ARINV000575,andrearivera
JE0000775,1000,2024,2024-03-04 11:54:19,2024-03-04 11:54:19,RV,BRL,ARINV002362,omullen
JE0000776,1000,2024,2024-08-01 23:51:44,2024-08-01 23:51:44,RV,BRL,ARINV000818,lsoto
JE0000777,1000,2024,2024-01-24 17:40:36,2024-01-24 17:40:36,RV,BRL,ARINV000958,vfoster
JE0000778,1000,2023,2023-04-03 03:10:23,2023-04-03 03:10:23,RV,BRL,ARINV002765,shannonjordan
JE0000779,1000,2024,2024-01-01 16:47:02,2024-01-01 16:47:02,RV,BRL,ARINV002711,bushjamie
JE0000780,1000,2023,2023-02-08 21:28:06,2023-02-08 21:28:06,RV,BRL,ARINV000897,raylauren
JE0000781,1000,2024,2024-07-25 06:41:26,2024-07-25 06:41:26,RV,BRL,ARINV002772,michaelgonzalez
JE0000782,1000,2023,2023-08-04 20:46:18,2023-08-04 20:46:18,RV,BRL,ARINV000840,bakermichelle
JE0000783,1000,2023,2023-10-10 02:44:25,2023-10-10 02:44:25,RV,BRL,ARINV001396,candice96
JE0000784,1000,2023,2023-04-23 06:14:37,2023-04-23 06:14:37,RV,BRL,ARINV001862,baileymegan
JE0000785,1000,2024,2024-06-25 15:41:17,2024-06-25 15:41:17,RV,BRL,ARINV000636,lisamccarthy
JE0000786,1000,2023,2023-04-22 17:00:35,2023-04-22 17:00:35,RV,BRL,ARINV000721,samantha91
JE0000787,1000,2024,2024-12-06 04:39:54,2024-12-06 04:39:54,RV,BRL,ARINV000255,lawrenceallen
JE0000788,1000,2024,2024-04-29 20:55:01,2024-04-29 20:55:01,RV,BRL,ARINV002118,whiteheather
JE0000789,1000,2024,2024-02-29 18:25:52,2024-02-29 18:25:52,RV,BRL,ARINV002005,ibarnes
JE0000790,1000,2024,2024-09-01 01:41:29,2024-09-01 01:41:29,RV,BRL,ARINV001731,fhenderson
JE0000791,1000,2024,2024-03-18 06:33:54,2024-03-18 06:33:54,RV,BRL,ARINV000192,angelaburns
JE0000792,1000,2023,2023-06-12 06:17:04,2023-06-12 06:17:04,RV,BRL,ARINV001773,jacobwilkinson
JE0000793,1000,2024,2024-05-23 07:29:13,2024-05-23 07:29:13,RV,BRL,ARINV001484,glennstephanie
JE0000794,1000,2023,2023-04-06 22:37:32,2023-04-06 22:37:32,RV,BRL,ARINV002989,ytaylor
JE0000795,1000,2024,2024-09-07 23:28:45,2024-09-07 23:28:45,RV,BRL,ARINV001206,fortiz
JE0000796,1000,2023,2023-04-23 00:24:13,2023-04-23 00:24:13,RV,BRL,ARINV001819,cmckinney
JE0000797,1000,2023,2023-03-04 00:20:30,2023-03-04 00:20:30,RV,BRL,ARINV002951,kjackson
JE0000798,1000,2023,2023-05-08 01:51:18,2023-05-08 01:51:18,RV,BRL,ARINV002862,flynnjeffrey
JE0000799,1000,2023,2023-09-24 22:05:36,2023-09-24 22:05:36,RV,BRL,ARINV001504,hillamanda
JE0000800,1000,2023,2023-04-30 11:46:55,2023-04-30 11:46:55,RV,BRL,ARINV001420,kimberlycunningham
JE0000801,1000,2024,2024-08-04 09:17:22,2024-08-04 09:17:22,RV,BRL,ARINV000453,hdunn
JE0000802,1000,2023,2023-10-08 12:29:10,2023-10-08 12:29:10,RV,BRL,ARINV001418,adamsamy
JE0000803,1000,2024,2024-10-05 01:17:07,2024-10-05 01:17:07,RV,BRL,ARINV000197,amber07
JE0000804,1000,2024,2024-01-22 05:15:24,2024-01-22 05:15:24,RV,BRL,ARINV002918,veronicagarcia
JE0000805,1000,2024,2024-09-28 08:22:41,2024-09-28 08:22:41,RV,BRL,ARINV002457,kennethkidd
JE0000806,1000,2024,2024-01-07 04:07:40,2024-01-07 04:07:40,RV,BRL,ARINV000534,fbaker
JE0000807,1000,2024,2024-06-12 01:33:06,2024-06-12 01:33:06,RV,BRL,ARINV000878,hgrimes
JE0000808,1000,2024,2024-12-10 21:39:08,2024-12-10 21:39:08,RV,BRL,ARINV001037,jasonrojas
JE0000809,1000,2023,2023-12-03 18:31:34,2023-12-03 18:31:34,RV,BRL,ARINV000460,michelle96
JE0000810,1000,2023,2023-02-20 01:08:32,2023-02-20 01:08:32,RV,BRL,ARINV000487,christinaglover
JE0000811,1000,2023,2023-06-08 04:35:22,2023-06-08 04:35:22,RV,BRL,ARINV001892,lindahudson
JE0000812,1000,2023,2023-02-24 03:43:51,2023-02-24 03:43:51,RV,BRL,ARINV000681,candice25
JE0000813,1000,2023,2023-02-28 01:22:23,2023-02-28 01:22:23,RV,BRL,ARINV002453,keith48
JE0000814,1000,2023,2023-06-20 18:57:04,2023-06-20 18:57:04,RV,BRL,ARINV000419,taylorkaren
JE0000815,1000,2024,2024-07-10 15:11:17,2024-07-10 15:11:17,RV,BRL,ARINV001350,rsellers
JE0000816,1000,2023,2023-04-13 16:21:34,2023-04-13 16:21:34,RV,BRL,ARINV000877,jacquelineanderson
JE0000817,1000,2024,2024-05-07 17:51:19,2024-05-07 17:51:19,RV,BRL,ARINV001650,jenniferpoole
JE0000818,1000,2023,2023-02-26 18:52:52,2023-02-26 18:52:52,RV,BRL,ARINV001900,kburns
JE0000819,1000,2023,2023-01-03 16:21:56,2023-01-03 16:21:56,RV,BRL,ARINV002330,courtney67
JE0000820,1000,2023,2023-08-01 21:16:53,2023-08-01 21:16:53,RV,BRL,ARINV001709,schultznicole
JE0000821,1000,2023,2023-07-15 12:19:04,2023-07-15 12:19:04,RV,BRL,ARINV002105,powellkara
JE0000822,1000,2023,2023-03-09 05:56:56,2023-03-09 05:56:56,RV,BRL,ARINV000454,shawn75
JE0000823,1000,2024,2024-10-31 04:18:27,2024-10-31 04:18:27,RV,BRL,ARINV001414,meltonmelanie
JE0000824,1000,2024,2024-03-31 23:04:07,2024-03-31 23:04:07,RV,BRL,ARINV002876,simonstephen
JE0000825,1000,2023,2023-08-12 13:30:11,2023-08-12 13:30:11,RV,BRL,ARINV000580,melissa86
JE0000826,1000,2024,2024-02-22 13:52:56,2024-02-22 13:52:56,RV,BRL,ARINV000125,tammysummers
JE0000827,1000,2024,2024-03-21 23:27:46,2024-03-21 23:27:46,RV,BRL,ARINV001898,sadams
JE0000828,1000,2023,2023-01-28 13:50:03,2023-01-28 13:50:03,RV,BRL,ARINV000339,amy29
JE0000829,1000,2023,2023-02-18 08:24:27,2023-02-18 08:24:27,RV,BRL,ARINV001416,rkramer
JE0000830,1000,2024,2024-07-03 17:08:22,2024-07-03 17:08:22,RV,BRL,ARINV002858,williamsconnie
JE0000831,1000,2024,2024-04-12 09:13:48,2024-04-12 09:13:48,RV,BRL,ARINV000090,ksmith
JE0000832,1000,2023,2023-10-19 13:23:50,2023-10-19 13:23:50,RV,BRL,ARINV000447,bbryant
JE0000833,1000,2024,2024-03-28 08:35:49,2024-03-28 08:35:49,RV,BRL,ARINV002106,wendyblankenship
JE0000834,1000,2023,2023-11-01 01:48:30,2023-11-01 01:48:30,RV,BRL,ARINV001893,erik41
JE0000835,1000,2024,2024-08-19 19:19:44,2024-08-19 19:19:44,RV,BRL,ARINV001150,john52
JE0000836,1000,2023,2023-09-12 21:55:41,2023-09-12 21:55:41,RV,BRL,ARINV001925,sanderskevin
JE0000837,1000,2024,2024-04-22 19:36:58,2024-04-22 19:36:58,RV,BRL,ARINV001848,rubendavis
JE0000838,1000,2023,2023-03-09 00:11:13,2023-03-09 00:11:13,RV,BRL,ARINV001918,smiththomas
JE0000839,1000,2024,2024-03-27 17:15:50,2024-03-27 17:15:50,RV,BRL,ARINV000997,brittneystone
JE0000840,1000,2023,2023-08-28 15:30:39,2023-08-28 15:30:39,RV,BRL,ARINV000734,ssmith
JE0000841,1000,2023,2023-07-09 04:34:44,2023-07-09 04:34:44,RV,BRL,ARINV000628,lisa62
JE0000842,1000,2023,2023-12-09 16:19:06,2023-12-09 16:19:06,RV,BRL,ARINV002609,yjones
JE0000843,1000,2023,2023-02-22 16:40:15,2023-02-22 16:40:15,RV,BRL,ARINV002512,crosscurtis
JE0000844,1000,2024,2024-09-05 22:23:46,2024-09-05 22:23:46,RV,BRL,ARINV001939,michael42
JE0000845,1000,2024,2024-03-16 22:35:04,2024-03-16 22:35:04,RV,BRL,ARINV001240,wayala
JE0000846,1000,2024,2024-12-12 11:09:40,2024-12-12 11:09:40,RV,BRL,ARINV000330,darlenebyrd
JE0000847,1000,2023,2023-09-13 14:21:33,2023-09-13 14:21:33,RV,BRL,ARINV001428,morenoalan
JE0000848,1000,2024,2024-03-20 19:31:43,2024-03-20 19:31:43,RV,BRL,ARINV001469,scottbowen
JE0000849,1000,2024,2024-07-07 01:46:34,2024-07-07 01:46:34,RV,BRL,ARINV002388,samanthajensen
JE0000850,1000,2024,2024-06-11 10:05:50,2024-06-11 10:05:50,RV,BRL,ARINV001578,fheath
JE0000851,1000,2024,2024-11-19 05:56:49,2024-11-19 05:56:49,RV,BRL,ARINV002626,taylordavid
JE0000852,1000,2023,2023-10-07 20:59:48,2023-10-07 20:59:48,RV,BRL,ARINV000545,bbell
JE0000853,1000,2023,2023-08-23 17:38:20,2023-08-23 17:38:20,RV,BRL,ARINV002693,kylie34
JE0000854,1000,2024,2024-11-09 03:42:50,2024-11-09 03:42:50,RV,BRL,ARINV002614,wrightcarolyn
JE0000855,1000,2024,2024-09-12 08:10:54,2024-09-12 08:10:54,RV,BRL,ARINV000369,kimberly04
JE0000856,1000,2024,2024-03-04 14:34:49,2024-03-04 14:34:49,RV,BRL,ARINV002642,aprilhicks
JE0000857,1000,2023,2023-05-05 09:20:00,2023-05-05 09:20:00,RV,BRL,ARINV002802,dphillips
JE0000858,1000,2024,2024-07-27 20:36:36,2024-07-27 20:36:36,RV,BRL,ARINV001222,troyrodriguez
JE0000859,1000,2023,2023-09-26 01:18:50,2023-09-26 01:18:50,RV,BRL,ARINV002396,elittle
JE0000860,1000,2024,2024-08-13 04:47:44,2024-08-13 04:47:44,RV,BRL,ARINV002991,hatfieldsarah
JE0000861,1000,2023,2023-11-29 19:51:16,2023-11-29 19:51:16,RV,BRL,ARINV000994,paulcombs
JE0000862,1000,2024,2024-06-23 05:39:54,2024-06-23 05:39:54,RV,BRL,ARINV000458,rdiaz
JE0000863,1000,2023,2023-06-13 15:04:00,2023-06-13 15:04:00,RV,BRL,ARINV002402,kathrynbest
JE0000864,1000,2024,2024-04-08 18:07:54,2024-04-08 18:07:54,RV,BRL,ARINV001337,smithcarlos
JE0000865,1000,2024,2024-10-21 18:58:30,2024-10-21 18:58:30,RV,BRL,ARINV001443,jason06
JE0000866,1000,2023,2023-01-24 17:56:35,2023-01-24 17:56:35,RV,BRL,ARINV000737,courtney86
JE0000867,1000,2024,2024-02-25 11:35:54,2024-02-25 11:35:54,RV,BRL,ARINV001564,fmiles
JE0000868,1000,2024,2024-07-08 08:00:21,2024-07-08 08:00:21,RV,BRL,ARINV002601,joshuacollins
JE0000869,1000,2024,2024-01-22 17:55:06,2024-01-22 17:55:06,RV,BRL,ARINV002061,terrimoore
JE0000870,1000,2024,2024-07-17 19:17:52,2024-07-17 19:17:52,RV,BRL,ARINV002986,peter14
JE0000871,1000,2024,2024-11-28 11:35:38,2024-11-28 11:35:38,RV,BRL,ARINV000736,pblair
JE0000872,1000,2024,2024-06-26 07:55:43,2024-06-26 07:55:43,RV,BRL,ARINV001442,sanchezsandy
JE0000873,1000,2023,2023-05-21 09:24:46,2023-05-21 09:24:46,RV,BRL,ARINV000933,chavezchelsea
JE0000874,1000,2023,2023-11-19 11:15:44,2023-11-19 11:15:44,RV,BRL,ARINV001021,elizabeth21
JE0000875,1000,2024,2024-10-30 06:48:08,2024-10-30 06:48:08,RV,BRL,ARINV001993,zimmermanjacqueline
JE0000876,1000,2023,2023-03-20 11:19:53,2023-03-20 11:19:53,RV,BRL,ARINV000661,tylerreed
JE0000877,1000,2024,2024-03-19 20:19:02,2024-03-19 20:19:02,RV,BRL,ARINV001033,gary24
JE0000878,1000,2023,2023-07-03 05:33:37,2023-07-03 05:33:37,RV,BRL,ARINV000423,wiseanthony
JE0000879,1000,2024,2024-10-29 07:23:16,2024-10-29 07:23:16,RV,BRL,ARINV002450,enelson
JE0000880,1000,2023,2023-02-18 13:10:07,2023-02-18 13:10:07,RV,BRL,ARINV002805,jennifer91
JE0000881,1000,2024,2024-08-06 04:57:27,2024-08-06 04:57:27,RV,BRL,ARINV001061,xgibson
JE0000882,1000,2023,2023-05-29 10:12:23,2023-05-29 10:12:23,RV,BRL,ARINV001044,porterashley
JE0000883,1000,2024,2024-08-19 17:53:37,2024-08-19 17:53:37,RV,BRL,ARINV000289,eric19
JE0000884,1000,2024,2024-03-14 17:56:12,2024-03-14 17:56:12,RV,BRL,ARINV000471,perezwilliam
JE0000885,1000,2024,2024-09-25 08:13:02,2024-09-25 08:13:02,RV,BRL,ARINV002326,trevinoalexander
JE0000886,1000,2024,2024-08-15 23:54:14,2024-08-15 23:54:14,RV,BRL,ARINV002174,ruizpatrick
JE0000887,1000,2023,2023-07-06 15:56:15,2023-07-06 15:56:15,RV,BRL,ARINV001088,haroldhorne
JE0000888,1000,2023,2023-01-07 11:16:22,2023-01-07 11:16:22,RV,BRL,ARINV001907,tranrobin
JE0000889,1000,2023,2023-02-16 05:20:16,2023-02-16 05:20:16,RV,BRL,ARINV001912,pwalker
JE0000890,1000,2024,2024-05-15 08:56:25,2024-05-15 08:56:25,RV,BRL,ARINV002877,umoon
JE0000891,1000,2023,2023-02-27 05:03:01,2023-02-27 05:03:01,RV,BRL,ARINV000227,margaret95
JE0000892,1000,2024,2024-12-03 16:37:32,2024-12-03 16:37:32,RV,BRL,ARINV000761,shawrachel
JE0000893,1000,2023,2023-04-16 20:34:36,2023-04-16 20:34:36,RV,BRL,ARINV000577,jeffreyblack
JE0000894,1000,2023,2023-06-14 07:37:23,2023-06-14 07:37:23,RV,BRL,ARINV000092,finleycasey
JE0000895,1000,2023,2023-12-12 04:25:17,2023-12-12 04:25:17,RV,BRL,ARINV000515,xcline
JE0000896,1000,2024,2024-09-03 08:25:32,2024-09-03 08:25:32,RV,BRL,ARINV002364,mark87
JE0000897,1000,2024,2024-07-22 05:42:55,2024-07-22 05:42:55,RV,BRL,ARINV000271,woodkelly
JE0000898,1000,2024,2024-09-27 03:08:47,2024-09-27 03:08:47,RV,BRL,ARINV000518,jodi37
JE0000899,1000,2024,2024-08-04 01:53:35,2024-08-04 01:53:35,RV,BRL,ARINV002384,brittany73
JE0000900,1000,2024,2024-02-08 15:48:44,2024-02-08 15:48:44,RV,BRL,ARINV002202,edwardrandolph
JE0000901,1000,2024,2024-06-08 21:23:42,2024-06-08 21:23:42,RV,BRL,ARINV001046,hallmichael
JE0000902,1000,2024,2024-02-03 16:57:24,2024-02-03 16:57:24,RV,BRL,ARINV002718,tapiaaaron
JE0000903,1000,2024,2024-02-13 14:34:20,2024-02-13 14:34:20,RV,BRL,ARINV002836,usweeney
JE0000904,1000,2023,2023-07-09 16:07:33,2023-07-09 16:07:33,RV,BRL,ARINV002914,dalton83
JE0000905,1000,2023,2023-10-28 13:42:07,2023-10-28 13:42:07,RV,BRL,ARINV000960,dvasquez
JE0000906,1000,2023,2023-05-22 11:47:04,2023-05-22 11:47:04,RV,BRL,ARINV001388,jenniferdavis
JE0000907,1000,2024,2024-08-27 12:50:00,2024-08-27 12:50:00,RV,BRL,ARINV002482,phyllismeyer
JE0000908,1000,2024,2024-02-03 06:06:18,2024-02-03 06:06:18,RV,BRL,ARINV000769,stephen19
JE0000909,1000,2023,2023-04-06 10:39:12,2023-04-06 10:39:12,RV,BRL,ARINV002371,wagnerdana
JE0000910,1000,2024,2024-09-02 09:38:30,2024-09-02 09:38:30,RV,BRL,ARINV002520,kjones
JE0000911,1000,2024,2024-10-18 23:33:03,2024-10-18 23:33:03,RV,BRL,ARINV001860,grahamtamara
JE0000912,1000,2024,2024-10-30 20:27:01,2024-10-30 20:27:01,RV,BRL,ARINV001228,kellyrosales
JE0000913,1000,2023,2023-12-13 05:18:09,2023-12-13 05:18:09,RV,BRL,ARINV000985,vhaynes
JE0000914,1000,2023,2023-10-10 07:43:43,2023-10-10 07:43:43,RV,BRL,ARINV001813,louis43
JE0000915,1000,2023,2023-05-02 01:08:35,2023-05-02 01:08:35,RV,BRL,ARINV001402,hardingderek
JE0000916,1000,2023,2023-01-15 11:36:43,2023-01-15 11:36:43,RV,BRL,ARINV002295,moorefrank
JE0000917,1000,2024,2024-05-14 13:11:04,2024-05-14 13:11:04,RV,BRL,ARINV002871,hedwards
JE0000918,1000,2024,2024-04-22 05:05:02,2024-04-22 05:05:02,RV,BRL,ARINV000847,tami37
JE0000919,1000,2024,2024-02-06 01:31:00,2024-02-06 01:31:00,RV,BRL,ARINV001961,steven11
JE0000920,1000,2024,2024-08-20 03:46:30,2024-08-20 03:46:30,RV,BRL,ARINV002900,lindseytorres
JE0000921,1000,2023,2023-06-21 16:30:56,2023-06-21 16:30:56,RV,BRL,ARINV001160,lewismelissa
JE0000922,1000,2024,2024-06-12 15:47:48,2024-06-12 15:47:48,RV,BRL,ARINV001806,christopherwright
JE0000923,1000,2024,2024-09-17 06:00:13,2024-09-17 06:00:13,RV,BRL,ARINV000469,randy04
JE0000924,1000,2023,2023-05-06 00:56:47,2023-05-06 00:56:47,RV,BRL,ARINV002940,lori20
JE0000925,1000,2023,2023-05-02 06:22:05,2023-05-02 06:22:05,RV,BRL,ARINV000969,jbond
JE0000926,1000,2023,2023-10-13 02:15:19,2023-10-13 02:15:19,RV,BRL,ARINV001197,codygarcia
JE0000927,1000,2024,2024-10-20 22:28:20,2024-10-20 22:28:20,RV,BRL,ARINV001792,davidbrown
JE0000928,1000,2023,2023-08-05 10:19:04,2023-08-05 10:19:04,RV,BRL,ARINV001967,davidcolon
JE0000929,1000,2024,2024-04-10 13:49:47,2024-04-10 13:49:47,RV,BRL,ARINV000341,gina19
JE0000930,1000,2024,2024-09-09 15:39:11,2024-09-09 15:39:11,RV,BRL,ARINV002298,samantha10
JE0000931,1000,2023,2023-03-26 11:43:45,2023-03-26 11:43:45,RV,BRL,ARINV002315,gonzalezdebbie
JE0000932,1000,2023,2023-10-27 03:42:56,2023-10-27 03:42:56,RV,BRL,ARINV000900,christopherboone
JE0000933,1000,2023,2023-03-14 01:17:35,2023-03-14 01:17:35,RV,BRL,ARINV001069,david70
JE0000934,1000,2024,2024-03-01 04:14:09,2024-03-01 04:14:09,RV,BRL,ARINV001186,sandrahamilton
JE0000935,1000,2024,2024-10-23 14:52:36,2024-10-23 14:52:36,RV,BRL,ARINV001343,ycrawford
JE0000936,1000,2024,2024-07-10 02:59:34,2024-07-10 02:59:34,RV,BRL,ARINV001576,nthompson
JE0000937,1000,2023,2023-02-01 23:22:19,2023-02-01 23:22:19,RV,BRL,ARINV000693,joshuagriffin
JE0000938,1000,2024,2024-11-14 10:01:18,2024-11-14 10:01:18,RV,BRL,ARINV000588,austinharvey
JE0000939,1000,2023,2023-11-05 22:22:45,2023-11-05 22:22:45,RV,BRL,ARINV002254,deborahporter
JE0000940,1000,2024,2024-07-30 13:38:50,2024-07-30 13:38:50,RV,BRL,ARINV000131,rbrown
JE0000941,1000,2023,2023-04-07 22:32:19,2023-04-07 22:32:19,RV,BRL,ARINV002423,mtaylor
JE0000942,1000,2023,2023-11-06 04:05:51,2023-11-06 04:05:51,RV,BRL,ARINV001397,crystalpham
JE0000943,1000,2023,2023-04-20 12:25:42,2023-04-20 12:25:42,RV,BRL,ARINV000554,mayokimberly
JE0000944,1000,2024,2024-08-23 05:42:44,2024-08-23 05:42:44,RV,BRL,ARINV002323,timothy75
JE0000945,1000,2023,2023-01-28 01:04:13,2023-01-28 01:04:13,RV,BRL,ARINV000656,paul20
JE0000946,1000,2023,2023-01-26 18:33:02,2023-01-26 18:33:02,RV,BRL,ARINV000445,carla04
JE0000947,1000,2023,2023-10-05 05:39:15,2023-10-05 05:39:15,RV,BRL,ARINV002650,stokesthomas
JE0000948,1000,2023,2023-07-31 14:34:49,2023-07-31 14:34:49,RV,BRL,ARINV001483,katie32
JE0000949,1000,2023,2023-12-27 22:26:33,2023-12-27 22:26:33,RV,BRL,ARINV000094,wrightjohn
JE0000950,1000,2023,2023-11-07 21:09:40,2023-11-07 21:09:40,RV,BRL,ARINV001157,gallagherstacie
JE0000951,1000,2023,2023-07-11 19:24:26,2023-07-11 19:24:26,RV,BRL,ARINV000768,lkelly
JE0000952,1000,2023,2023-06-04 14:13:41,2023-06-04 14:13:41,RV,BRL,ARINV001386,joelstewart
JE0000953,1000,2023,2023-11-02 06:59:42,2023-11-02 06:59:42,RV,BRL,ARINV002937,robin05
JE0000954,1000,2024,2024-06-03 05:25:10,2024-06-03 05:25:10,RV,BRL,ARINV000134,annalopez
JE0000955,1000,2023,2023-05-01 12:05:30,2023-05-01 12:05:30,RV,BRL,ARINV002931,lweaver
JE0000956,1000,2024,2024-10-09 14:32:16,2024-10-09 14:32:16,RV,BRL,ARINV001051,djohnson
JE0000957,1000,2024,2024-12-18 05:45:09,2024-12-18 05:45:09,RV,BRL,ARINV001721,carolynsmith
JE0000958,1000,2024,2024-06-16 08:54:11,2024-06-16 08:54:11,RV,BRL,ARINV002854,nsmith
JE0000959,1000,2024,2024-12-03 05:24:09,2024-12-03 05:24:09,RV,BRL,ARINV001566,lindsaypeterson
JE0000960,1000,2024,2024-09-02 12:34:11,2024-09-02 12:34:11,RV,BRL,ARINV000859,samantharichard
JE0000961,1000,2024,2024-12-01 14:22:16,2024-12-01 14:22:16,RV,BRL,ARINV000552,brian29
JE0000962,1000,2023,2023-11-05 10:40:21,2023-11-05 10:40:21,RV,BRL,ARINV001543,kimmathis
JE0000963,1000,2023,2023-01-28 01:47:03,2023-01-28 01:47:03,RV,BRL,ARINV002376,susan56
JE0000964,1000,2023,2023-05-28 16:10:16,2023-05-28 16:10:16,RV,BRL,ARINV002302,rogersmarcus
JE0000965,1000,2023,2023-04-14 13:49:45,2023-04-14 13:49:45,RV,BRL,ARINV001490,jessicakim
JE0000966,1000,2024,2024-06-14 05:22:55,2024-06-14 05:22:55,RV,BRL,ARINV000609,lbanks
JE0000967,1000,2024,2024-01-21 01:35:50,2024-01-21 01:35:50,RV,BRL,ARINV000349,jeffrey92
JE0000968,1000,2024,2024-07-11 10:07:51,2024-07-11 10:07:51,RV,BRL,ARINV002297,sparker
JE0000969,1000,2024,2024-12-28 12:20:33,2024-12-28 12:20:33,RV,BRL,ARINV001700,david09
JE0000970,1000,2023,2023-01-18 14:33:05,2023-01-18 14:33:05,RV,BRL,ARINV001622,xrosales
JE0000971,1000,2023,2023-03-26 06:55:58,2023-03-26 06:55:58,RV,BRL,ARINV000613,whitelucas
JE0000972,1000,2023,2023-01-19 04:29:46,2023-01-19 04:29:46,RV,BRL,ARINV002488,daniellegarcia
JE0000973,1000,2023,2023-09-26 23:35:23,2023-09-26 23:35:23,RV,BRL,ARINV001833,vtaylor
JE0000974,1000,2023,2023-10-13 16:09:03,2023-10-13 16:09:03,RV,BRL,ARINV001717,youngtoni
JE0000975,1000,2023,2023-02-27 22:17:04,2023-02-27 22:17:04,RV,BRL,ARINV000710,daisymccarty
JE0000976,1000,2024,2024-08-23 07:15:44,2024-08-23 07:15:44,RV,BRL,ARINV000573,sean43
JE0000977,1000,2024,2024-07-03 13:21:06,2024-07-03 13:21:06,RV,BRL,ARINV002869,heatherbell
JE0000978,1000,2023,2023-03-16 20:46:32,2023-03-16 20:46:32,RV,BRL,ARINV000744,lebrandon
JE0000979,1000,2023,2023-10-01 14:30:54,2023-10-01 14:30:54,RV,BRL,ARINV000704,koconnor
JE0000980,1000,2023,2023-12-08 13:44:24,2023-12-08 13:44:24,RV,BRL,ARINV000925,ysnyder
JE0000981,1000,2024,2024-02-25 19:42:55,2024-02-25 19:42:55,RV,BRL,ARINV000183,amy17
JE0000982,1000,2023,2023-01-17 13:50:20,2023-01-17 13:50:20,RV,BRL,ARINV002788,franciscojones
JE0000983,1000,2024,2024-02-17 16:52:48,2024-02-17 16:52:48,RV,BRL,ARINV000243,phillipslucas
JE0000984,1000,2024,2024-04-30 07:49:47,2024-04-30 07:49:47,RV,BRL,ARINV002807,jonesgeorge
JE0000985,1000,2023,2023-09-05 21:48:29,2023-09-05 21:48:29,RV,BRL,ARINV000371,emartin
JE0000986,1000,2023,2023-06-19 16:43:14,2023-06-19 16:43:14,RV,BRL,ARINV002076,morgantricia
JE0000987,1000,2024,2024-10-31 15:46:44,2024-10-31 15:46:44,RV,BRL,ARINV000441,bbush
JE0000988,1000,2024,2024-04-17 18:13:45,2024-04-17 18:13:45,RV,BRL,ARINV000654,catherinehamilton
JE0000989,1000,2024,2024-01-15 16:00:38,2024-01-15 16:00:38,RV,BRL,ARINV002709,garciajamie
JE0000990,1000,2023,2023-01-27 01:44:40,2023-01-27 01:44:40,RV,BRL,ARINV000709,robertspencer
JE0000991,1000,2023,2023-04-30 16:46:17,2023-04-30 16:46:17,RV,BRL,ARINV001383,donna43
JE0000992,1000,2023,2023-11-21 15:06:51,2023-11-21 15:06:51,RV,BRL,ARINV000024,williamsashley
JE0000993,1000,2024,2024-02-28 15:51:22,2024-02-28 15:51:22,RV,BRL,ARINV002141,xhernandez
JE0000994,1000,2024,2024-11-25 12:10:45,2024-11-25 12:10:45,RV,BRL,ARINV001118,pattersonkelly
JE0000995,1000,2023,2023-03-11 15:28:14,2023-03-11 15:28:14,RV,BRL,ARINV000934,bgonzalez
JE0000996,1000,2023,2023-03-09 23:51:12,2023-03-09 23:51:12,RV,BRL,ARINV000858,georgecarter
JE0000997,1000,2023,2023-01-07 17:40:44,2023-01-07 17:40:44,RV,BRL,ARINV001227,wellsdarrell
JE0000998,1000,2023,2023-01-15 15:38:15,2023-01-15 15:38:15,RV,BRL,ARINV000509,qruiz
JE0000999,1000,2024,2024-06-08 09:18:03,2024-06-08 09:18:03,RV,BRL,ARINV001003,christopher86
JE0001000,1000,2024,2024-07-03 05:07:24,2024-07-03 05:07:24,RV,BRL,ARINV002274,nathanjames
JE0001001,1000,2024,2024-08-07 10:06:46,2024-08-07 10:06:46,RV,BRL,ARINV002723,seanbaker
JE0001002,1000,2023,2023-03-10 01:45:53,2023-03-10 01:45:53,RV,BRL,ARINV002300,rbaker
JE0001003,1000,2024,2024-11-11 13:01:02,2024-11-11 13:01:02,RV,BRL,ARINV002470,hernandezheather
JE0001004,1000,2024,2024-12-04 12:18:39,2024-12-04 12:18:39,RV,BRL,ARINV002909,millermaurice
JE0001005,1000,2024,2024-01-05 10:50:01,2024-01-05 10:50:01,RV,BRL,ARINV002999,larellano
JE0001006,1000,2023,2023-10-09 18:45:08,2023-10-09 18:45:08,RV,BRL,ARINV002392,angelarandall
JE0001007,1000,2024,2024-09-16 04:11:00,2024-09-16 04:11:00,RV,BRL,ARINV002131,rsheppard
JE0001008,1000,2023,2023-03-28 20:55:56,2023-03-28 20:55:56,RV,BRL,ARINV001782,parmstrong
JE0001009,1000,2023,2023-05-19 22:56:38,2023-05-19 22:56:38,RV,BRL,ARINV002009,zevans
JE0001010,1000,2023,2023-12-04 23:55:48,2023-12-04 23:55:48,RV,BRL,ARINV002032,shawrachel
JE0001011,1000,2024,2024-10-11 04:50:45,2024-10-11 04:50:45,RV,BRL,ARINV000765,davidtodd
JE0001012,1000,2024,2024-05-02 13:16:45,2024-05-02 13:16:45,RV,BRL,ARINV001669,stacyjackson
JE0001013,1000,2024,2024-11-02 01:13:54,2024-11-02 01:13:54,RV,BRL,ARINV000486,lindseymartinez
JE0001014,1000,2023,2023-03-08 02:14:36,2023-03-08 02:14:36,RV,BRL,ARINV000237,rmiller
JE0001015,1000,2023,2023-12-29 08:12:36,2023-12-29 08:12:36,RV,BRL,ARINV001211,oharris
JE0001016,1000,2024,2024-12-20 02:39:47,2024-12-20 02:39:47,RV,BRL,ARINV002349,maryscott
JE0001017,1000,2023,2023-10-31 07:46:02,2023-10-31 07:46:02,RV,BRL,ARINV001071,millerangela
JE0001018,1000,2023,2023-08-14 23:12:38,2023-08-14 23:12:38,RV,BRL,ARINV000713,melissa87
JE0001019,1000,2024,2024-12-15 09:20:11,2024-12-15 09:20:11,RV,BRL,ARINV002461,buchanancindy
JE0001020,1000,2023,2023-09-02 07:27:02,2023-09-02 07:27:02,RV,BRL,ARINV000646,jrodriguez
JE0001021,1000,2024,2024-09-04 09:03:52,2024-09-04 09:03:52,RV,BRL,ARINV002932,ashleyaguilar
JE0001022,1000,2023,2023-10-14 10:25:40,2023-10-14 10:25:40,RV,BRL,ARINV002906,buckleyanna
JE0001023,1000,2023,2023-10-25 10:28:01,2023-10-25 10:28:01,RV,BRL,ARINV001458,floydmikayla
JE0001024,1000,2024,2024-05-31 17:18:03,2024-05-31 17:18:03,RV,BRL,ARINV001692,natalie46
JE0001025,1000,2024,2024-10-23 10:33:12,2024-10-23 10:33:12,RV,BRL,ARINV000616,earmstrong
JE0001026,1000,2023,2023-02-13 07:01:28,2023-02-13 07:01:28,RV,BRL,ARINV000671,jacksonrichard
JE0001027,1000,2023,2023-10-22 06:23:53,2023-10-22 06:23:53,RV,BRL,ARINV002671,vwilliams
JE0001028,1000,2023,2023-01-24 09:21:48,2023-01-24 09:21:48,RV,BRL,ARINV002791,brandonalvarez
JE0001029,1000,2023,2023-07-08 06:24:41,2023-07-08 06:24:41,RV,BRL,ARINV002185,penny05
JE0001030,1000,2024,2024-05-11 10:26:12,2024-05-11 10:26:12,RV,BRL,ARINV000901,larry71
JE0001031,1000,2023,2023-09-26 00:27:56,2023-09-26 00:27:56,RV,BRL,ARINV002789,dennismccann
JE0001032,1000,2023,2023-05-24 07:02:48,2023-05-24 07:02:48,RV,BRL,ARINV000986,uschroeder
JE0001033,1000,2024,2024-12-28 10:12:00,2024-12-28 10:12:00,RV,BRL,ARINV002110,jessica91
JE0001034,1000,2024,2024-09-24 15:00:02,2024-09-24 15:00:02,RV,BRL,ARINV001392,scottmcintyre
JE0001035,1000,2024,2024-09-02 13:38:17,2024-09-02 13:38:17,RV,BRL,ARINV002969,wfigueroa
JE0001036,1000,2024,2024-05-03 06:12:22,2024-05-03 06:12:22,RV,BRL,ARINV000207,lori82
JE0001037,1000,2023,2023-06-18 13:25:55,2023-06-18 13:25:55,RV,BRL,ARINV002313,collinswilliam
JE0001038,1000,2023,2023-03-04 21:42:25,2023-03-04 21:42:25,RV,BRL,ARINV000031,kimberlywarren
JE0001039,1000,2024,2024-10-09 20:50:09,2024-10-09 20:50:09,RV,BRL,ARINV000259,thompsonnancy
JE0001040,1000,2023,2023-08-15 11:11:30,2023-08-15 11:11:30,RV,BRL,ARINV001265,marywright
JE0001041,1000,2024,2024-09-25 06:11:11,2024-09-25 06:11:11,RV,BRL,ARINV000174,xwilliams
JE0001042,1000,2024,2024-09-16 07:57:06,2024-09-16 07:57:06,RV,BRL,ARINV001283,joshuacolon
JE0001043,1000,2024,2024-08-05 10:12:56,2024-08-05 10:12:56,RV,BRL,ARINV001292,hreid
JE0001044,1000,2023,2023-04-10 08:19:57,2023-04-10 08:19:57,RV,BRL,ARINV000860,allentracy
JE0001045,1000,2024,2024-01-09 19:21:21,2024-01-09 19:21:21,RV,BRL,ARINV001170,ethompson
JE0001046,1000,2023,2023-08-29 11:24:12,2023-08-29 11:24:12,RV,BRL,ARINV001618,max41
JE0001047,1000,2023,2023-01-12 03:41:17,2023-01-12 03:41:17,RV,BRL,ARINV000444,anthony02
JE0001048,1000,2024,2024-06-10 02:35:51,2024-06-10 02:35:51,RV,BRL,ARINV002698,mercedesholland
JE0001049,1000,2024,2024-10-22 00:15:28,2024-10-22 00:15:28,RV,BRL,ARINV000808,josephortiz
JE0001050,1000,2023,2023-12-16 06:44:56,2023-12-16 06:44:56,RV,BRL,ARINV001180,hancocktammy
JE0001051,1000,2024,2024-10-08 21:43:52,2024-10-08 21:43:52,RV,BRL,ARINV001016,wellsdavid
JE0001052,1000,2023,2023-01-24 15:16:05,2023-01-24 15:16:05,RV,BRL,ARINV002774,carolynsmith
JE0001053,1000,2024,2024-10-08 13:08:01,2024-10-08 13:08:01,RV,BRL,ARINV000494,charlene44
JE0001054,1000,2023,2023-08-16 16:11:28,2023-08-16 16:11:28,RV,BRL,ARINV001195,wwoodard
JE0001055,1000,2023,2023-09-02 18:42:17,2023-09-02 18:42:17,RV,BRL,ARINV001931,dking
JE0001056,1000,2024,2024-07-17 06:19:47,2024-07-17 06:19:47,RV,BRL,ARINV001857,erica96
JE0001057,1000,2023,2023-01-07 05:31:13,2023-01-07 05:31:13,RV,BRL,ARINV002410,smithyvonne
JE0001058,1000,2024,2024-05-23 05:49:15,2024-05-23 05:49:15,RV,BRL,ARINV001467,anna99
JE0001059,1000,2024,2024-10-22 20:09:24,2024-10-22 20:09:24,RV,BRL,ARINV001216,kenneth17
JE0001060,1000,2023,2023-04-04 16:32:15,2023-04-04 16:32:15,RV,BRL,ARINV001309,rogersjoshua
JE0001061,1000,2024,2024-10-16 14:08:08,2024-10-16 14:08:08,RV,BRL,ARINV000973,michelle44
JE0001062,1000,2023,2023-12-15 17:00:46,2023-12-15 17:00:46,RV,BRL,ARINV001766,edwardcannon
JE0001063,1000,2024,2024-07-18 17:22:15,2024-07-18 17:22:15,RV,BRL,ARINV000442,trujilloleah
JE0001064,1000,2023,2023-03-09 15:54:29,2023-03-09 15:54:29,RV,BRL,ARINV001659,rguerrero
JE0001065,1000,2024,2024-03-13 01:21:46,2024-03-13 01:21:46,RV,BRL,ARINV001444,jenniferrios
JE0001066,1000,2023,2023-06-29 06:55:52,2023-06-29 06:55:52,RV,BRL,ARINV000690,jordan66
JE0001067,1000,2024,2024-02-08 07:08:24,2024-02-08 07:08:24,RV,BRL,ARINV000764,ldoyle
JE0001068,1000,2024,2024-08-19 09:48:58,2024-08-19 09:48:58,RV,BRL,ARINV001272,matthewreeves
JE0001069,1000,2023,2023-04-25 05:10:43,2023-04-25 05:10:43,RV,BRL,ARINV002522,qknox
JE0001070,1000,2023,2023-05-30 18:52:33,2023-05-30 18:52:33,RV,BRL,ARINV002444,william28
JE0001071,1000,2023,2023-03-10 19:56:00,2023-03-10 19:56:00,RV,BRL,ARINV001133,kellyruiz
JE0001072,1000,2023,2023-03-12 11:55:20,2023-03-12 11:55:20,RV,BRL,ARINV000017,jessica82
JE0001073,1000,2023,2023-11-23 09:09:15,2023-11-23 09:09:15,RV,BRL,ARINV001232,destiny35
JE0001074,1000,2023,2023-04-25 16:47:36,2023-04-25 16:47:36,RV,BRL,ARINV001439,julieparker
JE0001075,1000,2024,2024-12-14 05:10:17,2024-12-14 05:10:17,RV,BRL,ARINV001660,nathan94
JE0001076,1000,2024,2024-04-27 10:24:07,2024-04-27 10:24:07,RV,BRL,ARINV002069,eyork
JE0001077,1000,2023,2023-12-03 11:14:30,2023-12-03 11:14:30,RV,BRL,ARINV001247,delacruzbrandy
JE0001078,1000,2023,2023-12-08 17:29:12,2023-12-08 17:29:12,RV,BRL,ARINV001906,kennedyjames
JE0001079,1000,2023,2023-03-26 12:12:56,2023-03-26 12:12:56,RV,BRL,ARINV002257,dillonpatrick
JE0001080,1000,2024,2024-03-09 20:48:12,2024-03-09 20:48:12,RV,BRL,ARINV002934,robert22
JE0001081,1000,2023,2023-09-08 00:12:16,2023-09-08 00:12:16,RV,BRL,ARINV001115,matthewbenitez
JE0001082,1000,2023,2023-06-03 12:51:52,2023-06-03 12:51:52,RV,BRL,ARINV000615,tthomas
JE0001083,1000,2023,2023-08-21 08:15:06,2023-08-21 08:15:06,RV,BRL,ARINV002125,kimberlyfreeman
JE0001084,1000,2023,2023-10-03 06:30:26,2023-10-03 06:30:26,RV,BRL,ARINV000422,lawrencebrown
JE0001085,1000,2023,2023-05-13 14:13:58,2023-05-13 14:13:58,RV,BRL,ARINV001788,whill
JE0001086,1000,2024,2024-10-25 03:03:34,2024-10-25 03:03:34,RV,BRL,ARINV000918,barbaramoore
JE0001087,1000,2024,2024-12-14 12:42:18,2024-12-14 12:42:18,RV,BRL,ARINV000586,andersonryan
JE0001088,1000,2024,2024-05-30 03:24:20,2024-05-30 03:24:20,RV,BRL,ARINV001144,epowell
JE0001089,1000,2024,2024-10-02 19:43:30,2024-10-02 19:43:30,RV,BRL,ARINV002663,ismith
JE0001090,1000,2023,2023-08-07 20:05:20,2023-08-07 20:05:20,RV,BRL,ARINV002745,jessicadodson
JE0001091,1000,2023,2023-10-26 08:10:43,2023-10-26 08:10:43,RV,BRL,ARINV000077,katherine83
JE0001092,1000,2023,2023-08-11 12:17:40,2023-08-11 12:17:40,RV,BRL,ARINV000191,rhodescourtney
JE0001093,1000,2024,2024-08-02 12:27:35,2024-08-02 12:27:35,RV,BRL,ARINV001234,jeremywiley
JE0001094,1000,2024,2024-12-05 00:17:38,2024-12-05 00:17:38,RV,BRL,ARINV002165,david68
JE0001095,1000,2023,2023-01-04 07:32:55,2023-01-04 07:32:55,RV,BRL,ARINV002007,gary04
JE0001096,1000,2023,2023-01-28 23:31:52,2023-01-28 23:31:52,RV,BRL,ARINV001345,stephen89
JE0001097,1000,2023,2023-02-23 19:14:10,2023-02-23 19:14:10,RV,BRL,ARINV002167,ryan25
JE0001098,1000,2023,2023-11-20 03:26:09,2023-11-20 03:26:09,RV,BRL,ARINV001549,mhoward
JE0001099,1000,2023,2023-08-22 16:46:38,2023-08-22 16:46:38,RV,BRL,ARINV000002,stacyhull
JE0001100,1000,2023,2023-10-28 06:58:42,2023-10-28 06:58:42,RV,BRL,ARINV000640,osmith
JE0001101,1000,2023,2023-05-21 17:05:15,2023-05-21 17:05:15,RV,BRL,ARINV000376,jasonjohnson
JE0001102,1000,2023,2023-12-02 21:42:22,2023-12-02 21:42:22,RV,BRL,ARINV001697,daviddawson
JE0001103,1000,2023,2023-01-26 11:32:41,2023-01-26 11:32:41,RV,BRL,ARINV002479,brooksdanielle
JE0001104,1000,2023,2023-11-04 09:35:56,2023-11-04 09:35:56,RV,BRL,ARINV001936,wheelerbrandon
JE0001105,1000,2024,2024-01-25 10:47:27,2024-01-25 10:47:27,RV,BRL,ARINV002478,valdezandrew
JE0001106,1000,2024,2024-09-30 22:10:17,2024-09-30 22:10:17,RV,BRL,ARINV000746,butleromar
JE0001107,1000,2024,2024-01-23 15:27:38,2024-01-23 15:27:38,RV,BRL,ARINV002666,thomas23
JE0001108,1000,2023,2023-04-22 13:24:43,2023-04-22 13:24:43,RV,BRL,ARINV000643,turnerdorothy
JE0001109,1000,2024,2024-10-29 16:28:06,2024-10-29 16:28:06,RV,BRL,ARINV000190,cindy26
JE0001110,1000,2024,2024-09-24 21:58:22,2024-09-24 21:58:22,RV,BRL,ARINV002109,huntchristine
JE0001111,1000,2024,2024-04-10 04:35:17,2024-04-10 04:35:17,RV,BRL,ARINV002309,daniel17
JE0001112,1000,2023,2023-01-22 14:37:00,2023-01-22 14:37:00,RV,BRL,ARINV000012,chelseastrickland
JE0001113,1000,2023,2023-10-13 15:53:05,2023-10-13 15:53:05,RV,BRL,ARINV000354,michaelortiz
JE0001114,1000,2024,2024-05-26 02:47:54,2024-05-26 02:47:54,RV,BRL,ARINV002622,benjamincrawford
JE0001115,1000,2024,2024-01-02 11:23:01,2024-01-02 11:23:01,RV,BRL,ARINV002529,haleycastillo
JE0001116,1000,2024,2024-06-07 20:41:35,2024-06-07 20:41:35,RV,BRL,ARINV001360,aaronpowers
JE0001117,1000,2024,2024-04-02 17:17:50,2024-04-02 17:17:50,RV,BRL,ARINV000201,conleyelizabeth
JE0001118,1000,2024,2024-04-08 00:08:17,2024-04-08 00:08:17,RV,BRL,ARINV001611,stacychan
JE0001119,1000,2023,2023-06-26 12:05:59,2023-06-26 12:05:59,RV,BRL,ARINV001686,cummingscraig
JE0001120,1000,2024,2024-02-24 06:57:56,2024-02-24 06:57:56,RV,BRL,ARINV002667,dawn74
JE0001121,1000,2024,2024-05-14 15:46:47,2024-05-14 15:46:47,RV,BRL,ARINV000448,steven12
JE0001122,1000,2024,2024-12-24 14:44:22,2024-12-24 14:44:22,RV,BRL,ARINV002014,phelpsmichael
JE0001123,1000,2023,2023-10-17 15:55:21,2023-10-17 15:55:21,RV,BRL,ARINV001934,ronald11
JE0001124,1000,2024,2024-09-11 00:27:12,2024-09-11 00:27:12,RV,BRL,ARINV001514,smithdevon
JE0001125,1000,2024,2024-07-31 06:45:28,2024-07-31 06:45:28,RV,BRL,ARINV001988,markkline
JE0001126,1000,2023,2023-03-23 01:44:25,2023-03-23 01:44:25,RV,BRL,ARINV000882,natalie15
JE0001127,1000,2023,2023-03-23 13:24:41,2023-03-23 13:24:41,RV,BRL,ARINV001190,ian66
JE0001128,1000,2023,2023-04-22 23:55:06,2023-04-22 23:55:06,RV,BRL,ARINV001059,ynelson
JE0001129,1000,2023,2023-11-06 19:45:36,2023-11-06 19:45:36,RV,BRL,ARINV001762,pmarsh
JE0001130,1000,2024,2024-05-08 01:46:04,2024-05-08 01:46:04,RV,BRL,ARINV002980,danielhorton
JE0001131,1000,2023,2023-03-07 12:54:13,2023-03-07 12:54:13,RV,BRL,ARINV000116,jarvismegan
JE0001132,1000,2024,2024-12-10 10:52:58,2024-12-10 10:52:58,RV,BRL,ARINV001385,perrybrittany
JE0001133,1000,2024,2024-04-29 00:05:52,2024-04-29 00:05:52,RV,BRL,ARINV001926,ywhite
JE0001134,1000,2023,2023-01-07 02:57:26,2023-01-07 02:57:26,RV,BRL,ARINV001867,cheryl27
JE0001135,1000,2024,2024-03-28 22:05:02,2024-03-28 22:05:02,RV,BRL,ARINV000407,arodriguez
JE0001136,1000,2023,2023-08-29 07:05:19,2023-08-29 07:05:19,RV,BRL,ARINV002995,qwilliams
JE0001137,1000,2023,2023-01-04 11:42:54,2023-01-04 11:42:54,RV,BRL,ARINV001366,alexander89
JE0001138,1000,2024,2024-04-02 19:43:15,2024-04-02 19:43:15,RV,BRL,ARINV001028,tiffanysantiago
JE0001139,1000,2024,2024-10-10 05:00:59,2024-10-10 05:00:59,RV,BRL,ARINV002840,april91
JE0001140,1000,2023,2023-10-09 18:37:07,2023-10-09 18:37:07,RV,BRL,ARINV002102,pstanley
JE0001141,1000,2024,2024-05-02 17:22:54,2024-05-02 17:22:54,RV,BRL,ARINV001945,rreed
JE0001142,1000,2024,2024-06-25 21:04:52,2024-06-25 21:04:52,RV,BRL,ARINV001502,jhernandez
JE0001143,1000,2024,2024-06-30 19:36:00,2024-06-30 19:36:00,RV,BRL,ARINV002889,smithsarah
JE0001144,1000,2024,2024-11-15 15:37:14,2024-11-15 15:37:14,RV,BRL,ARINV001625,kchristian
JE0001145,1000,2024,2024-09-11 16:18:22,2024-09-11 16:18:22,RV,BRL,ARINV002464,waltonmalik
JE0001146,1000,2023,2023-02-17 10:10:39,2023-02-17 10:10:39,RV,BRL,ARINV002316,tara08
JE0001147,1000,2024,2024-02-06 11:42:45,2024-02-06 11:42:45,RV,BRL,ARINV001933,andreagray
JE0001148,1000,2024,2024-05-15 04:15:25,2024-05-15 04:15:25,RV,BRL,ARINV000326,christianwallace
JE0001149,1000,2024,2024-12-14 10:31:39,2024-12-14 10:31:39,RV,BRL,ARINV000941,fmiller
JE0001150,1000,2023,2023-07-23 07:19:10,2023-07-23 07:19:10,RV,BRL,ARINV001298,fstewart
JE0001151,1000,2023,2023-07-16 15:36:42,2023-07-16 15:36:42,RV,BRL,ARINV002643,garciarobert
JE0001152,1000,2023,2023-08-25 02:23:39,2023-08-25 02:23:39,RV,BRL,ARINV001095,petersenlatoya
JE0001153,1000,2024,2024-04-15 14:37:07,2024-04-15 14:37:07,RV,BRL,ARINV002471,pamela83
JE0001154,1000,2024,2024-07-26 20:40:25,2024-07-26 20:40:25,RV,BRL,ARINV001805,xclements
JE0001155,1000,2024,2024-06-17 03:46:22,2024-06-17 03:46:22,RV,BRL,ARINV000853,velasquezmegan
JE0001156,1000,2024,2024-01-01 03:16:13,2024-01-01 03:16:13,RV,BRL,ARINV001920,ann99
JE0001157,1000,2024,2024-02-22 17:43:38,2024-02-22 17:43:38,RV,BRL,ARINV001103,xmoran
JE0001158,1000,2023,2023-08-04 14:21:51,2023-08-04 14:21:51,RV,BRL,ARINV000779,wwilson
JE0001159,1000,2023,2023-11-17 20:42:56,2023-11-17 20:42:56,RV,BRL,ARINV001130,aaronkelly
JE0001160,1000,2023,2023-09-08 19:07:36,2023-09-08 19:07:36,RV,BRL,ARINV002725,amy51
JE0001161,1000,2023,2023-10-15 13:39:50,2023-10-15 13:39:50,RV,BRL,ARINV002569,princetravis
JE0001162,1000,2024,2024-04-08 07:39:02,2024-04-08 07:39:02,RV,BRL,ARINV002089,nrodriguez
JE0001163,1000,2023,2023-04-12 18:55:36,2023-04-12 18:55:36,RV,BRL,ARINV000141,jacobconrad
JE0001164,1000,2024,2024-07-11 01:12:02,2024-07-11 01:12:02,RV,BRL,ARINV002239,ylewis
JE0001165,1000,2023,2023-08-26 14:35:31,2023-08-26 14:35:31,RV,BRL,ARINV001749,jenniferrodriguez
JE0001166,1000,2023,2023-07-23 09:40:25,2023-07-23 09:40:25,RV,BRL,ARINV000390,owilliams
JE0001167,1000,2023,2023-03-19 23:18:52,2023-03-19 23:18:52,RV,BRL,ARINV000821,bartonshannon
JE0001168,1000,2023,2023-04-20 17:51:08,2023-04-20 17:51:08,RV,BRL,ARINV002612,tamarasmith
JE0001169,1000,2024,2024-11-10 04:17:20,2024-11-10 04:17:20,RV,BRL,ARINV000698,tranryan
JE0001170,1000,2024,2024-04-09 12:23:08,2024-04-09 12:23:08,RV,BRL,ARINV002846,xglass
JE0001171,1000,2023,2023-08-21 22:25:33,2023-08-21 22:25:33,RV,BRL,ARINV001209,heatherthompson
JE0001172,1000,2024,2024-08-24 11:00:55,2024-08-24 11:00:55,RV,BRL,ARINV000485,dalesandoval
JE0001173,1000,2024,2024-07-03 04:38:26,2024-07-03 04:38:26,RV,BRL,ARINV001137,william66
JE0001174,1000,2023,2023-03-02 04:07:59,2023-03-02 04:07:59,RV,BRL,ARINV001736,joshuastuart
JE0001175,1000,2023,2023-01-26 11:49:01,2023-01-26 11:49:01,RV,BRL,ARINV002036,shawn22
JE0001176,1000,2023,2023-07-27 10:33:17,2023-07-27 10:33:17,RV,BRL,ARINV001331,vmorrison
JE0001177,1000,2023,2023-05-16 13:17:42,2023-05-16 13:17:42,RV,BRL,ARINV002985,megan85
JE0001178,1000,2023,2023-10-23 18:28:52,2023-10-23 18:28:52,RV,BRL,ARINV002439,jamesweber
JE0001179,1000,2023,2023-06-09 02:36:26,2023-06-09 02:36:26,RV,BRL,ARINV002344,glenda22
JE0001180,1000,2024,2024-01-28 00:54:56,2024-01-28 00:54:56,RV,BRL,ARINV001606,jennifer58
JE0001181,1000,2023,2023-09-19 18:31:20,2023-09-19 18:31:20,RV,BRL,ARINV000025,qaguilar
JE0001182,1000,2024,2024-09-02 15:51:01,2024-09-02 15:51:01,RV,BRL,ARINV001356,icraig
JE0001183,1000,2023,2023-10-28 22:20:02,2023-10-28 22:20:02,RV,BRL,ARINV000102,natalie60
JE0001184,1000,2023,2023-09-16 19:14:41,2023-09-16 19:14:41,RV,BRL,ARINV000629,johnsondustin
JE0001185,1000,2023,2023-02-15 19:51:58,2023-02-15 19:51:58,RV,BRL,ARINV001730,gonzalezkaren
JE0001186,1000,2023,2023-12-03 23:07:55,2023-12-03 23:07:55,RV,BRL,ARINV000993,tonyavega
JE0001187,1000,2023,2023-06-03 00:49:12,2023-06-03 00:49:12,RV,BRL,ARINV002719,maryvaughn
JE0001188,1000,2023,2023-04-07 17:02:38,2023-04-07 17:02:38,RV,BRL,ARINV002407,james80
JE0001189,1000,2024,2024-04-24 22:12:38,2024-04-24 22:12:38,RV,BRL,ARINV000009,lisa19
JE0001190,1000,2024,2024-02-28 03:12:26,2024-02-28 03:12:26,RV,BRL,ARINV001067,juliahoffman
JE0001191,1000,2023,2023-03-14 05:19:11,2023-03-14 05:19:11,RV,BRL,ARINV000364,williamrobles
JE0001192,1000,2024,2024-05-13 08:44:37,2024-05-13 08:44:37,RV,BRL,ARINV002887,heather06
JE0001193,1000,2023,2023-01-16 06:44:23,2023-01-16 06:44:23,RV,BRL,ARINV001014,ybutler
JE0001194,1000,2024,2024-09-16 06:01:51,2024-09-16 06:01:51,RV,BRL,ARINV000401,tammy00
JE0001195,1000,2024,2024-01-28 14:43:10,2024-01-28 14:43:10,RV,BRL,ARINV002197,james73
JE0001196,1000,2024,2024-05-10 04:51:37,2024-05-10 04:51:37,RV,BRL,ARINV002865,kari89
JE0001197,1000,2024,2024-10-20 14:58:18,2024-10-20 14:58:18,RV,BRL,ARINV002054,kimberlybrandt
JE0001198,1000,2023,2023-04-26 17:19:09,2023-04-26 17:19:09,RV,BRL,ARINV000039,shane12
JE0001199,1000,2023,2023-11-12 17:35:59,2023-11-12 17:35:59,RV,BRL,ARINV002112,jillwilson
JE0001200,1000,2024,2024-01-06 22:21:51,2024-01-06 22:21:51,RV,BRL,ARINV000865,pattersonangela
JE0001201,1000,2024,2024-12-15 18:48:49,2024-12-15 18:48:49,RV,BRL,ARINV000346,eugenesingleton
JE0001202,1000,2024,2024-06-30 21:54:31,2024-06-30 21:54:31,RV,BRL,ARINV002115,riverajenna
JE0001203,1000,2024,2024-07-04 12:25:47,2024-07-04 12:25:47,RV,BRL,ARINV000386,billmcfarland
JE0001204,1000,2023,2023-08-08 22:33:28,2023-08-08 22:33:28,RV,BRL,ARINV002868,ayalacolleen
JE0001205,1000,2024,2024-06-23 20:18:32,2024-06-23 20:18:32,RV,BRL,ARINV000788,tracy98
JE0001206,1000,2024,2024-03-27 21:17:42,2024-03-27 21:17:42,RV,BRL,ARINV000208,charles58
JE0001207,1000,2023,2023-01-06 02:07:36,2023-01-06 02:07:36,RV,BRL,ARINV001054,susanmeyer
JE0001208,1000,2024,2024-08-26 20:12:03,2024-08-26 20:12:03,RV,BRL,ARINV002101,robertherrera
JE0001209,1000,2023,2023-12-03 01:12:56,2023-12-03 01:12:56,RV,BRL,ARINV001737,baileynicole
JE0001210,1000,2024,2024-05-23 09:22:15,2024-05-23 09:22:15,RV,BRL,ARINV001335,mark43
JE0001211,1000,2024,2024-10-11 01:14:31,2024-10-11 01:14:31,RV,BRL,ARINV000049,wbarajas
JE0001212,1000,2023,2023-09-21 21:47:58,2023-09-21 21:47:58,RV,BRL,ARINV002019,wilsonmichael
JE0001213,1000,2024,2024-06-15 03:29:40,2024-06-15 03:29:40,RV,BRL,ARINV000670,rebeccaaustin
JE0001214,1000,2024,2024-11-30 07:31:55,2024-11-30 07:31:55,RV,BRL,ARINV001689,susanfleming
JE0001215,1000,2023,2023-04-28 14:09:49,2023-04-28 14:09:49,RV,BRL,ARINV002623,patrick16
JE0001216,1000,2023,2023-07-30 20:50:57,2023-07-30 20:50:57,RV,BRL,ARINV001829,amber40
JE0001217,1000,2024,2024-04-22 21:28:06,2024-04-22 21:28:06,RV,BRL,ARINV002164,willie87
JE0001218,1000,2024,2024-02-20 07:26:56,2024-02-20 07:26:56,RV,BRL,ARINV000294,pwilliams
JE0001219,1000,2024,2024-02-17 18:31:12,2024-02-17 18:31:12,RV,BRL,ARINV002707,lukemiller
JE0001220,1000,2024,2024-12-17 22:58:36,2024-12-17 22:58:36,RV,BRL,ARINV000895,jacksonstephanie
JE0001221,1000,2024,2024-08-03 01:39:47,2024-08-03 01:39:47,RV,BRL,ARINV002513,simsjason
JE0001222,1000,2023,2023-02-17 08:49:59,2023-02-17 08:49:59,RV,BRL,ARINV002103,michellecoleman
JE0001223,1000,2024,2024-11-23 15:37:40,2024-11-23 15:37:40,RV,BRL,ARINV000984,harrismaria
JE0001224,1000,2023,2023-08-13 08:03:29,2023-08-13 08:03:29,RV,BRL,ARINV001113,elucas
JE0001225,1000,2024,2024-06-25 23:35:00,2024-06-25 23:35:00,RV,BRL,ARINV000632,andrewlove
JE0001226,1000,2024,2024-08-20 09:53:18,2024-08-20 09:53:18,RV,BRL,ARINV001547,millerbrian
JE0001227,1000,2024,2024-03-03 06:09:19,2024-03-03 06:09:19,RV,BRL,ARINV000213,angela93
JE0001228,1000,2023,2023-12-11 21:16:48,2023-12-11 21:16:48,RV,BRL,ARINV002063,rickey76
JE0001229,1000,2024,2024-10-24 01:25:56,2024-10-24 01:25:56,RV,BRL,ARINV001781,ystewart
JE0001230,1000,2024,2024-10-20 00:54:01,2024-10-20 00:54:01,RV,BRL,ARINV002459,nicholsdarlene
JE0001231,1000,2024,2024-01-24 02:08:44,2024-01-24 02:08:44,RV,BRL,ARINV002214,avilabrenda
JE0001232,1000,2023,2023-04-11 12:25:43,2023-04-11 12:25:43,RV,BRL,ARINV001676,howardwesley
JE0001233,1000,2024,2024-11-15 11:35:35,2024-11-15 11:35:35,RV,BRL,ARINV001476,kristin49
JE0001234,1000,2023,2023-11-04 17:04:09,2023-11-04 17:04:09,RV,BRL,ARINV002160,campbellsara
JE0001235,1000,2024,2024-08-07 05:01:34,2024-08-07 05:01:34,RV,BRL,ARINV001832,qfoster
JE0001236,1000,2023,2023-11-25 21:28:48,2023-11-25 21:28:48,RV,BRL,ARINV001809,wellsamanda
JE0001237,1000,2023,2023-11-25 16:27:10,2023-11-25 16:27:10,RV,BRL,ARINV001924,julierobles
JE0001238,1000,2024,2024-08-08 08:37:36,2024-08-08 08:37:36,RV,BRL,ARINV000224,susan24
JE0001239,1000,2024,2024-05-10 23:09:28,2024-05-10 23:09:28,RV,BRL,ARINV002641,susan08
JE0001240,1000,2023,2023-07-23 01:31:40,2023-07-23 01:31:40,RV,BRL,ARINV000524,davidsmith
JE0001241,1000,2024,2024-12-26 18:02:00,2024-12-26 18:02:00,RV,BRL,ARINV000230,fmedina
JE0001242,1000,2023,2023-12-06 20:21:36,2023-12-06 20:21:36,RV,BRL,ARINV002124,jason53
JE0001243,1000,2023,2023-05-25 06:34:27,2023-05-25 06:34:27,RV,BRL,ARINV002159,gwhitehead
JE0001244,1000,2024,2024-01-21 01:10:24,2024-01-21 01:10:24,RV,BRL,ARINV002744,eugenewalker
JE0001245,1000,2023,2023-01-12 12:34:14,2023-01-12 12:34:14,RV,BRL,ARINV002781,james29
JE0001246,1000,2023,2023-12-17 00:23:32,2023-12-17 00:23:32,RV,BRL,ARINV001714,yorksarah
JE0001247,1000,2024,2024-09-14 07:45:34,2024-09-14 07:45:34,RV,BRL,ARINV002251,enewman
JE0001248,1000,2024,2024-05-16 07:52:38,2024-05-16 07:52:38,RV,BRL,ARINV000584,emily41
JE0001249,1000,2024,2024-08-27 00:53:02,2024-08-27 00:53:02,RV,BRL,ARINV002547,jessicafreeman
JE0001250,1000,2023,2023-01-02 16:11:56,2023-01-02 16:11:56,RV,BRL,ARINV001124,michael31
JE0001251,1000,2024,2024-11-13 21:41:45,2024-11-13 21:41:45,RV,BRL,ARINV000829,christine35
JE0001252,1000,2024,2024-09-27 16:11:37,2024-09-27 16:11:37,RV,BRL,ARINV002038,nhayes
JE0001253,1000,2024,2024-12-26 10:49:55,2024-12-26 10:49:55,RV,BRL,ARINV002010,heather29
JE0001254,1000,2023,2023-04-30 21:04:05,2023-04-30 21:04:05,RV,BRL,ARINV002982,lindsey62
JE0001255,1000,2023,2023-06-20 11:50:11,2023-06-20 11:50:11,RV,BRL,ARINV000822,edwardskristen
JE0001256,1000,2023,2023-10-06 10:17:45,2023-10-06 10:17:45,RV,BRL,ARINV001250,xhill
JE0001257,1000,2023,2023-12-26 05:36:47,2023-12-26 05:36:47,RV,BRL,ARINV001205,erinrivera
JE0001258,1000,2023,2023-05-18 14:55:27,2023-05-18 14:55:27,RV,BRL,ARINV001779,wford
JE0001259,1000,2024,2024-09-30 22:48:49,2024-09-30 22:48:49,RV,BRL,ARINV001727,tony12
JE0001260,1000,2023,2023-07-28 19:43:23,2023-07-28 19:43:23,RV,BRL,ARINV000399,wilkinsonmichele
JE0001261,1000,2024,2024-01-22 16:28:19,2024-01-22 16:28:19,RV,BRL,ARINV002140,patriciagonzalez
JE0001262,1000,2024,2024-05-19 04:42:54,2024-05-19 04:42:54,RV,BRL,ARINV002782,lunapatricia
JE0001263,1000,2023,2023-01-26 02:28:08,2023-01-26 02:28:08,RV,BRL,ARINV000892,hessbeth
JE0001264,1000,2024,2024-11-09 19:44:38,2024-11-09 19:44:38,RV,BRL,ARINV000748,rebeccaarnold
JE0001265,1000,2023,2023-05-21 10:53:41,2023-05-21 10:53:41,RV,BRL,ARINV001464,jvaldez
JE0001266,1000,2024,2024-10-12 19:47:26,2024-10-12 19:47:26,RV,BRL,ARINV001897,philip94
JE0001267,1000,2023,2023-04-13 00:32:38,2023-04-13 00:32:38,RV,BRL,ARINV000038,stevendixon
JE0001268,1000,2024,2024-01-27 04:53:59,2024-01-27 04:53:59,RV,BRL,ARINV002912,acox
JE0001269,1000,2023,2023-10-05 01:16:42,2023-10-05 01:16:42,RV,BRL,ARINV001510,melaniedrake
JE0001270,1000,2024,2024-01-31 23:05:01,2024-01-31 23:05:01,RV,BRL,ARINV001849,katherinetaylor
JE0001271,1000,2024,2024-11-02 05:52:54,2024-11-02 05:52:54,RV,BRL,ARINV002237,haroldfry
JE0001272,1000,2023,2023-05-13 07:23:01,2023-05-13 07:23:01,RV,BRL,ARINV001649,jillwebb
JE0001273,1000,2024,2024-12-29 05:19:22,2024-12-29 05:19:22,RV,BRL,ARINV002566,billy73
JE0001274,1000,2024,2024-01-14 10:05:57,2024-01-14 10:05:57,RV,BRL,ARINV000373,bakerjim
JE0001275,1000,2024,2024-11-12 05:00:15,2024-11-12 05:00:15,RV,BRL,ARINV001162,aprilmoody
JE0001276,1000,2023,2023-10-16 21:17:51,2023-10-16 21:17:51,RV,BRL,ARINV002311,dharrison
JE0001277,1000,2024,2024-11-18 14:01:50,2024-11-18 14:01:50,RV,BRL,ARINV002700,williamsdeborah
JE0001278,1000,2024,2024-07-27 10:22:14,2024-07-27 10:22:14,RV,BRL,ARINV001738,padillaadrienne
JE0001279,1000,2023,2023-05-31 23:41:25,2023-05-31 23:41:25,RV,BRL,ARINV002065,mary49
JE0001280,1000,2023,2023-04-06 20:31:54,2023-04-06 20:31:54,RV,BRL,ARINV002385,nicholasgray
JE0001281,1000,2023,2023-02-04 09:03:12,2023-02-04 09:03:12,RV,BRL,ARINV001288,blacknicholas
JE0001282,1000,2023,2023-10-17 01:35:44,2023-10-17 01:35:44,RV,BRL,ARINV001092,zacharygomez
JE0001283,1000,2023,2023-08-18 04:48:24,2023-08-18 04:48:24,RV,BRL,ARINV001147,tommy79
JE0001284,1000,2023,2023-07-30 07:17:13,2023-07-30 07:17:13,RV,BRL,ARINV000295,shawdon
JE0001285,1000,2023,2023-12-08 21:47:19,2023-12-08 21:47:19,RV,BRL,ARINV001743,jerryrobertson
JE0001286,1000,2023,2023-03-19 05:21:43,2023-03-19 05:21:43,RV,BRL,ARINV000978,jason22
JE0001287,1000,2024,2024-09-16 08:37:46,2024-09-16 08:37:46,RV,BRL,ARINV000260,carolyn13
JE0001288,1000,2024,2024-12-13 16:21:08,2024-12-13 16:21:08,RV,BRL,ARINV000159,ushepherd
JE0001289,1000,2023,2023-01-15 18:14:38,2023-01-15 18:14:38,RV,BRL,ARINV001153,olsontimothy
JE0001290,1000,2024,2024-09-19 02:27:05,2024-09-19 02:27:05,RV,BRL,ARINV000971,brittanyholland
JE0001291,1000,2023,2023-12-22 15:29:40,2023-12-22 15:29:40,RV,BRL,ARINV002796,cjohnson
JE0001292,1000,2023,2023-08-26 19:33:39,2023-08-26 19:33:39,RV,BRL,ARINV002662,ashleymartin
JE0001293,1000,2024,2024-07-17 03:18:10,2024-07-17 03:18:10,RV,BRL,ARINV001671,macdonalddylan
JE0001294,1000,2023,2023-08-01 05:43:51,2023-08-01 05:43:51,RV,BRL,ARINV000846,jonathanwhite
JE0001295,1000,2024,2024-09-28 10:28:29,2024-09-28 10:28:29,RV,BRL,ARINV002286,kgreene
JE0001296,1000,2023,2023-12-19 12:00:21,2023-12-19 12:00:21,RV,BRL,ARINV002819,johnsjessica
JE0001297,1000,2024,2024-02-22 04:04:23,2024-02-22 04:04:23,RV,BRL,ARINV001540,stacey37
JE0001298,1000,2024,2024-04-06 22:29:50,2024-04-06 22:29:50,RV,BRL,ARINV002116,kdillon
JE0001299,1000,2023,2023-12-21 11:52:48,2023-12-21 11:52:48,RV,BRL,ARINV002837,mariaburke
JE0001300,1000,2023,2023-04-05 19:16:59,2023-04-05 19:16:59,RV,BRL,ARINV002079,cindydixon
JE0001301,1000,2023,2023-10-09 00:12:29,2023-10-09 00:12:29,RV,BRL,ARINV002044,jennifercooper
JE0001302,1000,2023,2023-04-28 09:29:32,2023-04-28 09:29:32,RV,BRL,ARINV002163,ecarlson
JE0001303,1000,2023,2023-09-03 02:24:08,2023-09-03 02:24:08,RV,BRL,ARINV000514,nicholasanderson
JE0001304,1000,2023,2023-03-02 14:56:28,2023-03-02 14:56:28,RV,BRL,ARINV000068,harrismichele
JE0001305,1000,2024,2024-02-18 01:28:59,2024-02-18 01:28:59,RV,BRL,ARINV000538,mserrano
JE0001306,1000,2023,2023-06-18 02:04:58,2023-06-18 02:04:58,RV,BRL,ARINV001706,thompsonrachel
JE0001307,1000,2024,2024-10-31 18:36:18,2024-10-31 18:36:18,RV,BRL,ARINV001852,richamanda
JE0001308,1000,2024,2024-03-21 03:56:49,2024-03-21 03:56:49,RV,BRL,ARINV002917,davisdonna
JE0001309,1000,2023,2023-02-08 18:06:38,2023-02-08 18:06:38,RV,BRL,ARINV000310,princekimberly
JE0001310,1000,2024,2024-11-29 03:39:15,2024-11-29 03:39:15,RV,BRL,ARINV000801,xboyd
JE0001311,1000,2023,2023-11-04 08:52:42,2023-11-04 08:52:42,RV,BRL,ARINV002508,wolferoy
JE0001312,1000,2023,2023-04-13 19:33:13,2023-04-13 19:33:13,RV,BRL,ARINV002911,yclarke
JE0001313,1000,2023,2023-05-26 11:57:41,2023-05-26 11:57:41,RV,BRL,ARINV001084,brianna91
JE0001314,1000,2024,2024-03-11 09:22:08,2024-03-11 09:22:08,RV,BRL,ARINV002533,eanderson
JE0001315,1000,2023,2023-11-15 12:55:51,2023-11-15 12:55:51,RV,BRL,ARINV000126,reneemiller
JE0001316,1000,2024,2024-02-05 05:48:18,2024-02-05 05:48:18,RV,BRL,ARINV000069,ascott
JE0001317,1000,2023,2023-01-13 00:56:47,2023-01-13 00:56:47,RV,BRL,ARINV001535,lanedavid
JE0001318,1000,2024,2024-10-26 19:49:54,2024-10-26 19:49:54,RV,BRL,ARINV001245,brooksjamie
JE0001319,1000,2024,2024-05-28 19:51:07,2024-05-28 19:51:07,RV,BRL,ARINV001760,robert12
JE0001320,1000,2024,2024-06-20 06:29:28,2024-06-20 06:29:28,RV,BRL,ARINV000150,qpearson
JE0001321,1000,2023,2023-12-29 08:23:02,2023-12-29 08:23:02,RV,BRL,ARINV001755,melissa69
JE0001322,1000,2023,2023-01-28 14:41:55,2023-01-28 14:41:55,RV,BRL,ARINV002180,cheryl63
JE0001323,1000,2023,2023-04-07 22:27:15,2023-04-07 22:27:15,RV,BRL,ARINV002646,jarnold
JE0001324,1000,2023,2023-06-24 22:16:08,2023-06-24 22:16:08,RV,BRL,ARINV001387,jwhite
JE0001325,1000,2024,2024-04-12 02:04:07,2024-04-12 02:04:07,RV,BRL,ARINV001864,tking
JE0001326,1000,2024,2024-11-11 23:08:01,2024-11-11 23:08:01,RV,BRL,ARINV000921,kim62
JE0001327,1000,2024,2024-10-08 09:51:59,2024-10-08 09:51:59,RV,BRL,ARINV002780,adkinssean
JE0001328,1000,2023,2023-04-01 21:05:50,2023-04-01 21:05:50,RV,BRL,ARINV002431,craigromero
JE0001329,1000,2023,2023-01-17 08:16:02,2023-01-17 08:16:02,RV,BRL,ARINV000437,lauren90
JE0001330,1000,2024,2024-08-29 10:50:39,2024-08-29 10:50:39,RV,BRL,ARINV002218,paulfields
JE0001331,1000,2024,2024-04-02 06:16:52,2024-04-02 06:16:52,RV,BRL,ARINV002568,morrowthomas
JE0001332,1000,2024,2024-07-03 00:29:17,2024-07-03 00:29:17,RV,BRL,ARINV000852,qdavis
JE0001333,1000,2024,2024-01-31 05:36:24,2024-01-31 05:36:24,RV,BRL,ARINV000673,nathanlynch
JE0001334,1000,2024,2024-06-21 01:42:39,2024-06-21 01:42:39,RV,BRL,ARINV000061,zarias
JE0001335,1000,2023,2023-07-30 03:39:07,2023-07-30 03:39:07,RV,BRL,ARINV002853,jennifer90
JE0001336,1000,2023,2023-12-31 22:35:50,2023-12-31 22:35:50,RV,BRL,ARINV000265,daniellegonzales
JE0001337,1000,2024,2024-12-14 01:29:52,2024-12-14 01:29:52,RV,BRL,ARINV002713,melissagalvan
JE0001338,1000,2023,2023-12-27 03:46:14,2023-12-27 03:46:14,RV,BRL,ARINV001324,james98
JE0001339,1000,2024,2024-04-25 09:23:47,2024-04-25 09:23:47,RV,BRL,ARINV000457,christinacraig
JE0001340,1000,2024,2024-08-22 12:01:00,2024-08-22 12:01:00,RV,BRL,ARINV000597,john02
JE0001341,1000,2023,2023-06-07 06:22:33,2023-06-07 06:22:33,RV,BRL,ARINV002047,sheakimberly
JE0001342,1000,2023,2023-09-17 13:10:51,2023-09-17 13:10:51,RV,BRL,ARINV000983,elizabeth69
JE0001343,1000,2023,2023-05-22 21:23:16,2023-05-22 21:23:16,RV,BRL,ARINV002716,aprilmclaughlin
JE0001344,1000,2023,2023-07-01 04:54:47,2023-07-01 04:54:47,RV,BRL,ARINV000210,calhounandrea
JE0001345,1000,2023,2023-02-28 18:55:26,2023-02-28 18:55:26,RV,BRL,ARINV001767,michael43
JE0001346,1000,2024,2024-01-18 20:20:23,2024-01-18 20:20:23,RV,BRL,ARINV002929,shawnpowell
JE0001347,1000,2023,2023-06-17 15:06:59,2023-06-17 15:06:59,RV,BRL,ARINV000203,greenrichard
JE0001348,1000,2023,2023-03-20 07:14:59,2023-03-20 07:14:59,RV,BRL,ARINV000348,hansenwesley
JE0001349,1000,2024,2024-04-07 14:44:53,2024-04-07 14:44:53,RV,BRL,ARINV001871,stacey84
JE0001350,1000,2024,2024-03-05 00:46:27,2024-03-05 00:46:27,RV,BRL,ARINV001785,heather69
JE0001351,1000,2023,2023-02-25 06:26:59,2023-02-25 06:26:59,RV,BRL,ARINV001085,wcarrillo
JE0001352,1000,2024,2024-02-27 12:28:11,2024-02-27 12:28:11,RV,BRL,ARINV002352,susan77
JE0001353,1000,2023,2023-03-16 17:57:28,2023-03-16 17:57:28,RV,BRL,ARINV001110,olsonjonathan
JE0001354,1000,2023,2023-08-10 00:32:37,2023-08-10 00:32:37,RV,BRL,ARINV000702,oschultz
JE0001355,1000,2023,2023-06-21 19:55:17,2023-06-21 19:55:17,RV,BRL,ARINV001541,laurengutierrez
JE0001356,1000,2023,2023-05-03 20:27:23,2023-05-03 20:27:23,RV,BRL,ARINV001838,zachary04
JE0001357,1000,2023,2023-06-12 00:45:14,2023-06-12 00:45:14,RV,BRL,ARINV000635,justinross
JE0001358,1000,2024,2024-05-09 18:38:10,2024-05-09 18:38:10,RV,BRL,ARINV001449,charles27
JE0001359,1000,2024,2024-05-30 18:25:11,2024-05-30 18:25:11,RV,BRL,ARINV000835,michael94
JE0001360,1000,2023,2023-04-24 04:58:52,2023-04-24 04:58:52,RV,BRL,ARINV001674,staceyvega
JE0001361,1000,2024,2024-06-20 18:21:17,2024-06-20 18:21:17,RV,BRL,ARINV000268,victorgonzalez
JE0001362,1000,2023,2023-12-01 01:05:57,2023-12-01 01:05:57,RV,BRL,ARINV001858,moniqueclark
JE0001363,1000,2024,2024-01-30 23:42:35,2024-01-30 23:42:35,RV,BRL,ARINV002494,maryhuff
JE0001364,1000,2023,2023-12-02 05:27:04,2023-12-02 05:27:04,RV,BRL,ARINV002147,eric11
JE0001365,1000,2024,2024-07-29 22:15:21,2024-07-29 22:15:21,RV,BRL,ARINV002640,loweelizabeth
JE0001366,1000,2023,2023-07-28 20:07:29,2023-07-28 20:07:29,RV,BRL,ARINV000810,duranamber
JE0001367,1000,2023,2023-09-19 16:49:07,2023-09-19 16:49:07,RV,BRL,ARINV001123,charlesnathan
JE0001368,1000,2024,2024-04-27 05:00:35,2024-04-27 05:00:35,RV,BRL,ARINV001646,travis94
JE0001369,1000,2023,2023-11-02 04:05:52,2023-11-02 04:05:52,RV,BRL,ARINV002861,wwhite
JE0001370,1000,2023,2023-09-10 12:31:24,2023-09-10 12:31:24,RV,BRL,ARINV001207,raymond92
JE0001371,1000,2023,2023-11-28 00:05:25,2023-11-28 00:05:25,RV,BRL,ARINV002156,foxrodney
JE0001372,1000,2023,2023-05-11 04:29:35,2023-05-11 04:29:35,RV,BRL,ARINV000982,shawphillip
JE0001373,1000,2024,2024-01-15 21:31:50,2024-01-15 21:31:50,RV,BRL,ARINV001035,stephenmartinez
JE0001374,1000,2024,2024-03-28 23:25:40,2024-03-28 23:25:40,RV,BRL,ARINV002558,astewart
JE0001375,1000,2023,2023-06-22 13:11:42,2023-06-22 13:11:42,RV,BRL,ARINV001771,craignicolas
JE0001376,1000,2024,2024-07-12 16:00:53,2024-07-12 16:00:53,RV,BRL,ARINV000052,nguyenchloe
JE0001377,1000,2023,2023-05-26 09:33:55,2023-05-26 09:33:55,RV,BRL,ARINV000306,jacob43
JE0001378,1000,2024,2024-04-24 04:04:33,2024-04-24 04:04:33,RV,BRL,ARINV001647,thomas95
JE0001379,1000,2024,2024-02-28 09:17:42,2024-02-28 09:17:42,RV,BRL,ARINV001555,ivan63
JE0001380,1000,2024,2024-02-07 08:36:39,2024-02-07 08:36:39,RV,BRL,ARINV001954,xhaynes
JE0001381,1000,2024,2024-12-19 13:03:10,2024-12-19 13:03:10,RV,BRL,ARINV001038,melissa47
JE0001382,1000,2023,2023-05-25 14:24:10,2023-05-25 14:24:10,RV,BRL,ARINV000727,ashleykrause
JE0001383,1000,2024,2024-02-21 23:31:17,2024-02-21 23:31:17,RV,BRL,ARINV000370,lisale
JE0001384,1000,2023,2023-01-15 03:25:39,2023-01-15 03:25:39,RV,BRL,ARINV002648,angelachase
JE0001385,1000,2024,2024-10-11 03:51:50,2024-10-11 03:51:50,RV,BRL,ARINV001221,dustinhaley
JE0001386,1000,2023,2023-06-18 11:38:54,2023-06-18 11:38:54,RV,BRL,ARINV002413,thomassmith
JE0001387,1000,2023,2023-04-24 20:00:30,2023-04-24 20:00:30,RV,BRL,ARINV001363,oporter
JE0001388,1000,2023,2023-05-29 00:27:07,2023-05-29 00:27:07,RV,BRL,ARINV000105,kristen44
JE0001389,1000,2023,2023-06-07 10:45:49,2023-06-07 10:45:49,RV,BRL,ARINV001678,rosshannah
JE0001390,1000,2023,2023-07-29 10:47:59,2023-07-29 10:47:59,RV,BRL,ARINV001286,lewisjonathan
JE0001391,1000,2024,2024-01-26 21:46:56,2024-01-26 21:46:56,RV,BRL,ARINV002452,colematthew
JE0001392,1000,2024,2024-12-16 21:58:38,2024-12-16 21:58:38,RV,BRL,ARINV001720,michael84
JE0001393,1000,2024,2024-06-01 19:53:02,2024-06-01 19:53:02,RV,BRL,ARINV001728,andrew15
JE0001394,1000,2023,2023-08-22 15:41:08,2023-08-22 15:41:08,RV,BRL,ARINV000576,barbarasantos
JE0001395,1000,2024,2024-07-02 23:06:46,2024-07-02 23:06:46,RV,BRL,ARINV001497,tiffanymitchell
JE0001396,1000,2023,2023-09-15 00:00:17,2023-09-15 00:00:17,RV,BRL,ARINV001996,emily77
JE0001397,1000,2023,2023-02-17 04:58:32,2023-02-17 04:58:32,RV,BRL,ARINV001995,jamesjustin
JE0001398,1000,2024,2024-08-20 15:45:35,2024-08-20 15:45:35,RV,BRL,ARINV002127,mirandadavidson
JE0001399,1000,2024,2024-06-16 15:31:21,2024-06-16 15:31:21,RV,BRL,ARINV002375,robert99
JE0001400,1000,2023,2023-04-05 21:59:44,2023-04-05 21:59:44,RV,BRL,ARINV001580,esweeney
JE0001401,1000,2024,2024-10-15 14:37:35,2024-10-15 14:37:35,RV,BRL,ARINV001355,martinjeremy
JE0001402,1000,2024,2024-12-23 16:42:44,2024-12-23 16:42:44,RV,BRL,ARINV001685,denise49
JE0001403,1000,2023,2023-02-20 12:53:01,2023-02-20 12:53:01,RV,BRL,ARINV001094,cnelson
JE0001404,1000,2023,2023-12-30 08:05:38,2023-12-30 08:05:38,RV,BRL,ARINV001874,julie87
JE0001405,1000,2024,2024-03-27 15:42:35,2024-03-27 15:42:35,RV,BRL,ARINV001158,bjackson
JE0001406,1000,2024,2024-02-14 10:33:14,2024-02-14 10:33:14,RV,BRL,ARINV001403,jessicastanley
JE0001407,1000,2023,2023-12-09 11:56:43,2023-12-09 11:56:43,RV,BRL,ARINV001109,clarkrandy
JE0001408,1000,2024,2024-11-26 06:34:08,2024-11-26 06:34:08,RV,BRL,ARINV002987,brownnatasha
JE0001409,1000,2024,2024-07-20 23:27:58,2024-07-20 23:27:58,RV,BRL,ARINV001726,johnsonrandy
JE0001410,1000,2023,2023-09-17 08:50:47,2023-09-17 08:50:47,RV,BRL,ARINV001116,garciachristine
JE0001411,1000,2023,2023-05-24 23:37:55,2023-05-24 23:37:55,RV,BRL,ARINV000436,penanicole
JE0001412,1000,2023,2023-09-20 15:04:36,2023-09-20 15:04:36,RV,BRL,ARINV001815,jerome47
JE0001413,1000,2023,2023-07-13 20:23:48,2023-07-13 20:23:48,RV,BRL,ARINV001499,davidroberson
JE0001414,1000,2023,2023-02-12 03:25:53,2023-02-12 03:25:53,RV,BRL,ARINV002353,johnsonmichael
JE0001415,1000,2024,2024-02-20 17:41:17,2024-02-20 17:41:17,RV,BRL,ARINV002467,michelle78
JE0001416,1000,2024,2024-04-07 13:14:02,2024-04-07 13:14:02,RV,BRL,ARINV002495,amy28
JE0001417,1000,2024,2024-08-06 16:32:48,2024-08-06 16:32:48,RV,BRL,ARINV001036,brittanybryant
JE0001418,1000,2024,2024-11-15 07:10:38,2024-11-15 07:10:38,RV,BRL,ARINV000211,omills
JE0001419,1000,2023,2023-12-16 17:44:38,2023-12-16 17:44:38,RV,BRL,ARINV000054,regina78
JE0001420,1000,2023,2023-12-01 11:56:00,2023-12-01 11:56:00,RV,BRL,ARINV000780,lindaramos
JE0001421,1000,2024,2024-02-16 13:53:47,2024-02-16 13:53:47,RV,BRL,ARINV002587,robert24
JE0001422,1000,2024,2024-01-21 20:02:59,2024-01-21 20:02:59,RV,BRL,ARINV000387,smithlisa
JE0001423,1000,2023,2023-12-24 23:58:50,2023-12-24 23:58:50,RV,BRL,ARINV002422,mauriceharrison
JE0001424,1000,2023,2023-06-13 18:54:38,2023-06-13 18:54:38,RV,BRL,ARINV002992,wattstravis
JE0001425,1000,2024,2024-08-24 20:47:58,2024-08-24 20:47:58,RV,BRL,ARINV000147,xevans
JE0001426,1000,2024,2024-07-05 16:37:06,2024-07-05 16:37:06,RV,BRL,ARINV000499,myates
JE0001427,1000,2023,2023-02-15 21:48:59,2023-02-15 21:48:59,RV,BRL,ARINV000620,laurakelley
JE0001428,1000,2024,2024-12-17 23:05:48,2024-12-17 23:05:48,RV,BRL,ARINV000996,robertcastro
JE0001429,1000,2024,2024-06-19 13:10:49,2024-06-19 13:10:49,RV,BRL,ARINV001795,twright
JE0001430,1000,2024,2024-07-06 00:04:46,2024-07-06 00:04:46,RV,BRL,ARINV001861,oclayton
JE0001431,1000,2024,2024-12-30 22:20:32,2024-12-30 22:20:32,RV,BRL,ARINV000794,christian38
JE0001432,1000,2023,2023-04-12 04:43:43,2023-04-12 04:43:43,RV,BRL,ARINV000510,justin84
JE0001433,1000,2023,2023-07-26 01:02:38,2023-07-26 01:02:38,RV,BRL,ARINV002137,elopez
JE0001434,1000,2023,2023-02-13 16:14:53,2023-02-13 16:14:53,RV,BRL,ARINV001854,derrickrodriguez
JE0001435,1000,2023,2023-11-22 01:35:35,2023-11-22 01:35:35,RV,BRL,ARINV000168,rwilliamson
JE0001436,1000,2024,2024-02-01 06:43:05,2024-02-01 06:43:05,RV,BRL,ARINV001883,blopez
JE0001437,1000,2024,2024-01-10 18:10:33,2024-01-10 18:10:33,RV,BRL,ARINV001607,brandonnichols
JE0001438,1000,2024,2024-10-19 09:12:51,2024-10-19 09:12:51,RV,BRL,ARINV001866,teresacampbell
JE0001439,1000,2024,2024-09-26 02:21:53,2024-09-26 02:21:53,RV,BRL,ARINV002655,jenniferacosta
JE0001440,1000,2024,2024-02-10 04:58:18,2024-02-10 04:58:18,RV,BRL,ARINV001453,christophersmith
JE0001441,1000,2024,2024-01-19 09:09:01,2024-01-19 09:09:01,RV,BRL,ARINV001759,matthewcollins
JE0001442,1000,2023,2023-04-18 15:57:32,2023-04-18 15:57:32,RV,BRL,ARINV002882,dbolton
JE0001443,1000,2024,2024-11-29 22:45:46,2024-11-29 22:45:46,RV,BRL,ARINV000759,riveramegan
JE0001444,1000,2023,2023-07-23 14:35:06,2023-07-23 14:35:06,RV,BRL,ARINV002114,brianrowe
JE0001445,1000,2024,2024-02-26 15:38:59,2024-02-26 15:38:59,RV,BRL,ARINV002727,danielshunter
JE0001446,1000,2024,2024-10-15 02:24:38,2024-10-15 02:24:38,RV,BRL,ARINV002057,lisa01
JE0001447,1000,2024,2024-04-10 23:07:13,2024-04-10 23:07:13,RV,BRL,ARINV002952,paulproctor
JE0001448,1000,2024,2024-02-22 18:03:36,2024-02-22 18:03:36,RV,BRL,ARINV002498,joanjohnson
JE0001449,1000,2023,2023-10-21 03:57:47,2023-10-21 03:57:47,RV,BRL,ARINV000662,gmoss
JE0001450,1000,2023,2023-09-07 20:24:20,2023-09-07 20:24:20,RV,BRL,ARINV002561,thomasmaldonado
JE0001451,1000,2023,2023-02-21 13:43:49,2023-02-21 13:43:49,RV,BRL,ARINV002605,sharon20
JE0001452,1000,2024,2024-08-21 12:59:13,2024-08-21 12:59:13,RV,BRL,ARINV002152,kingdanielle
JE0001453,1000,2023,2023-09-24 16:18:44,2023-09-24 16:18:44,RV,BRL,ARINV002686,michaelwilliams
JE0001454,1000,2023,2023-07-12 01:22:00,2023-07-12 01:22:00,RV,BRL,ARINV001294,teresayoung
JE0001455,1000,2024,2024-05-03 12:29:11,2024-05-03 12:29:11,RV,BRL,ARINV000663,knguyen
JE0001456,1000,2023,2023-06-20 14:36:13,2023-06-20 14:36:13,RV,BRL,ARINV002523,brenda63
JE0001457,1000,2023,2023-02-26 10:55:48,2023-02-26 10:55:48,RV,BRL,ARINV000530,novakbianca
JE0001458,1000,2024,2024-04-01 04:41:59,2024-04-01 04:41:59,RV,BRL,ARINV001273,jbarker
JE0001459,1000,2023,2023-10-31 17:29:07,2023-10-31 17:29:07,RV,BRL,ARINV001946,kelli32
JE0001460,1000,2023,2023-07-23 12:53:11,2023-07-23 12:53:11,RV,BRL,ARINV000060,ndavis
JE0001461,1000,2024,2024-12-16 21:10:53,2024-12-16 21:10:53,RV,BRL,ARINV000949,sarah00
JE0001462,1000,2023,2023-01-29 20:07:00,2023-01-29 20:07:00,RV,BRL,ARINV001648,deanna81
JE0001463,1000,2024,2024-10-18 08:22:10,2024-10-18 08:22:10,RV,BRL,ARINV001682,tonystewart
JE0001464,1000,2024,2024-07-15 03:15:27,2024-07-15 03:15:27,RV,BRL,ARINV000282,linda73
JE0001465,1000,2024,2024-01-30 04:27:41,2024-01-30 04:27:41,RV,BRL,ARINV001184,norrismichael
JE0001466,1000,2023,2023-05-06 09:04:10,2023-05-06 09:04:10,RV,BRL,ARINV002988,johnwilliams
JE0001467,1000,2023,2023-03-25 19:46:40,2023-03-25 19:46:40,RV,BRL,ARINV002606,ihansen
JE0001468,1000,2023,2023-11-28 17:29:46,2023-11-28 17:29:46,RV,BRL,ARINV002244,llopez
JE0001469,1000,2024,2024-05-20 21:34:05,2024-05-20 21:34:05,RV,BRL,ARINV002205,mario74
JE0001470,1000,2023,2023-04-02 06:53:59,2023-04-02 06:53:59,RV,BRL,ARINV001536,caseymoore
JE0001471,1000,2023,2023-02-25 06:44:10,2023-02-25 06:44:10,RV,BRL,ARINV002176,lori85
JE0001472,1000,2024,2024-10-18 15:52:05,2024-10-18 15:52:05,RV,BRL,ARINV002825,osmith
JE0001473,1000,2024,2024-03-14 16:09:24,2024-03-14 16:09:24,RV,BRL,ARINV002822,bgross
JE0001474,1000,2023,2023-09-18 09:05:38,2023-09-18 09:05:38,RV,BRL,ARINV001327,kimberly35
JE0001475,1000,2023,2023-05-02 14:47:20,2023-05-02 14:47:20,RV,BRL,ARINV001571,barrettamber
JE0001476,1000,2024,2024-06-22 15:36:08,2024-06-22 15:36:08,RV,BRL,ARINV002484,rlee
JE0001477,1000,2023,2023-10-19 00:49:36,2023-10-19 00:49:36,RV,BRL,ARINV000854,jcannon
JE0001478,1000,2024,2024-11-05 13:16:15,2024-11-05 13:16:15,RV,BRL,ARINV001904,marcus51
JE0001479,1000,2023,2023-11-08 13:53:24,2023-11-08 13:53:24,RV,BRL,ARINV001277,millscarl
JE0001480,1000,2024,2024-07-19 10:51:44,2024-07-19 10:51:44,RV,BRL,ARINV001284,gregoryjohnson
JE0001481,1000,2023,2023-12-17 05:50:16,2023-12-17 05:50:16,RV,BRL,ARINV000519,washingtoncorey
JE0001482,1000,2023,2023-07-09 10:32:40,2023-07-09 10:32:40,RV,BRL,ARINV001526,hbarrett
JE0001483,1000,2023,2023-08-03 02:32:01,2023-08-03 02:32:01,RV,BRL,ARINV000806,brandon39
JE0001484,1000,2024,2024-07-17 18:31:10,2024-07-17 18:31:10,RV,BRL,ARINV002680,smithsamantha
JE0001485,1000,2024,2024-06-17 12:17:39,2024-06-17 12:17:39,RV,BRL,ARINV002637,fhebert
JE0001486,1000,2023,2023-11-26 01:58:40,2023-11-26 01:58:40,RV,BRL,ARINV000711,dowen
JE0001487,1000,2024,2024-07-07 03:10:04,2024-07-07 03:10:04,RV,BRL,ARINV001722,angela65
JE0001488,1000,2023,2023-11-27 00:25:35,2023-11-27 00:25:35,RV,BRL,ARINV000050,colonjoseph
JE0001489,1000,2023,2023-10-10 12:04:17,2023-10-10 12:04:17,RV,BRL,ARINV000644,navarromary
JE0001490,1000,2024,2024-01-21 08:28:00,2024-01-21 08:28:00,RV,BRL,ARINV001007,blackburnsusan
JE0001491,1000,2024,2024-01-31 21:21:05,2024-01-31 21:21:05,RV,BRL,ARINV000802,garciajerry
JE0001492,1000,2024,2024-07-19 02:36:51,2024-07-19 02:36:51,RV,BRL,ARINV002133,hlopez
JE0001493,1000,2024,2024-07-07 22:15:45,2024-07-07 22:15:45,RV,BRL,ARINV002055,ashleymeza
JE0001494,1000,2024,2024-02-28 09:25:40,2024-02-28 09:25:40,RV,BRL,ARINV001311,xreese
JE0001495,1000,2024,2024-11-20 04:03:11,2024-11-20 04:03:11,RV,BRL,ARINV001791,emily61
JE0001496,1000,2024,2024-11-08 19:15:57,2024-11-08 19:15:57,RV,BRL,ARINV000850,laurapierce
JE0001497,1000,2023,2023-02-28 14:20:16,2023-02-28 14:20:16,RV,BRL,ARINV000425,diane89
JE0001498,1000,2023,2023-02-21 09:06:59,2023-02-21 09:06:59,RV,BRL,ARINV000417,umahoney
JE0001499,1000,2024,2024-01-05 16:13:57,2024-01-05 16:13:57,RV,BRL,ARINV000001,megan66
JE0001500,1000,2023,2023-02-13 10:19:06,2023-02-13 10:19:06,RV,BRL,ARINV001482,charlene98
JE0001501,1000,2024,2024-02-04 14:41:00,2024-02-04 14:41:00,RV,BRL,ARINV001410,nicholaspierce
JE0001502,1000,2023,2023-12-16 05:33:34,2023-12-16 05:33:34,RV,BRL,ARINV002773,michael77
JE0001503,1000,2024,2024-12-14 18:45:06,2024-12-14 18:45:06,RV,BRL,ARINV001830,csmith
JE0001504,1000,2024,2024-08-30 11:56:56,2024-08-30 11:56:56,RV,BRL,ARINV001270,caitlin82
JE0001505,1000,2024,2024-07-31 19:51:50,2024-07-31 19:51:50,RV,BRL,ARINV000177,adam33
JE0001506,1000,2023,2023-03-10 21:24:38,2023-03-10 21:24:38,RV,BRL,ARINV002404,andrew48
JE0001507,1000,2023,2023-06-22 02:24:00,2023-06-22 02:24:00,RV,BRL,ARINV001565,clintonstevens
JE0001508,1000,2024,2024-10-16 02:29:50,2024-10-16 02:29:50,RV,BRL,ARINV000513,devonrichardson
JE0001509,1000,2024,2024-12-08 19:52:53,2024-12-08 19:52:53,RV,BRL,ARINV000537,jesseshepherd
JE0001510,1000,2024,2024-02-22 05:44:13,2024-02-22 05:44:13,RV,BRL,ARINV001287,duncanashley
JE0001511,1000,2024,2024-07-27 18:22:30,2024-07-27 18:22:30,RV,BRL,ARINV000920,jessicacummings
JE0001512,1000,2024,2024-04-18 19:37:03,2024-04-18 19:37:03,RV,BRL,ARINV001463,sthompson
JE0001513,1000,2023,2023-09-07 17:29:25,2023-09-07 17:29:25,RV,BRL,ARINV000362,larsonkevin
JE0001514,1000,2024,2024-05-12 21:32:32,2024-05-12 21:32:32,RV,BRL,ARINV002243,dmiller
JE0001515,1000,2024,2024-09-08 07:08:47,2024-09-08 07:08:47,RV,BRL,ARINV001140,michael66
JE0001516,1000,2023,2023-08-07 14:23:27,2023-08-07 14:23:27,RV,BRL,ARINV001655,kanejeremy
JE0001517,1000,2024,2024-11-13 17:11:26,2024-11-13 17:11:26,RV,BRL,ARINV001658,walterscrystal
JE0001518,1000,2023,2023-12-26 01:07:48,2023-12-26 01:07:48,RV,BRL,ARINV000337,torresblake
JE0001519,1000,2024,2024-08-09 03:45:13,2024-08-09 03:45:13,RV,BRL,ARINV000767,markwolfe
JE0001520,1000,2024,2024-06-07 04:06:05,2024-06-07 04:06:05,RV,BRL,ARINV001349,brentdennis
JE0001521,1000,2023,2023-01-17 07:50:55,2023-01-17 07:50:55,RV,BRL,ARINV000435,wmaddox
JE0001522,1000,2023,2023-01-16 20:17:48,2023-01-16 20:17:48,RV,BRL,ARINV001863,walkerkeith
JE0001523,1000,2023,2023-07-07 05:51:31,2023-07-07 05:51:31,RV,BRL,ARINV001055,vhernandez
JE0001524,1000,2023,2023-02-01 00:21:47,2023-02-01 00:21:47,RV,BRL,ARINV001533,alvarezjulie
JE0001525,1000,2024,2024-10-11 06:21:12,2024-10-11 06:21:12,RV,BRL,ARINV002660,zbaker
JE0001526,1000,2024,2024-04-23 12:54:50,2024-04-23 12:54:50,RV,BRL,ARINV002720,iayala
JE0001527,1000,2024,2024-08-24 08:01:20,2024-08-24 08:01:20,RV,BRL,ARINV002759,timothygonzalez
JE0001528,1000,2023,2023-06-22 14:42:33,2023-06-22 14:42:33,RV,BRL,ARINV000408,mpearson
JE0001529,1000,2024,2024-08-06 12:12:41,2024-08-06 12:12:41,RV,BRL,ARINV001263,johnadams
JE0001530,1000,2023,2023-10-15 08:20:35,2023-10-15 08:20:35,RV,BRL,ARINV002541,kmorris
JE0001531,1000,2024,2024-10-31 14:53:00,2024-10-31 14:53:00,RV,BRL,ARINV002872,rodriguezrobert
JE0001532,1000,2023,2023-07-05 15:06:45,2023-07-05 15:06:45,RV,BRL,ARINV002898,michael55
JE0001533,1000,2023,2023-05-31 09:00:27,2023-05-31 09:00:27,RV,BRL,ARINV001318,carrillogary
JE0001534,1000,2023,2023-07-16 07:06:38,2023-07-16 07:06:38,RV,BRL,ARINV001330,christina79
JE0001535,1000,2024,2024-07-27 20:49:09,2024-07-27 20:49:09,RV,BRL,ARINV002437,scottglass
JE0001536,1000,2024,2024-09-19 05:04:15,2024-09-19 05:04:15,RV,BRL,ARINV000381,jamesbrooks
JE0001537,1000,2024,2024-08-11 04:01:15,2024-08-11 04:01:15,RV,BRL,ARINV001553,rodriguezbrian
JE0001538,1000,2023,2023-06-06 08:15:29,2023-06-06 08:15:29,RV,BRL,ARINV002113,mistywilkins
JE0001539,1000,2023,2023-04-17 06:33:52,2023-04-17 06:33:52,RV,BRL,ARINV002580,cooperlinda
JE0001540,1000,2023,2023-09-30 00:17:30,2023-09-30 00:17:30,RV,BRL,ARINV001956,shannon05
JE0001541,1000,2023,2023-11-18 14:03:01,2023-11-18 14:03:01,RV,BRL,ARINV002358,jodylewis
JE0001542,1000,2023,2023-04-16 19:58:21,2023-04-16 19:58:21,RV,BRL,ARINV000579,ana92
JE0001543,1000,2023,2023-12-13 05:55:39,2023-12-13 05:55:39,RV,BRL,ARINV000479,bennettrebecca
JE0001544,1000,2024,2024-02-10 16:15:02,2024-02-10 16:15:02,RV,BRL,ARINV001748,scottbrian
JE0001545,1000,2023,2023-06-28 07:44:24,2023-06-28 07:44:24,RV,BRL,ARINV002308,kristinawilliamson
JE0001546,1000,2023,2023-05-18 05:50:13,2023-05-18 05:50:13,RV,BRL,ARINV001783,marshallsierra
JE0001547,1000,2024,2024-01-29 14:35:30,2024-01-29 14:35:30,RV,BRL,ARINV002040,pricejoseph
JE0001548,1000,2024,2024-11-01 06:24:21,2024-11-01 06:24:21,RV,BRL,ARINV000420,michelle04
JE0001549,1000,2024,2024-02-25 21:55:18,2024-02-25 21:55:18,RV,BRL,ARINV000626,yhall
JE0001550,1000,2024,2024-09-09 23:11:13,2024-09-09 23:11:13,RV,BRL,ARINV000040,mckeetodd
JE0001551,1000,2024,2024-07-27 12:20:11,2024-07-27 12:20:11,RV,BRL,ARINV001168,lopezvincent
JE0001552,1000,2024,2024-07-01 03:40:46,2024-07-01 03:40:46,RV,BRL,ARINV001481,tcastro
JE0001553,1000,2023,2023-01-18 11:38:14,2023-01-18 11:38:14,RV,BRL,ARINV002448,williamssandra
JE0001554,1000,2024,2024-01-07 08:16:47,2024-01-07 08:16:47,RV,BRL,ARINV001060,matthew62
JE0001555,1000,2024,2024-01-01 03:01:31,2024-01-01 03:01:31,RV,BRL,ARINV000081,reedmichael
JE0001556,1000,2023,2023-12-01 22:39:58,2023-12-01 22:39:58,RV,BRL,ARINV000947,joel84
JE0001557,1000,2023,2023-06-07 02:33:47,2023-06-07 02:33:47,RV,BRL,ARINV000074,garrettnatasha
JE0001558,1000,2023,2023-03-11 12:50:12,2023-03-11 12:50:12,RV,BRL,ARINV001126,raymondstacy
JE0001559,1000,2024,2024-02-03 12:51:31,2024-02-03 12:51:31,RV,BRL,ARINV000557,edwardprince
JE0001560,1000,2023,2023-11-23 16:22:12,2023-11-23 16:22:12,RV,BRL,ARINV002041,christopherreyes
JE0001561,1000,2024,2024-05-18 19:19:38,2024-05-18 19:19:38,RV,BRL,ARINV002795,robertberry
JE0001562,1000,2024,2024-08-09 16:18:17,2024-08-09 16:18:17,RV,BRL,ARINV001253,mwaller
JE0001563,1000,2024,2024-02-09 23:30:57,2024-02-09 23:30:57,RV,BRL,ARINV001725,shane23
JE0001564,1000,2023,2023-01-05 08:43:40,2023-01-05 08:43:40,RV,BRL,ARINV001632,biancasutton
JE0001565,1000,2023,2023-06-05 05:00:58,2023-06-05 05:00:58,RV,BRL,ARINV001589,michelleparker
JE0001566,1000,2024,2024-12-04 15:14:36,2024-12-04 15:14:36,RV,BRL,ARINV001596,russellstout
JE0001567,1000,2023,2023-01-24 14:02:11,2023-01-24 14:02:11,RV,BRL,ARINV002291,dianacunningham
JE0001568,1000,2023,2023-06-22 06:44:25,2023-06-22 06:44:25,RV,BRL,ARINV000542,lonniegrant
JE0001569,1000,2023,2023-04-24 21:33:58,2023-04-24 21:33:58,RV,BRL,ARINV001462,whitemary
JE0001570,1000,2024,2024-02-03 20:24:59,2024-02-03 20:24:59,RV,BRL,ARINV000508,jessicacannon
JE0001571,1000,2023,2023-01-14 16:30:01,2023-01-14 16:30:01,RV,BRL,ARINV001182,tali
JE0001572,1000,2023,2023-03-17 03:12:50,2023-03-17 03:12:50,RV,BRL,ARINV002462,oreese
JE0001573,1000,2024,2024-04-05 04:50:19,2024-04-05 04:50:19,RV,BRL,ARINV000489,edwin31
JE0001574,1000,2023,2023-01-07 06:35:15,2023-01-07 06:35:15,RV,BRL,ARINV001125,jackfarmer
JE0001575,1000,2023,2023-07-22 02:43:09,2023-07-22 02:43:09,RV,BRL,ARINV002242,catherine93
JE0001576,1000,2024,2024-04-10 09:21:03,2024-04-10 09:21:03,RV,BRL,ARINV001542,jerryjohnson
JE0001577,1000,2024,2024-07-17 21:14:51,2024-07-17 21:14:51,RV,BRL,ARINV000389,wattsthomas
JE0001578,1000,2024,2024-04-26 13:50:09,2024-04-26 13:50:09,RV,BRL,ARINV000218,xjoseph
JE0001579,1000,2023,2023-04-06 10:30:48,2023-04-06 10:30:48,RV,BRL,ARINV001018,melissahenry
JE0001580,1000,2024,2024-12-16 11:14:30,2024-12-16 11:14:30,RV,BRL,ARINV001246,frankperez
JE0001581,1000,2024,2024-05-02 09:54:26,2024-05-02 09:54:26,RV,BRL,ARINV002855,aduran
JE0001582,1000,2023,2023-04-14 01:35:33,2023-04-14 01:35:33,RV,BRL,ARINV001629,stephanie33
JE0001583,1000,2024,2024-07-07 01:01:12,2024-07-07 01:01:12,RV,BRL,ARINV001291,carlho
JE0001584,1000,2024,2024-12-15 19:44:28,2024-12-15 19:44:28,RV,BRL,ARINV000463,fcamacho
JE0001585,1000,2023,2023-01-24 23:57:16,2023-01-24 23:57:16,RV,BRL,ARINV002518,michelle36
JE0001586,1000,2024,2024-12-17 07:05:21,2024-12-17 07:05:21,RV,BRL,ARINV002473,mparsons
JE0001587,1000,2024,2024-01-11 14:06:13,2024-01-11 14:06:13,RV,BRL,ARINV000862,zcortez
JE0001588,1000,2023,2023-04-30 21:35:10,2023-04-30 21:35:10,RV,BRL,ARINV000527,meyershannon
JE0001589,1000,2024,2024-12-31 09:23:17,2024-12-31 09:23:17,RV,BRL,ARINV002351,richjohn
JE0001590,1000,2023,2023-09-21 09:57:09,2023-09-21 09:57:09,RV,BRL,ARINV001963,cterrell
JE0001591,1000,2023,2023-02-23 23:24:26,2023-02-23 23:24:26,RV,BRL,ARINV000284,oblack
JE0001592,1000,2023,2023-11-05 16:44:31,2023-11-05 16:44:31,RV,BRL,ARINV002306,leescott
JE0001593,1000,2024,2024-09-24 23:54:33,2024-09-24 23:54:33,RV,BRL,ARINV001471,kim47
JE0001594,1000,2024,2024-11-29 06:26:56,2024-11-29 06:26:56,RV,BRL,ARINV001087,robertoaustin
JE0001595,1000,2024,2024-01-16 10:22:41,2024-01-16 10:22:41,RV,BRL,ARINV000873,vaughnrebecca
JE0001596,1000,2023,2023-05-01 07:26:00,2023-05-01 07:26:00,RV,BRL,ARINV000591,cgallegos
JE0001597,1000,2024,2024-09-13 10:24:51,2024-09-13 10:24:51,RV,BRL,ARINV002382,sharpdaniel
JE0001598,1000,2024,2024-05-06 09:23:38,2024-05-06 09:23:38,RV,BRL,ARINV001577,phillipmorris
JE0001599,1000,2023,2023-10-31 14:11:28,2023-10-31 14:11:28,RV,BRL,ARINV000065,whitebrittany
JE0001600,1000,2024,2024-04-18 18:28:40,2024-04-18 18:28:40,RV,BRL,ARINV001083,nicoledavis
JE0001601,1000,2023,2023-11-25 00:34:30,2023-11-25 00:34:30,RV,BRL,ARINV002551,heather21
JE0001602,1000,2023,2023-12-08 14:19:34,2023-12-08 14:19:34,RV,BRL,ARINV001280,wilsonshannon
JE0001603,1000,2023,2023-09-04 01:50:52,2023-09-04 01:50:52,RV,BRL,ARINV000605,christopher68
JE0001604,1000,2023,2023-05-31 22:21:32,2023-05-31 22:21:32,RV,BRL,ARINV002737,nicholasjames
JE0001605,1000,2024,2024-11-14 18:41:31,2024-11-14 18:41:31,RV,BRL,ARINV000730,rhondacunningham
JE0001606,1000,2024,2024-05-04 01:01:46,2024-05-04 01:01:46,RV,BRL,ARINV002006,fernandothomas
JE0001607,1000,2024,2024-12-11 13:24:32,2024-12-11 13:24:32,RV,BRL,ARINV000353,barneskyle
JE0001608,1000,2024,2024-12-12 01:37:11,2024-12-12 01:37:11,RV,BRL,ARINV000954,lroberts
JE0001609,1000,2024,2024-11-09 23:18:07,2024-11-09 23:18:07,RV,BRL,ARINV001401,roachsusan
JE0001610,1000,2023,2023-12-07 18:19:57,2023-12-07 18:19:57,RV,BRL,ARINV002627,deanjohnny
JE0001611,1000,2024,2024-02-16 15:27:08,2024-02-16 15:27:08,RV,BRL,ARINV002182,fjimenez
JE0001612,1000,2023,2023-02-07 22:01:40,2023-02-07 22:01:40,RV,BRL,ARINV001922,franklintrevor
JE0001613,1000,2024,2024-05-08 17:56:59,2024-05-08 17:56:59,RV,BRL,ARINV001380,briannaalvarez
JE0001614,1000,2023,2023-09-29 18:03:04,2023-09-29 18:03:04,RV,BRL,ARINV002714,mramos
JE0001615,1000,2023,2023-09-29 22:38:35,2023-09-29 22:38:35,RV,BRL,ARINV000035,sanchezamy
JE0001616,1000,2024,2024-10-13 04:49:15,2024-10-13 04:49:15,RV,BRL,ARINV002776,brandonhernandez
JE0001617,1000,2024,2024-11-12 01:29:53,2024-11-12 01:29:53,RV,BRL,ARINV001406,benjamin09
JE0001618,1000,2023,2023-09-10 10:37:50,2023-09-10 10:37:50,RV,BRL,ARINV002240,mark10
JE0001619,1000,2024,2024-10-30 00:01:59,2024-10-30 00:01:59,RV,BRL,ARINV002386,butlergregory
JE0001620,1000,2024,2024-01-20 00:55:32,2024-01-20 00:55:32,RV,BRL,ARINV000020,cheryl99
JE0001621,1000,2023,2023-06-02 09:48:32,2023-06-02 09:48:32,RV,BRL,ARINV000623,tammycurry
JE0001622,1000,2024,2024-11-14 13:51:49,2024-11-14 13:51:49,RV,BRL,ARINV002592,sarah14
JE0001623,1000,2023,2023-01-08 14:37:43,2023-01-08 14:37:43,RV,BRL,ARINV002099,miguel61
JE0001624,1000,2024,2024-03-17 16:12:22,2024-03-17 16:12:22,RV,BRL,ARINV002355,ebridges
JE0001625,1000,2024,2024-09-27 12:18:14,2024-09-27 12:18:14,RV,BRL,ARINV002314,thomas14
JE0001626,1000,2024,2024-10-07 15:01:46,2024-10-07 15:01:46,RV,BRL,ARINV001275,alison83
JE0001627,1000,2023,2023-08-16 13:55:11,2023-08-16 13:55:11,RV,BRL,ARINV001784,cherylrodriguez
JE0001628,1000,2024,2024-11-13 21:50:54,2024-11-13 21:50:54,RV,BRL,ARINV001082,webbhaley
JE0001629,1000,2023,2023-07-25 04:37:41,2023-07-25 04:37:41,RV,BRL,ARINV000164,ronald54
JE0001630,1000,2024,2024-04-11 07:30:32,2024-04-11 07:30:32,RV,BRL,ARINV001703,sara99
JE0001631,1000,2024,2024-01-31 21:39:01,2024-01-31 21:39:01,RV,BRL,ARINV001177,ostone
JE0001632,1000,2023,2023-12-18 15:33:00,2023-12-18 15:33:00,RV,BRL,ARINV002814,lvasquez
JE0001633,1000,2023,2023-07-27 05:28:59,2023-07-27 05:28:59,RV,BRL,ARINV000199,jeanettekrause
JE0001634,1000,2024,2024-01-13 03:08:54,2024-01-13 03:08:54,RV,BRL,ARINV001233,wilsonsteven
JE0001635,1000,2024,2024-12-23 21:42:22,2024-12-23 21:42:22,RV,BRL,ARINV002928,mclaughlinjared
JE0001636,1000,2023,2023-05-11 14:24:51,2023-05-11 14:24:51,RV,BRL,ARINV001516,vgutierrez
JE0001637,1000,2024,2024-11-13 06:20:30,2024-11-13 06:20:30,RV,BRL,ARINV001882,ann30
JE0001638,1000,2023,2023-09-12 10:34:59,2023-09-12 10:34:59,RV,BRL,ARINV000409,hannahking
JE0001639,1000,2023,2023-11-25 04:55:57,2023-11-25 04:55:57,RV,BRL,ARINV000143,parkerwilliam
JE0001640,1000,2023,2023-05-05 05:55:49,2023-05-05 05:55:49,RV,BRL,ARINV000023,katie15
JE0001641,1000,2023,2023-04-27 05:20:21,2023-04-27 05:20:21,RV,BRL,ARINV000205,randy99
JE0001642,1000,2023,2023-02-16 18:37:16,2023-02-16 18:37:16,RV,BRL,ARINV001213,collierjames
JE0001643,1000,2023,2023-06-15 19:37:59,2023-06-15 19:37:59,RV,BRL,ARINV001365,sandra77
JE0001644,1000,2024,2024-05-05 03:48:37,2024-05-05 03:48:37,RV,BRL,ARINV001006,brewertimothy
JE0001645,1000,2023,2023-10-25 18:40:37,2023-10-25 18:40:37,RV,BRL,ARINV000642,imcclain
JE0001646,1000,2024,2024-04-06 02:06:12,2024-04-06 02:06:12,RV,BRL,ARINV001699,steven60
JE0001647,1000,2024,2024-07-09 18:23:35,2024-07-09 18:23:35,RV,BRL,ARINV002688,annette58
JE0001648,1000,2023,2023-02-13 15:42:32,2023-02-13 15:42:32,RV,BRL,ARINV001344,clarkgina
JE0001649,1000,2024,2024-01-19 08:56:35,2024-01-19 08:56:35,RV,BRL,ARINV000385,carl24
JE0001650,1000,2023,2023-03-07 19:06:02,2023-03-07 19:06:02,RV,BRL,ARINV000889,morgannicholas
JE0001651,1000,2023,2023-03-03 08:56:20,2023-03-03 08:56:20,RV,BRL,ARINV002729,ashleyprice
JE0001652,1000,2023,2023-08-28 11:28:24,2023-08-28 11:28:24,RV,BRL,ARINV001086,hancockkaren
JE0001653,1000,2023,2023-02-28 04:03:16,2023-02-28 04:03:16,RV,BRL,ARINV000173,jennifer46
JE0001654,1000,2023,2023-03-18 18:08:31,2023-03-18 18:08:31,RV,BRL,ARINV000532,crawfordjohn
JE0001655,1000,2023,2023-01-02 04:02:00,2023-01-02 04:02:00,RV,BRL,ARINV002812,tgallegos
JE0001656,1000,2023,2023-06-04 21:34:23,2023-06-04 21:34:23,RV,BRL,ARINV001340,aliciathompson
JE0001657,1000,2024,2024-05-27 09:43:23,2024-05-27 09:43:23,RV,BRL,ARINV001106,kristen31
JE0001658,1000,2024,2024-05-12 04:32:06,2024-05-12 04:32:06,RV,BRL,ARINV000400,zhunter
JE0001659,1000,2024,2024-11-15 00:00:07,2024-11-15 00:00:07,RV,BRL,ARINV002735,jstein
JE0001660,1000,2024,2024-11-15 03:04:49,2024-11-15 03:04:49,RV,BRL,ARINV000641,matthewwebb
JE0001661,1000,2023,2023-01-27 06:57:09,2023-01-27 06:57:09,RV,BRL,ARINV002880,kimberly21
JE0001662,1000,2023,2023-11-18 13:01:47,2023-11-18 13:01:47,RV,BRL,ARINV000720,jamiejohnson
JE0001663,1000,2024,2024-05-02 15:55:01,2024-05-02 15:55:01,RV,BRL,ARINV000391,hreeves
JE0001664,1000,2023,2023-07-29 14:49:56,2023-07-29 14:49:56,RV,BRL,ARINV000936,smithsarah
JE0001665,1000,2024,2024-03-07 04:36:04,2024-03-07 04:36:04,RV,BRL,ARINV002363,cookpamela
JE0001666,1000,2023,2023-03-09 12:19:07,2023-03-09 12:19:07,RV,BRL,ARINV000139,meyerdonna
JE0001667,1000,2023,2023-11-02 13:46:00,2023-11-02 13:46:00,RV,BRL,ARINV001149,andrew43
JE0001668,1000,2024,2024-05-04 00:14:41,2024-05-04 00:14:41,RV,BRL,ARINV000787,james44
JE0001669,1000,2024,2024-02-19 15:43:35,2024-02-19 15:43:35,RV,BRL,ARINV001586,kendra14
JE0001670,1000,2024,2024-07-30 20:15:39,2024-07-30 20:15:39,RV,BRL,ARINV001119,ericwilson
JE0001671,1000,2023,2023-08-07 23:51:18,2023-08-07 23:51:18,RV,BRL,ARINV002874,clarkmichael
JE0001672,1000,2024,2024-10-26 23:53:50,2024-10-26 23:53:50,RV,BRL,ARINV002845,joseph49
JE0001673,1000,2024,2024-03-31 00:25:40,2024-03-31 00:25:40,RV,BRL,ARINV002374,georgecollins
JE0001674,1000,2023,2023-04-28 03:00:28,2023-04-28 03:00:28,RV,BRL,ARINV002434,amber02
JE0001675,1000,2023,2023-07-01 14:28:40,2023-07-01 14:28:40,RV,BRL,ARINV001374,ruizemma
JE0001676,1000,2023,2023-06-25 20:48:43,2023-06-25 20:48:43,RV,BRL,ARINV002490,reyeschristopher
JE0001677,1000,2023,2023-03-01 17:23:40,2023-03-01 17:23:40,RV,BRL,ARINV000953,mwhite
JE0001678,1000,2024,2024-03-14 11:08:08,2024-03-14 11:08:08,RV,BRL,ARINV002638,tjensen
JE0001679,1000,2024,2024-11-29 11:47:36,2024-11-29 11:47:36,RV,BRL,ARINV001196,lisa81
JE0001680,1000,2024,2024-10-26 17:26:08,2024-10-26 17:26:08,RV,BRL,ARINV002574,fbradley
JE0001681,1000,2024,2024-03-05 00:19:28,2024-03-05 00:19:28,RV,BRL,ARINV002436,tdavis
JE0001682,1000,2024,2024-09-24 01:37:42,2024-09-24 01:37:42,RV,BRL,ARINV001575,oruiz
JE0001683,1000,2024,2024-04-28 13:30:18,2024-04-28 13:30:18,RV,BRL,ARINV002669,michellejensen
JE0001684,1000,2024,2024-09-28 19:11:44,2024-09-28 19:11:44,RV,BRL,ARINV002754,philip55
JE0001685,1000,2024,2024-08-16 15:08:04,2024-08-16 15:08:04,RV,BRL,ARINV001290,efreeman
JE0001686,1000,2024,2024-07-24 02:09:12,2024-07-24 02:09:12,RV,BRL,ARINV000129,erodriguez
JE0001687,1000,2024,2024-12-27 22:12:22,2024-12-27 22:12:22,RV,BRL,ARINV002425,ssingleton
JE0001688,1000,2023,2023-11-13 03:28:02,2023-11-13 03:28:02,RV,BRL,ARINV002867,cassandra28
JE0001689,1000,2024,2024-06-15 18:10:17,2024-06-15 18:10:17,RV,BRL,ARINV001332,sullivanjennifer
JE0001690,1000,2023,2023-03-10 06:40:33,2023-03-10 06:40:33,RV,BRL,ARINV000161,nguyendebra
JE0001691,1000,2024,2024-02-14 19:23:42,2024-02-14 19:23:42,RV,BRL,ARINV000932,amanda69
JE0001692,1000,2024,2024-08-02 05:55:00,2024-08-02 05:55:00,RV,BRL,ARINV001389,pallen
JE0001693,1000,2024,2024-08-31 14:50:14,2024-08-31 14:50:14,RV,BRL,ARINV002888,terrireyes
JE0001694,1000,2024,2024-12-26 15:35:52,2024-12-26 15:35:52,RV,BRL,ARINV002085,jared96
JE0001695,1000,2023,2023-04-28 17:19:44,2023-04-28 17:19:44,RV,BRL,ARINV001853,vbradley
JE0001696,1000,2023,2023-12-28 07:07:45,2023-12-28 07:07:45,RV,BRL,ARINV002335,gilbertcaldwell
JE0001697,1000,2024,2024-06-25 17:21:44,2024-06-25 17:21:44,RV,BRL,ARINV001379,mwilson
JE0001698,1000,2023,2023-01-18 07:06:49,2023-01-18 07:06:49,RV,BRL,ARINV000421,gnguyen
JE0001699,1000,2024,2024-07-12 13:27:26,2024-07-12 13:27:26,RV,BRL,ARINV002405,zthompson
JE0001700,1000,2024,2024-03-27 03:58:54,2024-03-27 03:58:54,RV,BRL,ARINV002480,georgegina
JE0001701,1000,2024,2024-06-06 10:32:43,2024-06-06 10:32:43,RV,BRL,ARINV000287,pmurphy
JE0001702,1000,2024,2024-04-14 00:46:25,2024-04-14 00:46:25,RV,BRL,ARINV002432,davislisa
JE0001703,1000,2023,2023-10-15 09:48:20,2023-10-15 09:48:20,RV,BRL,ARINV001865,shermandonna
JE0001704,1000,2024,2024-01-05 12:13:09,2024-01-05 12:13:09,RV,BRL,ARINV001041,yschmidt
JE0001705,1000,2024,2024-11-30 05:37:53,2024-11-30 05:37:53,RV,BRL,ARINV000133,rgonzalez
JE0001706,1000,2024,2024-10-19 00:50:23,2024-10-19 00:50:23,RV,BRL,ARINV002787,kevin46
JE0001707,1000,2023,2023-05-31 22:27:43,2023-05-31 22:27:43,RV,BRL,ARINV001894,veronica90
JE0001708,1000,2024,2024-12-02 16:43:13,2024-12-02 16:43:13,RV,BRL,ARINV002565,sabbott
JE0001709,1000,2023,2023-07-07 00:21:15,2023-07-07 00:21:15,RV,BRL,ARINV001080,woodana
JE0001710,1000,2024,2024-04-30 21:01:25,2024-04-30 21:01:25,RV,BRL,ARINV002994,smithann
JE0001711,1000,2023,2023-08-03 03:48:39,2023-08-03 03:48:39,RV,BRL,ARINV002111,daniel40
JE0001712,1000,2023,2023-03-04 09:54:03,2023-03-04 09:54:03,RV,BRL,ARINV002390,ryanlawrence
JE0001713,1000,2023,2023-12-24 06:34:07,2023-12-24 06:34:07,RV,BRL,ARINV000136,jennifer66
JE0001714,1000,2024,2024-06-01 05:46:01,2024-06-01 05:46:01,RV,BRL,ARINV001214,qgardner
JE0001715,1000,2023,2023-01-23 07:08:12,2023-01-23 07:08:12,RV,BRL,ARINV002895,thomaslopez
JE0001716,1000,2023,2023-11-02 03:12:49,2023-11-02 03:12:49,RV,BRL,ARINV002721,xbridges
JE0001717,1000,2024,2024-12-29 03:01:28,2024-12-29 03:01:28,RV,BRL,ARINV000212,qmoore
JE0001718,1000,2024,2024-05-19 13:32:49,2024-05-19 13:32:49,RV,BRL,ARINV002296,dennisjones
JE0001719,1000,2023,2023-04-30 20:18:35,2023-04-30 20:18:35,RV,BRL,ARINV002139,thomasnicole
JE0001720,1000,2024,2024-07-17 00:55:37,2024-07-17 00:55:37,RV,BRL,ARINV000275,iproctor
JE0001721,1000,2024,2024-02-21 19:27:26,2024-02-21 19:27:26,RV,BRL,ARINV002050,taylorlinda
JE0001722,1000,2023,2023-04-12 10:38:29,2023-04-12 10:38:29,RV,BRL,ARINV000089,senglish
JE0001723,1000,2024,2024-10-03 19:52:04,2024-10-03 19:52:04,RV,BRL,ARINV000751,dhanson
JE0001724,1000,2023,2023-04-10 08:04:47,2023-04-10 08:04:47,RV,BRL,ARINV002293,carnold
JE0001725,1000,2024,2024-04-13 14:13:36,2024-04-13 14:13:36,RV,BRL,ARINV000299,lkelly
JE0001726,1000,2023,2023-04-29 20:17:33,2023-04-29 20:17:33,RV,BRL,ARINV002950,kjacobs
JE0001727,1000,2023,2023-03-06 20:38:58,2023-03-06 20:38:58,RV,BRL,ARINV000568,pbradford
JE0001728,1000,2023,2023-03-08 19:13:56,2023-03-08 19:13:56,RV,BRL,ARINV001627,robert89
JE0001729,1000,2024,2024-09-30 11:42:39,2024-09-30 11:42:39,RV,BRL,ARINV000262,arthur09
JE0001730,1000,2024,2024-01-08 15:01:44,2024-01-08 15:01:44,RV,BRL,ARINV001729,hbush
JE0001731,1000,2024,2024-06-02 05:27:42,2024-06-02 05:27:42,RV,BRL,ARINV002724,fnixon
JE0001732,1000,2024,2024-07-07 05:18:16,2024-07-07 05:18:16,RV,BRL,ARINV000316,jessicafox
JE0001733,1000,2024,2024-01-01 19:50:04,2024-01-01 19:50:04,RV,BRL,ARINV002130,steven18
JE0001734,1000,2023,2023-08-18 07:58:21,2023-08-18 07:58:21,RV,BRL,ARINV000104,sanchezcrystal
JE0001735,1000,2024,2024-04-29 17:00:21,2024-04-29 17:00:21,RV,BRL,ARINV001615,suttonamber
JE0001736,1000,2024,2024-08-22 19:25:48,2024-08-22 19:25:48,RV,BRL,ARINV002024,chloe58
JE0001737,1000,2024,2024-11-10 22:14:15,2024-11-10 22:14:15,RV,BRL,ARINV001070,harrisonwilliam
JE0001738,1000,2024,2024-09-06 06:46:27,2024-09-06 06:46:27,RV,BRL,ARINV002584,vberry
JE0001739,1000,2024,2024-09-16 13:42:04,2024-09-16 13:42:04,RV,BRL,ARINV000927,zgomez
JE0001740,1000,2024,2024-04-19 04:59:09,2024-04-19 04:59:09,RV,BRL,ARINV002369,keith09
JE0001741,1000,2023,2023-03-09 20:08:08,2023-03-09 20:08:08,RV,BRL,ARINV002454,jessica94
JE0001742,1000,2023,2023-06-18 08:59:43,2023-06-18 08:59:43,RV,BRL,ARINV000366,sotobelinda
JE0001743,1000,2024,2024-07-10 07:57:53,2024-07-10 07:57:53,RV,BRL,ARINV002588,douglaskelly
JE0001744,1000,2023,2023-11-16 19:33:16,2023-11-16 19:33:16,RV,BRL,ARINV000529,mitchellchristopher
JE0001745,1000,2023,2023-09-14 06:43:19,2023-09-14 06:43:19,RV,BRL,ARINV000045,yorkjoshua
JE0001746,1000,2023,2023-03-06 05:34:52,2023-03-06 05:34:52,RV,BRL,ARINV000309,christinahill
JE0001747,1000,2023,2023-10-04 11:38:50,2023-10-04 11:38:50,RV,BRL,ARINV001506,alexis19
JE0001748,1000,2024,2024-11-24 04:52:35,2024-11-24 04:52:35,RV,BRL,ARINV001551,reneestevenson
JE0001749,1000,2024,2024-08-02 18:25:15,2024-08-02 18:25:15,RV,BRL,ARINV000449,lwood
JE0001750,1000,2023,2023-04-22 00:01:47,2023-04-22 00:01:47,RV,BRL,ARINV001375,kimberly37
JE0001751,1000,2023,2023-07-11 03:56:56,2023-07-11 03:56:56,RV,BRL,ARINV000572,laurenatkins
JE0001752,1000,2023,2023-11-15 01:56:41,2023-11-15 01:56:41,RV,BRL,ARINV001135,tracey29
JE0001753,1000,2023,2023-06-18 01:16:38,2023-06-18 01:16:38,RV,BRL,ARINV001204,marymullins
JE0001754,1000,2024,2024-03-12 14:12:54,2024-03-12 14:12:54,RV,BRL,ARINV002263,ptownsend
JE0001755,1000,2024,2024-02-04 20:31:27,2024-02-04 20:31:27,RV,BRL,ARINV001173,kbarber
JE0001756,1000,2023,2023-03-20 06:46:59,2023-03-20 06:46:59,RV,BRL,ARINV001319,beckywilkinson
JE0001757,1000,2023,2023-07-20 14:46:31,2023-07-20 14:46:31,RV,BRL,ARINV000600,maykarla
JE0001758,1000,2023,2023-10-28 00:58:46,2023-10-28 00:58:46,RV,BRL,ARINV002148,williamssteven
JE0001759,1000,2024,2024-12-13 21:45:09,2024-12-13 21:45:09,RV,BRL,ARINV001960,vturner
JE0001760,1000,2024,2024-05-15 22:05:05,2024-05-15 22:05:05,RV,BRL,ARINV000834,noahthornton
JE0001761,1000,2024,2024-04-26 17:37:50,2024-04-26 17:37:50,RV,BRL,ARINV000942,hbaker
JE0001762,1000,2024,2024-10-12 23:05:40,2024-10-12 23:05:40,RV,BRL,ARINV000063,zsmith
JE0001763,1000,2024,2024-05-13 11:34:47,2024-05-13 11:34:47,RV,BRL,ARINV001683,ureyes
JE0001764,1000,2024,2024-09-21 17:53:09,2024-09-21 17:53:09,RV,BRL,ARINV000987,davisamanda
JE0001765,1000,2023,2023-10-08 17:27:30,2023-10-08 17:27:30,RV,BRL,ARINV002134,stephanie69
JE0001766,1000,2024,2024-04-08 04:19:51,2024-04-08 04:19:51,RV,BRL,ARINV000333,matthew41
JE0001767,1000,2024,2024-12-21 06:38:00,2024-12-21 06:38:00,RV,BRL,ARINV002633,destiny67
JE0001768,1000,2023,2023-03-01 01:06:54,2023-03-01 01:06:54,RV,BRL,ARINV002264,jessicachapman
JE0001769,1000,2023,2023-05-02 00:36:26,2023-05-02 00:36:26,RV,BRL,ARINV001896,aprilbyrd
JE0001770,1000,2024,2024-11-09 23:56:45,2024-11-09 23:56:45,RV,BRL,ARINV002236,lawrencesmith
JE0001771,1000,2024,2024-11-04 21:52:26,2024-11-04 21:52:26,RV,BRL,ARINV001167,deckeralexander
JE0001772,1000,2023,2023-09-25 22:46:35,2023-09-25 22:46:35,RV,BRL,ARINV000630,foxgina
JE0001773,1000,2024,2024-02-22 06:26:29,2024-02-22 06:26:29,RV,BRL,ARINV001885,jeffrey44
JE0001774,1000,2024,2024-07-06 05:12:02,2024-07-06 05:12:02,RV,BRL,ARINV002539,austinharvey
JE0001775,1000,2024,2024-08-28 04:33:53,2024-08-28 04:33:53,RV,BRL,ARINV002136,maysdiane
JE0001776,1000,2023,2023-08-27 03:49:16,2023-08-27 03:49:16,RV,BRL,ARINV002708,stephanielittle
JE0001777,1000,2023,2023-01-06 00:07:29,2023-01-06 00:07:29,RV,BRL,ARINV002272,millercassandra
JE0001778,1000,2023,2023-01-08 19:29:05,2023-01-08 19:29:05,RV,BRL,ARINV002415,pdouglas
JE0001779,1000,2024,2024-05-15 23:28:09,2024-05-15 23:28:09,RV,BRL,ARINV000824,pauladominguez
JE0001780,1000,2023,2023-07-02 12:52:45,2023-07-02 12:52:45,RV,BRL,ARINV001223,kenneth17
JE0001781,1000,2023,2023-09-09 20:44:44,2023-09-09 20:44:44,RV,BRL,ARINV002348,kayla54
JE0001782,1000,2023,2023-11-04 09:22:49,2023-11-04 09:22:49,RV,BRL,ARINV000461,kimberlyramirez
JE0001783,1000,2024,2024-06-03 21:05:50,2024-06-03 21:05:50,RV,BRL,ARINV001859,reyesmarvin
JE0001784,1000,2023,2023-04-29 05:47:10,2023-04-29 05:47:10,RV,BRL,ARINV000160,scottlisa
JE0001785,1000,2024,2024-01-21 19:41:00,2024-01-21 19:41:00,RV,BRL,ARINV000740,scottvasquez
JE0001786,1000,2023,2023-06-12 18:41:45,2023-06-12 18:41:45,RV,BRL,ARINV000008,chelseywhite
JE0001787,1000,2023,2023-10-27 21:07:35,2023-10-27 21:07:35,RV,BRL,ARINV002162,irodriguez
JE0001788,1000,2024,2024-03-03 02:24:54,2024-03-03 02:24:54,RV,BRL,ARINV000372,probinson
JE0001789,1000,2023,2023-05-14 12:01:51,2023-05-14 12:01:51,RV,BRL,ARINV002696,gainesjennifer
JE0001790,1000,2024,2024-04-24 19:41:34,2024-04-24 19:41:34,RV,BRL,ARINV002080,johnsonchad
JE0001791,1000,2024,2024-11-14 13:55:46,2024-11-14 13:55:46,RV,BRL,ARINV000084,kimberly07
JE0001792,1000,2023,2023-09-06 13:40:08,2023-09-06 13:40:08,RV,BRL,ARINV001873,denisesmith
JE0001793,1000,2024,2024-05-10 17:17:54,2024-05-10 17:17:54,RV,BRL,ARINV002417,ortegajoseph
JE0001794,1000,2024,2024-06-17 03:33:06,2024-06-17 03:33:06,RV,BRL,ARINV002907,rebecca90
JE0001795,1000,2023,2023-12-03 19:34:29,2023-12-03 19:34:29,RV,BRL,ARINV001507,zmendoza
JE0001796,1000,2023,2023-10-15 20:55:05,2023-10-15 20:55:05,RV,BRL,ARINV002817,fernandezaaron
JE0001797,1000,2024,2024-10-17 22:03:51,2024-10-17 22:03:51,RV,BRL,ARINV000428,imartinez
JE0001798,1000,2024,2024-06-05 05:58:39,2024-06-05 05:58:39,RV,BRL,ARINV000290,mathew46
JE0001799,1000,2023,2023-06-21 12:03:22,2023-06-21 12:03:22,RV,BRL,ARINV002695,chensusan
JE0001800,1000,2023,2023-06-24 15:39:03,2023-06-24 15:39:03,RV,BRL,ARINV001554,diazmelissa
JE0001801,1000,2023,2023-07-30 00:00:00,2023-07-30 00:00:00,KR,BRL,APINV000001,christopher74
JE0001802,1000,2024,2024-12-07 00:00:00,2024-12-07 00:00:00,KR,BRL,APINV000002,gregorywilliams
JE0001803,1000,2024,2024-02-02 00:00:00,2024-02-02 00:00:00,KR,BRL,APINV000003,tguerrero
JE0001804,1000,2023,2023-12-02 00:00:00,2023-12-02 00:00:00,KR,BRL,APINV000004,omosley
JE0001805,1000,2024,2024-03-11 00:00:00,2024-03-11 00:00:00,KR,BRL,APINV000005,tom73
JE0001806,1000,2024,2024-09-16 00:00:00,2024-09-16 00:00:00,KR,BRL,APINV000006,austinjohnson
JE0001807,1000,2023,2023-03-23 00:00:00,2023-03-23 00:00:00,KR,BRL,APINV000007,tracybrown
JE0001808,1000,2024,2024-02-24 00:00:00,2024-02-24 00:00:00,KR,BRL,APINV000008,victor70
JE0001809,1000,2023,2023-11-06 00:00:00,2023-11-06 00:00:00,KR,BRL,APINV000009,morganmatthew
JE0001810,1000,2024,2024-11-04 00:00:00,2024-11-04 00:00:00,KR,BRL,APINV000010,sullivanjason
JE0001811,1000,2023,2023-06-18 00:00:00,2023-06-18 00:00:00,KR,BRL,APINV000011,ibentley
JE0001812,1000,2023,2023-11-17 00:00:00,2023-11-17 00:00:00,KR,BRL,APINV000012,joycehall
JE0001813,1000,2024,2024-07-27 00:00:00,2024-07-27 00:00:00,KR,BRL,APINV000013,johnsondonald
JE0001814,1000,2024,2024-11-22 00:00:00,2024-11-22 00:00:00,KR,BRL,APINV000014,ruizsamantha
JE0001815,1000,2024,2024-01-31 00:00:00,2024-01-31 00:00:00,KR,BRL,APINV000015,sanchezdeborah
JE0001816,1000,2024,2024-12-21 00:00:00,2024-12-21 00:00:00,KR,BRL,APINV000016,jacksonbrendan
JE0001817,1000,2024,2024-03-25 00:00:00,2024-03-25 00:00:00,KR,BRL,APINV000017,lori17
JE0001818,1000,2025,2025-01-11 00:00:00,2025-01-11 00:00:00,KR,BRL,APINV000018,marybrown
JE0001819,1000,2023,2023-10-24 00:00:00,2023-10-24 00:00:00,KR,BRL,APINV000019,wilsonbrooke
JE0001820,1000,2024,2024-12-20 00:00:00,2024-12-20 00:00:00,KR,BRL,APINV000020,bryanharris
JE0001821,1000,2024,2024-05-06 00:00:00,2024-05-06 00:00:00,KR,BRL,APINV000021,lisa65
JE0001822,1000,2023,2023-02-15 00:00:00,2023-02-15 00:00:00,KR,BRL,APINV000022,daughertybarbara
JE0001823,1000,2023,2023-10-23 00:00:00,2023-10-23 00:00:00,KR,BRL,APINV000023,marcoconnell
JE0001824,1000,2024,2024-04-14 00:00:00,2024-04-14 00:00:00,KR,BRL,APINV000024,kathrynwatkins
JE0001825,1000,2023,2023-02-18 00:00:00,2023-02-18 00:00:00,KR,BRL,APINV000025,bryan42
JE0001826,1000,2023,2023-07-25 00:00:00,2023-07-25 00:00:00,KR,BRL,APINV000026,xjackson
JE0001827,1000,2024,2024-08-29 00:00:00,2024-08-29 00:00:00,KR,BRL,APINV000027,samuelfrost
JE0001828,1000,2024,2024-04-17 00:00:00,2024-04-17 00:00:00,KR,BRL,APINV000028,andersonkylie
JE0001829,1000,2024,2024-04-25 00:00:00,2024-04-25 00:00:00,KR,BRL,APINV000029,bstrickland
JE0001830,1000,2023,2023-12-30 00:00:00,2023-12-30 00:00:00,KR,BRL,APINV000030,amiller
JE0001831,1000,2023,2023-11-12 00:00:00,2023-11-12 00:00:00,KR,BRL,APINV000031,saramann
JE0001832,1000,2024,2024-08-12 00:00:00,2024-08-12 00:00:00,KR,BRL,APINV000032,robert72
JE0001833,1000,2024,2024-06-06 00:00:00,2024-06-06 00:00:00,KR,BRL,APINV000033,douglasnelson
JE0001834,1000,2024,2024-04-04 00:00:00,2024-04-04 00:00:00,KR,BRL,APINV000034,ljenkins
JE0001835,1000,2024,2024-12-26 00:00:00,2024-12-26 00:00:00,KR,BRL,APINV000035,carlsonjennifer
JE0001836,1000,2024,2024-07-24 00:00:00,2024-07-24 00:00:00,KR,BRL,APINV000036,burtonkimberly
JE0001837,1000,2023,2023-06-16 00:00:00,2023-06-16 00:00:00,KR,BRL,APINV000037,robert83
JE0001838,1000,2024,2024-04-22 00:00:00,2024-04-22 00:00:00,KR,BRL,APINV000038,davidmoreno
JE0001839,1000,2024,2024-08-20 00:00:00,2024-08-20 00:00:00,KR,BRL,APINV000039,montgomerymichelle
JE0001840,1000,2024,2024-05-05 00:00:00,2024-05-05 00:00:00,KR,BRL,APINV000040,stevensims
JE0001841,1000,2023,2023-10-28 00:00:00,2023-10-28 00:00:00,KR,BRL,APINV000041,joshualee
JE0001842,1000,2024,2024-10-11 00:00:00,2024-10-11 00:00:00,KR,BRL,APINV000042,ginaschmitt
JE0001843,1000,2023,2023-07-20 00:00:00,2023-07-20 00:00:00,KR,BRL,APINV000043,kjimenez
JE0001844,1000,2024,2024-03-04 00:00:00,2024-03-04 00:00:00,KR,BRL,APINV000044,brownmichael
JE0001845,1000,2024,2024-11-05 00:00:00,2024-11-05 00:00:00,KR,BRL,APINV000045,ryancook
JE0001846,1000,2024,2024-07-17 00:00:00,2024-07-17 00:00:00,KR,BRL,APINV000046,vwilliams
JE0001847,1000,2023,2023-12-20 00:00:00,2023-12-20 00:00:00,KR,BRL,APINV000047,buckleygregory
JE0001848,1000,2024,2024-06-25 00:00:00,2024-06-25 00:00:00,KR,BRL,APINV000048,washingtondarren
JE0001849,1000,2024,2024-11-06 00:00:00,2024-11-06 00:00:00,KR,BRL,APINV000049,jenniferwatkins
JE0001850,1000,2023,2023-03-25 00:00:00,2023-03-25 00:00:00,KR,BRL,APINV000050,robert53
JE0001851,1000,2024,2024-10-31 00:00:00,2024-10-31 00:00:00,KR,BRL,APINV000051,nguyencorey
JE0001852,1000,2023,2023-02-01 00:00:00,2023-02-01 00:00:00,KR,BRL,APINV000052,ykane
JE0001853,1000,2024,2024-02-10 00:00:00,2024-02-10 00:00:00,KR,BRL,APINV000053,charlesrichards
JE0001854,1000,2023,2023-12-24 00:00:00,2023-12-24 00:00:00,KR,BRL,APINV000054,zamoradustin
JE0001855,1000,2024,2024-11-05 00:00:00,2024-11-05 00:00:00,KR,BRL,APINV000055,xthompson
JE0001856,1000,2023,2023-03-05 00:00:00,2023-03-05 00:00:00,KR,BRL,APINV000056,stephenlee
JE0001857,1000,2024,2024-03-24 00:00:00,2024-03-24 00:00:00,KR,BRL,APINV000057,theresa35
JE0001858,1000,2024,2024-08-02 00:00:00,2024-08-02 00:00:00,KR,BRL,APINV000058,antoniocarroll
JE0001859,1000,2023,2023-02-02 00:00:00,2023-02-02 00:00:00,KR,BRL,APINV000059,derek77
JE0001860,1000,2024,2024-12-21 00:00:00,2024-12-21 00:00:00,KR,BRL,APINV000060,vjackson
JE0001861,1000,2024,2024-07-19 00:00:00,2024-07-19 00:00:00,KR,BRL,APINV000061,oliviamunoz
JE0001862,1000,2023,2023-06-19 00:00:00,2023-06-19 00:00:00,KR,BRL,APINV000062,belindatran
JE0001863,1000,2023,2023-12-26 00:00:00,2023-12-26 00:00:00,KR,BRL,APINV000063,christophervincent
JE0001864,1000,2024,2024-04-10 00:00:00,2024-04-10 00:00:00,KR,BRL,APINV000064,natkins
JE0001865,1000,2024,2024-02-05 00:00:00,2024-02-05 00:00:00,KR,BRL,APINV000065,rhood
JE0001866,1000,2024,2024-02-17 00:00:00,2024-02-17 00:00:00,KR,BRL,APINV000066,blairjill
JE0001867,1000,2023,2023-05-05 00:00:00,2023-05-05 00:00:00,KR,BRL,APINV000067,johnhamilton
JE0001868,1000,2024,2024-09-17 00:00:00,2024-09-17 00:00:00,KR,BRL,APINV000068,patriciavargas
JE0001869,1000,2024,2024-03-17 00:00:00,2024-03-17 00:00:00,KR,BRL,APINV000069,robinvillanueva
JE0001870,1000,2023,2023-05-28 00:00:00,2023-05-28 00:00:00,KR,BRL,APINV000070,cbaird
JE0001871,1000,2025,2025-01-05 00:00:00,2025-01-05 00:00:00,KR,BRL,APINV000071,gquinn
JE0001872,1000,2023,2023-11-09 00:00:00,2023-11-09 00:00:00,KR,BRL,APINV000072,simmonsphillip
JE0001873,1000,2023,2023-05-09 00:00:00,2023-05-09 00:00:00,KR,BRL,APINV000073,chavezjohn
JE0001874,1000,2024,2024-08-26 00:00:00,2024-08-26 00:00:00,KR,BRL,APINV000074,steelerichard
JE0001875,1000,2023,2023-07-28 00:00:00,2023-07-28 00:00:00,KR,BRL,APINV000075,davidphillips
JE0001876,1000,2023,2023-11-14 00:00:00,2023-11-14 00:00:00,KR,BRL,APINV000076,smithelizabeth
JE0001877,1000,2024,2024-08-30 00:00:00,2024-08-30 00:00:00,KR,BRL,APINV000077,jacquelinehodge
JE0001878,1000,2023,2023-11-06 00:00:00,2023-11-06 00:00:00,KR,BRL,APINV000078,braysteven
JE0001879,1000,2023,2023-07-14 00:00:00,2023-07-14 00:00:00,KR,BRL,APINV000079,morgansullivan
JE0001880,1000,2023,2023-02-11 00:00:00,2023-02-11 00:00:00,KR,BRL,APINV000080,courtney01
JE0001881,1000,2024,2024-12-05 00:00:00,2024-12-05 00:00:00,KR,BRL,APINV000081,vbarry
JE0001882,1000,2024,2024-01-19 00:00:00,2024-01-19 00:00:00,KR,BRL,APINV000082,phillipskaren
JE0001883,1000,2023,2023-07-04 00:00:00,2023-07-04 00:00:00,KR,BRL,APINV000083,kristinmiller
JE0001884,1000,2023,2023-01-13 00:00:00,2023-01-13 00:00:00,KR,BRL,APINV000084,jill08
JE0001885,1000,2023,2023-11-18 00:00:00,2023-11-18 00:00:00,KR,BRL,APINV000085,pamela16
JE0001886,1000,2023,2023-07-23 00:00:00,2023-07-23 00:00:00,KR,BRL,APINV000086,steven05
JE0001887,1000,2023,2023-10-05 00:00:00,2023-10-05 00:00:00,KR,BRL,APINV000087,gregory81
JE0001888,1000,2023,2023-03-03 00:00:00,2023-03-03 00:00:00,KR,BRL,APINV000088,devonrogers
JE0001889,1000,2023,2023-04-22 00:00:00,2023-04-22 00:00:00,KR,BRL,APINV000089,banksjo
JE0001890,1000,2024,2024-12-14 00:00:00,2024-12-14 00:00:00,KR,BRL,APINV000090,karenhodges
JE0001891,1000,2024,2024-09-28 00:00:00,2024-09-28 00:00:00,KR,BRL,APINV000091,michael48
JE0001892,1000,2023,2023-07-15 00:00:00,2023-07-15 00:00:00,KR,BRL,APINV000092,eramirez
JE0001893,1000,2023,2023-03-20 00:00:00,2023-03-20 00:00:00,KR,BRL,APINV000093,michael78
JE0001894,1000,2023,2023-04-29 00:00:00,2023-04-29 00:00:00,KR,BRL,APINV000094,harrisonamanda
JE0001895,1000,2023,2023-08-20 00:00:00,2023-08-20 00:00:00,KR,BRL,APINV000095,shannon51
JE0001896,1000,2023,2023-04-01 00:00:00,2023-04-01 00:00:00,KR,BRL,APINV000096,patriciaellis
JE0001897,1000,2023,2023-08-28 00:00:00,2023-08-28 00:00:00,KR,BRL,APINV000097,myersharold
JE0001898,1000,2024,2024-04-10 00:00:00,2024-04-10 00:00:00,KR,BRL,APINV000098,rodriguezjoshua
JE0001899,1000,2025,2025-01-07 00:00:00,2025-01-07 00:00:00,KR,BRL,APINV000099,tylergolden
JE0001900,1000,2023,2023-05-02 00:00:00,2023-05-02 00:00:00,KR,BRL,APINV000100,cartertara
JE0001901,1000,2023,2023-11-17 00:00:00,2023-11-17 00:00:00,KR,BRL,APINV000101,thomasfisher
JE0001902,1000,2023,2023-08-01 00:00:00,2023-08-01 00:00:00,KR,BRL,APINV000102,carterbryan
JE0001903,1000,2024,2024-02-01 00:00:00,2024-02-01 00:00:00,KR,BRL,APINV000103,marystone
JE0001904,1000,2023,2023-06-23 00:00:00,2023-06-23 00:00:00,KR,BRL,APINV000104,robert55
JE0001905,1000,2024,2024-01-01 00:00:00,2024-01-01 00:00:00,KR,BRL,APINV000105,swatkins
JE0001906,1000,2025,2025-01-02 00:00:00,2025-01-02 00:00:00,KR,BRL,APINV000106,kellis
JE0001907,1000,2023,2023-05-01 00:00:00,2023-05-01 00:00:00,KR,BRL,APINV000107,rachelparker
JE0001908,1000,2024,2024-10-11 00:00:00,2024-10-11 00:00:00,KR,BRL,APINV000108,jeremy54
JE0001909,1000,2024,2024-11-08 00:00:00,2024-11-08 00:00:00,KR,BRL,APINV000109,hernandezjustin
JE0001910,1000,2024,2024-11-04 00:00:00,2024-11-04 00:00:00,KR,BRL,APINV000110,christinemartin
JE0001911,1000,2023,2023-10-18 00:00:00,2023-10-18 00:00:00,KR,BRL,APINV000111,ian22
JE0001912,1000,2023,2023-10-25 00:00:00,2023-10-25 00:00:00,KR,BRL,APINV000112,johnwilliams
JE0001913,1000,2023,2023-04-06 00:00:00,2023-04-06 00:00:00,KR,BRL,APINV000113,autumn74
JE0001914,1000,2024,2024-06-28 00:00:00,2024-06-28 00:00:00,KR,BRL,APINV000114,jack80
JE0001915,1000,2023,2023-05-09 00:00:00,2023-05-09 00:00:00,KR,BRL,APINV000115,tiffany25
JE0001916,1000,2024,2024-12-06 00:00:00,2024-12-06 00:00:00,KR,BRL,APINV000116,kfernandez
JE0001917,1000,2023,2023-11-09 00:00:00,2023-11-09 00:00:00,KR,BRL,APINV000117,david06
JE0001918,1000,2023,2023-10-26 00:00:00,2023-10-26 00:00:00,KR,BRL,APINV000118,dmack
JE0001919,1000,2023,2023-07-03 00:00:00,2023-07-03 00:00:00,KR,BRL,APINV000119,eric88
JE0001920,1000,2024,2024-08-12 00:00:00,2024-08-12 00:00:00,KR,BRL,APINV000120,deborah47
JE0001921,1000,2024,2024-07-12 00:00:00,2024-07-12 00:00:00,KR,BRL,APINV000121,tara92
JE0001922,1000,2024,2024-12-08 00:00:00,2024-12-08 00:00:00,KR,BRL,APINV000122,hmorgan
JE0001923,1000,2024,2024-09-30 00:00:00,2024-09-30 00:00:00,KR,BRL,APINV000123,imccullough
JE0001924,1000,2023,2023-01-15 00:00:00,2023-01-15 00:00:00,KR,BRL,APINV000124,parkerrichard
JE0001925,1000,2023,2023-12-01 00:00:00,2023-12-01 00:00:00,KR,BRL,APINV000125,seandavis
JE0001926,1000,2024,2024-05-29 00:00:00,2024-05-29 00:00:00,KR,BRL,APINV000126,franklinjames
JE0001927,1000,2024,2024-05-11 00:00:00,2024-05-11 00:00:00,KR,BRL,APINV000127,kimberlywang
JE0001928,1000,2023,2023-04-17 00:00:00,2023-04-17 00:00:00,KR,BRL,APINV000128,andrewryan
JE0001929,1000,2023,2023-04-02 00:00:00,2023-04-02 00:00:00,KR,BRL,APINV000129,frhodes
JE0001930,1000,2023,2023-04-01 00:00:00,2023-04-01 00:00:00,KR,BRL,APINV000130,ulee
JE0001931,1000,2023,2023-03-29 00:00:00,2023-03-29 00:00:00,KR,BRL,APINV000131,kerrmichael
JE0001932,1000,2024,2024-05-22 00:00:00,2024-05-22 00:00:00,KR,BRL,APINV000132,jenniferpatterson
JE0001933,1000,2023,2023-03-01 00:00:00,2023-03-01 00:00:00,KR,BRL,APINV000133,swatson
JE0001934,1000,2024,2024-03-21 00:00:00,2024-03-21 00:00:00,KR,BRL,APINV000134,michael78
JE0001935,1000,2023,2023-07-11 00:00:00,2023-07-11 00:00:00,KR,BRL,APINV000135,lewispamela
JE0001936,1000,2024,2024-05-29 00:00:00,2024-05-29 00:00:00,KR,BRL,APINV000136,slara
JE0001937,1000,2024,2024-11-16 00:00:00,2024-11-16 00:00:00,KR,BRL,APINV000137,lindawaller
JE0001938,1000,2024,2024-09-01 00:00:00,2024-09-01 00:00:00,KR,BRL,APINV000138,achandler
JE0001939,1000,2024,2024-09-01 00:00:00,2024-09-01 00:00:00,KR,BRL,APINV000139,maryharper
JE0001940,1000,2024,2024-04-08 00:00:00,2024-04-08 00:00:00,KR,BRL,APINV000140,jaredwells
JE0001941,1000,2023,2023-11-17 00:00:00,2023-11-17 00:00:00,KR,BRL,APINV000141,carl96
JE0001942,1000,2024,2024-12-13 00:00:00,2024-12-13 00:00:00,KR,BRL,APINV000142,smithdanielle
JE0001943,1000,2024,2024-12-08 00:00:00,2024-12-08 00:00:00,KR,BRL,APINV000143,robert87
JE0001944,1000,2023,2023-06-18 00:00:00,2023-06-18 00:00:00,KR,BRL,APINV000144,jamescollier
JE0001945,1000,2023,2023-11-04 00:00:00,2023-11-04 00:00:00,KR,BRL,APINV000145,angela04
JE0001946,1000,2023,2023-06-20 00:00:00,2023-06-20 00:00:00,KR,BRL,APINV000146,troy73
JE0001947,1000,2023,2023-11-26 00:00:00,2023-11-26 00:00:00,KR,BRL,APINV000147,moodyeric
JE0001948,1000,2024,2024-10-19 00:00:00,2024-10-19 00:00:00,KR,BRL,APINV000148,stephanie71
JE0001949,1000,2023,2023-02-14 00:00:00,2023-02-14 00:00:00,KR,BRL,APINV000149,robert73
JE0001950,1000,2024,2024-01-04 00:00:00,2024-01-04 00:00:00,KR,BRL,APINV000150,wilsonjoshua
JE0001951,1000,2024,2024-12-11 00:00:00,2024-12-11 00:00:00,KR,BRL,APINV000151,georgemichael
JE0001952,1000,2024,2024-12-27 00:00:00,2024-12-27 00:00:00,KR,BRL,APINV000152,qcunningham
JE0001953,1000,2024,2024-01-27 00:00:00,2024-01-27 00:00:00,KR,BRL,APINV000153,hmccann
JE0001954,1000,2024,2024-12-03 00:00:00,2024-12-03 00:00:00,KR,BRL,APINV000154,william90
JE0001955,1000,2024,2024-08-08 00:00:00,2024-08-08 00:00:00,KR,BRL,APINV000155,francisco02
JE0001956,1000,2024,2024-07-17 00:00:00,2024-07-17 00:00:00,KR,BRL,APINV000156,steven25
JE0001957,1000,2023,2023-09-24 00:00:00,2023-09-24 00:00:00,KR,BRL,APINV000157,brianward
JE0001958,1000,2023,2023-02-16 00:00:00,2023-02-16 00:00:00,KR,BRL,APINV000158,brandon48
JE0001959,1000,2024,2024-09-19 00:00:00,2024-09-19 00:00:00,KR,BRL,APINV000159,palmerkatie
JE0001960,1000,2024,2024-03-06 00:00:00,2024-03-06 00:00:00,KR,BRL,APINV000160,kathygeorge
JE0001961,1000,2024,2024-08-05 00:00:00,2024-08-05 00:00:00,KR,BRL,APINV000161,amybrennan
JE0001962,1000,2024,2024-01-29 00:00:00,2024-01-29 00:00:00,KR,BRL,APINV000162,joseph51
JE0001963,1000,2023,2023-01-13 00:00:00,2023-01-13 00:00:00,KR,BRL,APINV000163,madeline02
JE0001964,1000,2023,2023-08-09 00:00:00,2023-08-09 00:00:00,KR,BRL,APINV000164,nathan76
JE0001965,1000,2024,2024-09-10 00:00:00,2024-09-10 00:00:00,KR,BRL,APINV000165,samantha21
JE0001966,1000,2024,2024-11-28 00:00:00,2024-11-28 00:00:00,KR,BRL,APINV000166,ericwalker
JE0001967,1000,2023,2023-07-14 00:00:00,2023-07-14 00:00:00,KR,BRL,APINV000167,laurahansen
JE0001968,1000,2024,2024-09-22 00:00:00,2024-09-22 00:00:00,KR,BRL,APINV000168,butlersabrina
JE0001969,1000,2024,2024-07-05 00:00:00,2024-07-05 00:00:00,KR,BRL,APINV000169,fuentessandra
JE0001970,1000,2024,2024-04-01 00:00:00,2024-04-01 00:00:00,KR,BRL,APINV000170,sbailey
JE0001971,1000,2023,2023-08-05 00:00:00,2023-08-05 00:00:00,KR,BRL,APINV000171,don79
JE0001972,1000,2024,2024-09-14 00:00:00,2024-09-14 00:00:00,KR,BRL,APINV000172,gerald40
JE0001973,1000,2024,2024-10-16 00:00:00,2024-10-16 00:00:00,KR,BRL,APINV000173,walkermelissa
JE0001974,1000,2023,2023-03-02 00:00:00,2023-03-02 00:00:00,KR,BRL,APINV000174,haileyparker
JE0001975,1000,2024,2024-10-12 00:00:00,2024-10-12 00:00:00,KR,BRL,APINV000175,davidmiller
JE0001976,1000,2023,2023-11-09 00:00:00,2023-11-09 00:00:00,KR,BRL,APINV000176,joneskim
JE0001977,1000,2024,2024-06-15 00:00:00,2024-06-15 00:00:00,KR,BRL,APINV000177,gwilliams
JE0001978,1000,2023,2023-05-05 00:00:00,2023-05-05 00:00:00,KR,BRL,APINV000178,mcguirewilliam
JE0001979,1000,2024,2024-04-27 00:00:00,2024-04-27 00:00:00,KR,BRL,APINV000179,harrisonrebekah
JE0001980,1000,2024,2024-02-27 00:00:00,2024-02-27 00:00:00,KR,BRL,APINV000180,joneselizabeth
JE0001981,1000,2023,2023-10-31 00:00:00,2023-10-31 00:00:00,KR,BRL,APINV000181,pattonsamantha
JE0001982,1000,2023,2023-05-05 00:00:00,2023-05-05 00:00:00,KR,BRL,APINV000182,brianagonzalez
JE0001983,1000,2023,2023-08-05 00:00:00,2023-08-05 00:00:00,KR,BRL,APINV000183,anthony24
JE0001984,1000,2023,2023-08-17 00:00:00,2023-08-17 00:00:00,KR,BRL,APINV000184,michael89
JE0001985,1000,2024,2024-05-31 00:00:00,2024-05-31 00:00:00,KR,BRL,APINV000185,williamjones
JE0001986,1000,2023,2023-10-01 00:00:00,2023-10-01 00:00:00,KR,BRL,APINV000186,ricejennifer
JE0001987,1000,2024,2024-04-07 00:00:00,2024-04-07 00:00:00,KR,BRL,APINV000187,george80
JE0001988,1000,2023,2023-11-13 00:00:00,2023-11-13 00:00:00,KR,BRL,APINV000188,glasssamantha
JE0001989,1000,2024,2024-02-26 00:00:00,2024-02-26 00:00:00,KR,BRL,APINV000189,lrichardson
JE0001990,1000,2024,2024-08-30 00:00:00,2024-08-30 00:00:00,KR,BRL,APINV000190,scottrosario
JE0001991,1000,2024,2024-10-14 00:00:00,2024-10-14 00:00:00,KR,BRL,APINV000191,maryzavala
JE0001992,1000,2023,2023-07-18 00:00:00,2023-07-18 00:00:00,KR,BRL,APINV000192,olewis
JE0001993,1000,2024,2024-02-13 00:00:00,2024-02-13 00:00:00,KR,BRL,APINV000193,urodriguez
JE0001994,1000,2024,2024-05-15 00:00:00,2024-05-15 00:00:00,KR,BRL,APINV000194,owensapril
JE0001995,1000,2024,2024-04-27 00:00:00,2024-04-27 00:00:00,KR,BRL,APINV000195,tfarmer
JE0001996,1000,2025,2025-01-03 00:00:00,2025-01-03 00:00:00,KR,BRL,APINV000196,angela01
JE0001997,1000,2023,2023-03-06 00:00:00,2023-03-06 00:00:00,KR,BRL,APINV000197,tristan64
JE0001998,1000,2024,2024-02-23 00:00:00,2024-02-23 00:00:00,KR,BRL,APINV000198,tburke
JE0001999,1000,2024,2024-05-07 00:00:00,2024-05-07 00:00:00,KR,BRL,APINV000199,aperez
JE0002000,1000,2023,2023-07-21 00:00:00,2023-07-21 00:00:00,KR,BRL,APINV000200,traci63
JE0002001,1000,2024,2024-02-14 00:00:00,2024-02-14 00:00:00,KR,BRL,APINV000201,jacobsonleah
JE0002002,1000,2023,2023-06-28 00:00:00,2023-06-28 00:00:00,KR,BRL,APINV000202,harry71
JE0002003,1000,2024,2024-07-26 00:00:00,2024-07-26 00:00:00,KR,BRL,APINV000203,qkim
JE0002004,1000,2024,2024-05-01 00:00:00,2024-05-01 00:00:00,KR,BRL,APINV000204,wilsonralph
JE0002005,1000,2024,2024-09-22 00:00:00,2024-09-22 00:00:00,KR,BRL,APINV000205,figueroapatricia
JE0002006,1000,2024,2024-06-10 00:00:00,2024-06-10 00:00:00,KR,BRL,APINV000206,calvinhester
JE0002007,1000,2024,2024-03-26 00:00:00,2024-03-26 00:00:00,KR,BRL,APINV000207,james61
JE0002008,1000,2023,2023-02-08 00:00:00,2023-02-08 00:00:00,KR,BRL,APINV000208,maryhardy
JE0002009,1000,2024,2024-09-12 00:00:00,2024-09-12 00:00:00,KR,BRL,APINV000209,kathy99
JE0002010,1000,2023,2023-07-02 00:00:00,2023-07-02 00:00:00,KR,BRL,APINV000210,katelyn65
JE0002011,1000,2024,2024-10-27 00:00:00,2024-10-27 00:00:00,KR,BRL,APINV000211,zestrada
JE0002012,1000,2023,2023-07-08 00:00:00,2023-07-08 00:00:00,KR,BRL,APINV000212,jdixon
JE0002013,1000,2023,2023-08-03 00:00:00,2023-08-03 00:00:00,KR,BRL,APINV000213,qrodriguez
JE0002014,1000,2025,2025-01-10 00:00:00,2025-01-10 00:00:00,KR,BRL,APINV000214,ocrawford
JE0002015,1000,2024,2024-12-18 00:00:00,2024-12-18 00:00:00,KR,BRL,APINV000215,anthonyrojas
JE0002016,1000,2023,2023-07-02 00:00:00,2023-07-02 00:00:00,KR,BRL,APINV000216,jimenezanthony
JE0002017,1000,2023,2023-06-30 00:00:00,2023-06-30 00:00:00,KR,BRL,APINV000217,patrickshelton
JE0002018,1000,2024,2024-08-09 00:00:00,2024-08-09 00:00:00,KR,BRL,APINV000218,kevinhanson
JE0002019,1000,2023,2023-04-06 00:00:00,2023-04-06 00:00:00,KR,BRL,APINV000219,guerreroapril
JE0002020,1000,2024,2024-11-20 00:00:00,2024-11-20 00:00:00,KR,BRL,APINV000220,msparks
JE0002021,1000,2024,2024-05-25 00:00:00,2024-05-25 00:00:00,KR,BRL,APINV000221,ebony78
JE0002022,1000,2024,2024-01-18 00:00:00,2024-01-18 00:00:00,KR,BRL,APINV000222,amy88
JE0002023,1000,2024,2024-02-27 00:00:00,2024-02-27 00:00:00,KR,BRL,APINV000223,cisnerosanthony
JE0002024,1000,2023,2023-11-15 00:00:00,2023-11-15 00:00:00,KR,BRL,APINV000224,hbeard
JE0002025,1000,2023,2023-08-13 00:00:00,2023-08-13 00:00:00,KR,BRL,APINV000225,ycole
JE0002026,1000,2023,2023-04-23 00:00:00,2023-04-23 00:00:00,KR,BRL,APINV000226,cstevens
JE0002027,1000,2023,2023-08-30 00:00:00,2023-08-30 00:00:00,KR,BRL,APINV000227,angeladalton
JE0002028,1000,2023,2023-03-21 00:00:00,2023-03-21 00:00:00,KR,BRL,APINV000228,nicole27
JE0002029,1000,2024,2024-06-22 00:00:00,2024-06-22 00:00:00,KR,BRL,APINV000229,ttaylor
JE0002030,1000,2023,2023-12-03 00:00:00,2023-12-03 00:00:00,KR,BRL,APINV000230,hfreeman
JE0002031,1000,2024,2024-05-21 00:00:00,2024-05-21 00:00:00,KR,BRL,APINV000231,rkeller
JE0002032,1000,2024,2024-07-14 00:00:00,2024-07-14 00:00:00,KR,BRL,APINV000232,kalvarez
JE0002033,1000,2024,2024-04-20 00:00:00,2024-04-20 00:00:00,KR,BRL,APINV000233,myerstroy
JE0002034,1000,2024,2024-03-26 00:00:00,2024-03-26 00:00:00,KR,BRL,APINV000234,wjensen
JE0002035,1000,2024,2024-06-19 00:00:00,2024-06-19 00:00:00,KR,BRL,APINV000235,luke09
JE0002036,1000,2023,2023-01-16 00:00:00,2023-01-16 00:00:00,KR,BRL,APINV000236,andersonmichael
JE0002037,1000,2024,2024-06-18 00:00:00,2024-06-18 00:00:00,KR,BRL,APINV000237,hubbardcolleen
JE0002038,1000,2023,2023-06-25 00:00:00,2023-06-25 00:00:00,KR,BRL,APINV000238,wdavis
JE0002039,1000,2023,2023-03-20 00:00:00,2023-03-20 00:00:00,KR,BRL,APINV000239,robert03
JE0002040,1000,2024,2024-09-20 00:00:00,2024-09-20 00:00:00,KR,BRL,APINV000240,jimmycollins
JE0002041,1000,2023,2023-09-02 00:00:00,2023-09-02 00:00:00,KR,BRL,APINV000241,lozanocameron
JE0002042,1000,2023,2023-07-14 00:00:00,2023-07-14 00:00:00,KR,BRL,APINV000242,danny20
JE0002043,1000,2024,2024-02-22 00:00:00,2024-02-22 00:00:00,KR,BRL,APINV000243,benjamin69
JE0002044,1000,2025,2025-01-14 00:00:00,2025-01-14 00:00:00,KR,BRL,APINV000244,sadams
JE0002045,1000,2023,2023-03-30 00:00:00,2023-03-30 00:00:00,KR,BRL,APINV000245,uchapman
JE0002046,1000,2024,2024-07-05 00:00:00,2024-07-05 00:00:00,KR,BRL,APINV000246,uhudson
JE0002047,1000,2023,2023-06-30 00:00:00,2023-06-30 00:00:00,KR,BRL,APINV000247,stokescraig
JE0002048,1000,2023,2023-11-22 00:00:00,2023-11-22 00:00:00,KR,BRL,APINV000248,matthewshaw
JE0002049,1000,2024,2024-10-10 00:00:00,2024-10-10 00:00:00,KR,BRL,APINV000249,garrett45
JE0002050,1000,2024,2024-01-03 00:00:00,2024-01-03 00:00:00,KR,BRL,APINV000250,oharris
JE0002051,1000,2024,2024-01-27 00:00:00,2024-01-27 00:00:00,KR,BRL,APINV000251,pittmanamanda
JE0002052,1000,2023,2023-06-08 00:00:00,2023-06-08 00:00:00,KR,BRL,APINV000252,joseph49
JE0002053,1000,2023,2023-06-26 00:00:00,2023-06-26 00:00:00,KR,BRL,APINV000253,nballard
JE0002054,1000,2023,2023-09-26 00:00:00,2023-09-26 00:00:00,KR,BRL,APINV000254,robbinsbelinda
JE0002055,1000,2023,2023-01-27 00:00:00,2023-01-27 00:00:00,KR,BRL,APINV000255,joshua98
JE0002056,1000,2023,2023-09-05 00:00:00,2023-09-05 00:00:00,KR,BRL,APINV000256,wsimmons
JE0002057,1000,2023,2023-12-11 00:00:00,2023-12-11 00:00:00,KR,BRL,APINV000257,pearsonkevin
JE0002058,1000,2023,2023-12-15 00:00:00,2023-12-15 00:00:00,KR,BRL,APINV000258,ryan85
JE0002059,1000,2024,2024-01-26 00:00:00,2024-01-26 00:00:00,KR,BRL,APINV000259,robertking
JE0002060,1000,2025,2025-01-05 00:00:00,2025-01-05 00:00:00,KR,BRL,APINV000260,jpowers
JE0002061,1000,2024,2024-12-26 00:00:00,2024-12-26 00:00:00,KR,BRL,APINV000261,nicoleburton
JE0002062,1000,2023,2023-08-12 00:00:00,2023-08-12 00:00:00,KR,BRL,APINV000262,barbaralewis
JE0002063,1000,2023,2023-11-19 00:00:00,2023-11-19 00:00:00,KR,BRL,APINV000263,oadams
JE0002064,1000,2023,2023-08-23 00:00:00,2023-08-23 00:00:00,KR,BRL,APINV000264,umichael
JE0002065,1000,2025,2025-01-07 00:00:00,2025-01-07 00:00:00,KR,BRL,APINV000265,boydmichael
JE0002066,1000,2024,2024-12-10 00:00:00,2024-12-10 00:00:00,KR,BRL,APINV000266,johnfrancis
JE0002067,1000,2024,2024-08-11 00:00:00,2024-08-11 00:00:00,KR,BRL,APINV000267,megan65
JE0002068,1000,2023,2023-05-07 00:00:00,2023-05-07 00:00:00,KR,BRL,APINV000268,waltersmeghan
JE0002069,1000,2024,2024-05-24 00:00:00,2024-05-24 00:00:00,KR,BRL,APINV000269,madison24
JE0002070,1000,2024,2024-03-19 00:00:00,2024-03-19 00:00:00,KR,BRL,APINV000270,richardwilson
JE0002071,1000,2023,2023-04-04 00:00:00,2023-04-04 00:00:00,KR,BRL,APINV000271,anthonyrobles
JE0002072,1000,2024,2024-04-03 00:00:00,2024-04-03 00:00:00,KR,BRL,APINV000272,steven86
JE0002073,1000,2023,2023-12-12 00:00:00,2023-12-12 00:00:00,KR,BRL,APINV000273,clucas
JE0002074,1000,2024,2024-07-17 00:00:00,2024-07-17 00:00:00,KR,BRL,APINV000274,eriktaylor
JE0002075,1000,2024,2024-01-19 00:00:00,2024-01-19 00:00:00,KR,BRL,APINV000275,kristine48
JE0002076,1000,2024,2024-05-11 00:00:00,2024-05-11 00:00:00,KR,BRL,APINV000276,dawnwilliams
JE0002077,1000,2023,2023-06-12 00:00:00,2023-06-12 00:00:00,KR,BRL,APINV000277,dcasey
JE0002078,1000,2024,2024-05-21 00:00:00,2024-05-21 00:00:00,KR,BRL,APINV000278,edwardskenneth
JE0002079,1000,2023,2023-08-16 00:00:00,2023-08-16 00:00:00,KR,BRL,APINV000279,lesterrichard
JE0002080,1000,2023,2023-03-02 00:00:00,2023-03-02 00:00:00,KR,BRL,APINV000280,emily16
JE0002081,1000,2023,2023-12-21 00:00:00,2023-12-21 00:00:00,KR,BRL,APINV000281,joelduncan
JE0002082,1000,2024,2024-12-06 00:00:00,2024-12-06 00:00:00,KR,BRL,APINV000282,boydmaria
JE0002083,1000,2024,2024-09-26 00:00:00,2024-09-26 00:00:00,KR,BRL,APINV000283,tyler13
JE0002084,1000,2023,2023-11-19 00:00:00,2023-11-19 00:00:00,KR,BRL,APINV000284,mejialawrence
JE0002085,1000,2023,2023-03-31 00:00:00,2023-03-31 00:00:00,KR,BRL,APINV000285,vshaffer
JE0002086,1000,2024,2024-08-15 00:00:00,2024-08-15 00:00:00,KR,BRL,APINV000286,selenarobinson
JE0002087,1000,2024,2024-12-08 00:00:00,2024-12-08 00:00:00,KR,BRL,APINV000287,thompsontara
JE0002088,1000,2024,2024-02-04 00:00:00,2024-02-04 00:00:00,KR,BRL,APINV000288,lortiz
JE0002089,1000,2023,2023-07-16 00:00:00,2023-07-16 00:00:00,KR,BRL,APINV000289,henrynicholas
JE0002090,1000,2023,2023-10-27 00:00:00,2023-10-27 00:00:00,KR,BRL,APINV000290,stewartrodney
JE0002091,1000,2024,2024-03-23 00:00:00,2024-03-23 00:00:00,KR,BRL,APINV000291,sylviasuarez
JE0002092,1000,2024,2024-12-24 00:00:00,2024-12-24 00:00:00,KR,BRL,APINV000292,michaelbaldwin
JE0002093,1000,2023,2023-12-13 00:00:00,2023-12-13 00:00:00,KR,BRL,APINV000293,andrew90
JE0002094,1000,2023,2023-05-20 00:00:00,2023-05-20 00:00:00,KR,BRL,APINV000294,vazquezkristina
JE0002095,1000,2024,2024-03-10 00:00:00,2024-03-10 00:00:00,KR,BRL,APINV000295,johnnycruz
JE0002096,1000,2024,2024-12-28 00:00:00,2024-12-28 00:00:00,KR,BRL,APINV000296,rebecca18
JE0002097,1000,2023,2023-04-27 00:00:00,2023-04-27 00:00:00,KR,BRL,APINV000297,miaprice
JE0002098,1000,2024,2024-11-06 00:00:00,2024-11-06 00:00:00,KR,BRL,APINV000298,qpennington
JE0002099,1000,2024,2024-02-08 00:00:00,2024-02-08 00:00:00,KR,BRL,APINV000299,christopher34
JE0002100,1000,2024,2024-04-10 00:00:00,2024-04-10 00:00:00,KR,BRL,APINV000300,michelemartin
JE0002101,1000,2024,2024-10-08 00:00:00,2024-10-08 00:00:00,KR,BRL,APINV000301,zwelch
JE0002102,1000,2024,2024-10-16 00:00:00,2024-10-16 00:00:00,KR,BRL,APINV000302,rmccormick
JE0002103,1000,2023,2023-05-03 00:00:00,2023-05-03 00:00:00,KR,BRL,APINV000303,morrowshelby
JE0002104,1000,2023,2023-08-17 00:00:00,2023-08-17 00:00:00,KR,BRL,APINV000304,vmclaughlin
JE0002105,1000,2024,2024-06-05 00:00:00,2024-06-05 00:00:00,KR,BRL,APINV000305,gmcdowell
JE0002106,1000,2023,2023-04-27 00:00:00,2023-04-27 00:00:00,KR,BRL,APINV000306,hollyhunter
JE0002107,1000,2024,2024-09-16 00:00:00,2024-09-16 00:00:00,KR,BRL,APINV000307,robert85
JE0002108,1000,2023,2023-08-19 00:00:00,2023-08-19 00:00:00,KR,BRL,APINV000308,wneal
JE0002109,1000,2024,2024-12-11 00:00:00,2024-12-11 00:00:00,KR,BRL,APINV000309,davidsonisaiah
JE0002110,1000,2023,2023-09-14 00:00:00,2023-09-14 00:00:00,KR,BRL,APINV000310,igibbs
JE0002111,1000,2023,2023-05-22 00:00:00,2023-05-22 00:00:00,KR,BRL,APINV000311,moralescourtney
JE0002112,1000,2023,2023-10-19 00:00:00,2023-10-19 00:00:00,KR,BRL,APINV000312,barbara12
JE0002113,1000,2024,2024-10-27 00:00:00,2024-10-27 00:00:00,KR,BRL,APINV000313,zacharybooker
JE0002114,1000,2023,2023-12-15 00:00:00,2023-12-15 00:00:00,KR,BRL,APINV000314,melaniejennings
JE0002115,1000,2023,2023-05-04 00:00:00,2023-05-04 00:00:00,KR,BRL,APINV000315,shannon24
JE0002116,1000,2023,2023-03-23 00:00:00,2023-03-23 00:00:00,KR,BRL,APINV000316,graceserrano
JE0002117,1000,2024,2024-05-01 00:00:00,2024-05-01 00:00:00,KR,BRL,APINV000317,james65
JE0002118,1000,2024,2024-07-03 00:00:00,2024-07-03 00:00:00,KR,BRL,APINV000318,phillipbennett
JE0002119,1000,2023,2023-07-19 00:00:00,2023-07-19 00:00:00,KR,BRL,APINV000319,andrewjohnson
JE0002120,1000,2024,2024-09-13 00:00:00,2024-09-13 00:00:00,KR,BRL,APINV000320,rebeccamccann
JE0002121,1000,2023,2023-06-13 00:00:00,2023-06-13 00:00:00,KR,BRL,APINV000321,josechristian
JE0002122,1000,2024,2024-11-19 00:00:00,2024-11-19 00:00:00,KR,BRL,APINV000322,moralesroy
JE0002123,1000,2024,2024-03-02 00:00:00,2024-03-02 00:00:00,KR,BRL,APINV000323,edward52
JE0002124,1000,2024,2024-02-19 00:00:00,2024-02-19 00:00:00,KR,BRL,APINV000324,smithalicia
JE0002125,1000,2023,2023-01-25 00:00:00,2023-01-25 00:00:00,KR,BRL,APINV000325,fwilcox
JE0002126,1000,2023,2023-02-14 00:00:00,2023-02-14 00:00:00,KR,BRL,APINV000326,walkerjames
JE0002127,1000,2024,2024-08-10 00:00:00,2024-08-10 00:00:00,KR,BRL,APINV000327,keith76
JE0002128,1000,2023,2023-11-24 00:00:00,2023-11-24 00:00:00,KR,BRL,APINV000328,ryanclark
JE0002129,1000,2024,2024-10-12 00:00:00,2024-10-12 00:00:00,KR,BRL,APINV000329,wandacampbell
JE0002130,1000,2023,2023-11-14 00:00:00,2023-11-14 00:00:00,KR,BRL,APINV000330,robertortiz
JE0002131,1000,2024,2024-05-16 00:00:00,2024-05-16 00:00:00,KR,BRL,APINV000331,anthonycherry
JE0002132,1000,2023,2023-09-23 00:00:00,2023-09-23 00:00:00,KR,BRL,APINV000332,christinesolomon
JE0002133,1000,2024,2024-11-16 00:00:00,2024-11-16 00:00:00,KR,BRL,APINV000333,brandi71
JE0002134,1000,2023,2023-11-08 00:00:00,2023-11-08 00:00:00,KR,BRL,APINV000334,harrisonmonica
JE0002135,1000,2024,2024-12-23 00:00:00,2024-12-23 00:00:00,KR,BRL,APINV000335,tmcdaniel
JE0002136,1000,2023,2023-10-27 00:00:00,2023-10-27 00:00:00,KR,BRL,APINV000336,verickson
JE0002137,1000,2023,2023-10-02 00:00:00,2023-10-02 00:00:00,KR,BRL,APINV000337,charles80
JE0002138,1000,2024,2024-01-04 00:00:00,2024-01-04 00:00:00,KR,BRL,APINV000338,cookjimmy
JE0002139,1000,2024,2024-10-13 00:00:00,2024-10-13 00:00:00,KR,BRL,APINV000339,wendy90
JE0002140,1000,2023,2023-05-09 00:00:00,2023-05-09 00:00:00,KR,BRL,APINV000340,kingchristine
JE0002141,1000,2024,2024-02-09 00:00:00,2024-02-09 00:00:00,KR,BRL,APINV000341,tiffany52
JE0002142,1000,2024,2024-02-24 00:00:00,2024-02-24 00:00:00,KR,BRL,APINV000342,carpenterjorge
JE0002143,1000,2024,2024-05-12 00:00:00,2024-05-12 00:00:00,KR,BRL,APINV000343,dconrad
JE0002144,1000,2024,2024-08-06 00:00:00,2024-08-06 00:00:00,KR,BRL,APINV000344,christopherpage
JE0002145,1000,2023,2023-12-27 00:00:00,2023-12-27 00:00:00,KR,BRL,APINV000345,hthomas
JE0002146,1000,2024,2024-07-09 00:00:00,2024-07-09 00:00:00,KR,BRL,APINV000346,bradley27
JE0002147,1000,2024,2024-04-07 00:00:00,2024-04-07 00:00:00,KR,BRL,APINV000347,julie64
JE0002148,1000,2024,2024-09-24 00:00:00,2024-09-24 00:00:00,KR,BRL,APINV000348,chloe48
JE0002149,1000,2023,2023-12-12 00:00:00,2023-12-12 00:00:00,KR,BRL,APINV000349,ryan25
JE0002150,1000,2023,2023-09-03 00:00:00,2023-09-03 00:00:00,KR,BRL,APINV000350,jgallagher
JE0002151,1000,2024,2024-02-03 00:00:00,2024-02-03 00:00:00,KR,BRL,APINV000351,jbrown
JE0002152,1000,2023,2023-02-08 00:00:00,2023-02-08 00:00:00,KR,BRL,APINV000352,hallbarry
JE0002153,1000,2023,2023-03-08 00:00:00,2023-03-08 00:00:00,KR,BRL,APINV000353,frank76
JE0002154,1000,2024,2024-10-22 00:00:00,2024-10-22 00:00:00,KR,BRL,APINV000354,carneysara
JE0002155,1000,2024,2024-04-13 00:00:00,2024-04-13 00:00:00,KR,BRL,APINV000355,alexandervanessa
JE0002156,1000,2023,2023-07-28 00:00:00,2023-07-28 00:00:00,KR,BRL,APINV000356,hellis
JE0002157,1000,2024,2024-07-24 00:00:00,2024-07-24 00:00:00,KR,BRL,APINV000357,daviddavis
JE0002158,1000,2024,2024-09-27 00:00:00,2024-09-27 00:00:00,KR,BRL,APINV000358,henry28
JE0002159,1000,2024,2024-10-01 00:00:00,2024-10-01 00:00:00,KR,BRL,APINV000359,anna93
JE0002160,1000,2024,2024-04-05 00:00:00,2024-04-05 00:00:00,KR,BRL,APINV000360,foxashley
JE0002161,1000,2023,2023-09-11 00:00:00,2023-09-11 00:00:00,KR,BRL,APINV000361,pknapp
JE0002162,1000,2024,2024-07-18 00:00:00,2024-07-18 00:00:00,KR,BRL,APINV000362,vrhodes
JE0002163,1000,2024,2024-08-28 00:00:00,2024-08-28 00:00:00,KR,BRL,APINV000363,mitchelltina
JE0002164,1000,2024,2024-03-13 00:00:00,2024-03-13 00:00:00,KR,BRL,APINV000364,longbrittany
JE0002165,1000,2024,2024-02-29 00:00:00,2024-02-29 00:00:00,KR,BRL,APINV000365,hooderic
JE0002166,1000,2023,2023-03-23 00:00:00,2023-03-23 00:00:00,KR,BRL,APINV000366,stevensjasmine
JE0002167,1000,2023,2023-06-24 00:00:00,2023-06-24 00:00:00,KR,BRL,APINV000367,rgibson
JE0002168,1000,2023,2023-12-04 00:00:00,2023-12-04 00:00:00,KR,BRL,APINV000368,riverabradley
JE0002169,1000,2024,2024-07-05 00:00:00,2024-07-05 00:00:00,KR,BRL,APINV000369,unguyen
JE0002170,1000,2023,2023-04-21 00:00:00,2023-04-21 00:00:00,KR,BRL,APINV000370,jasonwilliams
JE0002171,1000,2024,2024-04-20 00:00:00,2024-04-20 00:00:00,KR,BRL,APINV000371,marcus01
JE0002172,1000,2023,2023-04-05 00:00:00,2023-04-05 00:00:00,KR,BRL,APINV000372,qdavis
JE0002173,1000,2024,2024-04-25 00:00:00,2024-04-25 00:00:00,KR,BRL,APINV000373,johnwise
JE0002174,1000,2023,2023-05-31 00:00:00,2023-05-31 00:00:00,KR,BRL,APINV000374,ndavis
JE0002175,1000,2024,2024-06-04 00:00:00,2024-06-04 00:00:00,KR,BRL,APINV000375,paulpowell
JE0002176,1000,2024,2024-05-23 00:00:00,2024-05-23 00:00:00,KR,BRL,APINV000376,davidhenry
JE0002177,1000,2024,2024-10-22 00:00:00,2024-10-22 00:00:00,KR,BRL,APINV000377,tfitzgerald
JE0002178,1000,2023,2023-07-16 00:00:00,2023-07-16 00:00:00,KR,BRL,APINV000378,michaeldavis
JE0002179,1000,2023,2023-02-07 00:00:00,2023-02-07 00:00:00,KR,BRL,APINV000379,william77
JE0002180,1000,2023,2023-12-27 00:00:00,2023-12-27 00:00:00,KR,BRL,APINV000380,kalvarez
JE0002181,1000,2023,2023-06-21 00:00:00,2023-06-21 00:00:00,KR,BRL,APINV000381,bdavis
JE0002182,1000,2024,2024-06-04 00:00:00,2024-06-04 00:00:00,KR,BRL,APINV000382,christina66
JE0002183,1000,2023,2023-10-09 00:00:00,2023-10-09 00:00:00,KR,BRL,APINV000383,williamsmatthew
JE0002184,1000,2023,2023-04-19 00:00:00,2023-04-19 00:00:00,KR,BRL,APINV000384,prhodes
JE0002185,1000,2024,2024-02-10 00:00:00,2024-02-10 00:00:00,KR,BRL,APINV000385,sarahrose
JE0002186,1000,2025,2025-01-06 00:00:00,2025-01-06 00:00:00,KR,BRL,APINV000386,robertssamuel
JE0002187,1000,2024,2024-07-27 00:00:00,2024-07-27 00:00:00,KR,BRL,APINV000387,ievans
JE0002188,1000,2023,2023-06-04 00:00:00,2023-06-04 00:00:00,KR,BRL,APINV000388,mckenzie86
JE0002189,1000,2024,2024-02-29 00:00:00,2024-02-29 00:00:00,KR,BRL,APINV000389,ashley81
JE0002190,1000,2023,2023-12-06 00:00:00,2023-12-06 00:00:00,KR,BRL,APINV000390,palmerwilliam
JE0002191,1000,2024,2024-03-21 00:00:00,2024-03-21 00:00:00,KR,BRL,APINV000391,qdavis
JE0002192,1000,2023,2023-07-03 00:00:00,2023-07-03 00:00:00,KR,BRL,APINV000392,michael91
JE0002193,1000,2023,2023-11-10 00:00:00,2023-11-10 00:00:00,KR,BRL,APINV000393,wilsondorothy
JE0002194,1000,2024,2024-04-30 00:00:00,2024-04-30 00:00:00,KR,BRL,APINV000394,kristicameron
JE0002195,1000,2023,2023-11-22 00:00:00,2023-11-22 00:00:00,KR,BRL,APINV000395,millernancy
JE0002196,1000,2024,2024-10-17 00:00:00,2024-10-17 00:00:00,KR,BRL,APINV000396,lee77
JE0002197,1000,2023,2023-07-23 00:00:00,2023-07-23 00:00:00,KR,BRL,APINV000397,matthew23
JE0002198,1000,2023,2023-04-24 00:00:00,2023-04-24 00:00:00,KR,BRL,APINV000398,christianhendrix
JE0002199,1000,2023,2023-08-16 00:00:00,2023-08-16 00:00:00,KR,BRL,APINV000399,monica16
JE0002200,1000,2023,2023-06-28 00:00:00,2023-06-28 00:00:00,KR,BRL,APINV000400,smithdarryl
JE0002201,1000,2024,2024-11-18 00:00:00,2024-11-18 00:00:00,KR,BRL,APINV000401,dianastevens
JE0002202,1000,2024,2024-03-22 00:00:00,2024-03-22 00:00:00,KR,BRL,APINV000402,vmelton
JE0002203,1000,2023,2023-10-24 00:00:00,2023-10-24 00:00:00,KR,BRL,APINV000403,nturner
JE0002204,1000,2023,2023-03-31 00:00:00,2023-03-31 00:00:00,KR,BRL,APINV000404,hannah64
JE0002205,1000,2024,2024-07-21 00:00:00,2024-07-21 00:00:00,KR,BRL,APINV000405,martinezalexander
JE0002206,1000,2024,2024-09-05 00:00:00,2024-09-05 00:00:00,KR,BRL,APINV000406,cabreraheather
JE0002207,1000,2023,2023-04-12 00:00:00,2023-04-12 00:00:00,KR,BRL,APINV000407,micheleclark
JE0002208,1000,2024,2024-10-24 00:00:00,2024-10-24 00:00:00,KR,BRL,APINV000408,debragraham
JE0002209,1000,2024,2024-08-12 00:00:00,2024-08-12 00:00:00,KR,BRL,APINV000409,christophercarrillo
JE0002210,1000,2023,2023-07-21 00:00:00,2023-07-21 00:00:00,KR,BRL,APINV000410,thomasjohnson
JE0002211,1000,2025,2025-01-10 00:00:00,2025-01-10 00:00:00,KR,BRL,APINV000411,rachelrodgers
JE0002212,1000,2023,2023-04-15 00:00:00,2023-04-15 00:00:00,KR,BRL,APINV000412,emaynard
JE0002213,1000,2023,2023-12-26 00:00:00,2023-12-26 00:00:00,KR,BRL,APINV000413,heathbrenda
JE0002214,1000,2024,2024-11-15 00:00:00,2024-11-15 00:00:00,KR,BRL,APINV000414,kennethgallegos
JE0002215,1000,2024,2024-03-12 00:00:00,2024-03-12 00:00:00,KR,BRL,APINV000415,awilliams
JE0002216,1000,2024,2024-09-13 00:00:00,2024-09-13 00:00:00,KR,BRL,APINV000416,mccoyjennifer
JE0002217,1000,2024,2024-03-27 00:00:00,2024-03-27 00:00:00,KR,BRL,APINV000417,vallison
JE0002218,1000,2023,2023-06-01 00:00:00,2023-06-01 00:00:00,KR,BRL,APINV000418,benjamin67
JE0002219,1000,2024,2024-02-20 00:00:00,2024-02-20 00:00:00,KR,BRL,APINV000419,dhall
JE0002220,1000,2023,2023-07-19 00:00:00,2023-07-19 00:00:00,KR,BRL,APINV000420,hendersonleslie
JE0002221,1000,2024,2024-05-22 00:00:00,2024-05-22 00:00:00,KR,BRL,APINV000421,adamsdeborah
JE0002222,1000,2024,2024-12-02 00:00:00,2024-12-02 00:00:00,KR,BRL,APINV000422,nwilson
JE0002223,1000,2024,2024-09-14 00:00:00,2024-09-14 00:00:00,KR,BRL,APINV000423,shane60
JE0002224,1000,2024,2024-10-03 00:00:00,2024-10-03 00:00:00,KR,BRL,APINV000424,keithlee
JE0002225,1000,2024,2024-11-02 00:00:00,2024-11-02 00:00:00,KR,BRL,APINV000425,samuel83
JE0002226,1000,2024,2024-02-07 00:00:00,2024-02-07 00:00:00,KR,BRL,APINV000426,sandra72
JE0002227,1000,2024,2024-12-11 00:00:00,2024-12-11 00:00:00,KR,BRL,APINV000427,jennifer66
JE0002228,1000,2023,2023-11-12 00:00:00,2023-11-12 00:00:00,KR,BRL,APINV000428,laura29
JE0002229,1000,2023,2023-01-26 00:00:00,2023-01-26 00:00:00,KR,BRL,APINV000429,justincurry
JE0002230,1000,2024,2024-03-17 00:00:00,2024-03-17 00:00:00,KR,BRL,APINV000430,manderson
JE0002231,1000,2023,2023-10-29 00:00:00,2023-10-29 00:00:00,KR,BRL,APINV000431,catherinegarcia
JE0002232,1000,2024,2024-03-16 00:00:00,2024-03-16 00:00:00,KR,BRL,APINV000432,fhahn
JE0002233,1000,2023,2023-05-12 00:00:00,2023-05-12 00:00:00,KR,BRL,APINV000433,jimmy80
JE0002234,1000,2023,2023-01-24 00:00:00,2023-01-24 00:00:00,KR,BRL,APINV000434,howardjose
JE0002235,1000,2024,2024-09-10 00:00:00,2024-09-10 00:00:00,KR,BRL,APINV000435,greggvillarreal
JE0002236,1000,2024,2024-04-05 00:00:00,2024-04-05 00:00:00,KR,BRL,APINV000436,romanmatthew
JE0002237,1000,2023,2023-12-04 00:00:00,2023-12-04 00:00:00,KR,BRL,APINV000437,williamsondavid
JE0002238,1000,2024,2024-02-28 00:00:00,2024-02-28 00:00:00,KR,BRL,APINV000438,tomchaney
JE0002239,1000,2024,2024-01-14 00:00:00,2024-01-14 00:00:00,KR,BRL,APINV000439,kayla84
JE0002240,1000,2023,2023-07-18 00:00:00,2023-07-18 00:00:00,KR,BRL,APINV000440,melissarusso
JE0002241,1000,2024,2024-02-17 00:00:00,2024-02-17 00:00:00,KR,BRL,APINV000441,mccarthysara
JE0002242,1000,2023,2023-12-19 00:00:00,2023-12-19 00:00:00,KR,BRL,APINV000442,wlloyd
JE0002243,1000,2024,2024-09-23 00:00:00,2024-09-23 00:00:00,KR,BRL,APINV000443,villegaskimberly
JE0002244,1000,2023,2023-02-12 00:00:00,2023-02-12 00:00:00,KR,BRL,APINV000444,colonbobby
JE0002245,1000,2024,2024-04-06 00:00:00,2024-04-06 00:00:00,KR,BRL,APINV000445,jacksondavid
JE0002246,1000,2024,2024-01-21 00:00:00,2024-01-21 00:00:00,KR,BRL,APINV000446,rhondamoore
JE0002247,1000,2023,2023-09-23 00:00:00,2023-09-23 00:00:00,KR,BRL,APINV000447,jean87
JE0002248,1000,2025,2025-01-06 00:00:00,2025-01-06 00:00:00,KR,BRL,APINV000448,mooremichael
JE0002249,1000,2024,2024-08-25 00:00:00,2024-08-25 00:00:00,KR,BRL,APINV000449,davidharris
JE0002250,1000,2023,2023-07-19 00:00:00,2023-07-19 00:00:00,KR,BRL,APINV000450,ahammond
JE0002251,1000,2024,2024-01-08 00:00:00,2024-01-08 00:00:00,KR,BRL,APINV000451,marywells
JE0002252,1000,2024,2024-04-08 00:00:00,2024-04-08 00:00:00,KR,BRL,APINV000452,william14
JE0002253,1000,2024,2024-12-24 00:00:00,2024-12-24 00:00:00,KR,BRL,APINV000453,jennifer65
JE0002254,1000,2023,2023-07-20 00:00:00,2023-07-20 00:00:00,KR,BRL,APINV000454,edwardmolina
JE0002255,1000,2023,2023-09-11 00:00:00,2023-09-11 00:00:00,KR,BRL,APINV000455,icobb
JE0002256,1000,2024,2024-10-05 00:00:00,2024-10-05 00:00:00,KR,BRL,APINV000456,agutierrez
JE0002257,1000,2024,2024-06-15 00:00:00,2024-06-15 00:00:00,KR,BRL,APINV000457,hcrane
JE0002258,1000,2023,2023-07-22 00:00:00,2023-07-22 00:00:00,KR,BRL,APINV000458,sherry72
JE0002259,1000,2023,2023-12-27 00:00:00,2023-12-27 00:00:00,KR,BRL,APINV000459,robbinszachary
JE0002260,1000,2023,2023-06-27 00:00:00,2023-06-27 00:00:00,KR,BRL,APINV000460,millerleroy
JE0002261,1000,2024,2024-01-28 00:00:00,2024-01-28 00:00:00,PY,BRL,PAYROLL-2024-01,ryanlong
JE0002262,1000,2024,2024-02-28 00:00:00,2024-02-28 00:00:00,PY,BRL,PAYROLL-2024-02,kellerdarlene
JE0002263,1000,2024,2024-03-28 00:00:00,2024-03-28 00:00:00,PY,BRL,PAYROLL-2024-03,levinetina
