interaction_id,customer_id,interaction_type,interaction_date,channel,notes,related_order_id
INT000001,CUNQ000396,Phone Call,2024-02-21,Store,Agent every development say quality throughout beautiful.,ORD001678
INT000002,CUNQ000884,Phone Call,2023-10-22,Web Chat,All behavior discussion own night respond red information last everything thank.,ORD000762
INT000003,CUNQ000543,Email,2023-04-02,Marketplace App,Recently future choice whatever from behavior benefit suggest.,ORD001672
INT000004,CUNQ000503,Email,2023-06-29,Store,Enough analysis least by two bad fall pick those gun court attorney product.,ORD000973
INT000005,CUNQ000619,Phone Call,2023-02-07,Store,World talk term herself law street class great prove.,
INT000006,CUNQ001572,Phone Call,2023-10-24,Phone,Participant commercial rock clear here writer.,
INT000007,CUNQ000711,Support Ticket,2024-09-09,Phone,Detail food shoulder argue start source husband at tree note responsibility defense material.,ORD001977
INT000008,CUNQ001394,Chat,2023-10-19,Store,Central cause seat much section investment on gun young catch management.,
INT000009,CUNQ000922,Support Ticket,2024-06-20,Store,Technology check civil quite others his.,
INT000010,CUNQ000809,Phone Call,2024-05-31,Store,You more wife team activity result race Mr environment political born itself law.,
INT000011,CUNQ001993,Email,2023-12-05,Email,Will seven medical blood personal success medical current hear.,ORD001434
INT000012,CUNQ001721,Chat,2023-07-10,Phone,Much single morning a food affect upon these.,
INT000013,CUNQ000498,Chat,2024-08-04,Email,Dream drive note bad rule staff within mouth call.,
INT000014,CUNQ001116,In-Person Meeting,2024-03-13,Marketplace App,Water close month parent who up sense ready require human public health.,ORD000473
INT000015,CUNQ001870,In-Person Meeting,2024-11-16,Phone,Later easy ask again network open according remain arrive attack all form.,ORD002156
INT000016,CUNQ000986,Phone Call,2024-05-03,Web Chat,Draw protect Democrat car very number line six space couple best issue.,ORD001026
INT000017,CUNQ000296,Email,2023-09-25,Store,In tell approach president position art rock song body court movie.,
INT000018,CUNQ000950,Chat,2023-12-04,Web Chat,Instead everything economic type kitchen technology nearly.,ORD002879
INT000019,CUNQ001873,Support Ticket,2023-01-12,Web Chat,Present music address behavior send door.,ORD002874
INT000020,CUNQ001006,Phone Call,2023-03-05,Phone,Magazine degree husband around her world enter six lawyer institution whatever.,
INT000021,CUNQ001640,Phone Call,2024-02-20,Marketplace App,Product main couple design around save article finish anyone live try most arm.,ORD001681
INT000022,CUNQ000430,Chat,2024-12-07,Phone,Bag control organization push dog build three east organization people information on.,
INT000023,CUNQ000052,Chat,2024-01-12,Marketplace App,First end prove fire enter capital population lead upon very act perform.,
INT000024,CUNQ001726,Phone Call,2024-05-04,Email,You available defense enter value thing these hard citizen street region particularly would.,ORD001867
INT000025,CUNQ001147,Support Ticket,2024-01-18,Store,Account stage federal professional voice care break blood network evening painting response.,ORD002831
INT000026,CUNQ000773,In-Person Meeting,2024-07-04,Email,Reach table measure economy traditional anything plant stop.,
INT000027,CUNQ000760,Support Ticket,2023-03-25,Marketplace App,About side PM energy scientist necessary.,
INT000028,CUNQ001386,Chat,2023-03-21,Marketplace App,Night born war real chance along hard need involve among half.,ORD000403
INT000029,CUNQ001302,Support Ticket,2024-06-01,Email,Together decide economic bill sister this.,ORD002860
INT000030,CUNQ001124,Phone Call,2023-06-18,Web Chat,Wind see understand door class son computer include conference under site.,ORD002208
INT000031,CUNQ001557,In-Person Meeting,2023-04-30,Email,Soon ten specific environment skin blue the teach develop staff least.,
INT000032,CUNQ000476,In-Person Meeting,2023-04-04,Marketplace App,Star the development process huge everything attorney significant go.,
INT000033,CUNQ001666,Email,2024-04-09,Email,Hundred wonder movie voice boy wife condition while enter board its rock.,ORD002120
INT000034,CUNQ001353,In-Person Meeting,2024-07-31,Phone,Job worker break tonight couple and job mind southern rather.,ORD001517
INT000035,CUNQ001987,Chat,2023-01-23,Store,Hair attorney professional form finish summer rest feel.,ORD000873
INT000036,CUNQ000975,Email,2023-08-12,Marketplace App,Project for recent never court professor here security community.,ORD001243
INT000037,CUNQ000097,In-Person Meeting,2023-12-19,Phone,Feeling nature a expert involve oil pressure let kind degree list top somebody.,ORD002855
INT000038,CUNQ001543,Email,2023-03-12,Store,Probably exist professional people behavior weight dog financial.,ORD002882
INT000039,CUNQ000027,In-Person Meeting,2023-07-04,Email,Challenge animal worker particularly shoulder lay though offer.,ORD000229
INT000040,CUNQ001354,In-Person Meeting,2024-01-19,Store,Manager during prevent accept seem show blood interesting compare when.,
INT000041,CUNQ000786,In-Person Meeting,2024-01-20,Phone,Let newspaper true building card let most next fish sense kind spring.,ORD001163
INT000042,CUNQ000824,Support Ticket,2023-05-17,Web Chat,Interview trade knowledge city technology late seem style everyone sing machine dream.,
INT000043,CUNQ001123,Support Ticket,2024-02-07,Marketplace App,Back experience even floor music catch discuss really relationship ask imagine.,ORD001948
INT000044,CUNQ000347,Phone Call,2023-01-04,Phone,Letter artist strategy hope show watch affect thing offer local wall fear.,ORD002310
INT000045,CUNQ001397,In-Person Meeting,2024-11-20,Marketplace App,Table well industry section national owner determine detail job ahead.,
INT000046,CUNQ001491,In-Person Meeting,2023-08-24,Email,Protect something right subject try wonder move trade option production.,ORD001887
INT000047,CUNQ000643,Phone Call,2023-10-10,Email,Poor career left anyone here deep force.,ORD002319
INT000048,CUNQ001883,Email,2023-02-02,Store,Everything week instead strong like see appear weight difference attention.,
INT000049,CUNQ000861,Email,2023-09-04,Email,Senior wear current after charge call.,
INT000050,CUNQ000608,Support Ticket,2023-02-04,Store,Nor design record short cold parent security.,ORD002244
INT000051,CUNQ001582,Email,2023-09-08,Phone,Sing clearly find official up office traditional.,ORD001130
INT000052,CUNQ000524,Phone Call,2024-07-06,Email,However resource away real physical big significant sure outside building.,ORD001467
INT000053,CUNQ001349,Email,2023-05-24,Marketplace App,Site girl into have media game support state black whether player stock religious.,
INT000054,CUNQ000886,Phone Call,2024-08-12,Web Chat,Computer miss practice pattern try simple let stay or focus early.,
INT000055,CUNQ001133,Chat,2023-08-31,Web Chat,Everything late seek now property from management.,ORD001110
INT000056,CUNQ000859,Support Ticket,2023-08-15,Store,Consider deep something future they red everybody act way beat.,
INT000057,CUNQ000111,Email,2024-07-24,Marketplace App,Major serve real position make society behavior develop reality fill ok.,ORD002218
INT000058,CUNQ000035,Phone Call,2024-10-03,Store,Network gas you nearly goal law fill discover return firm sea week.,
INT000059,CUNQ001558,Email,2023-12-19,Store,Course school everybody operation set others wonder strategy.,ORD001427
INT000060,CUNQ000053,Chat,2024-12-14,Store,Dinner conference add move ever window network recently call.,
INT000061,CUNQ000153,Chat,2024-01-21,Email,Bill activity expect long future whole education technology box assume man officer.,ORD001766
INT000062,CUNQ001236,In-Person Meeting,2023-09-04,Email,Charge specific we be easy newspaper.,
INT000063,CUNQ000574,Phone Call,2024-04-19,Phone,Paper so difficult mission late kind team wrong figure perform participant.,ORD001925
INT000064,CUNQ001233,In-Person Meeting,2024-07-24,Marketplace App,Way debate decision produce church community avoid.,ORD001241
INT000065,CUNQ001859,Phone Call,2023-09-19,Email,Impact ready like allow explain executive.,ORD001829
INT000066,CUNQ000635,Email,2024-04-05,Web Chat,Author do enough social operation sound cup boy different chance enter.,ORD002885
INT000067,CUNQ000091,Phone Call,2023-02-22,Web Chat,Author coach film see notice eye buy.,ORD000835
INT000068,CUNQ000366,Support Ticket,2024-09-09,Phone,Record wall matter management ball always it focus economy.,ORD000795
INT000069,CUNQ001510,Phone Call,2024-08-24,Marketplace App,Director purpose team onto again share start.,
INT000070,CUNQ001214,Phone Call,2023-12-07,Web Chat,American series like prepare trouble consider one play man before girl four prove.,ORD000148
INT000071,CUNQ000839,Email,2023-08-05,Email,Form really explain war spend nearly lawyer fire.,
INT000072,CUNQ000762,Email,2024-05-05,Email,Break significant ten stay ability thank left approach million performance.,
INT000073,CUNQ001289,Phone Call,2024-02-11,Email,Personal service data near until just recognize building win participant dream citizen.,
INT000074,CUNQ000113,Chat,2024-01-25,Store,Add impact different success box water positive child usually factor relate indeed lot.,ORD002184
INT000075,CUNQ000131,Chat,2023-11-12,Web Chat,During necessary himself two meet these tell everybody so increase various meet.,ORD002309
INT000076,CUNQ000138,In-Person Meeting,2024-04-22,Phone,Executive fear only your majority chance.,ORD002329
INT000077,CUNQ001476,In-Person Meeting,2023-11-24,Email,Machine forward several help usually thank wonder draw him task improve fish.,
INT000078,CUNQ001517,In-Person Meeting,2023-02-16,Marketplace App,Relate specific history professional star wonder manager already maybe opportunity thank them.,ORD000777
INT000079,CUNQ000394,Phone Call,2023-01-17,Web Chat,Between treat address century that wide avoid sit enter perhaps however.,
INT000080,CUNQ001292,Support Ticket,2024-08-16,Store,System system teacher here first responsibility service.,ORD000017
INT000081,CUNQ001775,Phone Call,2023-12-04,Email,Along attention piece TV young section its better plant their kitchen really.,ORD002455
INT000082,CUNQ000011,Phone Call,2024-05-26,Marketplace App,Animal someone fall hear certainly most.,ORD002237
INT000083,CUNQ001473,Chat,2023-09-21,Store,Radio conference company participant him raise marriage on discussion point least project together.,
INT000084,CUNQ000712,In-Person Meeting,2024-04-16,Email,Top quality citizen kid generation onto police interesting economic suddenly current.,
INT000085,CUNQ001480,Chat,2023-06-23,Email,Table blood high grow fast recognize against stop how account.,
INT000086,CUNQ000592,In-Person Meeting,2023-07-08,Marketplace App,Treat seat strategy total simply discover.,
INT000087,CUNQ001099,Email,2024-06-20,Phone,Despite couple economy sense should race carry best physical always.,
INT000088,CUNQ000655,Email,2024-11-15,Phone,Almost half capital travel force indeed customer skill theory hand maybe.,
INT000089,CUNQ000257,In-Person Meeting,2023-05-21,Email,Store either station loss southern second full boy while.,
INT000090,CUNQ000534,Phone Call,2023-01-10,Email,Senior difficult put purpose however suffer newspaper.,ORD000445
INT000091,CUNQ001768,Chat,2023-03-03,Marketplace App,So add Mr lawyer pull public once.,ORD001524
INT000092,CUNQ000898,Support Ticket,2024-05-09,Store,Board doctor agent this no trip determine as statement travel.,
INT000093,CUNQ000205,Support Ticket,2024-07-18,Store,Power bring animal also you break doctor Mr home.,ORD000733
INT000094,CUNQ001232,Support Ticket,2023-10-09,Marketplace App,Provide sea watch industry score choice increase between majority impact.,ORD002705
INT000095,CUNQ000525,Email,2024-05-29,Store,Allow have kitchen wear talk between rate name within.,
INT000096,CUNQ000591,Phone Call,2023-04-20,Phone,Art every why we station begin deep police wife anything.,
INT000097,CUNQ000240,Phone Call,2023-07-16,Marketplace App,During call north attention share debate democratic thank forget challenge.,ORD000683
INT000098,CUNQ000215,Chat,2023-10-01,Store,Able teach certain candidate economy company produce ago address so draw food company.,ORD002204
INT000099,CUNQ001241,In-Person Meeting,2024-04-15,Marketplace App,Camera inside box as large gun.,ORD001447
INT000100,CUNQ000111,Phone Call,2023-11-04,Phone,Board mean war analysis situation term miss leader who article look husband rather.,ORD001575
INT000101,CUNQ001884,Email,2023-04-06,Store,Republican kitchen tonight focus chance call person one Republican herself our far.,
INT000102,CUNQ000109,Support Ticket,2024-05-02,Phone,Painting between reduce table prepare shoulder result Democrat later direction fund law.,ORD000961
INT000103,CUNQ000781,Phone Call,2023-03-26,Store,Role fine fine effort well rather listen before be it season.,
INT000104,CUNQ001430,Chat,2024-08-02,Phone,Speech news only no form business government program seek test.,
INT000105,CUNQ000770,Email,2023-08-24,Email,Why outside goal official defense prevent.,
INT000106,CUNQ000463,Support Ticket,2024-05-01,Web Chat,Suggest glass news boy everything difficult investment night.,
INT000107,CUNQ000847,Email,2024-12-01,Web Chat,Party poor ago upon stop environment Congress reflect finally fund accept thank not.,ORD000571
INT000108,CUNQ000819,Support Ticket,2024-11-04,Phone,Attorney scientist will begin most heavy law church find food walk.,
INT000109,CUNQ000790,Chat,2023-01-17,Email,Be apply church pay purpose evening product magazine kind event sense box involve.,ORD000451
INT000110,CUNQ001023,In-Person Meeting,2023-03-20,Web Chat,Question or money final determine worker area daughter war.,ORD001752
INT000111,CUNQ000387,Phone Call,2024-08-03,Store,Share face build market issue can mouth.,ORD000604
INT000112,CUNQ000444,Support Ticket,2023-12-06,Store,Matter street south author technology amount affect TV.,
INT000113,CUNQ000790,Phone Call,2024-12-06,Phone,Office of remember individual boy again foot soon peace story.,
INT000114,CUNQ001409,Chat,2023-02-24,Phone,Because such during open model how financial fund four collection.,ORD000115
INT000115,CUNQ001797,Email,2023-12-15,Marketplace App,Plan most create simply go when population challenge bill eight community check.,ORD000378
INT000116,CUNQ000756,Support Ticket,2024-02-11,Web Chat,Concern significant management senior service large.,
INT000117,CUNQ000658,Chat,2024-04-06,Store,Poor worry follow wife firm key light place someone option goal avoid left.,ORD001813
INT000118,CUNQ001890,Support Ticket,2024-01-20,Store,Arm story baby ten talk past.,ORD000313
INT000119,CUNQ001938,Support Ticket,2024-11-07,Store,His oil west school American training occur could painting may whatever late.,ORD002722
INT000120,CUNQ000128,Support Ticket,2023-10-30,Email,Word base position always remain yard model particular hair truth.,ORD002551
INT000121,CUNQ000750,Email,2023-10-02,Email,Impact full our smile positive at behind question exist rich.,
INT000122,CUNQ000701,Phone Call,2024-02-03,Web Chat,Their four old center glass whose recognize hot organization visit finally heavy social.,ORD001637
INT000123,CUNQ001965,Email,2023-01-06,Web Chat,Prove stock school rate money position interest.,ORD001812
INT000124,CUNQ001549,Chat,2023-04-15,Email,Adult final week game she court yourself choice fast small.,ORD001048
INT000125,CUNQ000225,In-Person Meeting,2024-04-04,Marketplace App,Side strong this also from short capital heavy class story side speak.,ORD002547
INT000126,CUNQ000663,In-Person Meeting,2023-04-16,Phone,Return analysis hair rest wide particular sell six.,ORD001757
INT000127,CUNQ000089,Support Ticket,2023-04-06,Marketplace App,Move finally speak light strong happy water worker.,ORD000870
INT000128,CUNQ001022,Chat,2024-01-30,Phone,Show sing me industry class current painting their appear lose he.,ORD001994
INT000129,CUNQ001368,In-Person Meeting,2023-03-28,Marketplace App,Represent middle by base civil last message.,ORD002536
INT000130,CUNQ001560,Phone Call,2024-08-08,Marketplace App,Begin treat stage this us increase how hear history bank different.,
INT000131,CUNQ000353,In-Person Meeting,2023-06-23,Email,Us stuff practice social case expert stop receive catch relationship.,ORD000228
INT000132,CUNQ001624,Chat,2024-05-19,Email,Past town affect democratic change vote participant institution simply down business.,ORD002841
INT000133,CUNQ001695,In-Person Meeting,2023-10-10,Store,Information soldier lead book toward others administration middle drop.,ORD002743
INT000134,CUNQ001993,Email,2024-01-05,Web Chat,Fact ability good number cost property model.,ORD002188
INT000135,CUNQ000357,In-Person Meeting,2024-08-31,Marketplace App,Attack moment medical write never hospital like player wonder effect.,
INT000136,CUNQ000669,Email,2023-05-19,Web Chat,Ground attack drop price billion old.,ORD001016
INT000137,CUNQ001457,In-Person Meeting,2023-12-07,Marketplace App,Card good full poor store range wonder long consider care.,ORD002484
INT000138,CUNQ001329,Chat,2024-03-26,Web Chat,Already cut social though firm financial huge spring list already positive.,ORD001967
INT000139,CUNQ001645,Support Ticket,2023-05-20,Web Chat,Ground sit tend forward buy happy threat sea thus.,ORD000130
INT000140,CUNQ001789,Phone Call,2024-05-05,Web Chat,Fund cost reality happen something entire bar interesting issue yet.,ORD002773
INT000141,CUNQ001419,In-Person Meeting,2023-11-23,Web Chat,Nation fly bag produce fill owner international ready.,ORD001305
INT000142,CUNQ001721,In-Person Meeting,2024-08-12,Email,Language risk treatment past itself police social arm provide image.,
INT000143,CUNQ000896,Chat,2024-02-07,Web Chat,Song quickly well central parent sit alone attack sing hand him note.,ORD002270
INT000144,CUNQ000349,Support Ticket,2023-07-24,Marketplace App,Check last he know baby case happen fire everything whether ago control military.,ORD001999
INT000145,CUNQ000639,Phone Call,2024-11-29,Marketplace App,Brother simple region Democrat partner really your customer career available common require young.,
INT000146,CUNQ000715,In-Person Meeting,2024-12-26,Email,Property remember nearly face feel church remember record company gun.,ORD000736
INT000147,CUNQ001246,Chat,2024-12-10,Phone,Building cut catch so ago network hard sound.,ORD001703
INT000148,CUNQ001837,In-Person Meeting,2024-11-20,Store,Candidate this assume huge response long improve important offer by first avoid letter.,
INT000149,CUNQ001480,Chat,2023-09-05,Web Chat,General there sister policy consider whom item treat area buy check clearly.,ORD000043
INT000150,CUNQ000790,In-Person Meeting,2024-01-22,Phone,Various different way million exist bad cultural what ever person.,
INT000151,CUNQ001353,Support Ticket,2024-05-05,Marketplace App,Move maybe collection walk child probably result painting successful nor stay agreement animal.,ORD002488
INT000152,CUNQ001904,Support Ticket,2024-12-09,Store,Enough decision occur peace air threat nation politics few each southern image law.,ORD001771
INT000153,CUNQ001426,Chat,2024-12-19,Marketplace App,Citizen indeed less future century technology.,ORD002770
INT000154,CUNQ001710,Email,2023-04-22,Email,Safe team wish candidate have no five letter environment easy.,ORD000340
INT000155,CUNQ000558,Chat,2023-06-20,Marketplace App,Anything war ten industry while total spend.,
INT000156,CUNQ000457,In-Person Meeting,2023-12-06,Store,Return couple city you level these market bed hotel lead drive on any.,ORD001098
INT000157,CUNQ000273,Email,2023-09-22,Email,Manager think pressure like Mr suggest issue think road.,ORD001649
INT000158,CUNQ001473,Support Ticket,2024-07-25,Marketplace App,Hand hundred now crime network available mean share evidence writer quite.,ORD002856
INT000159,CUNQ001894,Phone Call,2024-04-01,Web Chat,Campaign benefit health would newspaper hand certain.,
INT000160,CUNQ001404,Support Ticket,2024-12-08,Marketplace App,Meeting matter and case four listen lead paper middle foreign party class wrong.,ORD001956
INT000161,CUNQ001594,Email,2024-05-09,Phone,Order medical meeting majority none little admit former body.,ORD002945
INT000162,CUNQ000648,Email,2023-04-29,Email,On someone rise read ago listen whose situation simply officer return.,ORD000110
INT000163,CUNQ001602,Chat,2024-04-11,Email,Lose modern return simple herself start drug occur red course kid industry include.,ORD002207
INT000164,CUNQ000269,Chat,2024-05-02,Phone,Improve simple turn their save artist catch debate.,ORD001458
INT000165,CUNQ001288,In-Person Meeting,2023-11-23,Phone,Your long heavy what least mouth national put test race.,ORD002684
INT000166,CUNQ000580,Email,2023-01-24,Web Chat,Particular court east newspaper different win father eye debate.,ORD002328
INT000167,CUNQ001176,Phone Call,2023-09-07,Marketplace App,First give value somebody event business quality here woman stand west source.,
INT000168,CUNQ001170,Phone Call,2023-12-05,Marketplace App,Among western bad under pretty section degree still even.,ORD001761
INT000169,CUNQ001057,In-Person Meeting,2023-08-26,Store,Receive case past only drug prove most point appear including response beyond side.,ORD001970
INT000170,CUNQ000851,Phone Call,2024-10-17,Store,Who within citizen present thing little.,
INT000171,CUNQ001911,Support Ticket,2023-07-22,Store,Sense expert experience arrive shoulder present discussion school.,ORD000973
INT000172,CUNQ001654,In-Person Meeting,2023-01-05,Email,Tree company think compare try young.,ORD000686
INT000173,CUNQ000245,Email,2024-08-14,Phone,Small control see the face also fear owner up friend lawyer.,ORD001795
INT000174,CUNQ000379,Support Ticket,2023-07-11,Web Chat,Modern threat care mean evening speak former room possible responsibility add front.,
INT000175,CUNQ001131,In-Person Meeting,2023-04-27,Web Chat,Nothing serious compare task today still middle beautiful protect.,ORD002128
INT000176,CUNQ001284,In-Person Meeting,2024-06-24,Web Chat,Word local very according himself land environment form.,
INT000177,CUNQ001568,Support Ticket,2024-02-06,Marketplace App,Reveal activity president realize artist brother fill if maybe time region financial brother.,ORD002457
INT000178,CUNQ000194,Chat,2024-04-13,Marketplace App,Happen determine whatever long lawyer writer health reduce tree.,ORD001725
INT000179,CUNQ000079,Chat,2024-09-21,Marketplace App,Soon stay seven quite other skin moment month gun true born stock.,ORD002794
INT000180,CUNQ000333,Phone Call,2023-11-17,Phone,Dark Mr clearly take kind quite response major together knowledge argue car.,ORD000365
INT000181,CUNQ001611,Email,2023-07-07,Web Chat,Lead around left southern rich how staff second official and general.,ORD002909
INT000182,CUNQ001963,Support Ticket,2024-02-02,Store,Must art thus worry line expert.,
INT000183,CUNQ000806,Support Ticket,2024-01-28,Store,Shoulder she within position inside year him thank.,ORD002096
INT000184,CUNQ000025,Support Ticket,2024-12-11,Email,Heart radio product much president girl condition Mr more road.,ORD002438
INT000185,CUNQ001614,In-Person Meeting,2023-10-23,Email,Strong series without leg rest interest here discover.,ORD001239
INT000186,CUNQ000104,In-Person Meeting,2024-09-26,Phone,Get every visit right both special information she this administration deal.,ORD002444
INT000187,CUNQ000570,Email,2024-05-11,Email,Order land public the each analysis keep.,
INT000188,CUNQ001453,In-Person Meeting,2024-07-29,Marketplace App,Describe tell argue mean eye staff rule five our pull fly few.,ORD002941
INT000189,CUNQ001617,In-Person Meeting,2024-12-02,Store,Worry miss including every news option same.,
INT000190,CUNQ000227,In-Person Meeting,2024-05-15,Email,Personal interview many win walk provide skill five.,ORD001349
INT000191,CUNQ000060,Email,2023-08-14,Web Chat,Impact feel contain Mrs drive different tax certain leg arm include.,ORD000140
INT000192,CUNQ001405,Phone Call,2024-07-04,Web Chat,Newspaper care drug data position two suggest begin right couple environmental.,ORD000984
INT000193,CUNQ001208,In-Person Meeting,2024-08-02,Store,Owner them could seven right next look thank four whatever address view while.,ORD001993
INT000194,CUNQ000278,Email,2024-08-09,Phone,Section senior trial receive region however dream.,ORD002296
INT000195,CUNQ001968,Support Ticket,2024-01-11,Marketplace App,Simply herself move grow end mention market better wonder light.,ORD001852
INT000196,CUNQ000079,Email,2024-03-27,Marketplace App,Trial have including none determine certainly end various often individual.,
INT000197,CUNQ000683,In-Person Meeting,2023-04-15,Email,Cultural discover now early nearly want front.,ORD002473
INT000198,CUNQ000498,Email,2024-04-05,Web Chat,Whom politics make collection some college result major true my politics arrive.,ORD001929
INT000199,CUNQ001098,Email,2024-03-25,Phone,Stuff avoid stand any according case.,ORD000281
INT000200,CUNQ000559,Phone Call,2023-08-03,Marketplace App,Discuss religious across media health pay project pattern low maintain according necessary activity morning.,
INT000201,CUNQ001219,Support Ticket,2024-10-09,Store,Movie expert maybe recently issue vote conference truth modern.,
INT000202,CUNQ001525,Phone Call,2023-07-31,Email,Court money spring environment however health image north wrong.,ORD000498
INT000203,CUNQ000073,Support Ticket,2023-12-26,Marketplace App,Feel stock ball yard practice all if help.,
INT000204,CUNQ001669,Support Ticket,2023-06-22,Web Chat,Argue act commercial matter its six not teach believe month amount deep.,ORD002796
INT000205,CUNQ001684,Chat,2023-10-24,Marketplace App,Little another avoid understand tonight nor allow up fire which onto sell require.,
INT000206,CUNQ001736,Support Ticket,2024-11-26,Phone,Up federal nor note support quality music himself science so ready.,ORD001509
INT000207,CUNQ001927,In-Person Meeting,2023-03-02,Web Chat,May window approach join stuff future shoulder.,ORD002556
INT000208,CUNQ000600,Phone Call,2024-12-19,Email,However similar ahead event yeah make green wait it quickly produce beat peace.,
INT000209,CUNQ000097,Chat,2023-09-11,Store,Require bank child Republican plant science first blood accept.,ORD002944
INT000210,CUNQ000957,Support Ticket,2024-10-09,Web Chat,Know seven bill beautiful issue news mention billion bed.,ORD001929
INT000211,CUNQ001798,In-Person Meeting,2024-04-07,Phone,Behavior our foot history factor hold be top toward within occur college herself.,
INT000212,CUNQ000440,Email,2024-02-17,Marketplace App,Especially environmental certainly cold every feel site.,
INT000213,CUNQ001399,Chat,2024-04-10,Store,Edge east person order crime blood fight we forward per.,
INT000214,CUNQ001031,Email,2023-04-06,Store,Key issue statement prepare organization feel owner receive look concern.,ORD002575
INT000215,CUNQ000892,Chat,2023-03-06,Marketplace App,Why fact reason make office drug heavy staff hotel box nor.,
INT000216,CUNQ000660,In-Person Meeting,2023-08-05,Store,Young conference should agree road wall decide something story attorney summer some pull.,ORD000257
INT000217,CUNQ000472,Chat,2023-12-12,Marketplace App,Plan drug probably resource smile available wrong.,ORD001476
INT000218,CUNQ000290,Support Ticket,2024-05-11,Web Chat,Old move type thank industry already why reduce speech order trial body.,ORD001109
INT000219,CUNQ001391,Email,2023-02-17,Phone,Price great positive and worker quality hundred sell whole.,
INT000220,CUNQ001044,In-Person Meeting,2023-01-17,Phone,Black better develop section newspaper reach determine hear leg quickly real.,
INT000221,CUNQ000934,Phone Call,2024-03-27,Store,General agency bit indeed which break wait.,
INT000222,CUNQ001472,In-Person Meeting,2023-07-27,Email,Give gas six miss give best reveal.,ORD001865
INT000223,CUNQ001200,Chat,2023-06-12,Web Chat,Five feel special boy support possible quality clearly worker during company.,
INT000224,CUNQ000634,Chat,2023-09-14,Phone,Former interview left something picture control price how.,ORD002162
INT000225,CUNQ000330,Phone Call,2023-02-23,Store,Third last involve above Democrat everything region somebody officer son Mr hand culture.,ORD001621
INT000226,CUNQ001559,Phone Call,2024-03-15,Phone,Energy television month police others particularly only.,
INT000227,CUNQ001390,Email,2023-08-07,Store,Goal leader common purpose song try opportunity public finish draw.,
INT000228,CUNQ000480,Support Ticket,2023-08-20,Marketplace App,Consumer really memory industry case himself control.,ORD001033
INT000229,CUNQ001049,Email,2023-01-09,Web Chat,Really population yourself never majority cell fire late approach grow act carry.,
INT000230,CUNQ000646,In-Person Meeting,2024-12-11,Email,White measure manager range indeed style major bar air set.,
INT000231,CUNQ001875,Phone Call,2024-01-28,Phone,Allow different eye sit not significant manager member of.,ORD000181
INT000232,CUNQ000895,Email,2023-04-16,Web Chat,Simple statement happen state among rest national wrong bill.,
INT000233,CUNQ001770,Chat,2023-05-21,Store,Fear yourself last give stage keep yes simply down.,ORD000984
INT000234,CUNQ000014,Phone Call,2024-10-18,Email,Ready technology particular into pattern size spend south now mother others collection without.,
INT000235,CUNQ000344,Support Ticket,2023-01-09,Marketplace App,Eye environment teach world quickly believe while size try.,ORD001351
INT000236,CUNQ001451,In-Person Meeting,2023-12-26,Email,Term camera tend economic represent stock seven put majority.,
INT000237,CUNQ000499,Phone Call,2024-02-26,Marketplace App,Plan physical heart away some shoulder idea seek reason theory lawyer maintain old.,
INT000238,CUNQ001152,Phone Call,2023-03-30,Phone,Room learn professional group as move design.,
INT000239,CUNQ001915,Email,2024-08-26,Store,Station manager follow exist natural candidate system small thus several animal.,ORD002849
INT000240,CUNQ000267,In-Person Meeting,2023-11-19,Email,Six least buy tax kid a when dark read car practice city usually ever.,ORD001372
INT000241,CUNQ000792,Email,2023-09-12,Marketplace App,Economy head tough close how figure record doctor pretty region.,ORD002394
INT000242,CUNQ001709,Support Ticket,2023-10-19,Phone,Degree back order mind knowledge account.,
INT000243,CUNQ001724,Chat,2023-07-30,Marketplace App,Stage write institution car audience him room bill finish thing.,
INT000244,CUNQ000124,Phone Call,2024-02-06,Web Chat,Him spend themselves political quality attention none.,
INT000245,CUNQ001082,Phone Call,2024-05-21,Store,Practice key reveal physical character in rather team beautiful beyond sell operation himself.,
INT000246,CUNQ000046,In-Person Meeting,2024-10-15,Marketplace App,Fire cause everybody base network outside parent single real summer probably.,ORD002363
INT000247,CUNQ000054,Email,2024-01-05,Web Chat,Day parent country hot position six soldier dream history.,ORD001043
INT000248,CUNQ000741,Support Ticket,2024-03-06,Web Chat,Matter order month within would value car team nothing.,ORD001251
INT000249,CUNQ001941,Phone Call,2024-04-27,Phone,National common likely would authority onto add democratic two we.,ORD002902
INT000250,CUNQ000141,Email,2023-01-15,Web Chat,Media pick may indeed reduce bar Mr pattern everyone finally memory.,ORD002258
INT000251,CUNQ000269,Email,2024-02-12,Marketplace App,Window choice force only shake power poor financial.,ORD001265
INT000252,CUNQ001716,Support Ticket,2024-03-01,Store,Role suffer around beat its law participant finally score scientist budget.,ORD002245
INT000253,CUNQ000484,Email,2024-10-17,Marketplace App,Reduce clearly well mission situation result cold.,
INT000254,CUNQ000094,Phone Call,2023-10-12,Phone,Seek them run brother tonight friend investment.,ORD000466
INT000255,CUNQ000275,Support Ticket,2023-07-28,Email,Ask Republican office baby lawyer growth matter note happy effort bill off.,ORD001923
INT000256,CUNQ000579,In-Person Meeting,2024-08-23,Phone,Direction meeting analysis television each line him.,ORD001815
INT000257,CUNQ001765,In-Person Meeting,2023-09-02,Phone,Condition whether along sort research pretty different.,ORD002649
INT000258,CUNQ001234,In-Person Meeting,2023-04-29,Store,Indicate result even back head maybe top conference source.,ORD000504
INT000259,CUNQ000554,Email,2023-11-13,Email,West attention let executive suddenly force.,
INT000260,CUNQ001407,Phone Call,2024-12-19,Phone,Lead hard factor six science drug happy will young simply run national somebody.,ORD000250
INT000261,CUNQ001010,Chat,2024-06-19,Marketplace App,According improve do get style theory week.,ORD001512
INT000262,CUNQ001203,Chat,2023-06-20,Web Chat,Serve heavy scene film day work.,
INT000263,CUNQ001383,Chat,2023-05-01,Phone,Man art young Republican behavior TV today mind red head window.,ORD000388
INT000264,CUNQ001509,In-Person Meeting,2023-10-06,Marketplace App,Oil measure PM hour option artist production.,ORD002249
INT000265,CUNQ000713,Support Ticket,2024-10-04,Phone,Door end fire song red save fish.,ORD001558
INT000266,CUNQ000763,Support Ticket,2024-01-04,Phone,Do want carry show board black last finish building.,ORD002557
INT000267,CUNQ001645,Support Ticket,2023-06-20,Web Chat,Who debate final enter build citizen rather step recent American.,ORD001296
INT000268,CUNQ000495,Email,2024-08-10,Phone,Chance represent why how any federal star community weight take.,ORD002796
INT000269,CUNQ000211,Support Ticket,2023-01-03,Phone,Security economic left sound cause activity store work candidate statement head piece popular.,ORD001945
INT000270,CUNQ001429,Email,2023-09-08,Phone,Only true avoid young cup position speak begin suggest speak business walk anything.,
INT000271,CUNQ001894,In-Person Meeting,2023-06-03,Email,Item right many him interview government traditional every land chance pass pay positive.,ORD002197
INT000272,CUNQ001921,Email,2024-07-20,Store,Include nearly article evidence case current this moment piece soon some writer.,
INT000273,CUNQ000367,Phone Call,2024-03-02,Web Chat,Look sit general not focus establish ago others ahead specific.,ORD001891
INT000274,CUNQ000248,Email,2024-08-08,Web Chat,Around yard morning short yourself wind beyond prevent entire.,ORD000152
INT000275,CUNQ000720,Email,2023-07-03,Email,Shake way offer work home very.,ORD000219
INT000276,CUNQ001799,Email,2024-02-15,Phone,Compare or south recently trial agreement red way.,
INT000277,CUNQ001123,Chat,2023-11-15,Web Chat,Center way student special wife my compare also argue own after long forward.,
INT000278,CUNQ000343,In-Person Meeting,2023-01-09,Web Chat,Cut candidate response try such food against only true similar suffer team whether.,ORD002658
INT000279,CUNQ001465,Support Ticket,2023-11-08,Marketplace App,Relate product only from follow wish run join police maintain.,ORD001107
INT000280,CUNQ000735,Chat,2024-08-28,Store,Company why really up skin development open compare fill read.,ORD002294
INT000281,CUNQ001481,Phone Call,2024-07-13,Email,Concern ability reduce of surface side nothing.,
INT000282,CUNQ000110,In-Person Meeting,2023-01-25,Email,Own TV whose determine not view cell seat.,ORD001984
INT000283,CUNQ000589,Email,2023-12-10,Phone,Get floor player white start prove role from activity.,ORD001061
INT000284,CUNQ001398,In-Person Meeting,2023-11-11,Phone,Economic attack either blue ability history run why.,
INT000285,CUNQ000156,Phone Call,2024-03-05,Store,Manage her national big look tell prepare reach class available suffer.,ORD002671
INT000286,CUNQ000744,Phone Call,2024-12-29,Web Chat,After end bit game thousand claim avoid walk within.,
INT000287,CUNQ000031,Phone Call,2024-06-16,Store,Order party lot all wall close threat church big day.,ORD002157
INT000288,CUNQ000705,Chat,2024-04-14,Phone,Important never understand music produce father benefit hotel.,
INT000289,CUNQ000360,Support Ticket,2023-05-17,Store,Style child guess into far product outside current agent color factor bank such.,ORD002630
INT000290,CUNQ000664,Support Ticket,2023-03-05,Store,Size likely thus enter politics hold he high cost.,ORD000179
INT000291,CUNQ000725,Phone Call,2023-08-31,Web Chat,Enjoy let difficult environmental article sell.,
INT000292,CUNQ001819,Chat,2024-02-07,Web Chat,Beat gas must wife operation network subject.,ORD002305
INT000293,CUNQ001260,Chat,2023-08-28,Phone,Industry movement term little think live bad total research maybe too song.,ORD000497
INT000294,CUNQ000497,Phone Call,2024-08-21,Phone,Challenge we last we cold deep cover amount bad raise dark state challenge.,
INT000295,CUNQ001230,Phone Call,2024-04-05,Store,Election treat trial attack hold however for everybody leader them skill performance mission.,ORD000844
INT000296,CUNQ001496,Email,2024-07-02,Web Chat,Both change note old who beyond black single size test they.,ORD000310
INT000297,CUNQ001451,Phone Call,2024-04-07,Web Chat,Enough pressure occur list common idea peace race I how these.,
INT000298,CUNQ000604,Email,2023-04-03,Email,Any little environmental head full soldier financial successful teach.,ORD002217
INT000299,CUNQ001635,Chat,2024-12-22,Marketplace App,Win direction feel season similar fly rock.,
INT000300,CUNQ001841,Chat,2023-06-01,Phone,Population could deep station scientist service test start middle city find medical career.,ORD002205
INT000301,CUNQ000638,Chat,2024-02-10,Marketplace App,These ahead cover strategy student economic lead truth relate ever statement measure.,
INT000302,CUNQ000696,Chat,2023-09-24,Email,Race drop major land whether listen necessary.,ORD000643
INT000303,CUNQ000301,In-Person Meeting,2024-04-08,Marketplace App,Clear thus see read expect hit clear occur who tax.,ORD000558
INT000304,CUNQ000358,Phone Call,2023-04-07,Store,Question especially important after sister should across treatment.,
INT000305,CUNQ000928,Phone Call,2023-05-05,Phone,Over across education source figure whom poor interest.,ORD002280
INT000306,CUNQ000367,Phone Call,2023-05-14,Email,Surface learn design few minute perhaps once account yourself whom.,ORD000736
INT000307,CUNQ001758,Chat,2024-12-03,Phone,No order executive range loss from everybody foot everybody prevent.,
INT000308,CUNQ001636,Chat,2023-03-18,Phone,Could military drive arm tax special identify floor cause.,ORD002533
INT000309,CUNQ000277,Phone Call,2024-10-23,Store,Pretty young else industry home along.,
INT000310,CUNQ001555,Email,2023-12-06,Phone,Staff gas require rather point little wait grow feel color price next family.,
INT000311,CUNQ000898,In-Person Meeting,2023-02-21,Email,Campaign else space several consumer quite friend become great season film small.,ORD002134
INT000312,CUNQ000634,In-Person Meeting,2024-02-09,Store,He one less brother approach plant oil per line create.,
INT000313,CUNQ000549,In-Person Meeting,2023-06-26,Web Chat,Test high fear approach take case customer.,ORD001655
INT000314,CUNQ000458,Phone Call,2023-10-09,Web Chat,Would throughout would century television Congress ball forward would finish around.,ORD002792
INT000315,CUNQ001164,Phone Call,2023-02-05,Marketplace App,Event seven collection share majority shake because pass plant idea whole.,ORD002603
INT000316,CUNQ000878,Phone Call,2024-10-24,Web Chat,Above move room wear throughout series most adult above safe.,
INT000317,CUNQ000277,Support Ticket,2024-05-05,Phone,Really general can himself open cold statement fear.,ORD002373
INT000318,CUNQ000520,In-Person Meeting,2023-05-21,Store,Lay minute model its rather card you majority seek.,ORD001413
INT000319,CUNQ001640,Support Ticket,2023-09-13,Marketplace App,Way truth idea direction road capital safe operation.,ORD000023
INT000320,CUNQ000226,In-Person Meeting,2024-12-31,Web Chat,But represent society heart policy side perhaps order.,
INT000321,CUNQ000743,In-Person Meeting,2023-12-19,Marketplace App,Product president after ready indicate herself.,ORD000092
INT000322,CUNQ001243,In-Person Meeting,2023-10-04,Email,Education reduce day rate act inside big minute performance red industry together memory.,ORD002949
INT000323,CUNQ001140,Support Ticket,2023-08-13,Phone,Brother box blood cup current enjoy mission cut region far always many debate.,ORD000266
INT000324,CUNQ001996,Chat,2023-03-01,Store,Former able public trade structure protect chance bed memory rich big eight.,
INT000325,CUNQ000110,Support Ticket,2023-08-27,Email,Lead with enough anyone spend them system growth.,ORD002133
INT000326,CUNQ000249,Phone Call,2023-09-30,Marketplace App,International break surface three act catch positive forget thus western.,ORD002427
INT000327,CUNQ001173,Email,2023-08-13,Marketplace App,There behavior spring consumer husband while even history surface.,
INT000328,CUNQ000478,In-Person Meeting,2023-12-30,Email,Power someone both receive around wall city indeed opportunity soon question.,
INT000329,CUNQ000508,Support Ticket,2023-11-22,Web Chat,Particularly single particularly television they road through low.,ORD002450
INT000330,CUNQ001423,Email,2024-12-21,Web Chat,Both in animal energy fire relate question should office north within prove.,
INT000331,CUNQ000784,Support Ticket,2023-05-26,Marketplace App,Mind read peace item risk loss professional political chance step.,
INT000332,CUNQ001271,In-Person Meeting,2024-07-09,Web Chat,Approach poor church support system thank avoid man drive wife anyone development poor.,
INT000333,CUNQ001120,Email,2023-04-03,Phone,Stage bad know of because material firm wonder seat adult idea.,ORD000362
INT000334,CUNQ000550,Phone Call,2023-01-21,Marketplace App,News a before page people fight.,ORD002792
INT000335,CUNQ000034,Chat,2024-09-20,Email,None pressure lay future stay staff such forward should outside respond guy.,ORD000493
INT000336,CUNQ001968,Chat,2023-07-01,Web Chat,Box service develop game stop who factor miss reduce animal clearly.,
INT000337,CUNQ001550,Phone Call,2024-08-23,Email,State score important effect cultural building system.,ORD001791
INT000338,CUNQ000782,Support Ticket,2024-01-09,Phone,Lead sit response blue increase unit study open.,
INT000339,CUNQ001905,In-Person Meeting,2024-08-23,Phone,Leader operation mean white above save network item one under sit.,ORD000610
INT000340,CUNQ001177,Chat,2023-05-20,Email,Reality community spring billion price paper focus thing.,ORD002709
INT000341,CUNQ000442,In-Person Meeting,2024-10-16,Store,Woman trouble several event white wife laugh card include record security.,
INT000342,CUNQ000060,Phone Call,2024-12-25,Marketplace App,Successful natural finish say network design decide research rather.,
INT000343,CUNQ001376,Support Ticket,2024-01-01,Email,Wonder practice when mean reason follow break.,
INT000344,CUNQ001829,Phone Call,2024-01-23,Web Chat,No old wall report purpose throw move there institution actually.,
INT000345,CUNQ000931,Chat,2023-05-11,Email,Agent certainly prove customer seek claim expert.,
INT000346,CUNQ001122,Support Ticket,2024-02-05,Marketplace App,Chair artist six daughter must grow laugh pattern push.,
INT000347,CUNQ001804,Support Ticket,2023-11-22,Marketplace App,Ten score night down six sometimes explain professor unit hold what wish fine.,ORD000135
INT000348,CUNQ001888,Support Ticket,2023-04-17,Store,Approach season data than team kitchen difficult plant remember happy open school cultural.,ORD000506
INT000349,CUNQ000232,Email,2023-09-01,Web Chat,Family concern radio cost community message help investment.,ORD001680
INT000350,CUNQ001404,Phone Call,2024-10-13,Phone,Enough claim suffer accept letter visit always up others similar personal successful feeling.,
INT000351,CUNQ001074,Chat,2024-04-02,Phone,Nearly authority remain moment whatever minute skill city myself idea glass third professional.,
INT000352,CUNQ001891,Phone Call,2024-12-10,Phone,Guess despite sell most you statement wonder across protect knowledge.,ORD001789
INT000353,CUNQ000911,Email,2023-01-02,Phone,Truth during always those high someone box either rich agency might side method.,ORD001255
INT000354,CUNQ001740,In-Person Meeting,2023-06-20,Store,Knowledge analysis together court message way cold what Mrs account assume prove.,ORD001585
INT000355,CUNQ001191,In-Person Meeting,2023-12-26,Marketplace App,Ten interest billion Mrs reflect wish simple position.,ORD002582
INT000356,CUNQ001545,In-Person Meeting,2024-08-14,Email,Section child learn forward beautiful approach.,ORD000126
INT000357,CUNQ001603,Email,2023-02-04,Web Chat,Newspaper offer direction else hold picture item admit pull.,ORD002182
INT000358,CUNQ001750,Chat,2023-04-18,Phone,Accept result as second animal summer group me face rate paper example.,ORD000539
INT000359,CUNQ000376,In-Person Meeting,2023-06-14,Phone,High state air choose detail section someone support far plant fear.,ORD002221
INT000360,CUNQ000968,Email,2023-12-13,Marketplace App,Whatever action themselves center among of hour natural be decide.,ORD001939
INT000361,CUNQ000343,In-Person Meeting,2024-12-22,Phone,Deep town surface central contain pattern education boy provide note.,
INT000362,CUNQ001072,Phone Call,2024-09-13,Store,Surface usually yes leave near fact.,ORD000875
INT000363,CUNQ001914,Email,2023-12-06,Email,Economy culture oil week ground provide.,ORD002787
INT000364,CUNQ000550,In-Person Meeting,2024-12-14,Marketplace App,Beyond people too fish late pattern figure once not.,
INT000365,CUNQ001798,Support Ticket,2023-09-29,Web Chat,Space when collection finish size Republican political everybody growth quickly.,
INT000366,CUNQ000184,Email,2023-02-20,Store,There leg grow figure necessary compare parent success teach cause.,ORD002689
INT000367,CUNQ000322,In-Person Meeting,2023-06-07,Phone,Cultural safe phone road throughout support place spend often shoulder defense already.,ORD002394
INT000368,CUNQ001495,In-Person Meeting,2023-03-31,Web Chat,Myself your line simple hand development sign run fact.,ORD000441
INT000369,CUNQ001822,Support Ticket,2024-05-06,Email,May bed hair action draw who word range serious cell city.,
INT000370,CUNQ001237,Phone Call,2023-06-24,Web Chat,We process whose save low grow despite maintain as hard amount deal traditional.,ORD000816
INT000371,CUNQ000964,In-Person Meeting,2023-04-29,Web Chat,Hold truth thing always possible billion why plant event score.,
INT000372,CUNQ000931,In-Person Meeting,2024-05-15,Web Chat,Name community president half president structure might heavy trade might good test main.,
INT000373,CUNQ001003,Support Ticket,2024-02-01,Email,Thought according think key discover method exactly change church own stage produce.,ORD000532
INT000374,CUNQ000085,In-Person Meeting,2024-01-14,Email,Specific result loss long decision claim street against amount of claim.,ORD002343
INT000375,CUNQ001936,Chat,2024-03-26,Store,Mention three chair coach two might if wide point these road start water describe.,ORD001434
INT000376,CUNQ001128,Chat,2024-07-31,Phone,Yeah test color store over some star consider process enough right garden law.,ORD000032
INT000377,CUNQ001268,Email,2023-03-29,Web Chat,Attention her car admit mission training range step painting concern top outside there.,ORD002691
INT000378,CUNQ000245,In-Person Meeting,2024-08-26,Email,Me brother lot candidate owner still to simple power miss have analysis.,
INT000379,CUNQ001171,In-Person Meeting,2024-06-19,Store,Investment voice lot shoulder go source traditional student office international effort she.,ORD001975
INT000380,CUNQ000929,In-Person Meeting,2024-08-09,Email,Exist theory impact country remember smile official.,
INT000381,CUNQ000266,Email,2024-02-09,Phone,Mind heart day sound impact blood international.,ORD002367
INT000382,CUNQ001035,Support Ticket,2024-08-08,Marketplace App,Effect talk interest hand every quite sense including six lot have never effect.,ORD000154
INT000383,CUNQ001149,In-Person Meeting,2023-06-27,Email,Officer similar huge catch tell budget discover situation we.,ORD000025
INT000384,CUNQ001536,Phone Call,2023-05-10,Phone,Democrat hundred full nearly recent religious claim.,
INT000385,CUNQ001162,In-Person Meeting,2023-07-26,Email,Source statement likely outside because enjoy.,ORD001346
INT000386,CUNQ001751,Chat,2023-11-24,Phone,Bag also his worker pass minute represent our watch star.,
INT000387,CUNQ000729,Support Ticket,2024-02-11,Marketplace App,Keep cut prevent sound experience almost outside middle discuss college already dream.,ORD002700
INT000388,CUNQ000491,Chat,2024-06-16,Store,Wish beautiful every human prove if.,ORD001429
INT000389,CUNQ000735,Email,2024-12-18,Marketplace App,Military say attention bed expect stop trip give.,
INT000390,CUNQ001407,In-Person Meeting,2023-04-26,Store,Difficult white lawyer identify above company media next me.,ORD001472
INT000391,CUNQ000622,Support Ticket,2024-08-25,Marketplace App,Water sort what then spend offer reason whom none show.,ORD000461
INT000392,CUNQ000640,Email,2023-04-19,Marketplace App,Which learn leave only agree break attack plant yes quality.,
INT000393,CUNQ001976,Chat,2024-07-02,Web Chat,Son include good movie red enjoy expert human.,
INT000394,CUNQ000602,Chat,2024-01-28,Store,Away use live government thus especially water raise travel material.,
INT000395,CUNQ001354,In-Person Meeting,2023-02-08,Email,Dog drug enter director strong student green single.,ORD001811
INT000396,CUNQ000335,Phone Call,2024-09-25,Marketplace App,Turn put professional pass share must amount.,ORD000906
INT000397,CUNQ000299,In-Person Meeting,2023-02-09,Store,He firm together thing off ever consumer share memory huge seek campaign.,
INT000398,CUNQ000461,Chat,2024-12-08,Email,Son long must maybe hour rather company with recently least ready activity.,
INT000399,CUNQ001029,In-Person Meeting,2023-10-03,Web Chat,Here beyond gun technology cost enjoy especially when.,ORD002673
INT000400,CUNQ001855,Chat,2023-11-15,Web Chat,Hand material decision red head take evidence conference capital office.,ORD000166
INT000401,CUNQ001413,Email,2023-08-22,Email,Sport result sound new task cultural son school.,
INT000402,CUNQ000796,In-Person Meeting,2023-11-25,Web Chat,South computer matter yet support military result size feel no nothing huge.,ORD002556
INT000403,CUNQ001521,Support Ticket,2024-10-23,Phone,Art sport live picture last free guess night.,
INT000404,CUNQ000961,Phone Call,2024-02-21,Store,General in go quickly paper officer practice Mrs without.,ORD000936
INT000405,CUNQ000919,Chat,2023-02-27,Marketplace App,Great pull maintain say threat high expert place certain.,
INT000406,CUNQ000309,Email,2023-11-15,Marketplace App,Political up instead partner if trade bad gas.,
INT000407,CUNQ001226,Support Ticket,2024-08-05,Phone,First fact environment popular even know television guy only whole.,ORD001688
INT000408,CUNQ001522,Phone Call,2023-03-01,Email,Cold take by doctor edge season see decision however believe view.,ORD002203
INT000409,CUNQ000502,Email,2024-01-05,Email,Nature ago however share bar energy choice pressure those finally easy exist.,ORD001570
INT000410,CUNQ001801,In-Person Meeting,2024-06-01,Store,Call money color along ground trip ten level that various nature career way much.,ORD002650
INT000411,CUNQ000367,Email,2024-11-28,Phone,Our piece player nor model police finally girl music source kind hand employee.,
INT000412,CUNQ001667,In-Person Meeting,2024-08-31,Store,Action model serve carry expert movement reach man sense.,ORD002161
INT000413,CUNQ001820,In-Person Meeting,2024-08-23,Marketplace App,Across involve fall discuss account health in night house.,ORD001422
INT000414,CUNQ000484,Phone Call,2023-09-22,Phone,Resource position stock determine bad personal might son.,ORD000370
INT000415,CUNQ000123,In-Person Meeting,2023-02-20,Email,Space range expect sea speak include table consumer face PM pay evening performance.,ORD000032
INT000416,CUNQ000184,Phone Call,2023-08-15,Email,Fly charge wide against win example by just.,
INT000417,CUNQ000625,Chat,2024-10-29,Store,Do character management game find son.,
INT000418,CUNQ000641,Email,2024-04-30,Email,Less social form such weight argue simply author like court.,ORD002542
INT000419,CUNQ001426,Support Ticket,2023-01-09,Email,Stage stock business should eat side kitchen scene almost.,
INT000420,CUNQ000593,Chat,2024-12-30,Web Chat,Same behind program decade home which view city rock seat near.,ORD001266
INT000421,CUNQ000003,In-Person Meeting,2023-12-24,Store,Education police cup thought tell design both.,ORD000989
INT000422,CUNQ001883,In-Person Meeting,2023-11-06,Marketplace App,Foot cold everybody build smile across among situation little other he.,ORD000546
INT000423,CUNQ001156,In-Person Meeting,2024-08-21,Phone,Eat matter rather full wide service art.,
INT000424,CUNQ000726,Chat,2024-07-28,Marketplace App,Popular red social call discussion word small series south just.,ORD002250
INT000425,CUNQ001925,Chat,2024-12-01,Phone,Again help right economy always religious next my.,
INT000426,CUNQ001226,Chat,2023-10-11,Web Chat,Couple cost girl run every story trial never attention choice fast enjoy.,ORD002802
INT000427,CUNQ001209,Chat,2024-11-02,Web Chat,Law simply media safe third people hair per fly as.,
INT000428,CUNQ001224,Support Ticket,2023-09-04,Phone,Standard couple raise she child executive important focus benefit probably analysis visit.,ORD001581
INT000429,CUNQ000434,Support Ticket,2024-02-18,Web Chat,Them dark magazine better number student price moment.,
INT000430,CUNQ000415,Email,2024-11-02,Store,Eight hand paper audience us decade man threat bag song art newspaper voice.,
INT000431,CUNQ001541,Chat,2024-03-04,Store,State some around pay more same strong back democratic mind big.,
INT000432,CUNQ001240,Email,2024-08-20,Marketplace App,Mother country moment eat personal condition see indeed.,ORD002534
INT000433,CUNQ001558,Chat,2024-12-31,Email,Short office purpose reflect interview bit society.,
INT000434,CUNQ000418,In-Person Meeting,2024-11-18,Web Chat,Husband front citizen your kitchen good firm yard foot he share issue rise.,
INT000435,CUNQ000247,Phone Call,2024-11-04,Marketplace App,Drive nation heart nearly season growth laugh where a alone expect administration career.,ORD001325
INT000436,CUNQ001870,Email,2024-04-27,Email,According worker Democrat fire sign wall state try memory.,ORD000715
INT000437,CUNQ000245,Support Ticket,2023-07-07,Web Chat,Unit choice also green catch happen old do specific begin hundred truth safe.,
INT000438,CUNQ000308,Phone Call,2023-12-30,Email,Society common stay ready office traditional organization feel room office.,
INT000439,CUNQ000711,Chat,2024-03-06,Web Chat,Sister two free they its us building.,
INT000440,CUNQ001419,Support Ticket,2023-10-29,Store,Section support up plant place approach modern floor.,ORD001922
INT000441,CUNQ000628,In-Person Meeting,2023-02-24,Marketplace App,Change maybe determine anything rule hotel knowledge organization measure develop face hour car.,
INT000442,CUNQ001430,Support Ticket,2023-03-14,Store,Live seat nature energy huge its recently.,ORD000733
INT000443,CUNQ000476,Support Ticket,2023-05-03,Store,Lose cup house number night young modern.,
INT000444,CUNQ000335,In-Person Meeting,2023-02-25,Email,Author since food under become public interest give fly.,ORD002155
INT000445,CUNQ001674,Phone Call,2023-12-17,Store,Pretty show college glass start sort perhaps key under do rate choose rock.,ORD000302
INT000446,CUNQ001767,In-Person Meeting,2023-05-27,Web Chat,Both approach we unit than star add.,
INT000447,CUNQ000885,Phone Call,2023-03-24,Store,Figure likely forward science deep national seek.,
INT000448,CUNQ000842,Phone Call,2023-11-17,Phone,Low role center recognize adult on professional analysis color exist smile peace apply.,ORD000349
INT000449,CUNQ000001,Chat,2023-08-03,Email,At produce production tree growth blue.,ORD002647
INT000450,CUNQ001891,Phone Call,2024-05-16,Phone,Test power discuss herself with between firm term mother.,ORD000320
INT000451,CUNQ001993,In-Person Meeting,2024-10-10,Store,Current whom night Republican always two figure majority.,ORD000604
INT000452,CUNQ001941,In-Person Meeting,2024-01-28,Phone,Adult range green few you without every artist.,ORD000682
INT000453,CUNQ001766,Phone Call,2024-01-18,Phone,These three spring ahead never exactly charge today prevent.,ORD001000
INT000454,CUNQ000257,Support Ticket,2023-07-15,Phone,Role minute question their rather individual of.,
INT000455,CUNQ000532,Phone Call,2023-08-20,Web Chat,Wife travel forget my deal catch must son television finally relate.,
INT000456,CUNQ000686,Email,2024-01-28,Marketplace App,Travel involve training show prevent north citizen attack mouth rest contain style.,ORD001193
INT000457,CUNQ001039,Phone Call,2023-03-08,Phone,Risk she they increase in kitchen value.,ORD001269
INT000458,CUNQ000543,Chat,2024-04-11,Marketplace App,Charge could capital ago worry pay paper partner others.,ORD002898
INT000459,CUNQ001606,Chat,2024-03-20,Email,Reach grow read live maybe painting Republican hear.,ORD002856
INT000460,CUNQ000924,In-Person Meeting,2024-01-03,Email,Man case cover allow share address establish including score write.,ORD002497
INT000461,CUNQ000040,In-Person Meeting,2023-01-20,Email,At until worry term majority foot leader east.,ORD001351
INT000462,CUNQ001038,Phone Call,2023-08-05,Phone,Simply part station result hour voice occur movie political region although.,ORD000982
INT000463,CUNQ000664,Phone Call,2023-05-07,Web Chat,Later still amount yet million how same.,ORD001322
INT000464,CUNQ000016,Email,2024-01-20,Web Chat,Hold share while couple keep this similar experience coach family try ready tough.,
INT000465,CUNQ000918,Support Ticket,2023-02-19,Marketplace App,Stop later reveal both single visit receive career including late condition.,
INT000466,CUNQ000192,Email,2024-10-31,Phone,To time think bed food possible represent clearly run before relationship plant be.,
INT000467,CUNQ001061,Email,2024-03-02,Store,Risk window partner civil nearly analysis color friend the television.,ORD002656
INT000468,CUNQ000953,Support Ticket,2023-09-16,Store,Than condition Republican information finally shoulder land phone.,ORD001796
INT000469,CUNQ000109,Phone Call,2024-12-12,Phone,Together whether about she activity marriage material.,
INT000470,CUNQ001720,Email,2024-11-09,Marketplace App,Part management describe process law kind.,ORD002047
INT000471,CUNQ000403,Support Ticket,2024-12-18,Email,Outside each natural people newspaper stay any challenge president already take project study.,ORD002042
INT000472,CUNQ000117,Email,2024-06-07,Marketplace App,Former because board year claim expect produce record occur.,ORD000814
INT000473,CUNQ001406,Email,2023-04-19,Store,Concern lay often use behavior federal happy her attack interview nearly fall care.,ORD002265
INT000474,CUNQ001222,Phone Call,2023-09-27,Marketplace App,Forget including decide decade around number without more because.,ORD000438
INT000475,CUNQ000796,Chat,2024-12-21,Store,Value worry expert participant first moment yet government can none mind place manage.,
INT000476,CUNQ001303,Email,2024-07-15,Store,This discussion fact cover brother let someone scene.,ORD001409
INT000477,CUNQ001495,In-Person Meeting,2023-12-05,Email,Son yourself increase free night point action cut.,
INT000478,CUNQ001864,Email,2023-04-24,Marketplace App,Effort attack feel nearly short box four how notice.,ORD000859
INT000479,CUNQ000670,Phone Call,2023-04-03,Marketplace App,Story create street two look listen.,
INT000480,CUNQ001444,Email,2023-09-20,Email,Population loss physical throughout Mr friend.,ORD002882
INT000481,CUNQ000690,Chat,2023-09-28,Store,Until argue minute north question new affect officer forward trouble somebody.,ORD002972
INT000482,CUNQ000957,Phone Call,2023-02-10,Web Chat,Wide exactly all worker phone success.,ORD002345
INT000483,CUNQ001147,Chat,2024-03-12,Phone,Paper cost bring site final tax report even beautiful theory he stop few.,ORD000972
INT000484,CUNQ000045,Email,2023-01-10,Email,Few born size sing tree kitchen agent lot matter couple type run.,ORD002960
INT000485,CUNQ000507,Phone Call,2023-12-03,Web Chat,Financial force show better word might yeah day already hold ten break.,
INT000486,CUNQ001799,Support Ticket,2023-10-02,Phone,Usually reach organization beautiful level animal minute probably fine.,
INT000487,CUNQ001140,Chat,2023-07-07,Phone,Serve police decide customer expert mother significant provide evening church boy when nice.,ORD002925
INT000488,CUNQ001784,In-Person Meeting,2023-10-06,Store,Deal go five center region exist each.,ORD002504
INT000489,CUNQ001905,In-Person Meeting,2024-03-07,Email,Find throughout music anything ahead tough.,
INT000490,CUNQ001517,Email,2023-06-13,Phone,Black approach interview condition other or.,ORD001987
INT000491,CUNQ000419,Support Ticket,2024-05-09,Marketplace App,Pattern fine stage require provide move wind sense letter capital spend.,ORD001222
INT000492,CUNQ001792,Phone Call,2024-09-17,Store,Best financial popular short like water century time election guy contain.,
INT000493,CUNQ001129,Support Ticket,2023-01-30,Email,Small think law air little goal leave color should page.,
INT000494,CUNQ001545,In-Person Meeting,2023-04-26,Store,Meet if research blood news audience few.,ORD002069
INT000495,CUNQ000670,Email,2023-09-25,Web Chat,Husband including per nature wind himself future sport opportunity six itself.,ORD002131
INT000496,CUNQ000907,Support Ticket,2024-08-13,Marketplace App,Name door production back us off main option leg never.,ORD000217
INT000497,CUNQ001459,Chat,2024-06-15,Marketplace App,Computer what attorney board sport side her management produce bed stage.,ORD000180
INT000498,CUNQ000880,Support Ticket,2023-04-08,Store,Tough player a chair chance most hope official crime race first now tree.,
INT000499,CUNQ000096,Phone Call,2024-05-08,Web Chat,Truth view response trip wrong old particularly member summer.,
INT000500,CUNQ001575,In-Person Meeting,2023-06-02,Marketplace App,Artist too whose a nice without body executive all.,
INT000501,CUNQ001227,Support Ticket,2023-02-25,Phone,Reduce hour fish him high nation production little could his under.,
INT000502,CUNQ001425,Phone Call,2024-06-01,Store,Child young prove care author administration return main join wrong be.,
INT000503,CUNQ001060,Phone Call,2023-03-18,Store,Team throw receive us perhaps lawyer interest star his difficult interesting.,
INT000504,CUNQ001203,Chat,2023-10-12,Phone,Official suggest door maybe improve national.,ORD002611
INT000505,CUNQ000635,Support Ticket,2024-10-20,Store,Almost also low happy oil which bag room money teacher.,ORD001390
INT000506,CUNQ001592,Phone Call,2023-03-22,Store,Let back three because line score whether back plant.,ORD001711
INT000507,CUNQ000749,Support Ticket,2024-04-03,Phone,Fine apply gas sing light mention light safe inside whether sometimes eye along.,ORD001274
INT000508,CUNQ001540,In-Person Meeting,2023-11-20,Phone,See risk nor article list college appear wrong speak person expert bar measure.,
INT000509,CUNQ000402,Email,2023-04-16,Store,Edge past every either scientist page travel school process.,
INT000510,CUNQ000040,Support Ticket,2024-07-16,Phone,Space end red machine son television garden base certain value.,ORD002003
INT000511,CUNQ000535,Support Ticket,2024-09-25,Web Chat,Study sell include himself produce rise cold.,
INT000512,CUNQ001051,Support Ticket,2023-07-31,Store,Same generation politics sense break cold human feeling second sell mouth here relationship.,
INT000513,CUNQ001778,Chat,2023-02-25,Email,Enjoy most itself eye something high firm morning what best most government.,
INT000514,CUNQ000526,Chat,2024-07-27,Marketplace App,Particular present evening establish sort effort once leave push drop public.,
INT000515,CUNQ001884,Chat,2024-04-08,Phone,Mind question year finish action across attack in.,ORD002428
INT000516,CUNQ000822,Phone Call,2023-01-03,Web Chat,Billion land detail exist cover agency begin voice prevent structure wear point.,ORD001235
INT000517,CUNQ001592,Chat,2024-07-14,Marketplace App,Beat painting heavy shake possible sort continue.,ORD001312
INT000518,CUNQ000228,Email,2023-02-16,Email,Receive education level view police two everybody.,ORD001277
INT000519,CUNQ001127,In-Person Meeting,2023-04-20,Web Chat,Realize property show either sit everyone artist home you election spend.,ORD000124
INT000520,CUNQ001777,Phone Call,2023-05-04,Store,Key man up particular condition man century shoulder.,
INT000521,CUNQ000246,Phone Call,2023-12-13,Phone,Pass blood kid else alone audience road since.,ORD001499
INT000522,CUNQ001097,Email,2024-10-10,Marketplace App,To chance policy usually professor entire.,
INT000523,CUNQ001680,In-Person Meeting,2024-04-13,Marketplace App,Toward off middle vote make job such sit size music.,ORD000622
INT000524,CUNQ000948,Phone Call,2024-05-25,Phone,His ready sister building movement yard.,
INT000525,CUNQ000295,Email,2024-07-20,Store,Radio hundred place where before movement which ball least short.,ORD000922
INT000526,CUNQ000650,In-Person Meeting,2024-06-04,Email,Computer always his course receive to piece grow.,
INT000527,CUNQ001302,Phone Call,2023-05-12,Phone,Those just country along agent you draw.,
INT000528,CUNQ001756,Support Ticket,2024-09-12,Web Chat,As music film move strong last yet already argue skin.,ORD001809
INT000529,CUNQ000732,In-Person Meeting,2024-03-04,Marketplace App,If deep president mission vote thank.,ORD000473
INT000530,CUNQ001043,Phone Call,2023-10-08,Store,Chance often under already center president likely truth animal red candidate common.,
INT000531,CUNQ001129,Chat,2024-04-08,Email,Toward star best particularly structure ask.,
INT000532,CUNQ000205,Support Ticket,2024-12-17,Marketplace App,Box organization past as dark front structure.,ORD002929
INT000533,CUNQ001038,Support Ticket,2023-11-18,Marketplace App,Food wish office case student soldier share or friend building center.,ORD001955
INT000534,CUNQ000873,Phone Call,2023-08-03,Marketplace App,Collection have close during old card social place heavy citizen they.,
INT000535,CUNQ000858,Chat,2024-11-19,Email,According conference become prepare thought indicate southern.,
INT000536,CUNQ001171,Phone Call,2024-05-30,Marketplace App,Realize deal policy mission include visit particular also conference matter wear physical.,
INT000537,CUNQ000058,Chat,2024-12-28,Phone,Girl above dog brother morning believe gun seven music.,
INT000538,CUNQ001465,Support Ticket,2024-05-06,Marketplace App,Less phone decade apply both chance such treatment.,
INT000539,CUNQ001702,In-Person Meeting,2024-11-21,Marketplace App,Computer prove amount population expect itself free source serve analysis science understand.,ORD001058
INT000540,CUNQ001660,In-Person Meeting,2023-01-14,Marketplace App,Citizen ahead method audience dog know often industry.,ORD001909
INT000541,CUNQ001741,In-Person Meeting,2023-05-29,Phone,Discover body direction down include customer through available one approach.,ORD001775
INT000542,CUNQ000693,Phone Call,2023-10-01,Email,Certain until lawyer hold carry rest place wish dark camera realize.,
INT000543,CUNQ000658,Chat,2023-05-30,Phone,Exactly book letter industry set detail.,
INT000544,CUNQ000006,Chat,2023-07-28,Marketplace App,Page smile point particularly color wife talk beat tax.,
INT000545,CUNQ000375,In-Person Meeting,2023-04-15,Marketplace App,Television describe list leg address into their easy its develop until watch.,ORD002959
INT000546,CUNQ000200,Support Ticket,2023-08-18,Marketplace App,Together individual analysis yard safe mean international hour special recent better manager bar.,
INT000547,CUNQ000370,Support Ticket,2024-12-13,Web Chat,Really image design grow dream your.,ORD002973
INT000548,CUNQ001902,Email,2024-01-26,Store,Look fight reflect teach section agency.,
INT000549,CUNQ001483,Chat,2024-07-19,Phone,Less catch reflect continue the phone region ability physical his real.,ORD000765
INT000550,CUNQ001355,Chat,2023-07-27,Marketplace App,Allow international especially watch my some skin ball thing save area war.,ORD002129
INT000551,CUNQ001321,In-Person Meeting,2023-08-19,Web Chat,Thousand book half people half compare next attack remember daughter.,
INT000552,CUNQ000117,Support Ticket,2024-09-09,Email,Draw box long voice oil where decide seat different good.,
INT000553,CUNQ001819,Phone Call,2023-10-29,Store,Me institution approach health laugh may stop like mother.,
INT000554,CUNQ001933,Email,2023-07-11,Email,Tonight later happy pull really within third could this beautiful hospital condition.,ORD001642
INT000555,CUNQ001344,Email,2024-01-22,Phone,Body every recent many themselves minute.,
INT000556,CUNQ001859,Support Ticket,2023-09-28,Email,Age indicate radio use listen information scene again country against soon strong mind from.,ORD000437
INT000557,CUNQ000964,Chat,2023-01-06,Web Chat,Garden position for order recent success knowledge fight car smile commercial employee machine.,ORD002930
INT000558,CUNQ000072,Phone Call,2023-02-10,Email,Show another good lay coach under Republican expect win.,ORD000776
INT000559,CUNQ001400,Support Ticket,2023-02-22,Marketplace App,Claim bring year off kid hard day.,
INT000560,CUNQ001969,Chat,2024-05-17,Marketplace App,Program within challenge large wish move.,
INT000561,CUNQ000169,Email,2024-12-25,Web Chat,Turn identify material certainly leader floor above.,ORD000571
INT000562,CUNQ001029,Phone Call,2024-06-17,Phone,Wish former relate listen face want wonder off chair north trade kind.,ORD000303
INT000563,CUNQ001542,Phone Call,2024-03-01,Marketplace App,Rule too cause nearly final husband subject.,
INT000564,CUNQ001242,Email,2023-12-24,Email,Group for part crime money sit short cultural base support quality.,ORD000546
INT000565,CUNQ001103,Chat,2023-12-06,Web Chat,Wish hour make owner memory argue project.,
INT000566,CUNQ000194,Support Ticket,2024-06-27,Store,Challenge take hard health expect goal within them because road know.,ORD002011
INT000567,CUNQ001560,Email,2023-04-28,Web Chat,Sound eye south wife interest to cause onto beat debate listen.,
INT000568,CUNQ000316,Support Ticket,2024-09-28,Email,Would at whether series because important trial increase new report sense carry.,ORD001729
INT000569,CUNQ000281,Chat,2024-01-26,Phone,Strategy face make state few one management science.,
INT000570,CUNQ000460,Support Ticket,2023-10-17,Phone,Agree able enjoy what strong line president throughout.,ORD002437
INT000571,CUNQ001288,Chat,2024-06-10,Marketplace App,Conference trade population agreement share manage wife out gun lose job.,
INT000572,CUNQ000614,Email,2023-10-31,Email,Physical live reason build mention offer suddenly clear around.,ORD000782
INT000573,CUNQ001726,Email,2023-04-09,Email,Leave really group apply guess player western any factor police.,ORD002554
INT000574,CUNQ000568,Support Ticket,2024-06-30,Phone,Message short consumer behind sell myself.,
INT000575,CUNQ001249,Phone Call,2024-11-17,Email,Step rate feeling rate read benefit oil statement actually million.,
INT000576,CUNQ000447,In-Person Meeting,2023-04-17,Email,Single include TV clear design me story somebody next ready.,
INT000577,CUNQ000844,In-Person Meeting,2024-10-24,Phone,Suffer Republican reduce sort individual trouble bring capital admit give reality catch.,ORD001601
INT000578,CUNQ000423,Phone Call,2023-01-25,Store,Threat our shake garden report agreement sport develop task central dinner.,
INT000579,CUNQ001717,Email,2023-03-31,Phone,Decide wonder interesting several born affect machine.,
INT000580,CUNQ001447,Chat,2024-07-25,Phone,Amount blue soldier message arrive budget education at property senior site.,ORD002386
INT000581,CUNQ001092,Phone Call,2023-09-22,Store,Day top continue goal before suffer walk we girl civil may rock drop.,ORD000528
INT000582,CUNQ001068,In-Person Meeting,2024-03-19,Web Chat,Attention standard shake more respond who commercial senior above rise under turn surface.,ORD000773
INT000583,CUNQ001009,Email,2024-07-01,Phone,Hand operation keep whatever Congress great here Democrat dinner both world buy.,ORD002394
INT000584,CUNQ001622,Support Ticket,2023-03-06,Marketplace App,Mind many guess explain reveal bank management.,
INT000585,CUNQ000190,Email,2024-01-02,Marketplace App,Exist outside find wish know network fact talk country attorney.,ORD001749
INT000586,CUNQ000937,Chat,2024-09-13,Phone,Voice happen actually purpose public how mission put budget house reason within.,ORD002108
INT000587,CUNQ001839,In-Person Meeting,2024-01-26,Store,Ask window full organization wrong but study rise.,ORD002624
INT000588,CUNQ000358,Email,2024-04-30,Email,Share she order series song wall green project wear.,
INT000589,CUNQ000064,Phone Call,2024-02-05,Marketplace App,Memory challenge lawyer business majority discuss wall ahead scene store marriage ago.,ORD001635
INT000590,CUNQ001653,Phone Call,2023-11-02,Web Chat,Him quickly check perform benefit baby seem should.,ORD002735
INT000591,CUNQ000311,Email,2024-07-20,Marketplace App,Dark product make energy gas teacher national weight all involve trip.,
INT000592,CUNQ000391,Email,2023-01-06,Marketplace App,Late table kind along computer process single those clearly issue.,ORD001238
INT000593,CUNQ000187,Support Ticket,2024-07-14,Phone,Resource maintain body push process rate occur live take.,ORD002034
INT000594,CUNQ001893,Chat,2023-08-05,Store,Argue enjoy opportunity help put short expect article opportunity campaign hand special.,ORD000711
INT000595,CUNQ001212,Support Ticket,2023-05-26,Email,Agree through game best generation group goal product easy possible or travel assume.,
INT000596,CUNQ000249,Support Ticket,2023-09-16,Email,Boy college Mrs also price institution method inside after.,ORD002966
INT000597,CUNQ000550,Support Ticket,2023-02-25,Marketplace App,Onto worry help hope occur space beyond push from me share fund.,ORD000736
INT000598,CUNQ001686,Support Ticket,2023-03-16,Web Chat,Federal wide cut player wind away sure degree enter father of source person.,ORD002550
INT000599,CUNQ000115,Chat,2023-04-11,Email,Response official option event note most interview.,
INT000600,CUNQ001017,In-Person Meeting,2023-12-05,Web Chat,Somebody prepare few sound item music customer I person law.,
INT000601,CUNQ001938,Phone Call,2023-04-13,Web Chat,Congress affect reflect television officer defense while score level view mouth pass shoulder.,ORD000748
INT000602,CUNQ001899,Phone Call,2023-11-22,Store,Various risk art customer leg drive second she such improve team.,
INT000603,CUNQ000537,Support Ticket,2024-11-06,Web Chat,Plant suffer environment expert civil rather.,ORD001149
INT000604,CUNQ000850,Phone Call,2024-08-02,Marketplace App,Image box court early still less nice job positive.,
INT000605,CUNQ000086,Chat,2024-03-14,Email,Dark evening ahead smile everyone nearly.,ORD001617
INT000606,CUNQ001679,Phone Call,2023-08-15,Store,White magazine after teacher base own.,ORD002164
INT000607,CUNQ000977,Chat,2023-05-18,Web Chat,Too imagine guy price bed wall.,ORD001487
INT000608,CUNQ000001,In-Person Meeting,2024-04-01,Web Chat,Door number matter building professional oil simple.,
INT000609,CUNQ000104,In-Person Meeting,2024-07-18,Phone,Edge this draw business southern forget once hope security door institution certain.,
INT000610,CUNQ001552,Support Ticket,2023-03-25,Web Chat,Degree ever impact television argue mouth record both.,ORD001751
INT000611,CUNQ000744,Phone Call,2024-07-05,Email,Interest radio white these view guy resource start again whom paper success.,
INT000612,CUNQ001140,Email,2023-03-19,Phone,Real small dream need finally when.,ORD002482
INT000613,CUNQ001745,Email,2024-08-18,Marketplace App,Total rate movement door kind account whether until truth feeling.,
INT000614,CUNQ001093,Support Ticket,2023-08-06,Phone,Father teacher civil keep first speech popular smile ever.,ORD000961
INT000615,CUNQ000302,Support Ticket,2024-07-06,Store,Statement wait likely include subject response theory.,ORD000518
INT000616,CUNQ000427,Phone Call,2024-01-10,Store,Station recognize media goal own spend scene.,
INT000617,CUNQ000498,Support Ticket,2023-10-25,Email,Receive seven political contain kitchen political able customer figure office book.,ORD001108
INT000618,CUNQ001652,Support Ticket,2023-04-03,Store,Might wide store shake suggest rate society floor long.,ORD000830
INT000619,CUNQ001175,Email,2024-11-09,Email,End reach step son cup increase consider.,ORD002315
INT000620,CUNQ000161,Support Ticket,2024-12-01,Email,War this difference way type positive phone trade wind cup.,
INT000621,CUNQ000954,Phone Call,2024-04-01,Email,Anyone peace outside chance when color note add.,
INT000622,CUNQ001129,Support Ticket,2024-11-06,Email,Itself turn law purpose budget require course technology site explain management candidate.,ORD002574
INT000623,CUNQ001292,In-Person Meeting,2024-01-03,Phone,Outside yet executive quality industry impact certainly face.,
INT000624,CUNQ000576,In-Person Meeting,2023-08-26,Phone,Dog late eat old positive beat light the window.,ORD002183
INT000625,CUNQ001028,Phone Call,2023-02-13,Email,Rather require remain save eight believe arrive four dog traditional you.,ORD001969
INT000626,CUNQ001013,Chat,2024-02-02,Store,Remember special accept mean herself within provide car throughout American conference college manage.,ORD001976
INT000627,CUNQ000228,Email,2023-02-10,Web Chat,There car fish most center bring analysis campaign the strong.,
INT000628,CUNQ001986,Support Ticket,2024-10-10,Web Chat,Unit executive theory party seven enough fine throughout firm yes.,ORD002389
INT000629,CUNQ000159,Chat,2024-08-15,Marketplace App,New type PM key country approach consumer.,
INT000630,CUNQ000825,In-Person Meeting,2024-10-31,Store,Employee relationship job yet until American ground remember magazine manage suffer term.,ORD002802
INT000631,CUNQ000783,Email,2024-06-13,Web Chat,Glass data exist strong seek state none.,ORD000723
INT000632,CUNQ000143,Phone Call,2024-06-12,Store,Defense your above short Congress turn east marriage behind forget expect wonder business.,ORD002571
INT000633,CUNQ000482,Chat,2024-05-13,Store,Opportunity week student child ball store process law western order.,ORD001353
INT000634,CUNQ001799,Email,2024-05-28,Email,Forget analysis performance laugh water yourself.,
INT000635,CUNQ000267,Phone Call,2023-03-20,Marketplace App,Can tell soon executive sometimes season natural own begin effort drive side human.,ORD002282
INT000636,CUNQ000412,Phone Call,2023-06-03,Email,System clear single expect sell pressure.,
INT000637,CUNQ000197,Support Ticket,2023-05-02,Email,Fear song save TV tough page grow.,ORD000744
INT000638,CUNQ000288,Chat,2023-04-27,Store,Story mention majority those live none institution.,ORD001404
INT000639,CUNQ001933,In-Person Meeting,2023-08-04,Marketplace App,Specific pass its international American game less difference rather choice manager.,
INT000640,CUNQ001035,In-Person Meeting,2023-01-23,Email,Positive base life bad soon feel worker range feel eat into notice necessary true.,ORD001447
INT000641,CUNQ001188,Support Ticket,2024-08-29,Email,Blue interesting behind produce nothing effect effort bank me box product conference.,ORD000215
INT000642,CUNQ000564,Support Ticket,2023-02-10,Marketplace App,Successful and indicate region finish right serious last.,ORD000885
INT000643,CUNQ000360,Phone Call,2023-09-22,Email,Game truth special decision back word else pull its.,ORD002616
INT000644,CUNQ000498,In-Person Meeting,2024-09-05,Marketplace App,Accept bring commercial local reality than.,ORD000962
INT000645,CUNQ001216,Chat,2023-03-29,Email,Rise field spend pattern real white push source because career course staff receive.,
INT000646,CUNQ000429,In-Person Meeting,2024-05-08,Email,Teacher decide possible power job personal so course.,ORD000840
INT000647,CUNQ001785,In-Person Meeting,2024-09-07,Email,Show challenge instead bring total school knowledge machine after.,ORD001610
INT000648,CUNQ001336,Phone Call,2024-09-30,Marketplace App,One cut notice street anything account piece require woman support say.,
INT000649,CUNQ001173,Chat,2024-04-09,Marketplace App,Room yourself already hundred message right very toward test discussion art affect office.,ORD001581
INT000650,CUNQ001430,Phone Call,2024-01-23,Store,As throughout individual list manager voice get recently again explain court gas discussion.,ORD001290
INT000651,CUNQ001833,Email,2023-07-27,Marketplace App,Onto rate two table resource life third rich.,ORD002744
INT000652,CUNQ001365,Support Ticket,2024-12-01,Store,Where strategy pull same somebody son suddenly perform executive see.,
INT000653,CUNQ000287,Support Ticket,2023-04-09,Email,Can current paper beyond indeed year field decide another adult thing ground.,
INT000654,CUNQ001858,Support Ticket,2024-09-06,Phone,Company teacher me southern front box dinner no.,ORD002072
INT000655,CUNQ001615,Support Ticket,2024-05-30,Phone,Election future great another there environment character real middle prove relationship unit.,
INT000656,CUNQ001225,Phone Call,2024-09-09,Marketplace App,Sometimes while sense window sit participant teach big none medical cold.,ORD001905
INT000657,CUNQ001184,In-Person Meeting,2024-06-18,Store,That treat church factor kid media run.,
INT000658,CUNQ000154,Email,2024-12-15,Marketplace App,Child hair standard but dark wide shoulder.,ORD001723
INT000659,CUNQ000205,In-Person Meeting,2024-01-26,Web Chat,Early speak game measure be head.,ORD001775
INT000660,CUNQ000807,Support Ticket,2023-04-11,Store,Guess professor charge send instead direction soon including important learn system.,ORD001587
INT000661,CUNQ000422,In-Person Meeting,2023-08-27,Phone,Want kind show response military attorney full I sign its.,ORD002257
INT000662,CUNQ001671,Support Ticket,2024-02-23,Web Chat,Service produce political total around place require produce mind fast I.,ORD002836
INT000663,CUNQ001075,Email,2024-08-14,Marketplace App,Them return finish general still too particular chair identify popular thought person peace.,ORD000638
INT000664,CUNQ001303,Email,2024-01-20,Email,Recently thought sit identify culture feeling already free rise science call.,ORD000882
INT000665,CUNQ000364,Chat,2024-02-23,Web Chat,Exist behavior necessary miss serious civil agreement someone or drop similar risk.,
INT000666,CUNQ001842,In-Person Meeting,2024-10-29,Marketplace App,Book art health phone great answer prepare by fear say law work.,ORD001712
INT000667,CUNQ001557,Support Ticket,2024-03-09,Marketplace App,Not thus physical mouth other go expect size resource public research mind easy.,ORD001678
INT000668,CUNQ000964,Chat,2024-11-27,Store,Might court sing lawyer chair international include begin interesting candidate.,ORD001964
INT000669,CUNQ000153,In-Person Meeting,2024-07-19,Marketplace App,Land hard moment open million house enough material.,
INT000670,CUNQ000504,Chat,2024-07-26,Marketplace App,You ready way rule indicate clear media machine leader whose message.,ORD002485
INT000671,CUNQ001689,Chat,2024-08-14,Web Chat,Brother defense list second want hard weight own impact building occur American.,ORD001520
INT000672,CUNQ001699,In-Person Meeting,2023-05-22,Phone,Brother figure hear family agreement central six.,
INT000673,CUNQ000116,In-Person Meeting,2024-12-17,Email,Any thus threat democratic standard major business give that individual of.,
INT000674,CUNQ000970,Support Ticket,2024-02-15,Web Chat,Laugh full help strong street car catch PM seven project chance road become.,ORD001970
INT000675,CUNQ001875,Support Ticket,2024-12-14,Phone,Professor important do house must when three save position tend religious occur someone.,
INT000676,CUNQ001310,Email,2023-04-04,Email,Night buy nice court peace officer apply now country.,ORD000924
INT000677,CUNQ001903,Support Ticket,2024-03-21,Phone,Me affect probably mother while ever day stop stuff often be move.,ORD001101
INT000678,CUNQ000823,Phone Call,2024-01-15,Phone,I and technology age join increase teacher fish either boy.,ORD002488
INT000679,CUNQ001164,In-Person Meeting,2024-02-15,Marketplace App,My experience consumer shoulder child weight question.,
INT000680,CUNQ000448,Chat,2024-12-29,Marketplace App,Pass foot agree around hope floor.,
INT000681,CUNQ001331,Phone Call,2024-10-17,Store,Throw election walk tonight appear dream others door meet mean we.,ORD002063
INT000682,CUNQ000005,Phone Call,2024-11-03,Marketplace App,Art let imagine machine imagine do though especially white.,ORD002999
INT000683,CUNQ001771,Email,2024-09-05,Marketplace App,East never size fight image base player.,ORD002853
INT000684,CUNQ001711,Phone Call,2024-09-21,Email,Situation central music collection early weight which new.,ORD000520
INT000685,CUNQ001985,Chat,2023-09-02,Phone,A let stop eye will a.,
INT000686,CUNQ001995,Email,2023-10-10,Store,Event economy quite yourself successful defense subject example claim move attorney bed.,
INT000687,CUNQ001664,In-Person Meeting,2024-02-20,Marketplace App,Store rise your there decision measure soon.,ORD000638
INT000688,CUNQ000457,Email,2024-12-21,Phone,Play woman remain event production focus decision where foreign trial.,ORD002842
INT000689,CUNQ000448,Support Ticket,2023-10-19,Marketplace App,Position ability live top pull including time.,
INT000690,CUNQ000432,Chat,2023-12-22,Web Chat,Several Mrs skin power back all story public public good spend still.,
INT000691,CUNQ000696,Phone Call,2024-04-10,Store,Hit stuff speech worker by have cover act sea serve.,ORD001551
INT000692,CUNQ001566,Chat,2023-06-29,Store,Course staff personal space determine woman whose already manage region.,ORD000472
INT000693,CUNQ001090,Support Ticket,2023-03-16,Marketplace App,Decide cultural start how thank notice management necessary process not radio north assume.,ORD001107
INT000694,CUNQ001673,Email,2024-06-09,Web Chat,Second camera value talk thing rock ever.,ORD000130
INT000695,CUNQ001394,Support Ticket,2023-09-14,Store,Yeah realize mouth education nice law.,
INT000696,CUNQ000197,Support Ticket,2024-05-10,Email,Political wall appear voice item yet ever quite level guess service.,
INT000697,CUNQ000592,In-Person Meeting,2024-11-28,Store,Another truth mother first hot free they space.,
INT000698,CUNQ000668,Email,2024-05-08,Phone,Within interest avoid economic clearly financial personal benefit.,
INT000699,CUNQ000504,In-Person Meeting,2024-10-10,Email,It agency something various subject east list when strategy start mind door.,ORD002799
INT000700,CUNQ000409,Phone Call,2023-11-20,Store,Simply people shake personal often beat.,
INT000701,CUNQ000298,Support Ticket,2024-07-02,Phone,True help three really site artist.,
INT000702,CUNQ000177,Chat,2023-09-12,Web Chat,Area particularly it big argue appear sure I pay in ten.,
INT000703,CUNQ000612,Chat,2023-03-19,Marketplace App,Action himself somebody they people fund visit situation law foreign court bill organization.,ORD001860
INT000704,CUNQ001089,In-Person Meeting,2023-11-18,Web Chat,Or subject toward call meeting green.,
INT000705,CUNQ000755,Support Ticket,2023-10-03,Email,Right know during someone art find job where senior find those simply.,ORD002668
INT000706,CUNQ001693,Phone Call,2024-05-25,Email,Light owner fact wife military price certain.,
INT000707,CUNQ000827,Phone Call,2023-09-29,Email,Medical strong teach instead crime customer training size game.,ORD001442
INT000708,CUNQ000598,Phone Call,2024-09-25,Web Chat,Reason word outside former official white pattern industry class lawyer smile among.,ORD001871
INT000709,CUNQ001555,Email,2023-05-03,Phone,Turn police really level defense lose shoulder spring.,ORD002485
INT000710,CUNQ001474,In-Person Meeting,2024-09-20,Phone,Day contain wrong guy available air boy fact create one.,
INT000711,CUNQ001842,Support Ticket,2023-02-13,Store,Analysis ahead cup company those responsibility fund never condition again.,
INT000712,CUNQ001587,Chat,2024-05-19,Marketplace App,Treat again quality her skin book very figure drive.,ORD000323
INT000713,CUNQ001860,In-Person Meeting,2023-07-07,Marketplace App,Produce wait with young think there assume certain under some.,
INT000714,CUNQ000349,Phone Call,2024-08-13,Email,Mouth reason fish involve player TV several onto.,ORD001058
INT000715,CUNQ001935,In-Person Meeting,2024-05-04,Marketplace App,Family chance easy picture evidence call meet once major road six social.,ORD002932
INT000716,CUNQ000318,Chat,2024-02-08,Email,Ask meet seem population meeting material less focus hear reason resource manager environmental.,ORD001939
INT000717,CUNQ001161,Email,2024-12-16,Marketplace App,Point so power debate thus later doctor despite interesting help church.,ORD001076
INT000718,CUNQ001303,Email,2023-01-13,Email,Effort be seem far million discover American mention from later.,ORD000052
INT000719,CUNQ001821,Email,2023-11-30,Web Chat,Important source first him conference doctor population grow bar successful mention.,ORD002895
INT000720,CUNQ000143,Chat,2023-07-11,Marketplace App,Skill unit better author although customer cultural.,
INT000721,CUNQ000985,Chat,2024-04-27,Marketplace App,Economic seat shoulder suddenly course page case talk respond myself.,ORD002174
INT000722,CUNQ001567,Phone Call,2024-05-25,Store,Across federal state situation identify if oil pretty line.,ORD002098
INT000723,CUNQ001969,Chat,2024-01-09,Store,Writer week tend dinner rich decide do only need light sport future.,ORD001964
INT000724,CUNQ000972,Phone Call,2024-08-08,Email,Fine could show recently decide last next.,ORD000484
INT000725,CUNQ001452,Phone Call,2023-04-13,Web Chat,Catch them figure scene matter probably great different international sell.,
INT000726,CUNQ000487,Support Ticket,2024-03-18,Store,Federal only nothing allow cause with yes nothing sometimes trial off hospital.,
INT000727,CUNQ001918,Phone Call,2024-04-29,Phone,Daughter hospital move could board notice later thus behavior bit.,ORD002749
INT000728,CUNQ000824,In-Person Meeting,2023-05-18,Marketplace App,Concern step owner agree current treat history day fact modern lawyer happy action.,ORD001392
INT000729,CUNQ001492,Chat,2024-05-13,Web Chat,Teacher improve church book movie long attention western tend candidate.,ORD002821
INT000730,CUNQ001985,Support Ticket,2023-02-18,Store,Finally stand professor city offer financial data respond.,ORD000256
INT000731,CUNQ000058,Phone Call,2023-03-03,Email,Every account central ask human space moment travel these least office.,ORD000073
INT000732,CUNQ000555,In-Person Meeting,2024-10-06,Phone,Explain thing lead red Republican father party.,
INT000733,CUNQ000574,Chat,2023-09-24,Web Chat,Indeed conference pay it his probably recognize believe.,ORD000810
INT000734,CUNQ000044,Support Ticket,2023-09-21,Web Chat,Dream that event physical factor trouble.,ORD002558
INT000735,CUNQ000557,Email,2023-12-26,Marketplace App,Training in seven building hard sense mean single.,ORD000711
INT000736,CUNQ000931,Support Ticket,2024-10-27,Marketplace App,Late education media left available reason see high second talk however.,ORD001329
INT000737,CUNQ001582,Chat,2023-12-30,Web Chat,Economy remember carry prove less leave.,ORD001679
INT000738,CUNQ001783,In-Person Meeting,2024-04-02,Phone,Nature drug wear cell star success color.,
INT000739,CUNQ001788,Chat,2024-04-19,Email,Parent concern buy scientist collection provide.,ORD000112
INT000740,CUNQ001478,Chat,2024-03-07,Marketplace App,Quality child group describe alone push.,
INT000741,CUNQ000126,Email,2023-03-23,Email,Kind answer play mission production process bill real.,ORD000949
INT000742,CUNQ000190,Chat,2023-11-21,Web Chat,Appear above significant short up hear draw before instead writer front.,ORD002046
INT000743,CUNQ000120,Support Ticket,2024-10-22,Store,Quite as when benefit structure professional right analysis.,
INT000744,CUNQ000540,In-Person Meeting,2024-01-07,Marketplace App,Blue force no couple debate must voice building degree ground community I.,ORD000149
INT000745,CUNQ000605,In-Person Meeting,2024-02-28,Email,Activity defense detail price everything perhaps analysis those in should.,ORD000995
INT000746,CUNQ000111,Email,2023-05-09,Email,Work big movie wrong sure commercial where outside wonder recent question win.,ORD000700
INT000747,CUNQ001426,Email,2023-08-04,Email,Forward play this fish surface lot friend.,
INT000748,CUNQ001946,Email,2023-03-07,Store,Treatment large memory score me relate actually again serve buy door investment during.,ORD002777
INT000749,CUNQ001298,Email,2024-02-11,Marketplace App,Art hear father charge daughter also type.,ORD002135
INT000750,CUNQ000487,Email,2023-04-17,Web Chat,Write kitchen theory care fish skin always social increase spend seek director run.,
INT000751,CUNQ000714,Email,2024-11-01,Store,Drug much trade professor eat reach rest part high focus.,
INT000752,CUNQ001877,Phone Call,2023-10-18,Store,Picture ask man west appear yeah voice by community nature somebody.,ORD001583
INT000753,CUNQ001822,Phone Call,2024-06-23,Email,Door back right find return each computer eat.,
INT000754,CUNQ001623,Chat,2023-11-30,Store,Office whose cut television loss week growth help likely.,ORD002189
INT000755,CUNQ000581,Support Ticket,2023-10-06,Marketplace App,Measure same set standard soldier after high take serve TV organization.,ORD001421
INT000756,CUNQ001606,Support Ticket,2023-07-01,Marketplace App,Need compare herself figure exist no lose.,ORD000927
INT000757,CUNQ001453,Support Ticket,2024-03-21,Marketplace App,Carry light choice couple actually may rise man understand wait.,ORD000713
INT000758,CUNQ001454,Support Ticket,2023-11-14,Web Chat,Himself film would author those yeah buy usually class several.,
INT000759,CUNQ000686,Phone Call,2023-04-02,Store,Side seem give remember play happy around history interest.,ORD001995
INT000760,CUNQ000272,In-Person Meeting,2023-09-24,Email,Drug alone spend piece put recently population end lay.,ORD000497
INT000761,CUNQ001974,Email,2024-06-19,Email,Effect own weight success activity side popular.,ORD002112
INT000762,CUNQ000904,In-Person Meeting,2024-07-01,Phone,Huge only too million country institution stop education few whose.,ORD000921
INT000763,CUNQ001701,In-Person Meeting,2024-05-03,Web Chat,Only safe sell under thank body of something sport especially.,
INT000764,CUNQ000623,In-Person Meeting,2023-10-27,Marketplace App,Us huge final would staff ability attorney recent.,ORD002226
INT000765,CUNQ000191,Email,2024-07-15,Web Chat,Indicate explain issue computer control care main me book note defense cut.,ORD002776
INT000766,CUNQ000438,Support Ticket,2024-03-23,Store,Speak court work the key tree body player.,ORD001655
INT000767,CUNQ001023,In-Person Meeting,2024-01-23,Email,Fall help everybody garden one long pull.,ORD001554
INT000768,CUNQ001203,In-Person Meeting,2024-10-02,Email,Act entire western program smile among decision.,ORD000738
INT000769,CUNQ001649,Support Ticket,2024-12-11,Web Chat,Heart mind while entire magazine series.,ORD001745
INT000770,CUNQ001374,Support Ticket,2023-10-03,Store,Investment he three yourself stage wait professor her arm green form beyond lead.,ORD001522
INT000771,CUNQ000318,Email,2023-07-06,Email,Rise thousand catch own than evidence recognize spring happy peace probably.,ORD002435
INT000772,CUNQ000919,In-Person Meeting,2024-09-24,Store,Method produce about point walk focus plant them wide save question do.,ORD002117
INT000773,CUNQ000917,Support Ticket,2024-05-18,Email,Hundred partner bank into use us would tax toward safe family crime.,ORD000338
INT000774,CUNQ000047,Phone Call,2023-02-20,Marketplace App,Thank then size respond all marriage beautiful.,ORD002696
INT000775,CUNQ000319,Email,2023-10-16,Web Chat,Would level to western lot music during color want record black year ahead.,ORD001830
INT000776,CUNQ000273,In-Person Meeting,2023-01-09,Email,Total short detail election live today but career movement rise.,ORD000935
INT000777,CUNQ000593,Email,2024-05-20,Email,Somebody four difference office under ask gas.,ORD000829
INT000778,CUNQ001552,Chat,2024-05-25,Web Chat,President size whom join do else fact born future or.,ORD001554
INT000779,CUNQ001703,Email,2023-12-05,Phone,Seat break happy table west officer ability artist.,ORD001146
INT000780,CUNQ001293,Phone Call,2023-02-27,Web Chat,Couple hold interest side something value call professional opportunity blood across system.,
INT000781,CUNQ001740,Email,2024-07-10,Store,Certain wall student matter lay own certainly program soon reflect.,
INT000782,CUNQ000830,Chat,2024-01-26,Phone,Floor maybe read event summer off piece democratic factor whom arrive special check.,ORD002655
INT000783,CUNQ000922,Phone Call,2024-01-30,Store,Summer various different save type simply task road.,ORD002578
INT000784,CUNQ000976,Email,2023-07-23,Store,Worker process summer yard nature front question wrong serious.,ORD002462
INT000785,CUNQ001940,Email,2024-06-17,Email,Author risk executive type red nature best food social tend approach.,
INT000786,CUNQ000964,Chat,2023-11-27,Email,Leader clear case receive fact certain design security same.,ORD000910
INT000787,CUNQ000288,Email,2024-07-16,Marketplace App,Gun task big size teach heavy.,
INT000788,CUNQ001788,In-Person Meeting,2024-10-15,Web Chat,Quickly collection argue green listen war bring middle full its chance.,ORD002588
INT000789,CUNQ000935,Email,2024-11-13,Email,Each budget however few other common seat simply yard provide bed.,ORD001928
INT000790,CUNQ001426,Phone Call,2024-10-10,Store,Ten practice every president happen build bar majority protect meeting age.,
INT000791,CUNQ000343,Phone Call,2023-10-10,Marketplace App,Would look really behind or himself yourself reflect fear by foot research television.,ORD000037
INT000792,CUNQ000952,Phone Call,2023-01-10,Phone,Continue spend after new movie speech major million once research so buy.,ORD000863
INT000793,CUNQ000979,In-Person Meeting,2024-12-05,Marketplace App,Whole today Congress out conference never song but.,ORD002189
INT000794,CUNQ001852,Email,2023-09-12,Email,Offer present because either send be by.,ORD002834
INT000795,CUNQ001062,Support Ticket,2023-12-13,Phone,Hair name institution war a feel watch mind situation.,ORD000272
INT000796,CUNQ001795,Phone Call,2024-12-19,Marketplace App,Knowledge officer reason mission worry goal Mrs decide between standard down could.,ORD002073
INT000797,CUNQ001632,Phone Call,2024-05-14,Email,Task Democrat care need option everyone rock instead near.,
INT000798,CUNQ001754,Support Ticket,2024-10-22,Web Chat,High tough hundred bar effect international reason movie audience.,ORD002982
INT000799,CUNQ001056,In-Person Meeting,2023-07-17,Phone,Yet recent cover head price star painting information child.,
INT000800,CUNQ001845,Chat,2023-05-18,Web Chat,Her who easy establish mother range image forget become training sing.,
INT000801,CUNQ000852,In-Person Meeting,2024-12-24,Store,Than difficult act help why her bit.,
INT000802,CUNQ001639,Support Ticket,2024-12-14,Store,Compare rock fill start majority more red.,ORD001099
INT000803,CUNQ001369,Phone Call,2024-07-10,Web Chat,Necessary parent to color water hope generation scientist whose.,ORD000385
INT000804,CUNQ001821,In-Person Meeting,2023-10-09,Marketplace App,Necessary think I or else rather require price central nothing environment truth.,ORD001994
INT000805,CUNQ001433,Support Ticket,2023-06-14,Phone,Religious eat participant religious consumer worry sometimes maybe every into.,
INT000806,CUNQ001668,In-Person Meeting,2023-10-30,Web Chat,Figure teach water image fine bed bag role.,ORD002112
INT000807,CUNQ001001,In-Person Meeting,2023-01-01,Marketplace App,Close arm sea never manage them while.,ORD002103
INT000808,CUNQ001245,Phone Call,2023-01-20,Marketplace App,Quality usually carry marriage rate quality mother by add couple story.,ORD002834
INT000809,CUNQ000280,Support Ticket,2023-09-02,Web Chat,Research reflect see each school week.,
INT000810,CUNQ001666,Support Ticket,2024-02-01,Email,Range amount large collection us shake tough company happen card government anything.,
INT000811,CUNQ000993,In-Person Meeting,2024-07-18,Email,Here health both trial economic much short brother federal family defense scene.,ORD000109
INT000812,CUNQ000380,Chat,2024-02-24,Web Chat,Hour type upon where middle throw very throughout summer arm accept leave fear.,
INT000813,CUNQ001471,Support Ticket,2024-11-05,Phone,Accept three control great big man be.,ORD000732
INT000814,CUNQ001372,Phone Call,2023-07-02,Phone,Together improve tree according show economic likely hear hair throughout movie especially.,ORD000762
INT000815,CUNQ001381,In-Person Meeting,2023-07-16,Phone,Prevent keep cause section accept third remember book expect card inside.,ORD001352
INT000816,CUNQ001602,In-Person Meeting,2024-11-04,Store,Too civil current look professor entire inside nearly son research.,ORD000869
INT000817,CUNQ000154,Support Ticket,2023-09-20,Phone,Seem sister hundred rise score stay capital whatever society call.,ORD002233
INT000818,CUNQ001950,Support Ticket,2023-03-14,Phone,Matter should door question garden with scene its face magazine.,ORD001079
INT000819,CUNQ000478,Phone Call,2024-11-02,Store,Easy check memory economic short ten yes easy star cup relationship.,
INT000820,CUNQ000655,Email,2024-04-24,Phone,Red maybe Congress yeah option play director.,
INT000821,CUNQ000227,In-Person Meeting,2024-01-13,Phone,Husband event court certainly adult current ten.,ORD002053
INT000822,CUNQ000253,Chat,2024-06-25,Phone,Imagine fill plan discuss from look member popular fight especially.,
INT000823,CUNQ001667,Chat,2023-03-21,Email,Wall represent east time consider a produce focus experience.,
INT000824,CUNQ000298,Email,2023-04-14,Email,Training beyond continue way hair fight best add necessary.,
INT000825,CUNQ000589,Phone Call,2023-07-17,Marketplace App,Former scientist guess single more he practice.,ORD000273
INT000826,CUNQ000396,Support Ticket,2024-10-02,Email,Once beautiful blood picture own American why this.,
INT000827,CUNQ001597,Support Ticket,2024-03-01,Phone,Cover knowledge better walk people feeling listen set.,ORD002492
INT000828,CUNQ000735,Support Ticket,2024-01-02,Store,Result analysis court nearly education theory table trade window thus large response.,
INT000829,CUNQ000124,In-Person Meeting,2023-04-17,Email,Attack industry use mean against out recent can animal not some.,
INT000830,CUNQ000068,Support Ticket,2024-02-16,Marketplace App,Scientist however range that will close seek his.,
INT000831,CUNQ001632,Phone Call,2024-06-30,Marketplace App,Husband even contain civil design recent these so lay remain.,ORD000536
INT000832,CUNQ001348,Chat,2023-11-19,Marketplace App,Else system fast environmental budget difference move factor policy walk everyone card.,ORD000472
INT000833,CUNQ000349,Chat,2024-01-16,Store,Politics eat statement movement ability girl.,
INT000834,CUNQ000264,In-Person Meeting,2023-11-28,Marketplace App,Win foot watch this enough card together far world personal action green room.,
INT000835,CUNQ001768,Support Ticket,2023-08-08,Store,Computer will Mr without sing sister blood second high.,ORD002131
INT000836,CUNQ001413,Chat,2024-01-04,Store,Thank plant nearly stage determine environmental ok space send.,
INT000837,CUNQ000266,In-Person Meeting,2023-01-01,Phone,Land role its chance look many least.,ORD001439
INT000838,CUNQ000762,Support Ticket,2023-01-17,Marketplace App,Country make role positive again clear concern hour.,
INT000839,CUNQ001821,Chat,2023-01-07,Web Chat,Could century interview lawyer population I right case seek activity between himself body.,ORD002743
INT000840,CUNQ001217,Phone Call,2023-11-19,Phone,Shake popular analysis eat base central.,
INT000841,CUNQ000717,Chat,2024-07-20,Marketplace App,Outside society act social my stand system be cause service throughout spring film look.,
INT000842,CUNQ001019,Support Ticket,2023-06-08,Phone,Argue reality physical but stay bill father memory student.,ORD000653
INT000843,CUNQ000414,Chat,2023-06-09,Email,Ability difference dinner history government expert TV.,ORD001272
INT000844,CUNQ001023,Support Ticket,2023-09-13,Email,Rather resource top man yard different what example baby free.,ORD000637
INT000845,CUNQ000471,Chat,2023-04-05,Marketplace App,Type turn time page concern most outside quickly change project.,ORD000594
INT000846,CUNQ001536,Phone Call,2023-03-21,Web Chat,Person expert then even material hard enter trade sometimes.,ORD000373
INT000847,CUNQ000109,Phone Call,2024-05-14,Marketplace App,Technology within sing chair challenge land.,
INT000848,CUNQ000073,Email,2024-09-01,Web Chat,Spring both into risk certain follow camera should good management loss win.,
INT000849,CUNQ001941,Support Ticket,2024-01-26,Phone,Soldier four soon president early industry market move mouth start his ok instead.,ORD002716
INT000850,CUNQ000143,Chat,2023-12-23,Store,Since specific despite beautiful gun data sure gun listen card body treat guess.,
INT000851,CUNQ001504,Email,2023-08-21,Marketplace App,Far century table will tree drug still.,ORD000414
INT000852,CUNQ001689,In-Person Meeting,2023-02-25,Web Chat,Section bring receive central run receive.,
INT000853,CUNQ000314,Chat,2024-07-06,Marketplace App,He reduce production available study that air half bad baby notice.,ORD002401
INT000854,CUNQ000701,Support Ticket,2024-12-15,Email,Change consumer sea security recognize federal in front sit receive expert.,ORD002250
INT000855,CUNQ000965,In-Person Meeting,2024-04-01,Marketplace App,Art politics page community civil how interest.,ORD002520
INT000856,CUNQ001206,Email,2023-08-16,Store,Never stop try maybe remember interest church win miss within by.,ORD001670
INT000857,CUNQ000736,In-Person Meeting,2023-06-01,Email,Hundred argue hot state wish painting baby realize.,ORD002699
INT000858,CUNQ000192,In-Person Meeting,2024-08-08,Phone,Finish politics still close sound position crime board back owner suggest agreement.,ORD000462
INT000859,CUNQ001598,Chat,2023-03-29,Store,Clear blood deep action travel could cut upon drive.,ORD001839
INT000860,CUNQ000706,Phone Call,2023-05-19,Store,With north nor so animal fire want.,ORD001774
INT000861,CUNQ000458,In-Person Meeting,2024-02-09,Marketplace App,Wonder seem when matter fire hospital.,ORD001396
INT000862,CUNQ000021,Support Ticket,2024-06-20,Email,Wind reflect best imagine scientist big space change onto him.,ORD000372
INT000863,CUNQ001353,Chat,2024-03-16,Web Chat,Than also claim radio bad personal well discuss democratic race cell responsibility year.,ORD000997
INT000864,CUNQ001386,Support Ticket,2023-04-02,Phone,Might rock prepare us game size fund growth task issue three similar.,
INT000865,CUNQ001550,In-Person Meeting,2024-01-10,Web Chat,Dream young parent when note yes best address short finally.,
INT000866,CUNQ001756,Chat,2024-08-31,Phone,Material lawyer college fast attention office government.,ORD002031
INT000867,CUNQ000573,Phone Call,2023-12-25,Marketplace App,Condition sign election list eight theory.,
INT000868,CUNQ000193,In-Person Meeting,2024-09-30,Email,Vote will major guy expert important people.,
INT000869,CUNQ001478,Phone Call,2023-07-24,Web Chat,Kid mention person finish base including late.,ORD001276
INT000870,CUNQ001374,Email,2023-04-26,Phone,Per popular scientist each start account.,ORD001280
INT000871,CUNQ000922,Support Ticket,2023-06-01,Web Chat,Fact citizen human authority hold left behavior.,ORD000621
INT000872,CUNQ000351,Email,2023-11-09,Store,Life movement stand board Congress board where however item husband ask.,ORD000050
INT000873,CUNQ001781,Chat,2023-08-03,Marketplace App,You main reduce live everything although choose like policy floor.,ORD002772
INT000874,CUNQ000481,Support Ticket,2024-06-19,Web Chat,Write similar artist speak smile without.,ORD000278
INT000875,CUNQ000107,Support Ticket,2023-05-25,Phone,Approach test well raise establish player base attorney.,ORD001193
INT000876,CUNQ001541,Support Ticket,2023-02-14,Web Chat,Bank them later information degree throw contain approach time investment white.,ORD001792
INT000877,CUNQ000763,Chat,2023-07-25,Marketplace App,Clearly glass industry little read claim recent great realize.,ORD002090
INT000878,CUNQ000883,In-Person Meeting,2024-11-01,Phone,Statement night throw cup reveal official certain professional statement same.,ORD000104
INT000879,CUNQ001972,Chat,2024-11-09,Web Chat,Add to value material first society purpose enjoy reveal write.,ORD000014
INT000880,CUNQ001150,Email,2023-10-27,Store,Plant police official already second could recent.,
INT000881,CUNQ001466,In-Person Meeting,2024-06-04,Phone,Over democratic decide course quickly western have hair.,ORD000083
INT000882,CUNQ001464,In-Person Meeting,2024-09-03,Marketplace App,To maybe test record power lay improve goal my.,
INT000883,CUNQ001655,Phone Call,2024-05-27,Store,Wind from unit learn health need class job expect process quite plant.,ORD001626
INT000884,CUNQ000954,Email,2023-02-10,Email,Visit town between because student bed administration usually billion seek perhaps name plant.,ORD001124
INT000885,CUNQ001076,Chat,2023-12-08,Store,Ok allow face inside development lawyer high crime light buy whose trial.,
INT000886,CUNQ000235,Phone Call,2023-01-19,Web Chat,Traditional population six how vote site medical environment probably film total.,ORD001807
INT000887,CUNQ000809,Chat,2024-10-02,Web Chat,Pull above training allow ago so subject million scientist fish color.,
INT000888,CUNQ001540,Support Ticket,2023-10-10,Phone,Year drop wind cover popular stock soon official can player within community tough.,ORD001624
INT000889,CUNQ000029,In-Person Meeting,2023-01-31,Marketplace App,Citizen discuss report call brother officer hot several true study city follow.,
INT000890,CUNQ001617,Phone Call,2023-06-05,Web Chat,Behavior join pick order agreement remain turn.,
INT000891,CUNQ001035,Phone Call,2023-03-31,Store,Occur agent safe work play sing cost.,
INT000892,CUNQ001477,Support Ticket,2024-10-02,Email,Father movement early sister skill side process ever.,ORD001702
INT000893,CUNQ000648,Support Ticket,2023-06-06,Store,Physical point often billion learn other blood.,ORD002410
INT000894,CUNQ001738,Support Ticket,2023-12-04,Store,Energy Congress back suddenly tree debate beyond somebody including.,
INT000895,CUNQ001268,Phone Call,2024-10-30,Email,Where baby reach heart finish traditional speak conference act condition note parent.,ORD002293
INT000896,CUNQ001403,Phone Call,2023-05-22,Web Chat,Bring garden get yet outside above.,ORD000257
INT000897,CUNQ000957,Support Ticket,2023-05-19,Store,Score unit cover ahead age memory charge term boy describe foreign detail.,
INT000898,CUNQ000824,Phone Call,2024-11-02,Marketplace App,Environment loss well give necessary family seat.,
INT000899,CUNQ000399,Chat,2023-03-11,Marketplace App,Job watch two economic cup suffer response which bill soldier onto close.,
INT000900,CUNQ001843,Email,2023-07-08,Web Chat,West maintain third interest section staff performance parent.,ORD002951
INT000901,CUNQ001191,Phone Call,2023-01-31,Web Chat,Current good today standard last threat when education important page theory.,
INT000902,CUNQ001863,In-Person Meeting,2024-02-26,Web Chat,Good air conference follow so group authority prevent head single business five.,
INT000903,CUNQ001313,Chat,2023-06-05,Email,Response degree nothing focus discussion at.,ORD000056
INT000904,CUNQ000865,Phone Call,2023-01-27,Marketplace App,Own money bill everyone part third teacher avoid throughout.,ORD002809
INT000905,CUNQ001277,Support Ticket,2024-08-03,Marketplace App,Radio itself spend cup anyone management another ever budget laugh over.,
INT000906,CUNQ000622,Phone Call,2023-08-25,Phone,Him office expect popular task write treatment expect success idea time truth although.,ORD001360
INT000907,CUNQ000548,In-Person Meeting,2023-05-18,Marketplace App,Attorney believe sort rich ever send.,ORD001930
INT000908,CUNQ000871,In-Person Meeting,2024-12-30,Web Chat,Bag simple management another fear worker management political treat successful visit.,
INT000909,CUNQ001265,In-Person Meeting,2024-05-18,Store,Ahead answer action black follow reach job.,ORD001523
INT000910,CUNQ000778,Phone Call,2023-08-20,Phone,Because right speech staff Mr above read appear.,ORD000787
INT000911,CUNQ001027,Email,2023-10-04,Store,Book water avoid forget partner speech.,ORD000385
INT000912,CUNQ001376,Phone Call,2023-07-29,Phone,Recognize understand on build floor challenge once sure time.,ORD000634
INT000913,CUNQ001425,In-Person Meeting,2024-09-23,Store,Property miss drive long majority exactly significant lot begin she represent.,ORD000108
INT000914,CUNQ001354,In-Person Meeting,2023-09-10,Store,Next their process same day back will art actually democratic.,
INT000915,CUNQ001668,Email,2024-09-14,Store,Could bit decade opportunity month teach set find law child.,ORD000829
INT000916,CUNQ001615,In-Person Meeting,2024-09-18,Marketplace App,Black candidate true history laugh per data hundred attention institution rather week.,
INT000917,CUNQ001830,Support Ticket,2024-10-18,Phone,Possible challenge then seat drive thus cost agreement product laugh enter until base.,ORD000469
INT000918,CUNQ000999,In-Person Meeting,2024-04-12,Phone,Deep however issue free kid have any him up create country.,ORD002033
INT000919,CUNQ001517,Phone Call,2024-06-15,Marketplace App,Order morning management item race position where detail.,
INT000920,CUNQ000939,Email,2024-07-25,Store,Time offer draw mother every third.,ORD000016
INT000921,CUNQ000566,Email,2023-07-14,Web Chat,Hot big safe they environmental day size girl explain others safe.,ORD002592
INT000922,CUNQ001127,Chat,2023-10-20,Store,Continue traditional performance school system reach color.,ORD000742
INT000923,CUNQ000891,Chat,2024-09-19,Phone,Coach forward lay while program into.,ORD000830
INT000924,CUNQ001341,Phone Call,2024-04-19,Store,Concern enough baby quickly table order.,
INT000925,CUNQ001392,Support Ticket,2023-04-26,Email,On major easy body standard note wrong structure moment cold chair behind.,ORD000176
INT000926,CUNQ001154,Support Ticket,2023-05-19,Store,Sound friend make go nation professional effect learn still.,
INT000927,CUNQ001236,In-Person Meeting,2023-01-26,Email,Report through simple tax total other both rate rock.,ORD002026
INT000928,CUNQ001291,Phone Call,2024-04-10,Phone,Challenge improve detail yes ground all.,ORD002750
INT000929,CUNQ000694,Phone Call,2023-05-07,Phone,Scientist wind grow season create western police whole theory quickly tonight last when.,ORD002635
INT000930,CUNQ000065,In-Person Meeting,2024-10-11,Web Chat,Company travel give former operation war everybody course often reduce street but.,ORD002629
INT000931,CUNQ001467,In-Person Meeting,2024-06-07,Marketplace App,Note society get body across until chair race model face newspaper.,ORD002951
INT000932,CUNQ000649,In-Person Meeting,2024-07-17,Store,Field explain son administration American executive or apply.,
INT000933,CUNQ000847,Phone Call,2023-12-10,Marketplace App,Above good street anyone case these size maybe when.,ORD000137
INT000934,CUNQ000862,Phone Call,2023-06-16,Email,Choice beat establish you culture one ball despite list great speech PM institution.,
INT000935,CUNQ000208,Email,2024-03-05,Web Chat,Throw turn others community job then source.,ORD001825
INT000936,CUNQ000026,In-Person Meeting,2023-10-23,Email,Raise current career never feeling beat note.,ORD001480
INT000937,CUNQ000781,Phone Call,2023-07-27,Phone,Leave contain site street benefit money reason mean rate group government level which leave.,ORD000321
INT000938,CUNQ001032,Chat,2023-01-13,Store,Ago short because cell trade skill oil health per tonight there apply suddenly.,
INT000939,CUNQ000704,In-Person Meeting,2024-07-10,Phone,Idea accept space themselves least approach area.,ORD002818
INT000940,CUNQ000564,In-Person Meeting,2023-09-01,Email,Four best fact loss former article science.,
INT000941,CUNQ001448,In-Person Meeting,2024-04-09,Store,School apply day century science manager difference put system feeling financial writer.,ORD000601
INT000942,CUNQ001626,Support Ticket,2024-09-06,Phone,South perhaps customer attack check they.,ORD001722
INT000943,CUNQ000802,Support Ticket,2023-10-12,Marketplace App,Best daughter listen strategy kitchen argue business identify work star success national.,ORD002299
INT000944,CUNQ001006,Phone Call,2023-02-20,Email,Race teacher pay it player continue stand price color score national live face.,
INT000945,CUNQ001358,Chat,2023-02-07,Email,Where manage property hospital recently blue indicate.,ORD002167
INT000946,CUNQ000096,Support Ticket,2024-09-09,Web Chat,Challenge exist build hope oil alone practice price know traditional great.,
INT000947,CUNQ001997,Email,2023-02-20,Phone,Life rich everybody word group task me.,ORD001368
INT000948,CUNQ001583,Phone Call,2023-06-15,Web Chat,Total modern message company charge pretty none least teach cause.,ORD001680
INT000949,CUNQ001331,Support Ticket,2024-08-09,Marketplace App,Type attention stuff low while paper Congress remain medical.,
INT000950,CUNQ000238,In-Person Meeting,2024-08-15,Web Chat,Else recently open oil once stop attack ahead run discuss professor material.,ORD001093
INT000951,CUNQ001195,Email,2023-11-03,Web Chat,Food discuss sign true somebody black thing rock himself wind two artist.,
INT000952,CUNQ000498,In-Person Meeting,2023-03-11,Store,Boy suggest authority shake paper subject type fly recognize.,ORD001438
INT000953,CUNQ000475,Email,2023-10-27,Store,Card PM news cultural make quickly different score its more.,
INT000954,CUNQ001176,Chat,2023-12-04,Marketplace App,Beat agency where benefit almost cell accept similar.,ORD001141
INT000955,CUNQ000585,Phone Call,2024-12-13,Email,National author continue role treat politics many strategy now list goal peace next.,ORD000684
INT000956,CUNQ001200,Email,2024-08-08,Marketplace App,Soon keep personal them notice camera military.,
INT000957,CUNQ000169,In-Person Meeting,2024-12-06,Marketplace App,Brother discover own former difference wait two.,
INT000958,CUNQ001074,Chat,2024-03-13,Marketplace App,Hospital group their citizen explain move drop military particularly.,
INT000959,CUNQ001668,Chat,2024-06-22,Marketplace App,Human arm recently book likely true enjoy air full.,
INT000960,CUNQ000144,Chat,2023-05-13,Marketplace App,Customer thousand arrive daughter stage form serious treatment artist.,
INT000961,CUNQ000901,Support Ticket,2024-10-09,Store,Authority way toward reflect she along wonder wear our partner ball necessary.,ORD002476
INT000962,CUNQ000860,Phone Call,2024-09-16,Email,Establish among along medical practice it field.,ORD002557
INT000963,CUNQ000595,Phone Call,2023-01-02,Phone,Again area similar specific move team radio scene.,
INT000964,CUNQ000826,Email,2023-08-01,Marketplace App,Lot hit help by red near break brother past tough goal gas truth.,ORD002803
INT000965,CUNQ001389,In-Person Meeting,2023-02-16,Web Chat,Discussion open dinner section thousand soldier nothing yard address.,
INT000966,CUNQ001537,Phone Call,2023-01-12,Email,Spend baby camera Congress analysis glass pretty each factor.,ORD002507
INT000967,CUNQ001774,Chat,2023-03-11,Web Chat,Huge price prevent baby voice day relate spend today teach kitchen few happen.,
INT000968,CUNQ000556,Support Ticket,2023-11-28,Phone,Fall president money environment recently me approach too relationship perform evidence data case.,ORD002130
INT000969,CUNQ000445,Chat,2023-12-16,Store,Discover score decision head staff center within recognize practice law box material.,ORD001265
INT000970,CUNQ000674,Support Ticket,2023-01-30,Email,Establish open feel whole arrive take.,
INT000971,CUNQ001286,Chat,2024-11-19,Store,Manager television his and day continue issue appear figure must.,ORD002766
INT000972,CUNQ000171,Email,2024-10-23,Email,Visit travel senior from stock energy send describe agree rise.,
INT000973,CUNQ001760,In-Person Meeting,2024-07-03,Web Chat,Its into role save arm body hold return question teach visit less occur.,ORD000013
INT000974,CUNQ001929,In-Person Meeting,2023-02-27,Marketplace App,Shoulder employee whether level yeah draw traditional exactly radio ever your side fast.,ORD002243
INT000975,CUNQ000778,Chat,2024-07-22,Marketplace App,House past gun process site special part buy nothing fly enough condition leg.,ORD001222
INT000976,CUNQ000823,Support Ticket,2024-12-02,Web Chat,Across already grow point news impact often bag today necessary well.,ORD001405
INT000977,CUNQ001790,Chat,2023-03-09,Email,Conference she everybody than camera piece chair peace anyone boy although.,
INT000978,CUNQ001534,Email,2023-12-14,Store,Team oil among response article research else either question tax government responsibility.,ORD001743
INT000979,CUNQ001983,Phone Call,2024-08-07,Marketplace App,Doctor board medical both back daughter now stop race author interview executive agency.,
INT000980,CUNQ001211,Support Ticket,2023-04-30,Web Chat,Small friend impact present likely wind perform civil and us treatment agent participant.,ORD001990
INT000981,CUNQ001315,Chat,2024-12-27,Phone,Member sit meet ok general Democrat store allow risk high.,
INT000982,CUNQ001274,Email,2024-05-23,Email,Western when yeah not young piece safe.,ORD001429
INT000983,CUNQ000057,Chat,2023-08-10,Marketplace App,Run summer month anything line modern kid especially structure fall during during.,ORD001976
INT000984,CUNQ001532,Email,2024-01-19,Phone,Discuss fire win realize knowledge whatever improve bag night baby.,ORD000875
INT000985,CUNQ000130,Email,2024-03-30,Marketplace App,President painting large industry notice step by Mrs simply imagine.,
INT000986,CUNQ000166,In-Person Meeting,2024-05-27,Email,Program painting somebody game brother impact measure chance management thing cup conference law.,ORD002616
INT000987,CUNQ000402,In-Person Meeting,2024-06-20,Web Chat,Building enjoy never us sea call alone issue.,ORD002015
INT000988,CUNQ000150,Phone Call,2023-04-11,Marketplace App,Wrong car term truth toward great I news.,
INT000989,CUNQ001826,Phone Call,2023-07-30,Phone,Budget today together option pattern yes and school great.,
INT000990,CUNQ000324,Support Ticket,2023-04-29,Phone,Treat piece scientist job serious record safe rich operation star meeting.,ORD001583
INT000991,CUNQ001076,Email,2024-12-04,Marketplace App,Time order have power here just meet.,ORD002202
INT000992,CUNQ001448,Chat,2024-04-23,Phone,Evidence significant discussion manage answer military modern meet up expect himself serious well.,
INT000993,CUNQ000380,Chat,2023-01-24,Marketplace App,Sport same writer decision mind offer.,ORD002280
INT000994,CUNQ001339,Phone Call,2023-11-25,Email,Fire girl close explain main difference college voice else paper blood discuss everything.,
INT000995,CUNQ001197,Chat,2024-06-29,Web Chat,Deal stuff senior agree total whether music.,ORD001879
INT000996,CUNQ000671,Email,2023-10-07,Email,According strategy ago data walk number rule minute.,
INT000997,CUNQ000463,Email,2023-01-16,Marketplace App,Far body relationship suddenly know it enjoy ten year rule bring.,ORD000972
INT000998,CUNQ000159,Email,2023-07-31,Marketplace App,Sound season develop avoid church friend law save public available.,ORD001057
INT000999,CUNQ001731,Chat,2023-10-05,Email,Throughout although beyond relate miss couple newspaper study personal we.,ORD002057
INT001000,CUNQ000883,Chat,2024-08-10,Email,Account carry heavy wall pull enter charge sport safe executive cup then week tax.,
INT001001,CUNQ001656,Chat,2024-09-19,Web Chat,About attack newspaper decade concern industry enjoy herself.,ORD001801
INT001002,CUNQ000967,Email,2023-05-14,Phone,Doctor give most west there subject themselves property make picture our myself far.,ORD002263
INT001003,CUNQ001157,Email,2023-04-19,Store,Both thing sense expert wide foot production break.,ORD000637
INT001004,CUNQ001534,In-Person Meeting,2024-02-06,Email,What produce girl huge campaign think style tell over reach ahead.,ORD000068
INT001005,CUNQ000665,Support Ticket,2024-10-06,Store,Medical three situation article sign energy fish hot kind.,
INT001006,CUNQ000077,Chat,2023-12-07,Email,End area magazine despite player animal language determine then movie single.,
INT001007,CUNQ000394,Support Ticket,2023-03-22,Store,Way party form painting after reveal sort.,
INT001008,CUNQ001474,Email,2024-12-16,Store,Sister four good she as any decision.,ORD000511
INT001009,CUNQ000983,Chat,2024-12-01,Store,Cup church movie teacher director soon treat former democratic safe vote already.,ORD002340
INT001010,CUNQ000493,Phone Call,2023-05-28,Marketplace App,Sense money may social amount executive.,ORD001849
INT001011,CUNQ001128,Chat,2024-02-06,Email,Discover significant easy evening buy six.,ORD000217
INT001012,CUNQ000311,Chat,2023-11-29,Store,Capital scientist establish be available reveal several indeed address store painting.,
INT001013,CUNQ000050,Email,2024-05-01,Phone,Believe open hospital story teacher size interesting.,ORD001730
INT001014,CUNQ001916,In-Person Meeting,2023-06-24,Web Chat,Few learn between wide office heavy.,ORD001670
INT001015,CUNQ001024,Support Ticket,2024-08-11,Email,Behavior whom night low traditional mouth each admit market hour head.,
INT001016,CUNQ000354,In-Person Meeting,2023-04-20,Web Chat,Research laugh official agent side language live board financial century picture base.,ORD000375
INT001017,CUNQ001529,Email,2023-11-06,Marketplace App,College ten majority economic center pattern list rich note discussion should edge find.,ORD001610
INT001018,CUNQ000880,Support Ticket,2024-02-28,Email,Strong already ready out the environmental decide none major matter.,ORD002970
INT001019,CUNQ001638,Support Ticket,2023-06-12,Store,Focus remember method teach yeah bank bit recognize heart.,
INT001020,CUNQ001470,Chat,2023-08-02,Marketplace App,Class security coach join will although.,ORD001221
INT001021,CUNQ000380,In-Person Meeting,2024-08-03,Web Chat,Manager phone modern cause them industry across brother yet result they.,ORD001420
INT001022,CUNQ001175,Phone Call,2023-06-27,Phone,Mission past he practice center model daughter pass research.,ORD000645
INT001023,CUNQ000497,Support Ticket,2024-05-13,Phone,Page line decision form section you until clearly resource listen fish conference.,
INT001024,CUNQ001642,In-Person Meeting,2023-11-30,Marketplace App,Attack with find could really Mrs former article light choose go next.,ORD002486
INT001025,CUNQ000440,In-Person Meeting,2023-06-30,Web Chat,General add cover exist treatment international role happen.,ORD002294
INT001026,CUNQ000668,Email,2024-09-04,Phone,Various night political dark or bill describe condition nor camera mission.,
INT001027,CUNQ001892,Support Ticket,2024-01-24,Web Chat,Form sign option everyone southern the protect list collection situation.,
INT001028,CUNQ000111,Email,2023-04-03,Email,Before sound chair close themselves follow time appear.,ORD002276
INT001029,CUNQ001158,Support Ticket,2024-10-13,Phone,Southern international line few service drive hotel similar relationship great stuff first.,
INT001030,CUNQ000097,Phone Call,2024-04-08,Marketplace App,Third success western watch street represent style.,
INT001031,CUNQ000469,Support Ticket,2024-08-14,Store,Kid reason economy build tonight present concern term talk side generation interest pay.,ORD000859
INT001032,CUNQ001850,Chat,2023-11-03,Marketplace App,Him condition section action kind moment accept financial.,ORD001364
INT001033,CUNQ001586,Chat,2024-03-21,Web Chat,Treat trouble me actually event positive politics.,
INT001034,CUNQ000471,Support Ticket,2023-01-09,Marketplace App,Analysis receive education personal wife statement tell until young place make.,
INT001035,CUNQ001452,In-Person Meeting,2023-05-11,Web Chat,Seek positive nation billion hard party require relationship computer surface bar street.,
INT001036,CUNQ001663,Support Ticket,2023-02-24,Phone,Argue PM artist best name work create.,ORD000458
INT001037,CUNQ000651,Chat,2023-04-23,Web Chat,Scene four public tonight today college worry reveal hand add professor indicate property.,
INT001038,CUNQ000842,Phone Call,2024-03-18,Marketplace App,Assume stay may rock base kitchen.,
INT001039,CUNQ001441,Chat,2024-12-29,Store,Part read important play success wait find night brother.,ORD001105
INT001040,CUNQ000877,In-Person Meeting,2024-07-12,Email,Nothing recent not leg break bed role control option whole short.,ORD002697
INT001041,CUNQ000265,In-Person Meeting,2023-05-23,Email,Design hear ball right east study.,
INT001042,CUNQ000761,Chat,2024-03-03,Email,Section scene financial here expert everything north including.,ORD001149
INT001043,CUNQ001995,Phone Call,2023-05-18,Phone,Evening current without else keep begin great hair.,ORD000369
INT001044,CUNQ001440,Email,2023-05-28,Store,Last piece story already strong history Mrs decision reduce get specific someone.,ORD002482
INT001045,CUNQ000179,Phone Call,2023-03-28,Email,Garden why necessary sea especially message decision design.,
INT001046,CUNQ000208,In-Person Meeting,2024-04-11,Marketplace App,All boy probably cost cause only head help open.,
INT001047,CUNQ000898,Support Ticket,2023-07-04,Store,Follow bit grow too city little.,
INT001048,CUNQ000425,Support Ticket,2024-04-05,Store,Possible beyond tree fill level control against speak lead office.,ORD001331
INT001049,CUNQ000772,Phone Call,2024-03-10,Marketplace App,Room list during rich over lot husband always upon doctor various.,ORD000883
INT001050,CUNQ000507,In-Person Meeting,2023-08-31,Marketplace App,Blue international especially officer or clearly coach feel others recently model week.,ORD000796
INT001051,CUNQ001966,Support Ticket,2024-08-13,Web Chat,Sell candidate four whether wife finally she soon learn close a challenge third.,ORD001171
INT001052,CUNQ000845,Email,2024-08-04,Store,Film continue tax job right child new simply above.,ORD000014
INT001053,CUNQ000088,Email,2024-08-17,Store,General likely rather recognize tree protect story relationship.,
INT001054,CUNQ000760,Email,2023-05-26,Marketplace App,Hold five very hundred force executive push.,
INT001055,CUNQ001708,Chat,2024-04-21,Marketplace App,Others move get prove wife agree those concern dog gun may.,
INT001056,CUNQ000909,Support Ticket,2023-04-01,Email,Particular seem trip population catch could.,ORD002557
INT001057,CUNQ000073,Email,2024-12-01,Marketplace App,Few behavior himself conference character find push lose.,ORD000914
INT001058,CUNQ001485,Chat,2024-09-19,Phone,When instead clear radio strong let bar rather big.,
INT001059,CUNQ001850,Support Ticket,2023-01-12,Store,Sound activity five offer himself lawyer main whether I side field.,
INT001060,CUNQ000089,In-Person Meeting,2024-08-10,Web Chat,Score break southern traditional maybe sit Republican such will.,ORD000535
INT001061,CUNQ001024,Chat,2023-10-24,Email,Size wonder mother himself push character front.,ORD000492
INT001062,CUNQ000660,Support Ticket,2023-11-08,Marketplace App,Election method pass the itself let always test least anyone out hard international.,ORD002230
INT001063,CUNQ000210,In-Person Meeting,2024-08-15,Email,Short age environment fall indicate land fear along born.,ORD001044
INT001064,CUNQ000783,Chat,2024-10-01,Phone,Most how compare movement call certain.,ORD002589
INT001065,CUNQ000988,Email,2023-05-10,Marketplace App,Issue ever will ready each stay strong run model learn baby head.,ORD000683
INT001066,CUNQ001989,Chat,2023-09-16,Email,Participant rich speech big mention rise front.,ORD000094
INT001067,CUNQ001402,Chat,2023-09-21,Phone,Institution against wear either present third student item bring.,
INT001068,CUNQ000460,Support Ticket,2023-06-28,Marketplace App,Number yet past much soldier reason any of.,
INT001069,CUNQ000743,In-Person Meeting,2024-01-14,Email,Set join section sing everybody provide painting travel.,
INT001070,CUNQ001229,Phone Call,2024-05-11,Email,Evening imagine affect increase candidate environment out wish fish.,ORD002399
INT001071,CUNQ000121,Email,2023-12-18,Phone,Different remember determine particularly rock participant leave inside.,
INT001072,CUNQ001392,Support Ticket,2023-06-07,Store,Forget home upon actually future get know left sea decision recently pull eight.,
INT001073,CUNQ001142,In-Person Meeting,2024-01-28,Email,Produce number bad main world bar.,
INT001074,CUNQ000867,Phone Call,2023-08-04,Marketplace App,Hard factor firm purpose ahead person coach goal it yet age wind.,
INT001075,CUNQ001240,Chat,2023-02-25,Web Chat,Season writer heart Mrs her we but how deep book eye ten short.,
INT001076,CUNQ000301,Email,2023-02-23,Email,Nearly goal design too everything side picture professional rather plan player.,
INT001077,CUNQ001869,In-Person Meeting,2023-11-05,Store,Movie hot teacher manager less step last under concern eye mouth free.,ORD001816
INT001078,CUNQ001298,Support Ticket,2023-08-28,Store,Prevent raise better oil individual industry country ahead difference particular me.,
INT001079,CUNQ001335,In-Person Meeting,2024-04-30,Web Chat,Outside rule watch foot economic notice line.,
INT001080,CUNQ000996,In-Person Meeting,2023-01-13,Web Chat,Weight age over smile hope memory cover.,ORD000501
INT001081,CUNQ001940,In-Person Meeting,2024-01-27,Web Chat,Leader rich dream line require current car ask.,
INT001082,CUNQ001569,Email,2023-04-10,Marketplace App,Debate leave each owner wrong someone.,
INT001083,CUNQ001032,In-Person Meeting,2024-09-17,Web Chat,Matter book page former turn city left while according allow quality.,
INT001084,CUNQ001167,Chat,2023-04-11,Web Chat,Yet television audience indicate employee respond building since positive move agency lose.,ORD000225
INT001085,CUNQ000401,In-Person Meeting,2024-04-17,Email,Fall huge state shoulder guy respond.,
INT001086,CUNQ000628,Support Ticket,2023-07-19,Marketplace App,Picture key skin billion suggest serious often social reveal hand prevent center.,
INT001087,CUNQ001178,Phone Call,2023-11-17,Marketplace App,Somebody decide best politics available tonight man each employee.,ORD001298
INT001088,CUNQ000766,Email,2023-03-11,Phone,Ready former late election every along cause miss ago.,ORD000805
INT001089,CUNQ000118,Support Ticket,2023-04-17,Store,Nor research fill respond nothing fight require pull child source.,ORD002706
INT001090,CUNQ001549,Chat,2023-09-15,Email,Chair factor his PM agreement deep field.,ORD000979
INT001091,CUNQ001054,Support Ticket,2023-04-05,Phone,Activity hair meet thank might local tonight win popular onto may model her.,ORD001392
INT001092,CUNQ001615,Phone Call,2024-09-05,Phone,Possible that lot low here protect ask different deal change part rock.,
INT001093,CUNQ001628,Email,2023-03-30,Marketplace App,Practice ground least tree trade style suffer.,
INT001094,CUNQ001072,Support Ticket,2023-07-09,Phone,Together scientist hair allow phone weight medical even which suggest Mrs bag.,ORD002124
INT001095,CUNQ000611,Chat,2023-10-29,Store,Land mission each something consumer view.,
INT001096,CUNQ001881,Email,2024-10-16,Store,Direction response concern without entire everyone sea safe true.,
INT001097,CUNQ001388,Chat,2024-03-13,Web Chat,Mission article dinner one ok less Mr.,
INT001098,CUNQ000346,Email,2023-10-11,Phone,Five plant cultural bring bar culture.,ORD002964
INT001099,CUNQ000905,Chat,2023-03-03,Web Chat,Operation our feel act involve toward result kind politics open play sense.,ORD002129
INT001100,CUNQ001556,Chat,2023-07-02,Store,Edge imagine establish piece forget low.,
INT001101,CUNQ001540,Phone Call,2024-09-16,Store,Week federal test eat every night final key with.,ORD002884
INT001102,CUNQ001343,In-Person Meeting,2023-04-22,Email,Maintain five window like clear assume it fight.,ORD002158
INT001103,CUNQ000651,In-Person Meeting,2023-08-12,Marketplace App,Garden reach state cover board discussion film figure short line range.,ORD001480
INT001104,CUNQ000937,In-Person Meeting,2023-09-23,Phone,Decision public food court how commercial citizen production for might listen organization indicate.,
INT001105,CUNQ000907,Email,2024-08-08,Web Chat,Director enjoy various strong he fill risk stop firm.,ORD002746
INT001106,CUNQ001891,Email,2024-05-24,Email,Interesting hour individual several identify why government south window.,
INT001107,CUNQ001895,Email,2023-02-08,Store,Affect region decade respond far health focus so for.,
INT001108,CUNQ000528,Chat,2024-02-05,Marketplace App,School something pay key ever avoid civil reveal walk or weight water sit.,ORD000867
INT001109,CUNQ001069,In-Person Meeting,2024-05-04,Store,Reach training main exactly parent heart big policy everybody hard.,ORD000148
INT001110,CUNQ001319,Email,2024-07-07,Email,Book care seek foot simple including charge character federal.,ORD000095
INT001111,CUNQ001056,In-Person Meeting,2023-05-05,Marketplace App,No just foreign national produce news stage ready.,ORD002935
INT001112,CUNQ000586,Chat,2023-12-08,Web Chat,Sign attention skill represent finish table toward.,ORD002091
INT001113,CUNQ001225,Email,2024-01-10,Marketplace App,Section Democrat fly direction gun current will else page usually cell.,ORD001665
INT001114,CUNQ000198,Chat,2023-03-24,Store,Interview south something story art writer health not yet where their.,
INT001115,CUNQ000841,Chat,2024-10-25,Email,So man offer plant same north wind sister mother sometimes.,
INT001116,CUNQ000782,Email,2024-01-29,Email,Off life practice course authority range stand.,ORD001988
INT001117,CUNQ001554,In-Person Meeting,2023-04-20,Web Chat,Later thing school practice authority possible fund month realize star it.,ORD001798
INT001118,CUNQ000059,In-Person Meeting,2023-07-14,Email,Husband family perhaps hope across follow.,ORD000633
INT001119,CUNQ001241,Email,2024-08-30,Email,Else development purpose force leader program show.,ORD001757
INT001120,CUNQ000582,Email,2024-07-07,Web Chat,Understand throw resource officer country challenge final beyond mouth war always camera give.,ORD002537
INT001121,CUNQ001284,In-Person Meeting,2023-01-17,Phone,Force firm discover decade field interest.,ORD002163
INT001122,CUNQ000263,Chat,2023-02-13,Store,Do turn sign agree there want but way agent.,ORD000880
INT001123,CUNQ001884,Support Ticket,2024-04-14,Marketplace App,Herself land human day herself sport behavior compare.,ORD000711
INT001124,CUNQ000383,Support Ticket,2023-08-27,Phone,Right business series build major painting see first course world son growth effort.,ORD002173
INT001125,CUNQ001030,Phone Call,2024-05-15,Phone,War administration herself information which beyond growth.,ORD000037
INT001126,CUNQ001584,Support Ticket,2023-02-16,Email,Student its summer feel yourself be poor hope likely.,ORD000901
INT001127,CUNQ001676,Phone Call,2023-01-15,Email,Role today animal suggest concern act million cell like.,
INT001128,CUNQ001285,Chat,2023-04-10,Store,Article sort term produce he increase.,
INT001129,CUNQ000173,Support Ticket,2023-03-07,Phone,Information company million character speak protect half understand.,
INT001130,CUNQ001472,Support Ticket,2024-09-22,Email,Air daughter idea health success perform agreement ago.,ORD001682
INT001131,CUNQ000704,Phone Call,2024-03-12,Web Chat,Threat alone the trial another help.,ORD001943
INT001132,CUNQ000531,In-Person Meeting,2023-11-29,Phone,Reveal college beyond give development information at why less indeed together key tax.,
INT001133,CUNQ001057,Support Ticket,2024-07-12,Email,Find light total campaign prevent half.,
INT001134,CUNQ000962,Phone Call,2023-02-16,Marketplace App,Protect benefit manage store number call method south central process sea response executive.,ORD002934
INT001135,CUNQ000091,Email,2023-05-04,Web Chat,Black difficult continue process forget wind property mind officer third service capital instead.,ORD000586
INT001136,CUNQ001910,In-Person Meeting,2023-06-22,Web Chat,Often various alone town his answer cup.,ORD002156
INT001137,CUNQ000802,In-Person Meeting,2023-09-07,Marketplace App,Add play structure down however activity lose tax.,ORD001685
INT001138,CUNQ001312,Email,2024-10-09,Marketplace App,Pick stage officer later Democrat perform national brother.,ORD000614
INT001139,CUNQ000706,Phone Call,2023-01-17,Store,Pretty method front you control game the sign lead.,ORD000567
INT001140,CUNQ000422,Email,2023-07-03,Phone,Property garden mind as half politics who.,ORD001317
INT001141,CUNQ001881,Support Ticket,2023-10-18,Store,Behind window store build require call girl.,
INT001142,CUNQ000510,In-Person Meeting,2024-12-09,Email,Job worker bar term measure huge wait your crime style develop.,
INT001143,CUNQ000959,Chat,2024-06-19,Store,Cup seat moment sister none most.,ORD000043
INT001144,CUNQ000169,Phone Call,2024-09-17,Phone,Song guy discover water most hear.,ORD002307
INT001145,CUNQ001767,In-Person Meeting,2024-09-18,Phone,Quite play teacher difficult us respond must.,ORD000716
INT001146,CUNQ000480,Chat,2023-12-23,Store,Interest dark any wide husband hope miss instead live focus return feel avoid.,
INT001147,CUNQ001758,Phone Call,2023-07-16,Phone,Property decade safe order at sense cell lose civil will with within hospital.,ORD001000
INT001148,CUNQ000808,Email,2024-09-25,Web Chat,Position hospital cover strong audience white everybody throughout.,
INT001149,CUNQ001390,Support Ticket,2024-06-03,Email,Rise one public day central every force.,
INT001150,CUNQ001030,Phone Call,2023-10-11,Phone,Minute modern sign out discussion just state.,ORD000911
INT001151,CUNQ001968,Phone Call,2024-12-02,Store,Sea lawyer audience without treat game evening write high through both letter.,ORD002521
INT001152,CUNQ000567,Phone Call,2024-11-17,Phone,Collection report tend maintain fact mission become rule where ten drop sure manager.,ORD000069
INT001153,CUNQ000894,Chat,2023-10-19,Email,Instead point tend exactly right every edge meet information student work.,ORD002296
INT001154,CUNQ001635,Chat,2024-09-23,Store,Actually require magazine one determine its entire.,ORD002287
INT001155,CUNQ000364,Email,2024-07-04,Email,Night study heart million understand him own opportunity soldier west offer brother.,ORD002195
INT001156,CUNQ000455,Email,2024-05-11,Marketplace App,Guess pull tough instead hour season girl small system.,ORD000681
INT001157,CUNQ001866,Phone Call,2024-03-31,Marketplace App,Tell also human source season it traditional democratic Congress piece forget factor include.,ORD002217
INT001158,CUNQ001211,In-Person Meeting,2023-07-23,Web Chat,Rock support effect stand general wind.,ORD000570
INT001159,CUNQ000221,Email,2023-11-30,Email,Everybody situation foot recognize play shoulder civil next tell.,ORD001864
INT001160,CUNQ000182,In-Person Meeting,2023-07-24,Store,Scientist send sit common matter become goal Mrs source whole.,ORD000401
INT001161,CUNQ000226,Email,2024-04-27,Marketplace App,Stock big reveal police fine market control him enter religious.,
INT001162,CUNQ001288,In-Person Meeting,2023-05-29,Email,Front just guess city collection administration couple financial media politics.,ORD001733
INT001163,CUNQ001889,In-Person Meeting,2023-07-02,Store,Series Mrs huge receive cup bed our theory identify.,
INT001164,CUNQ000326,In-Person Meeting,2023-07-18,Web Chat,Certainly future government card history suddenly save theory sometimes.,ORD001058
INT001165,CUNQ000854,Phone Call,2023-12-10,Email,Now bank yourself kind American nature property event manager street work early difficult.,
INT001166,CUNQ001653,Support Ticket,2023-03-03,Web Chat,Certainly father who tax low keep news your.,ORD002904
INT001167,CUNQ000701,In-Person Meeting,2024-04-14,Store,Include summer ok physical thousand without section religious.,ORD001603
INT001168,CUNQ001769,Chat,2023-08-14,Web Chat,Sound enjoy have tonight view floor ground when care team.,ORD002357
INT001169,CUNQ000348,Support Ticket,2023-06-24,Marketplace App,Somebody often benefit true world remain movement bit step.,
INT001170,CUNQ001317,Phone Call,2023-03-30,Store,Result response population never world let off apply.,
INT001171,CUNQ001171,In-Person Meeting,2023-08-10,Marketplace App,Just opportunity ask yet against large practice time live relationship as great western.,
INT001172,CUNQ000110,In-Person Meeting,2023-10-13,Phone,Now water road require make region wall worry Democrat.,ORD001977
INT001173,CUNQ001787,Phone Call,2023-09-11,Web Chat,Finally recent fight discussion sometimes meet imagine short woman only television.,
INT001174,CUNQ000647,Phone Call,2024-08-28,Email,Apply senior onto simple audience as including claim create woman similar writer structure.,ORD001464
INT001175,CUNQ001335,Email,2024-03-03,Phone,Power manager build become watch off.,
INT001176,CUNQ001450,In-Person Meeting,2024-05-31,Phone,Source high listen suggest consumer find concern involve edge before.,ORD002706
INT001177,CUNQ000404,In-Person Meeting,2024-05-05,Phone,Husband dinner worry plan fund sell model after paper.,ORD001586
INT001178,CUNQ000763,Phone Call,2023-03-27,Marketplace App,Arrive health collection white more above his agree toward nor teacher western country.,ORD000288
INT001179,CUNQ001858,In-Person Meeting,2023-08-12,Email,Marriage movement wish best raise choice hear computer key suffer sign medical sport.,
INT001180,CUNQ001556,Phone Call,2024-10-25,Phone,Air although Mr when wait southern find fact give Congress million.,ORD000889
INT001181,CUNQ000453,Chat,2023-06-15,Store,Marriage page young turn visit up nature.,ORD000193
INT001182,CUNQ000357,Support Ticket,2023-01-25,Store,Six want protect assume east center whether make some among.,
INT001183,CUNQ001118,Phone Call,2024-12-21,Store,True TV specific travel remain stuff.,ORD001049
INT001184,CUNQ001678,Chat,2024-10-03,Store,Summer before pressure treatment none reduce miss.,ORD001664
INT001185,CUNQ001609,Email,2024-10-04,Phone,Poor executive career shake fall phone identify help make make focus machine.,
INT001186,CUNQ001136,Chat,2024-06-27,Phone,Fill yeah side side recognize month among water film onto.,ORD000918
INT001187,CUNQ001584,Chat,2024-12-15,Marketplace App,Myself political school move another field could who appear stay them school model.,ORD002521
INT001188,CUNQ001442,Phone Call,2024-12-02,Phone,Meet race and Democrat lead control develop fly.,ORD002813
INT001189,CUNQ000217,Chat,2023-02-26,Marketplace App,Manager number party and high too break fact.,
INT001190,CUNQ000274,Chat,2023-02-22,Phone,Process trip former computer hope direction true I choose.,
INT001191,CUNQ001319,In-Person Meeting,2024-09-25,Phone,East protect think institution now tell phone daughter these say evening real indeed.,ORD002695
INT001192,CUNQ001461,Phone Call,2024-10-25,Marketplace App,Help successful couple single effect action realize among short can ready.,ORD001111
INT001193,CUNQ001614,Support Ticket,2024-12-27,Email,Point boy total major contain force.,
INT001194,CUNQ000184,Chat,2023-09-02,Marketplace App,Western resource reason expect expert talk end set house.,ORD002256
INT001195,CUNQ000482,In-Person Meeting,2024-08-17,Email,Wear never marriage camera yet light body director.,ORD000576
INT001196,CUNQ000381,Phone Call,2023-11-25,Web Chat,Continue several southern drop past just central others American value.,
INT001197,CUNQ001744,Support Ticket,2024-11-27,Store,Shoulder right analysis add check teacher economy compare.,
INT001198,CUNQ001322,Email,2024-01-17,Web Chat,Customer popular hospital check factor as contain create price keep the.,ORD000518
INT001199,CUNQ000448,Support Ticket,2024-06-23,Phone,Successful own explain claim natural fish.,ORD002974
INT001200,CUNQ000877,Support Ticket,2024-11-25,Marketplace App,Range improve move peace college usually have.,ORD002486
INT001201,CUNQ000596,In-Person Meeting,2024-09-27,Web Chat,Top range accept about around hold note.,
INT001202,CUNQ001054,Email,2023-07-12,Store,Several along nation after station live number history.,
INT001203,CUNQ001523,In-Person Meeting,2023-07-03,Web Chat,Hit travel down make economic woman PM look together lawyer these difference expert.,ORD000134
INT001204,CUNQ000752,Email,2023-04-22,Email,White home either civil science it feel amount.,
INT001205,CUNQ000207,Phone Call,2024-05-23,Email,Represent must dinner I style good walk inside individual safe know.,ORD002640
INT001206,CUNQ001125,Support Ticket,2024-10-04,Phone,Less full program card morning early Republican nothing way role.,
INT001207,CUNQ001583,Support Ticket,2023-05-16,Store,Guy leg television society hear fill hotel like myself laugh toward what thank.,ORD000511
INT001208,CUNQ000694,In-Person Meeting,2024-10-22,Phone,Anything describe necessary church his military Congress kitchen really history project.,ORD002573
INT001209,CUNQ000580,Email,2023-01-23,Email,Worker quite shoulder political offer song character first early.,ORD000387
INT001210,CUNQ000736,Support Ticket,2024-10-22,Web Chat,Several main particular shake most physical along.,
INT001211,CUNQ001822,Chat,2024-11-02,Web Chat,Skin beat across television apply system finish.,ORD001635
INT001212,CUNQ001298,Support Ticket,2024-07-15,Store,Data character defense subject guy training on stock little region.,ORD001007
INT001213,CUNQ000410,Support Ticket,2023-05-16,Web Chat,Field sort civil thing clear budget travel important no.,ORD002542
INT001214,CUNQ001969,Chat,2023-08-21,Store,Light work ready tough wish professional chair knowledge sense career herself here color after.,ORD000107
INT001215,CUNQ001347,Chat,2023-02-18,Email,Us once consider thus wife water note those write though.,ORD002077
INT001216,CUNQ001850,In-Person Meeting,2023-06-20,Marketplace App,Concern perhaps quality true book various.,ORD002481
INT001217,CUNQ000051,Support Ticket,2023-10-20,Email,Which fly represent we bar owner son administration.,
INT001218,CUNQ000756,Phone Call,2023-06-15,Email,Individual college surface court exactly minute trouble majority town appear draw fill large.,
INT001219,CUNQ000947,Chat,2024-08-11,Email,Front evening yet prevent process four all the unit action off.,ORD001596
INT001220,CUNQ001452,Chat,2023-07-08,Email,Herself toward here along public recent friend sort table.,ORD000625
INT001221,CUNQ000755,Email,2024-11-12,Web Chat,Imagine garden wall rest need major entire tree try be program.,ORD000353
INT001222,CUNQ001395,Phone Call,2024-01-17,Store,Technology time age campaign seven drug computer assume occur down.,
INT001223,CUNQ000699,Phone Call,2024-06-30,Web Chat,Tell act add southern thank pay choose.,ORD002744
INT001224,CUNQ001710,Email,2024-02-19,Store,Whole wide piece former professor partner argue catch truth unit control responsibility before item.,ORD001898
INT001225,CUNQ001737,In-Person Meeting,2023-11-24,Email,Decision response hit personal cover stage remain manager.,
INT001226,CUNQ001133,Support Ticket,2024-06-03,Web Chat,Light rule option team kind medical bag wind.,ORD001766
INT001227,CUNQ000997,Chat,2024-04-30,Web Chat,Century my win record reflect away cost focus yeah.,
INT001228,CUNQ000688,Support Ticket,2024-11-13,Email,House structure father include political design economy general.,
INT001229,CUNQ000273,In-Person Meeting,2023-12-13,Phone,Most pressure why edge senior ask artist general run.,
INT001230,CUNQ000916,Email,2023-05-23,Marketplace App,Sense involve purpose together knowledge with purpose five sign trial recently painting where.,
INT001231,CUNQ001859,Email,2024-02-16,Marketplace App,Energy style late score lose matter shake finish yourself couple onto amount good.,ORD002584
INT001232,CUNQ001581,In-Person Meeting,2024-01-01,Phone,They food someone war idea than less check scene history wear.,
INT001233,CUNQ000250,Support Ticket,2024-10-18,Email,Small high that change hand its stage.,ORD002293
INT001234,CUNQ001226,Phone Call,2023-10-12,Email,Character watch describe administration line even cup market.,ORD002211
INT001235,CUNQ000259,Support Ticket,2024-04-01,Phone,Field western near direction main rich item water.,ORD002464
INT001236,CUNQ000985,In-Person Meeting,2023-07-19,Store,Maintain program government black well relationship part center.,
INT001237,CUNQ000176,Support Ticket,2024-06-07,Phone,Wall sound indicate actually final city piece range investment business can example.,ORD002910
INT001238,CUNQ001195,Chat,2024-02-12,Email,Southern ten hard wife as language indicate decide for do.,
INT001239,CUNQ001525,In-Person Meeting,2024-01-14,Store,Plant top live exactly future soldier recognize top whole sit.,
INT001240,CUNQ000064,Chat,2023-12-20,Web Chat,Wife director or down standard major like affect memory believe seek perhaps ball.,ORD001269
INT001241,CUNQ001702,In-Person Meeting,2024-07-28,Phone,Leg too water road at hope cover show Republican hair sing listen.,ORD000566
INT001242,CUNQ001704,In-Person Meeting,2024-03-01,Store,Plan force station lot certainly evening floor world.,ORD001939
INT001243,CUNQ000510,In-Person Meeting,2024-02-29,Email,Third customer specific could type painting fast art those model mean eat heavy.,ORD001765
INT001244,CUNQ000500,Support Ticket,2023-03-30,Email,Fear daughter fast agreement popular instead.,
INT001245,CUNQ001553,In-Person Meeting,2024-06-21,Web Chat,Let travel challenge personal new order serve blue event every.,ORD001702
INT001246,CUNQ000749,Support Ticket,2024-01-20,Phone,Law clear campaign what buy test need hard firm result nearly pick position.,ORD002348
INT001247,CUNQ000361,Chat,2024-02-29,Email,Concern party set poor food series always memory reveal require market.,ORD002073
INT001248,CUNQ000487,Support Ticket,2023-05-21,Email,Cause bill clear research begin growth.,ORD002315
INT001249,CUNQ000430,In-Person Meeting,2023-10-24,Marketplace App,Full include seem manage nation modern politics how choice state.,ORD002588
INT001250,CUNQ000087,Chat,2024-08-22,Web Chat,Large boy treat end dream population newspaper appear.,ORD002267
INT001251,CUNQ000292,In-Person Meeting,2023-08-18,Phone,Long among serve wear west case floor hold.,ORD001974
INT001252,CUNQ001551,Phone Call,2023-09-26,Web Chat,Affect she man prove recent nearly always operation decade old according.,
INT001253,CUNQ000820,In-Person Meeting,2023-05-08,Web Chat,Ok happy together clearly defense movie trip.,
INT001254,CUNQ000902,In-Person Meeting,2024-12-05,Email,Example news memory civil cut parent free force employee budget experience agreement owner.,ORD002126
INT001255,CUNQ000914,Chat,2024-05-19,Phone,Show daughter both hold blood value day service save fear ready Democrat.,ORD001591
INT001256,CUNQ000656,Chat,2024-08-18,Store,Stand guess approach personal note this education memory finally describe Congress free matter.,ORD000038
INT001257,CUNQ000551,Chat,2024-10-05,Store,Result leader hospital send TV lose others some project visit.,ORD001469
INT001258,CUNQ001061,Email,2024-01-18,Marketplace App,Pattern this system people tax water.,
INT001259,CUNQ001076,Email,2023-09-23,Email,Field high nothing city apply democratic.,
INT001260,CUNQ000441,Phone Call,2023-11-24,Store,Wife score health evidence president father alone build.,ORD002141
INT001261,CUNQ000263,Phone Call,2024-01-01,Email,Enjoy us thought song daughter try season.,
INT001262,CUNQ000060,Chat,2024-03-05,Web Chat,They usually company both right lay.,ORD002116
INT001263,CUNQ000919,Chat,2024-06-26,Phone,Reason event against none as reality democratic huge help also it letter company.,ORD000802
INT001264,CUNQ000312,Phone Call,2023-04-07,Marketplace App,Officer analysis as show exactly example.,ORD002395
INT001265,CUNQ001156,Support Ticket,2023-11-27,Web Chat,Dark environment provide white could ready special yet analysis none tax next.,
INT001266,CUNQ001042,Chat,2023-10-05,Web Chat,Social resource score expert because happen star name health top risk must.,
INT001267,CUNQ000728,Support Ticket,2023-12-27,Email,Same get community I level girl factor sport seem manager.,ORD001649
INT001268,CUNQ001427,Support Ticket,2023-10-16,Web Chat,Imagine which beat education case under population late much quite threat gas.,ORD000874
INT001269,CUNQ000499,In-Person Meeting,2023-12-15,Email,Certain game plan seat surface off with society station how statement thing wrong name.,
INT001270,CUNQ000153,Phone Call,2024-05-30,Email,Billion about various professor clearly dinner report friend bring rule someone nature.,ORD000806
INT001271,CUNQ000866,Support Ticket,2024-09-20,Marketplace App,Mission standard despite go impact seem blood policy law strong time.,
INT001272,CUNQ000668,Support Ticket,2024-12-20,Phone,Respond throw wide son manager trouble reason fill.,
INT001273,CUNQ001128,Email,2023-04-30,Email,Field decide point week course administration fast debate still quite attack.,ORD000940
INT001274,CUNQ000654,In-Person Meeting,2023-12-23,Web Chat,Week instead group idea recently feel hold decade investment operation long.,
INT001275,CUNQ000892,Phone Call,2024-03-28,Marketplace App,Order quickly with matter goal eight list something send show institution onto thing.,
INT001276,CUNQ001630,Chat,2023-06-26,Web Chat,Yes here while service beautiful edge begin early store piece behind here.,ORD002629
INT001277,CUNQ001131,Email,2023-08-16,Email,Drop worker alone finally since take describe improve act campaign.,ORD001624
INT001278,CUNQ001856,Phone Call,2024-12-05,Email,Very know maybe leg recent hold.,
INT001279,CUNQ000098,Phone Call,2023-05-14,Phone,President any one recently make total fall clear face former body choice.,ORD000748
INT001280,CUNQ001981,Email,2023-03-21,Phone,Current main accept simply southern town.,ORD000572
INT001281,CUNQ001933,In-Person Meeting,2023-02-13,Email,Analysis consumer future raise suffer director know red treatment big.,
INT001282,CUNQ000876,Support Ticket,2024-08-30,Phone,Car without painting age many some involve.,ORD002559
INT001283,CUNQ000860,Chat,2023-02-14,Phone,Today happy myself industry almost job reduce at beautiful there professor listen.,ORD001298
INT001284,CUNQ001309,Email,2023-04-09,Phone,Try trade then building class now professor land you health enjoy at.,ORD002216
INT001285,CUNQ000705,Phone Call,2024-08-24,Email,Old break always dark feel second hospital head.,
INT001286,CUNQ000448,Chat,2023-01-30,Phone,Small both program one across they case TV team song country listen.,ORD001443
INT001287,CUNQ001139,Chat,2024-08-16,Web Chat,Degree common need phone teach audience project tax certainly set local wrong.,ORD002917
INT001288,CUNQ001184,Support Ticket,2024-09-19,Email,Not east send style gun different.,ORD002318
INT001289,CUNQ000152,Email,2023-04-12,Marketplace App,Image sell amount fly house cover risk health last.,ORD000717
INT001290,CUNQ001113,Support Ticket,2023-08-11,Email,Security camera past so thousand position sense church.,
INT001291,CUNQ000545,Phone Call,2024-07-04,Phone,Miss market avoid outside individual no relate since significant always everyone exactly practice.,
INT001292,CUNQ000203,Email,2023-08-08,Marketplace App,Field movement force final way memory history that read receive.,
INT001293,CUNQ001994,In-Person Meeting,2024-01-11,Marketplace App,Out skill case front reality window mouth pattern as pick various themselves organization.,
INT001294,CUNQ001376,Email,2023-07-05,Web Chat,Fine town trade not give fill stay military.,ORD002299
INT001295,CUNQ000717,In-Person Meeting,2023-08-08,Marketplace App,Everything our prove could party skin soon read couple rather Republican.,
INT001296,CUNQ000349,Email,2023-11-18,Phone,Fly something ok community right then police day so store consumer positive market.,ORD002897
INT001297,CUNQ000120,Support Ticket,2023-05-20,Store,Hot response usually learn game effort author buy heavy.,ORD001998
INT001298,CUNQ000018,Chat,2024-07-24,Phone,Worker about country various until lawyer yard on everyone note current anything into.,
INT001299,CUNQ000523,In-Person Meeting,2023-04-29,Store,Other live hit budget Congress guess soon approach suggest everyone nature environmental.,ORD002582
INT001300,CUNQ001094,Support Ticket,2023-11-16,Store,Understand rather daughter through note act front.,ORD001759
INT001301,CUNQ000231,In-Person Meeting,2023-10-25,Store,Rest exist drive determine page seem until government door age once several commercial.,ORD001213
INT001302,CUNQ001011,Email,2024-05-02,Web Chat,Data pattern west before science without especially main believe suddenly.,ORD001072
INT001303,CUNQ001705,In-Person Meeting,2024-11-19,Phone,Drug participant throughout truth evidence about provide itself.,ORD002018
INT001304,CUNQ001396,Support Ticket,2024-11-05,Phone,Support land discussion suggest impact know character thousand sure seek age share day.,ORD000145
INT001305,CUNQ001573,In-Person Meeting,2024-02-15,Marketplace App,Job themselves garden again medical hold kind day certain back student raise.,ORD001532
INT001306,CUNQ000506,Phone Call,2023-03-08,Web Chat,Small debate fire if eat fact discuss over.,
INT001307,CUNQ000812,Chat,2023-07-25,Marketplace App,Whether rather none population ask require against occur growth after job knowledge.,
INT001308,CUNQ001225,In-Person Meeting,2023-05-06,Email,Become effort direction hand young long collection table population out special.,
INT001309,CUNQ001300,In-Person Meeting,2023-10-13,Marketplace App,Without hair set bed trouble begin.,
INT001310,CUNQ001602,In-Person Meeting,2023-12-31,Store,Anyone bad use laugh fall teach everything trouble director find minute discussion begin.,ORD002591
INT001311,CUNQ001128,In-Person Meeting,2024-05-11,Marketplace App,Of situation the term scientist explain.,
INT001312,CUNQ000605,In-Person Meeting,2023-04-21,Phone,Walk thus door space crime Republican attack big stage condition buy leg.,ORD000703
INT001313,CUNQ000145,In-Person Meeting,2023-08-25,Email,Rich check usually early across talk short message again mean.,ORD002880
INT001314,CUNQ001587,Email,2023-03-11,Store,Hour cold light suffer drop participant.,ORD002069
INT001315,CUNQ001584,Phone Call,2024-01-27,Marketplace App,Off evidence early compare body eat policy senior attack help.,
INT001316,CUNQ001650,Phone Call,2023-11-07,Marketplace App,Expert more majority senior nearly risk.,
INT001317,CUNQ001201,Email,2024-11-07,Marketplace App,Level positive mind skill officer study if edge view cold teach call.,
INT001318,CUNQ000428,In-Person Meeting,2023-07-26,Web Chat,Deal outside happen fear page include.,
INT001319,CUNQ000439,In-Person Meeting,2024-05-31,Web Chat,Federal agency maintain seek democratic simple seek last opportunity serve.,
INT001320,CUNQ001762,Support Ticket,2024-07-13,Phone,Power few each administration dinner keep main.,ORD002006
INT001321,CUNQ001205,Email,2024-03-16,Phone,Require he daughter candidate where early certainly policy big hear go.,
INT001322,CUNQ000321,Chat,2024-01-21,Store,Thought the back family start necessary American wonder suggest attack.,ORD001027
INT001323,CUNQ001194,Email,2023-07-01,Marketplace App,Cover two coach yeah certainly represent especially agency despite minute.,ORD000217
INT001324,CUNQ000468,Chat,2024-12-24,Email,Large free party get force happy.,
INT001325,CUNQ001637,Phone Call,2023-11-16,Store,One third serve item method program nature see media your check station.,ORD002158
INT001326,CUNQ000833,Email,2024-08-05,Store,Produce key reveal environment central trip behavior himself hour among.,ORD002307
INT001327,CUNQ001190,Support Ticket,2024-08-08,Store,Activity card industry create son third interview nothing wrong.,
INT001328,CUNQ000322,Phone Call,2024-06-02,Phone,A at teach enter lot at life wonder.,ORD002031
INT001329,CUNQ000469,In-Person Meeting,2024-08-28,Store,Box prove speech garden road head light what officer nature top score.,ORD002961
INT001330,CUNQ000873,Chat,2023-10-19,Web Chat,Professor money property structure operation radio south sing early spring its evening vote feel.,
INT001331,CUNQ000232,Support Ticket,2023-02-16,Email,Anything option soon election station never such despite what less check.,ORD001909
INT001332,CUNQ000713,Chat,2024-08-20,Phone,Recently media include hundred note federal drug.,
INT001333,CUNQ000618,Chat,2024-01-25,Phone,Loss up at finish threat itself spring child list air visit brother dog.,
INT001334,CUNQ000554,Chat,2024-02-26,Web Chat,Until how degree involve dog during source from our order table beyond.,ORD002898
INT001335,CUNQ000977,Phone Call,2023-09-11,Email,Someone across music manage begin wide space.,ORD000294
INT001336,CUNQ001366,Support Ticket,2023-03-28,Phone,Yeah able concern card worker happen rate.,
INT001337,CUNQ001358,Email,2023-12-12,Email,Program beautiful close finally beyond you bank always a two.,
INT001338,CUNQ001634,Chat,2023-02-08,Store,Today station make environment fact student author partner.,ORD002873
INT001339,CUNQ001546,In-Person Meeting,2024-08-04,Marketplace App,Assume paper employee poor record benefit paper.,
INT001340,CUNQ000379,Chat,2023-01-21,Store,Allow system professor reason special grow meeting family relationship.,
INT001341,CUNQ001601,Chat,2024-01-22,Marketplace App,Individual us some suggest program decision leave reflect already arrive themselves.,ORD001513
INT001342,CUNQ000774,Support Ticket,2023-04-11,Store,Blue large chance available side reach often.,ORD001928
INT001343,CUNQ000344,Phone Call,2023-12-11,Store,Itself but popular wall need onto visit decide list almost choose course.,ORD002056
INT001344,CUNQ001892,Chat,2023-06-20,Marketplace App,Any subject sound hope speech less.,ORD000075
INT001345,CUNQ001781,In-Person Meeting,2023-07-26,Store,Situation television last staff seat religious probably when seem test contain.,ORD001478
INT001346,CUNQ001151,Email,2024-07-02,Email,West indeed main write challenge this drive page.,
INT001347,CUNQ001963,Email,2023-11-01,Marketplace App,Trade result individual side place represent song health able.,ORD002641
INT001348,CUNQ000481,Phone Call,2024-10-01,Phone,Sign wide cut challenge quite tax season event hospital more opportunity unit.,ORD001602
INT001349,CUNQ001109,Support Ticket,2023-04-08,Marketplace App,Itself wear song lawyer rest natural much sense.,
INT001350,CUNQ000899,Email,2024-08-03,Marketplace App,Expect adult operation whole artist stop.,ORD002351
INT001351,CUNQ000315,Phone Call,2023-12-22,Phone,Upon trial participant discuss firm opportunity last feel present although director.,ORD002792
INT001352,CUNQ001221,Chat,2024-05-31,Web Chat,Effect enter most American weight last however involve when sort event sport national.,
INT001353,CUNQ000120,Support Ticket,2023-11-17,Email,Administration than run short small shoulder professional market oil move need.,ORD002612
INT001354,CUNQ000575,Chat,2024-10-01,Marketplace App,Talk understand home rise concern prevent add.,ORD002597
INT001355,CUNQ001806,Support Ticket,2023-07-04,Phone,Bag positive water again candidate see election price public indeed town.,ORD001123
INT001356,CUNQ000747,Support Ticket,2023-07-11,Marketplace App,Role guess share eye young reality police baby.,
INT001357,CUNQ000575,In-Person Meeting,2023-10-02,Marketplace App,Their table about dream single some want.,ORD001975
INT001358,CUNQ000002,In-Person Meeting,2024-08-02,Phone,Box later building she single let business property.,
INT001359,CUNQ000639,Chat,2024-04-18,Email,Size green begin computer southern nation economy adult trial.,ORD001964
INT001360,CUNQ000333,Chat,2024-03-21,Store,Yeah class garden miss ready create yard.,ORD000461
INT001361,CUNQ000872,Email,2024-10-11,Email,Goal future home series billion mention speech defense couple point similar security at year.,ORD002838
INT001362,CUNQ001544,Chat,2023-10-21,Email,Strong value sit newspaper leader focus hard tonight.,
INT001363,CUNQ001844,Support Ticket,2023-08-30,Store,Laugh about green write value possible.,ORD001153
INT001364,CUNQ001640,Phone Call,2023-07-16,Phone,See account firm less care benefit minute she or list network.,ORD001495
INT001365,CUNQ000055,Chat,2024-04-20,Store,Rise future person allow structure first fine state fall teach area feel who.,ORD002065
INT001366,CUNQ000096,In-Person Meeting,2024-03-08,Phone,Receive staff yourself exactly sure wonder window.,ORD000457
INT001367,CUNQ001643,Chat,2023-05-20,Phone,Avoid final feel age wonder foreign Republican thank use owner.,ORD001656
INT001368,CUNQ000799,Chat,2024-11-05,Marketplace App,Guy believe enough free thousand consumer defense.,ORD002593
INT001369,CUNQ000257,Email,2024-05-12,Phone,Discuss everybody success nearly must teacher speech.,ORD002546
INT001370,CUNQ000587,Email,2023-11-18,Marketplace App,Very that national trade price beyond idea us find there behavior four scientist.,ORD001958
INT001371,CUNQ001453,Email,2024-02-21,Web Chat,Attention we open blood local light guess.,ORD000788
INT001372,CUNQ000127,Email,2024-02-11,Email,Blood city vote time easy free continue truth red billion speech like.,
INT001373,CUNQ001327,Support Ticket,2024-05-27,Phone,College whatever tell meeting writer accept mission.,ORD000276
INT001374,CUNQ000297,Support Ticket,2024-06-21,Web Chat,Office role success manage draw involve party home stay.,ORD002610
INT001375,CUNQ000051,Email,2023-09-01,Marketplace App,General identify opportunity treat explain eat task by inside.,ORD001918
INT001376,CUNQ001331,Chat,2023-12-04,Marketplace App,Marriage within if course education campaign continue political build provide car American your.,ORD000569
INT001377,CUNQ000179,Phone Call,2024-03-09,Email,Rule range card design where off.,
INT001378,CUNQ000568,Phone Call,2023-08-08,Web Chat,Response stop add blood deal certain right size.,ORD000700
INT001379,CUNQ000740,Chat,2024-08-26,Phone,Foot in process quite kitchen cut play deal good thank.,ORD000985
INT001380,CUNQ000962,Chat,2024-12-17,Phone,Majority we join edge item city sit street security.,ORD000189
INT001381,CUNQ000707,In-Person Meeting,2024-05-01,Email,Eye including thing cell evidence international add size morning only girl popular.,ORD000582
INT001382,CUNQ001770,Phone Call,2024-01-07,Store,Cut tell style white especially lose just card sit population his.,
INT001383,CUNQ001840,Chat,2023-01-22,Marketplace App,Meeting value body return miss ready even probably son second after note those.,
INT001384,CUNQ000644,Email,2024-12-08,Email,Together edge each whatever use task off under two.,ORD001208
INT001385,CUNQ000123,In-Person Meeting,2023-11-13,Web Chat,Market more chance after shoulder show information game loss cost run result interesting receive.,ORD000427
INT001386,CUNQ000461,Email,2024-07-01,Email,Only pick prove whether north ground here person three.,
INT001387,CUNQ000795,In-Person Meeting,2023-01-09,Store,Animal from likely drop four dinner whatever administration baby north.,
INT001388,CUNQ000217,Chat,2023-11-05,Phone,Discuss term day include you authority race.,
INT001389,CUNQ000351,Phone Call,2023-11-01,Email,Kid career scene despite best either truth important yard poor threat throw behavior.,
INT001390,CUNQ000073,Phone Call,2024-03-25,Web Chat,Partner behavior economy our second voice drop live everyone.,
INT001391,CUNQ000032,In-Person Meeting,2023-02-04,Web Chat,Price receive according success stage describe in former.,
INT001392,CUNQ001339,In-Person Meeting,2024-04-27,Store,Mean director offer a recent various send.,
INT001393,CUNQ000904,Chat,2024-03-08,Phone,Receive agree best physical again every common church scene run cultural decide car.,
INT001394,CUNQ000106,Chat,2024-06-02,Phone,Article last peace all rise right happen series seven strong it.,
INT001395,CUNQ001590,Support Ticket,2024-07-14,Web Chat,Street city her commercial along compare.,ORD000529
INT001396,CUNQ000542,Email,2023-02-23,Email,Board share deep child board director spend entire minute never quality.,ORD001218
INT001397,CUNQ001371,Phone Call,2023-01-04,Store,Together true worker though church young mouth note well interesting particularly some evidence.,
INT001398,CUNQ000364,Chat,2023-11-18,Marketplace App,Paper unit sometimes structure cultural far significant let before.,ORD001085
INT001399,CUNQ000333,Phone Call,2023-09-13,Marketplace App,Break reason too discover record wear both look training oil scene career military.,ORD001489
INT001400,CUNQ001294,Phone Call,2024-08-31,Store,Then sometimes drive anything teach myself avoid much base modern behavior end.,
INT001401,CUNQ000453,Chat,2024-04-07,Store,Carry condition into sure day sort determine player military person author return national.,
INT001402,CUNQ001514,Phone Call,2023-09-24,Email,Leave race yeah front almost activity agree professor agency special.,
INT001403,CUNQ001614,Chat,2023-10-16,Email,Base close score PM ball read.,
INT001404,CUNQ001664,Chat,2023-07-06,Store,Well better situation much he skin security painting rest write fine public.,ORD000883
INT001405,CUNQ001900,Support Ticket,2023-08-18,Phone,Population sell end be spend outside office live make travel baby compare.,
INT001406,CUNQ000203,Support Ticket,2024-10-24,Marketplace App,May small fire light medical level analysis any product.,
INT001407,CUNQ001118,Email,2024-04-18,Email,Help PM become rich every change help but include.,
INT001408,CUNQ000024,Phone Call,2023-02-20,Store,Memory wrong hard any financial color officer role need.,ORD001207
INT001409,CUNQ001614,Support Ticket,2023-09-24,Email,Person apply debate improve task next.,
INT001410,CUNQ000593,Chat,2023-06-24,Marketplace App,Great your sign single well task moment call art soon up tend education.,ORD002747
INT001411,CUNQ000341,Support Ticket,2024-03-21,Store,Buy new more above personal else tax concern way marriage us middle.,ORD001461
INT001412,CUNQ001120,In-Person Meeting,2023-05-02,Email,Responsibility could positive hundred drug pull center hundred question rise.,
INT001413,CUNQ000286,Phone Call,2023-09-30,Web Chat,Number prove room imagine citizen drug information response happy rise month degree.,
INT001414,CUNQ000283,In-Person Meeting,2023-05-14,Store,Whether edge left American hope watch place church watch.,
INT001415,CUNQ000283,Support Ticket,2023-08-09,Web Chat,Serious term amount idea director put future raise family where.,
INT001416,CUNQ001089,Phone Call,2024-03-04,Email,Protect like film society tell message.,
INT001417,CUNQ000174,Phone Call,2023-01-30,Web Chat,Measure truth sign room happy new may condition word former win letter.,ORD001718
INT001418,CUNQ001991,Phone Call,2024-09-24,Store,Purpose future face police year fact.,
INT001419,CUNQ000461,Chat,2024-08-19,Store,Trouble decade share great stock election fire remember.,
INT001420,CUNQ001051,In-Person Meeting,2023-05-17,Web Chat,Rock southern south bed represent lawyer letter these buy answer wish.,ORD000540
INT001421,CUNQ001370,In-Person Meeting,2024-12-04,Email,Order piece cup describe if follow difficult think talk.,
INT001422,CUNQ000011,In-Person Meeting,2024-09-03,Web Chat,What truth partner measure serve force.,
INT001423,CUNQ001649,Support Ticket,2023-03-02,Phone,Believe whether teach single result modern across treatment decade ago.,ORD002184
INT001424,CUNQ000411,Phone Call,2024-04-27,Web Chat,Only free increase near study model.,ORD002772
INT001425,CUNQ000643,Support Ticket,2024-12-27,Phone,Each help line reflect enough exist.,
INT001426,CUNQ001576,Support Ticket,2024-09-26,Store,Build right indeed able perform degree happy society care around find audience but.,ORD000893
INT001427,CUNQ001020,In-Person Meeting,2024-11-18,Web Chat,Police offer board factor discuss morning gas ago cause young crime spring.,ORD002557
INT001428,CUNQ001464,Support Ticket,2023-02-12,Marketplace App,Walk paper media available later friend industry begin.,ORD002324
INT001429,CUNQ000514,Phone Call,2024-05-30,Store,Receive tax family mind imagine section.,ORD000788
INT001430,CUNQ000889,In-Person Meeting,2023-05-16,Phone,Piece sing front manage how itself so another really bring.,
INT001431,CUNQ000887,Support Ticket,2024-03-19,Email,Interview suffer voice want themselves area those.,ORD002455
INT001432,CUNQ000561,Chat,2023-02-15,Email,Hospital this because that agree child lay fly seat beyond.,ORD000350
INT001433,CUNQ001102,Chat,2024-01-05,Store,Should effect future appear involve nearly job board.,ORD002440
INT001434,CUNQ001933,Chat,2024-09-19,Web Chat,Suggest interesting no total perform worker story face white break fight never soldier world.,ORD001002
INT001435,CUNQ000924,In-Person Meeting,2023-06-18,Web Chat,Garden down television tree say more imagine deep.,ORD000615
INT001436,CUNQ000708,In-Person Meeting,2023-06-04,Marketplace App,Pass buy bill have reality adult state medical year oil.,
INT001437,CUNQ001697,In-Person Meeting,2023-02-24,Email,Sort experience consider administration yet yeah.,
INT001438,CUNQ001367,Phone Call,2023-07-07,Phone,Southern idea our of wall inside person space thank prevent store politics service.,ORD001314
INT001439,CUNQ001835,Phone Call,2024-12-23,Store,Bed mission certain situation often PM notice chair north family sign.,ORD001797
INT001440,CUNQ001041,In-Person Meeting,2023-02-11,Store,Notice society task well three board stuff southern development.,ORD001473
INT001441,CUNQ000096,Support Ticket,2024-05-11,Store,Simply involve nor whether area performance age.,ORD001537
INT001442,CUNQ000526,Phone Call,2023-05-07,Web Chat,List huge brother shake win air kind see finally wall right mind determine.,ORD000086
INT001443,CUNQ000670,Chat,2023-07-04,Email,Traditional practice together minute price night admit standard expect able general imagine professional.,ORD000508
INT001444,CUNQ000390,Chat,2024-07-30,Marketplace App,Total not its air source six image.,
INT001445,CUNQ000408,Email,2024-06-22,Marketplace App,Name chair produce behavior nearly of general piece type describe.,ORD000264
INT001446,CUNQ001626,Email,2023-09-10,Store,Loss international public rate certainly couple more number wonder seek edge court environment.,ORD000375
INT001447,CUNQ000448,Chat,2023-01-27,Web Chat,Chance onto significant sure evening together take strategy clearly sell a property.,
INT001448,CUNQ001802,Email,2024-02-08,Web Chat,Its hospital those artist area street shake mean avoid property sport friend.,
INT001449,CUNQ001794,Email,2023-11-28,Email,Answer at month partner evidence fall.,ORD001285
INT001450,CUNQ001005,In-Person Meeting,2024-12-25,Store,Available scene approach imagine concern picture cultural old kitchen in century role determine.,ORD001284
INT001451,CUNQ000950,Chat,2024-08-31,Phone,Establish time key out hospital around wall those rise.,ORD000884
INT001452,CUNQ000332,Email,2024-11-02,Marketplace App,Provide others general new begin their right step type type word.,ORD002571
INT001453,CUNQ000188,Chat,2024-08-05,Email,Record own shoulder enjoy however model move attack crime dark discussion visit west.,
INT001454,CUNQ000861,Email,2024-10-21,Web Chat,Group us dark trouble husband level until less daughter you.,ORD000477
INT001455,CUNQ001887,Email,2023-03-14,Marketplace App,Question bad clear here despite instead stay woman.,ORD001169
INT001456,CUNQ001557,In-Person Meeting,2023-04-05,Store,Car many of general building design avoid property father enough.,
INT001457,CUNQ000628,Phone Call,2024-02-13,Phone,Rise collection often answer ten family.,ORD001643
INT001458,CUNQ001699,Phone Call,2023-06-16,Store,Win behind every yet door daughter.,ORD001118
INT001459,CUNQ000533,Chat,2024-10-24,Email,Story huge move until toward scientist matter message trip.,
INT001460,CUNQ001610,In-Person Meeting,2024-03-18,Web Chat,Add claim begin man star movie.,ORD000395
INT001461,CUNQ000675,Support Ticket,2023-05-15,Web Chat,Bill cover mind wind commercial national same man.,
INT001462,CUNQ001813,Chat,2024-06-08,Email,Just serious term discuss state drug boy middle myself you impact full occur.,
INT001463,CUNQ000371,In-Person Meeting,2024-05-02,Web Chat,Where age size open rest investment race yes law record I.,ORD001914
INT001464,CUNQ001091,In-Person Meeting,2023-04-03,Store,Door if sister chair society half able music base subject Congress pick.,ORD001427
INT001465,CUNQ001713,Support Ticket,2023-07-10,Store,Purpose beat hotel them hand since much language bit enter.,
INT001466,CUNQ000507,Email,2023-02-11,Marketplace App,Change authority prepare view authority number force huge lead order always opportunity significant.,
INT001467,CUNQ000464,In-Person Meeting,2024-11-23,Email,Dog perhaps my situation test well camera truth surface.,ORD002301
INT001468,CUNQ001235,Phone Call,2024-05-22,Marketplace App,Week reality discover success item rest.,
INT001469,CUNQ001689,Support Ticket,2023-03-27,Web Chat,Medical factor candidate think front save mention picture positive.,
INT001470,CUNQ000929,Email,2024-05-04,Web Chat,Get personal medical while seem along pressure begin type.,ORD001034
INT001471,CUNQ000425,Phone Call,2024-12-01,Web Chat,Time I hospital cultural shoulder prevent ago past ever.,ORD001633
INT001472,CUNQ001007,Support Ticket,2024-03-13,Web Chat,White as physical wind manager mother.,
INT001473,CUNQ001095,Support Ticket,2023-03-20,Phone,My tax off job market suddenly student can might cultural.,ORD000482
INT001474,CUNQ001010,Support Ticket,2024-03-11,Store,So mother race a poor radio.,ORD002018
INT001475,CUNQ000164,Support Ticket,2023-09-17,Web Chat,Happy receive third professional test sense hope road forward.,ORD002591
INT001476,CUNQ001208,Email,2024-05-30,Phone,Notice air by evidence my sing garden hear economy various hotel.,ORD001613
INT001477,CUNQ001598,In-Person Meeting,2023-07-03,Email,Hour cell step particularly control east weight raise school suggest smile store develop.,ORD002941
INT001478,CUNQ001191,Email,2023-03-27,Store,National top occur billion if end range trouble.,
INT001479,CUNQ000061,Chat,2023-11-18,Marketplace App,Mouth full writer low trial gas cold offer.,
INT001480,CUNQ001865,In-Person Meeting,2024-09-30,Web Chat,Watch develop reason gas part rather bill team vote blood represent.,
INT001481,CUNQ001721,Phone Call,2023-08-05,Email,Hand weight majority enjoy hit sure food particular series significant.,ORD000644
INT001482,CUNQ001145,Support Ticket,2023-09-23,Phone,Station difference create physical build push mention officer unit.,ORD002556
INT001483,CUNQ001418,Email,2023-01-06,Store,Trial out close current strategy four door.,ORD001723
INT001484,CUNQ000233,Phone Call,2024-11-02,Store,Beat hair house because family blue.,ORD001591
INT001485,CUNQ001662,In-Person Meeting,2024-11-04,Marketplace App,Dark describe community people Democrat information road week best sometimes.,ORD000437
INT001486,CUNQ000942,Chat,2024-09-25,Marketplace App,Surface animal where entire suggest recent poor board wear society along.,
INT001487,CUNQ001821,In-Person Meeting,2023-11-06,Phone,Concern him more young receive model no painting strong serious.,ORD001845
INT001488,CUNQ000826,Email,2023-07-15,Phone,Even candidate suddenly money task give.,ORD001295
INT001489,CUNQ000021,Phone Call,2023-01-28,Email,Three very newspaper tree simply indicate western tell.,
INT001490,CUNQ001640,Phone Call,2024-10-27,Email,Media society last kind fear cold manage full front scientist protect must fund.,ORD001307
INT001491,CUNQ001527,Support Ticket,2023-07-15,Phone,Instead hair term skin success explain maybe fight pass budget bar really world.,ORD002761
INT001492,CUNQ001857,In-Person Meeting,2023-06-01,Store,Carry surface think amount soon head.,ORD000084
INT001493,CUNQ000664,Email,2023-06-20,Email,Only there authority door poor stay yard break.,ORD002879
INT001494,CUNQ001540,In-Person Meeting,2024-05-11,Store,Than attorney accept future almost daughter plan new consider beyond.,
INT001495,CUNQ000275,In-Person Meeting,2024-08-22,Email,Expect mind pay history people respond century white real.,ORD002169
INT001496,CUNQ001395,Support Ticket,2024-02-06,Phone,Institution together small rest fall including section can.,ORD000594
INT001497,CUNQ000268,Email,2024-10-07,Store,World region try explain wear attorney despite spend remain space black card.,ORD000567
INT001498,CUNQ000292,In-Person Meeting,2024-08-15,Marketplace App,Call paper these population phone perhaps.,
INT001499,CUNQ000449,Chat,2023-02-07,Store,Help account bed each energy civil.,
INT001500,CUNQ001061,Support Ticket,2024-08-28,Marketplace App,Leg agency close likely million beautiful lay skin tonight lose fly section guy.,ORD001459
