movement_id,material_id,warehouse_id,movement_type,quantity,movement_date,reference_document
MOV000001,MAT00200,WH05,GR_101_Goods_Receipt,297,2023-07-29,GR000001
MOV000002,MAT00090,WH06,GR_101_Goods_Receipt,180,2023-08-20,GR000002
MOV000003,MAT00299,WH05,GR_101_Goods_Receipt,164,2024-12-22,GR000003
MOV000004,MAT00227,WH04,GR_101_Goods_Receipt,459,2024-12-08,GR000004
MOV000005,MAT00282,WH02,GR_101_Goods_Receipt,87,2024-12-19,GR000005
MOV000006,MAT00301,WH04,GR_101_Goods_Receipt,323,2024-02-25,GR000006
MOV000007,MAT00001,WH08,GR_101_Goods_Receipt,303,2024-02-12,GR000007
MOV000008,MAT00363,WH03,GR_101_Goods_Receipt,287,2024-02-22,GR000008
MOV000009,MAT00267,WH06,GR_101_Goods_Receipt,475,2023-12-13,GR000009
MOV000010,MAT00074,WH06,GR_101_Goods_Receipt,44,2023-12-12,GR000010
MOV000011,MAT00378,WH07,GR_101_Goods_Receipt,439,2023-12-13,GR000011
MOV000012,MAT00050,WH03,GR_101_Goods_Receipt,488,2024-03-24,GR000012
MOV000013,MAT00200,WH05,GR_101_Goods_Receipt,408,2024-03-06,GR000013
MOV000014,MAT00055,WH04,GR_101_Goods_Receipt,320,2024-03-10,GR000014
MOV000015,MAT00390,WH03,GR_101_Goods_Receipt,201,2024-10-01,GR000015
MOV000016,MAT00288,WH05,GR_101_Goods_Receipt,93,2024-09-17,GR000016
MOV000017,MAT00042,WH04,GR_101_Goods_Receipt,496,2024-10-10,GR000017
MOV000018,MAT00082,WH04,GR_101_Goods_Receipt,453,2023-04-08,GR000018
MOV000019,MAT00277,WH06,GR_101_Goods_Receipt,228,2023-03-18,GR000019
MOV000020,MAT00156,WH02,GR_101_Goods_Receipt,302,2024-02-29,GR000020
MOV000021,MAT00304,WH01,GR_101_Goods_Receipt,241,2024-02-17,GR000021
MOV000022,MAT00241,WH04,GR_101_Goods_Receipt,295,2024-03-08,GR000022
MOV000023,MAT00396,WH05,GR_101_Goods_Receipt,406,2023-11-17,GR000023
MOV000024,MAT00014,WH08,GR_101_Goods_Receipt,323,2023-11-23,GR000024
MOV000025,MAT00107,WH07,GR_101_Goods_Receipt,266,2024-11-22,GR000025
MOV000026,MAT00141,WH04,GR_101_Goods_Receipt,221,2024-10-31,GR000026
MOV000027,MAT00036,WH02,GR_101_Goods_Receipt,461,2024-11-06,GR000027
MOV000028,MAT00020,WH03,GR_101_Goods_Receipt,32,2023-06-29,GR000028
MOV000029,MAT00078,WH07,GR_101_Goods_Receipt,454,2023-07-12,GR000029
MOV000030,MAT00334,WH01,GR_101_Goods_Receipt,157,2023-11-21,GR000030
MOV000031,MAT00210,WH08,GR_101_Goods_Receipt,328,2023-11-20,GR000031
MOV000032,MAT00322,WH07,GR_101_Goods_Receipt,321,2024-07-24,GR000032
MOV000033,MAT00236,WH04,GR_101_Goods_Receipt,105,2024-08-05,GR000033
MOV000034,MAT00213,WH01,GR_101_Goods_Receipt,18,2024-07-17,GR000034
MOV000035,MAT00390,WH07,GR_101_Goods_Receipt,162,2024-11-21,GR000035
MOV000036,MAT00052,WH08,GR_101_Goods_Receipt,101,2024-11-29,GR000036
MOV000037,MAT00112,WH06,GR_101_Goods_Receipt,393,2024-11-22,GR000037
MOV000038,MAT00063,WH02,GR_101_Goods_Receipt,189,2024-02-05,GR000038
MOV000039,MAT00339,WH02,GR_101_Goods_Receipt,119,2024-12-23,GR000039
MOV000040,MAT00177,WH05,GR_101_Goods_Receipt,269,2025-01-09,GR000040
MOV000041,MAT00249,WH08,GR_101_Goods_Receipt,142,2024-04-07,GR000041
MOV000042,MAT00281,WH04,GR_101_Goods_Receipt,276,2024-04-03,GR000042
MOV000043,MAT00117,WH04,GR_101_Goods_Receipt,10,2025-01-14,GR000043
MOV000044,MAT00397,WH02,GR_101_Goods_Receipt,167,2023-11-07,GR000044
MOV000045,MAT00028,WH06,GR_101_Goods_Receipt,380,2024-12-09,GR000045
MOV000046,MAT00327,WH01,GR_101_Goods_Receipt,436,2025-01-01,GR000046
MOV000047,MAT00395,WH01,GR_101_Goods_Receipt,310,2024-05-11,GR000047
MOV000048,MAT00083,WH05,GR_101_Goods_Receipt,39,2024-05-04,GR000048
MOV000049,MAT00088,WH03,GR_101_Goods_Receipt,330,2023-02-14,GR000049
MOV000050,MAT00227,WH01,GR_101_Goods_Receipt,314,2023-03-05,GR000050
MOV000051,MAT00281,WH05,GR_101_Goods_Receipt,459,2023-10-26,GR000051
MOV000052,MAT00135,WH02,GR_101_Goods_Receipt,99,2023-11-06,GR000052
MOV000053,MAT00252,WH05,GR_101_Goods_Receipt,473,2024-04-13,GR000053
MOV000054,MAT00347,WH04,GR_101_Goods_Receipt,407,2024-04-29,GR000054
MOV000055,MAT00201,WH02,GR_101_Goods_Receipt,452,2023-02-12,GR000055
MOV000056,MAT00180,WH01,GR_101_Goods_Receipt,180,2023-02-15,GR000056
MOV000057,MAT00007,WH04,GR_101_Goods_Receipt,305,2023-03-06,GR000057
MOV000058,MAT00299,WH03,GR_101_Goods_Receipt,173,2023-08-14,GR000058
MOV000059,MAT00081,WH04,GR_101_Goods_Receipt,90,2023-07-22,GR000059
MOV000060,MAT00245,WH05,GR_101_Goods_Receipt,287,2023-08-02,GR000060
MOV000061,MAT00236,WH01,GR_101_Goods_Receipt,169,2024-08-28,GR000061
MOV000062,MAT00042,WH08,GR_101_Goods_Receipt,180,2024-04-28,GR000062
MOV000063,MAT00152,WH02,GR_101_Goods_Receipt,300,2024-05-04,GR000063
MOV000064,MAT00389,WH03,GR_101_Goods_Receipt,373,2024-05-02,GR000064
MOV000065,MAT00377,WH03,GR_101_Goods_Receipt,450,2024-04-27,GR000065
MOV000066,MAT00262,WH08,GR_101_Goods_Receipt,368,2024-04-29,GR000066
MOV000067,MAT00373,WH02,GR_101_Goods_Receipt,270,2024-01-21,GR000067
MOV000068,MAT00321,WH08,GR_101_Goods_Receipt,312,2023-12-01,GR000068
MOV000069,MAT00138,WH07,GR_101_Goods_Receipt,206,2023-11-20,GR000069
MOV000070,MAT00186,WH02,GR_101_Goods_Receipt,127,2024-09-01,GR000070
MOV000071,MAT00397,WH03,GR_101_Goods_Receipt,112,2024-08-21,GR000071
MOV000072,MAT00075,WH06,GR_101_Goods_Receipt,61,2024-08-13,GR000072
MOV000073,MAT00104,WH03,GR_101_Goods_Receipt,56,2024-05-30,GR000073
MOV000074,MAT00069,WH03,GR_101_Goods_Receipt,55,2024-04-17,GR000074
MOV000075,MAT00194,WH01,GR_101_Goods_Receipt,446,2024-04-06,GR000075
MOV000076,MAT00258,WH07,GR_101_Goods_Receipt,66,2024-12-29,GR000076
MOV000077,MAT00061,WH07,GR_101_Goods_Receipt,330,2025-01-10,GR000077
MOV000078,MAT00364,WH07,GR_101_Goods_Receipt,253,2024-08-05,GR000078
MOV000079,MAT00064,WH03,GR_101_Goods_Receipt,74,2023-06-14,GR000079
MOV000080,MAT00281,WH02,GR_101_Goods_Receipt,379,2023-07-04,GR000080
MOV000081,MAT00290,WH03,GR_101_Goods_Receipt,80,2023-06-28,GR000081
MOV000082,MAT00092,WH07,GR_101_Goods_Receipt,429,2024-04-27,GR000082
MOV000083,MAT00075,WH05,GR_101_Goods_Receipt,319,2024-05-01,GR000083
MOV000084,MAT00113,WH01,GR_101_Goods_Receipt,220,2024-05-03,GR000084
MOV000085,MAT00376,WH05,GR_101_Goods_Receipt,67,2024-09-01,GR000085
MOV000086,MAT00281,WH04,GR_101_Goods_Receipt,248,2024-08-25,GR000086
MOV000087,MAT00306,WH01,GR_101_Goods_Receipt,352,2024-05-25,GR000087
MOV000088,MAT00064,WH08,GR_101_Goods_Receipt,472,2024-05-30,GR000088
MOV000089,MAT00162,WH07,GR_101_Goods_Receipt,272,2024-05-23,GR000089
MOV000090,MAT00369,WH03,GR_101_Goods_Receipt,268,2023-11-22,GR000090
MOV000091,MAT00153,WH08,GR_101_Goods_Receipt,17,2024-10-17,GR000091
MOV000092,MAT00317,WH08,GR_101_Goods_Receipt,199,2024-10-06,GR000092
MOV000093,MAT00269,WH08,GR_101_Goods_Receipt,159,2023-07-15,GR000093
MOV000094,MAT00338,WH01,GR_101_Goods_Receipt,148,2024-03-25,GR000094
MOV000095,MAT00146,WH08,GR_101_Goods_Receipt,36,2024-11-07,GR000095
MOV000096,MAT00081,WH01,GR_101_Goods_Receipt,371,2024-07-15,GR000096
MOV000097,MAT00388,WH01,GR_101_Goods_Receipt,157,2024-07-20,GR000097
MOV000098,MAT00249,WH05,GR_101_Goods_Receipt,59,2024-07-27,GR000098
MOV000099,MAT00278,WH04,GR_101_Goods_Receipt,140,2023-12-28,GR000099
MOV000100,MAT00269,WH02,GR_101_Goods_Receipt,102,2024-06-21,GR000100
MOV000101,MAT00353,WH06,GR_101_Goods_Receipt,16,2024-07-10,GR000101
MOV000102,MAT00212,WH01,GR_101_Goods_Receipt,122,2024-06-29,GR000102
MOV000103,MAT00178,WH08,GR_101_Goods_Receipt,468,2024-11-06,GR000103
MOV000104,MAT00165,WH02,GR_101_Goods_Receipt,40,2023-03-21,GR000104
MOV000105,MAT00260,WH03,GR_101_Goods_Receipt,261,2023-03-19,GR000105
MOV000106,MAT00033,WH08,GR_101_Goods_Receipt,286,2024-11-02,GR000106
MOV000107,MAT00285,WH06,GR_101_Goods_Receipt,184,2023-01-27,GR000107
MOV000108,MAT00229,WH07,GR_101_Goods_Receipt,372,2024-02-28,GR000108
MOV000109,MAT00388,WH01,GR_101_Goods_Receipt,442,2024-03-07,GR000109
MOV000110,MAT00035,WH06,GR_101_Goods_Receipt,206,2024-03-05,GR000110
MOV000111,MAT00213,WH06,GR_101_Goods_Receipt,38,2024-01-04,GR000111
MOV000112,MAT00251,WH03,GR_101_Goods_Receipt,51,2024-01-07,GR000112
MOV000113,MAT00283,WH01,GR_101_Goods_Receipt,437,2024-10-27,GR000113
MOV000114,MAT00132,WH04,GR_101_Goods_Receipt,182,2024-10-26,GR000114
MOV000115,MAT00340,WH04,GR_101_Goods_Receipt,423,2024-11-11,GR000115
MOV000116,MAT00263,WH02,GR_101_Goods_Receipt,76,2023-03-15,GR000116
MOV000117,MAT00006,WH02,GR_101_Goods_Receipt,243,2023-03-11,GR000117
MOV000118,MAT00323,WH04,GR_101_Goods_Receipt,264,2023-03-12,GR000118
MOV000119,MAT00278,WH06,GR_101_Goods_Receipt,357,2024-03-21,GR000119
MOV000120,MAT00255,WH06,GR_101_Goods_Receipt,438,2024-03-24,GR000120
MOV000121,MAT00113,WH06,GR_101_Goods_Receipt,42,2024-03-22,GR000121
MOV000122,MAT00103,WH03,GR_101_Goods_Receipt,483,2024-08-01,GR000122
MOV000123,MAT00186,WH07,GR_101_Goods_Receipt,9,2023-01-26,GR000123
MOV000124,MAT00076,WH07,GR_101_Goods_Receipt,168,2024-12-23,GR000124
MOV000125,MAT00035,WH08,GR_101_Goods_Receipt,43,2025-01-05,GR000125
MOV000126,MAT00226,WH04,GR_101_Goods_Receipt,404,2024-07-17,GR000126
MOV000127,MAT00397,WH03,GR_101_Goods_Receipt,67,2024-08-04,GR000127
MOV000128,MAT00114,WH05,GR_101_Goods_Receipt,37,2023-06-30,GR000128
MOV000129,MAT00297,WH03,GR_101_Goods_Receipt,32,2023-12-16,GR000129
MOV000130,MAT00229,WH04,GR_101_Goods_Receipt,412,2023-12-30,GR000130
MOV000131,MAT00088,WH02,GR_101_Goods_Receipt,224,2024-04-27,GR000131
MOV000132,MAT00188,WH04,GR_101_Goods_Receipt,176,2024-04-15,GR000132
MOV000133,MAT00089,WH03,GR_101_Goods_Receipt,97,2024-01-29,GR000133
MOV000134,MAT00111,WH06,GR_101_Goods_Receipt,378,2024-02-18,GR000134
MOV000135,MAT00129,WH03,GR_101_Goods_Receipt,75,2024-02-26,GR000135
MOV000136,MAT00310,WH03,GR_101_Goods_Receipt,186,2023-05-10,GR000136
MOV000137,MAT00218,WH04,GR_101_Goods_Receipt,167,2023-05-09,GR000137
MOV000138,MAT00358,WH04,GR_101_Goods_Receipt,152,2024-09-16,GR000138
MOV000139,MAT00229,WH01,GR_101_Goods_Receipt,177,2024-09-10,GR000139
MOV000140,MAT00266,WH04,GR_101_Goods_Receipt,424,2024-03-22,GR000140
MOV000141,MAT00359,WH04,GR_101_Goods_Receipt,52,2024-03-19,GR000141
MOV000142,MAT00028,WH03,GR_101_Goods_Receipt,341,2023-05-23,GR000142
MOV000143,MAT00011,WH07,GR_101_Goods_Receipt,392,2025-01-10,GR000143
MOV000144,MAT00239,WH01,GR_101_Goods_Receipt,104,2025-01-09,GR000144
MOV000145,MAT00131,WH01,GR_101_Goods_Receipt,450,2025-01-09,GR000145
MOV000146,MAT00003,WH02,GR_101_Goods_Receipt,367,2023-11-23,GR000146
MOV000147,MAT00184,WH01,GR_101_Goods_Receipt,327,2023-11-30,GR000147
MOV000148,MAT00231,WH04,GR_101_Goods_Receipt,326,2023-05-10,GR000148
MOV000149,MAT00244,WH08,GR_101_Goods_Receipt,80,2023-05-06,GR000149
MOV000150,MAT00219,WH07,GR_101_Goods_Receipt,58,2024-09-17,GR000150
MOV000151,MAT00350,WH08,GR_101_Goods_Receipt,86,2024-09-02,GR000151
MOV000152,MAT00193,WH02,GR_101_Goods_Receipt,213,2024-09-10,GR000152
MOV000153,MAT00184,WH02,GR_101_Goods_Receipt,47,2023-07-22,GR000153
MOV000154,MAT00267,WH01,GR_101_Goods_Receipt,56,2023-08-09,GR000154
MOV000155,MAT00323,WH08,GR_101_Goods_Receipt,287,2023-11-20,GR000155
MOV000156,MAT00320,WH01,GR_101_Goods_Receipt,387,2023-11-11,GR000156
MOV000157,MAT00344,WH07,GR_101_Goods_Receipt,456,2023-11-20,GR000157
MOV000158,MAT00172,WH08,GR_101_Goods_Receipt,412,2024-09-10,GR000158
MOV000159,MAT00112,WH05,GR_101_Goods_Receipt,165,2024-09-15,GR000159
MOV000160,MAT00315,WH06,GR_101_Goods_Receipt,126,2024-08-30,GR000160
MOV000161,MAT00152,WH03,GR_101_Goods_Receipt,326,2023-11-17,GR000161
MOV000162,MAT00065,WH06,GR_101_Goods_Receipt,209,2023-07-08,GR000162
MOV000163,MAT00395,WH06,GR_101_Goods_Receipt,125,2023-07-12,GR000163
MOV000164,MAT00112,WH02,GR_101_Goods_Receipt,165,2023-07-20,GR000164
MOV000165,MAT00281,WH01,GR_101_Goods_Receipt,403,2023-02-15,GR000165
MOV000166,MAT00244,WH08,GR_101_Goods_Receipt,388,2023-02-18,GR000166
MOV000167,MAT00259,WH02,GR_101_Goods_Receipt,22,2024-12-09,GR000167
MOV000168,MAT00270,WH05,GR_101_Goods_Receipt,177,2024-12-21,GR000168
MOV000169,MAT00192,WH05,GR_101_Goods_Receipt,447,2024-01-22,GR000169
MOV000170,MAT00379,WH04,GR_101_Goods_Receipt,186,2024-01-24,GR000170
MOV000171,MAT00277,WH05,GR_101_Goods_Receipt,382,2024-02-05,GR000171
MOV000172,MAT00107,WH04,GR_101_Goods_Receipt,252,2023-06-27,GR000172
MOV000173,MAT00117,WH02,GR_101_Goods_Receipt,56,2023-07-11,GR000173
MOV000174,MAT00092,WH04,GR_101_Goods_Receipt,222,2023-01-27,GR000174
MOV000175,MAT00062,WH01,GR_101_Goods_Receipt,105,2023-01-24,GR000175
MOV000176,MAT00363,WH03,GR_101_Goods_Receipt,83,2023-11-25,GR000176
MOV000177,MAT00381,WH07,GR_101_Goods_Receipt,84,2023-12-03,GR000177
MOV000178,MAT00390,WH02,GR_101_Goods_Receipt,340,2023-07-14,GR000178
MOV000179,MAT00389,WH05,GR_101_Goods_Receipt,316,2023-07-29,GR000179
MOV000180,MAT00328,WH01,GR_101_Goods_Receipt,331,2023-08-01,GR000180
MOV000181,MAT00059,WH03,GR_101_Goods_Receipt,84,2023-10-22,GR000181
MOV000182,MAT00080,WH05,GR_101_Goods_Receipt,335,2023-03-14,GR000182
MOV000183,MAT00386,WH03,GR_101_Goods_Receipt,281,2023-03-04,GR000183
MOV000184,MAT00289,WH05,GR_101_Goods_Receipt,288,2023-04-24,GR000184
MOV000185,MAT00255,WH03,GR_101_Goods_Receipt,59,2024-12-18,GR000185
MOV000186,MAT00060,WH06,GR_101_Goods_Receipt,275,2025-01-03,GR000186
MOV000187,MAT00288,WH07,GR_101_Goods_Receipt,443,2024-10-12,GR000187
MOV000188,MAT00294,WH08,GR_101_Goods_Receipt,245,2024-09-28,GR000188
MOV000189,MAT00073,WH06,GR_101_Goods_Receipt,188,2024-10-09,GR000189
MOV000190,MAT00261,WH04,GR_101_Goods_Receipt,391,2023-07-09,GR000190
MOV000191,MAT00337,WH02,GR_101_Goods_Receipt,32,2023-03-28,GR000191
MOV000192,MAT00056,WH06,GR_101_Goods_Receipt,481,2023-03-26,GR000192
MOV000193,MAT00369,WH02,GR_101_Goods_Receipt,113,2023-04-23,GR000193
MOV000194,MAT00294,WH02,GR_101_Goods_Receipt,67,2023-08-26,GR000194
MOV000195,MAT00149,WH01,GR_101_Goods_Receipt,276,2023-09-08,GR000195
MOV000196,MAT00080,WH08,GR_101_Goods_Receipt,207,2023-04-21,GR000196
MOV000197,MAT00139,WH03,GR_101_Goods_Receipt,447,2023-08-29,GR000197
MOV000198,MAT00066,WH07,GR_101_Goods_Receipt,16,2023-09-09,GR000198
MOV000199,MAT00027,WH03,GR_101_Goods_Receipt,53,2024-04-10,GR000199
MOV000200,MAT00370,WH07,GR_101_Goods_Receipt,43,2024-04-05,GR000200
MOV000201,MAT00102,WH05,GR_101_Goods_Receipt,72,2024-04-14,GR000201
MOV000202,MAT00176,WH08,GR_101_Goods_Receipt,129,2025-02-01,GR000202
MOV000203,MAT00363,WH08,GR_101_Goods_Receipt,213,2025-01-18,GR000203
MOV000204,MAT00398,WH01,GR_101_Goods_Receipt,29,2025-01-21,GR000204
MOV000205,MAT00200,WH03,GR_101_Goods_Receipt,265,2023-04-24,GR000205
MOV000206,MAT00262,WH08,GR_101_Goods_Receipt,399,2023-12-09,GR000206
MOV000207,MAT00004,WH01,GR_101_Goods_Receipt,261,2023-08-17,GR000207
MOV000208,MAT00200,WH06,GR_101_Goods_Receipt,230,2023-08-06,GR000208
MOV000209,MAT00099,WH08,GR_101_Goods_Receipt,26,2024-02-17,GR000209
MOV000210,MAT00147,WH05,GR_101_Goods_Receipt,144,2023-06-29,GR000210
MOV000211,MAT00356,WH06,GR_101_Goods_Receipt,174,2023-07-04,GR000211
MOV000212,MAT00088,WH06,GR_101_Goods_Receipt,12,2024-01-21,GR000212
MOV000213,MAT00054,WH05,GR_101_Goods_Receipt,86,2023-12-31,GR000213
MOV000214,MAT00210,WH06,GR_101_Goods_Receipt,257,2024-01-20,GR000214
MOV000215,MAT00327,WH08,GR_101_Goods_Receipt,172,2024-12-30,GR000215
MOV000216,MAT00398,WH03,GR_101_Goods_Receipt,182,2023-05-15,GR000216
MOV000217,MAT00394,WH05,GR_101_Goods_Receipt,113,2024-10-22,GR000217
MOV000218,MAT00218,WH02,GR_101_Goods_Receipt,145,2024-10-15,GR000218
MOV000219,MAT00229,WH07,GR_101_Goods_Receipt,205,2024-11-27,GR000219
MOV000220,MAT00067,WH01,GR_101_Goods_Receipt,105,2024-11-18,GR000220
MOV000221,MAT00280,WH05,GR_101_Goods_Receipt,198,2024-11-11,GR000221
MOV000222,MAT00170,WH04,GR_101_Goods_Receipt,446,2024-11-02,GR000222
MOV000223,MAT00023,WH07,GR_101_Goods_Receipt,196,2024-10-29,GR000223
MOV000224,MAT00252,WH07,GR_101_Goods_Receipt,220,2024-10-23,GR000224
MOV000225,MAT00179,WH03,GR_101_Goods_Receipt,50,2023-10-25,GR000225
MOV000226,MAT00184,WH07,GR_101_Goods_Receipt,62,2023-11-03,GR000226
MOV000227,MAT00037,WH05,GR_101_Goods_Receipt,158,2023-10-12,GR000227
MOV000228,MAT00233,WH01,GR_101_Goods_Receipt,339,2023-11-09,GR000228
MOV000229,MAT00249,WH07,GR_101_Goods_Receipt,453,2023-04-14,GR000229
MOV000230,MAT00321,WH02,GR_101_Goods_Receipt,492,2023-04-05,GR000230
MOV000231,MAT00118,WH02,GR_101_Goods_Receipt,496,2024-07-12,GR000231
MOV000232,MAT00376,WH07,GR_101_Goods_Receipt,131,2024-07-19,GR000232
MOV000233,MAT00191,WH03,GR_101_Goods_Receipt,422,2024-07-01,GR000233
MOV000234,MAT00001,WH06,GR_101_Goods_Receipt,235,2023-05-16,GR000234
MOV000235,MAT00295,WH08,GR_101_Goods_Receipt,368,2023-05-08,GR000235
MOV000236,MAT00188,WH06,GR_101_Goods_Receipt,460,2024-12-12,GR000236
MOV000237,MAT00284,WH01,GR_101_Goods_Receipt,430,2024-12-25,GR000237
MOV000238,MAT00265,WH01,GR_101_Goods_Receipt,478,2023-11-19,GR000238
MOV000239,MAT00022,WH03,GR_101_Goods_Receipt,139,2023-10-23,GR000239
MOV000240,MAT00155,WH08,GR_101_Goods_Receipt,203,2023-10-17,GR000240
MOV000241,MAT00367,WH03,GR_101_Goods_Receipt,419,2023-07-06,GR000241
MOV000242,MAT00121,WH01,GR_101_Goods_Receipt,211,2023-07-20,GR000242
MOV000243,MAT00022,WH03,GR_101_Goods_Receipt,127,2024-08-15,GR000243
MOV000244,MAT00331,WH03,GR_101_Goods_Receipt,35,2024-08-14,GR000244
MOV000245,MAT00299,WH01,GR_101_Goods_Receipt,55,2024-08-04,GR000245
MOV000246,MAT00391,WH04,GR_101_Goods_Receipt,433,2024-07-01,GR000246
MOV000247,MAT00144,WH08,GR_101_Goods_Receipt,494,2024-07-24,GR000247
MOV000248,MAT00221,WH04,GR_101_Goods_Receipt,219,2024-12-01,GR000248
MOV000249,MAT00106,WH01,GR_101_Goods_Receipt,199,2024-10-19,GR000249
MOV000250,MAT00150,WH03,GR_101_Goods_Receipt,205,2023-01-25,GR000250
MOV000251,MAT00309,WH03,GR_101_Goods_Receipt,466,2023-01-31,GR000251
MOV000252,MAT00090,WH02,GR_101_Goods_Receipt,267,2023-01-22,GR000252
MOV000253,MAT00042,WH08,GR_101_Goods_Receipt,82,2023-12-07,GR000253
MOV000254,MAT00236,WH07,GR_101_Goods_Receipt,456,2023-12-06,GR000254
MOV000255,MAT00042,WH04,GR_101_Goods_Receipt,229,2024-06-13,GR000255
MOV000256,MAT00214,WH08,GR_101_Goods_Receipt,30,2024-05-23,GR000256
MOV000257,MAT00108,WH06,GR_101_Goods_Receipt,262,2024-05-21,GR000257
MOV000258,MAT00018,WH04,GR_101_Goods_Receipt,102,2023-05-06,GR000258
MOV000259,MAT00260,WH07,GR_101_Goods_Receipt,308,2023-04-12,GR000259
MOV000260,MAT00342,WH02,GR_101_Goods_Receipt,356,2023-04-06,GR000260
MOV000261,MAT00054,WH01,GR_101_Goods_Receipt,211,2023-03-29,GR000261
MOV000262,MAT00313,WH06,GR_101_Goods_Receipt,347,2023-04-19,GR000262
MOV000263,MAT00231,WH04,GR_101_Goods_Receipt,32,2023-04-14,GR000263
MOV000264,MAT00332,WH01,GR_101_Goods_Receipt,451,2023-04-21,GR000264
MOV000265,MAT00387,WH07,GR_101_Goods_Receipt,205,2023-03-28,GR000265
MOV000266,MAT00117,WH07,GR_101_Goods_Receipt,55,2023-03-28,GR000266
MOV000267,MAT00301,WH05,GR_101_Goods_Receipt,155,2023-04-08,GR000267
MOV000268,MAT00228,WH06,GR_101_Goods_Receipt,160,2024-06-12,GR000268
MOV000269,MAT00220,WH02,GR_101_Goods_Receipt,159,2024-06-08,GR000269
MOV000270,MAT00255,WH02,GR_101_Goods_Receipt,163,2024-06-05,GR000270
MOV000271,MAT00313,WH08,GR_101_Goods_Receipt,356,2023-03-10,GR000271
MOV000272,MAT00194,WH08,GR_101_Goods_Receipt,279,2023-03-06,GR000272
MOV000273,MAT00376,WH07,GR_101_Goods_Receipt,292,2024-03-19,GR000273
MOV000274,MAT00245,WH08,GR_101_Goods_Receipt,16,2023-08-02,GR000274
MOV000275,MAT00319,WH05,GR_101_Goods_Receipt,140,2023-07-18,GR000275
MOV000276,MAT00036,WH05,GR_101_Goods_Receipt,194,2024-06-12,GR000276
MOV000277,MAT00138,WH01,GR_101_Goods_Receipt,54,2024-05-18,GR000277
MOV000278,MAT00077,WH03,GR_101_Goods_Receipt,366,2024-05-21,GR000278
MOV000279,MAT00373,WH08,GR_101_Goods_Receipt,449,2024-11-09,GR000279
MOV000280,MAT00300,WH03,GR_101_Goods_Receipt,85,2024-11-02,GR000280
MOV000281,MAT00307,WH08,GR_101_Goods_Receipt,388,2024-11-16,GR000281
MOV000282,MAT00144,WH01,GR_101_Goods_Receipt,301,2024-09-10,GR000282
MOV000283,MAT00252,WH08,GR_101_Goods_Receipt,62,2024-09-21,GR000283
MOV000284,MAT00291,WH04,GR_101_Goods_Receipt,158,2024-09-04,GR000284
MOV000285,MAT00052,WH02,GR_101_Goods_Receipt,375,2024-08-22,GR000285
MOV000286,MAT00351,WH08,GR_101_Goods_Receipt,147,2024-09-02,GR000286
MOV000287,MAT00184,WH03,GR_101_Goods_Receipt,310,2024-04-11,GR000287
MOV000288,MAT00048,WH08,GR_101_Goods_Receipt,223,2023-11-25,GR000288
MOV000289,MAT00186,WH05,GR_101_Goods_Receipt,419,2023-11-08,GR000289
MOV000290,MAT00357,WH02,GR_101_Goods_Receipt,257,2024-12-22,GR000290
MOV000291,MAT00091,WH04,GR_101_Goods_Receipt,416,2024-12-29,GR000291
MOV000292,MAT00349,WH06,GR_101_Goods_Receipt,295,2024-12-15,GR000292
MOV000293,MAT00345,WH04,GR_101_Goods_Receipt,26,2024-12-09,GR000293
MOV000294,MAT00198,WH06,GR_101_Goods_Receipt,71,2024-12-16,GR000294
MOV000295,MAT00216,WH02,GR_101_Goods_Receipt,403,2024-12-17,GR000295
MOV000296,MAT00244,WH03,GR_101_Goods_Receipt,236,2023-06-30,GR000296
MOV000297,MAT00339,WH08,GR_101_Goods_Receipt,341,2023-06-20,GR000297
MOV000298,MAT00169,WH06,GR_101_Goods_Receipt,222,2023-06-18,GR000298
MOV000299,MAT00247,WH04,GR_101_Goods_Receipt,146,2023-11-21,GR000299
MOV000300,MAT00036,WH08,GR_101_Goods_Receipt,123,2023-06-17,GR000300
MOV000301,MAT00095,WH08,GR_101_Goods_Receipt,257,2023-07-05,GR000301
MOV000302,MAT00052,WH06,GR_101_Goods_Receipt,73,2023-07-02,GR000302
MOV000303,MAT00286,WH01,GR_101_Goods_Receipt,232,2023-12-19,GR000303
MOV000304,MAT00181,WH05,GR_101_Goods_Receipt,128,2024-11-01,GR000304
MOV000305,MAT00352,WH05,GR_101_Goods_Receipt,39,2024-10-17,GR000305
MOV000306,MAT00065,WH01,GR_101_Goods_Receipt,73,2024-10-24,GR000306
MOV000307,MAT00011,WH01,GR_101_Goods_Receipt,230,2023-02-27,GR000307
MOV000308,MAT00270,WH02,GR_101_Goods_Receipt,226,2023-02-23,GR000308
MOV000309,MAT00305,WH04,GR_101_Goods_Receipt,137,2023-02-27,GR000309
MOV000310,MAT00265,WH07,GR_101_Goods_Receipt,411,2024-01-18,GR000310
MOV000311,MAT00320,WH06,GR_101_Goods_Receipt,276,2024-01-03,GR000311
MOV000312,MAT00317,WH02,GR_101_Goods_Receipt,242,2024-01-24,GR000312
MOV000313,MAT00001,WH07,GR_101_Goods_Receipt,296,2024-12-14,GR000313
MOV000314,MAT00212,WH03,GR_101_Goods_Receipt,235,2024-12-17,GR000314
MOV000315,MAT00254,WH03,GR_101_Goods_Receipt,83,2024-12-17,GR000315
MOV000316,MAT00397,WH03,GR_101_Goods_Receipt,70,2025-01-10,GR000316
MOV000317,MAT00132,WH02,GR_101_Goods_Receipt,493,2025-01-02,GR000317
MOV000318,MAT00111,WH02,GR_101_Goods_Receipt,71,2025-01-06,GR000318
MOV000319,MAT00157,WH07,GR_101_Goods_Receipt,165,2024-01-22,GR000319
MOV000320,MAT00249,WH03,GR_101_Goods_Receipt,34,2024-01-31,GR000320
MOV000321,MAT00288,WH07,GR_101_Goods_Receipt,176,2024-12-11,GR000321
MOV000322,MAT00320,WH08,GR_101_Goods_Receipt,129,2024-11-29,GR000322
MOV000323,MAT00019,WH05,GR_101_Goods_Receipt,386,2024-11-21,GR000323
MOV000324,MAT00374,WH04,GR_101_Goods_Receipt,296,2024-08-21,GR000324
MOV000325,MAT00343,WH01,GR_101_Goods_Receipt,394,2024-08-03,GR000325
MOV000326,MAT00292,WH02,GR_101_Goods_Receipt,150,2024-08-12,GR000326
MOV000327,MAT00360,WH03,GR_101_Goods_Receipt,311,2024-07-08,GR000327
MOV000328,MAT00251,WH05,GR_101_Goods_Receipt,222,2024-07-24,GR000328
MOV000329,MAT00131,WH03,GR_101_Goods_Receipt,56,2023-10-17,GR000329
MOV000330,MAT00316,WH05,GR_101_Goods_Receipt,209,2023-02-08,GR000330
MOV000331,MAT00277,WH04,GR_101_Goods_Receipt,202,2023-02-06,GR000331
MOV000332,MAT00365,WH01,GR_101_Goods_Receipt,270,2024-09-22,GR000332
MOV000333,MAT00284,WH01,GR_101_Goods_Receipt,172,2024-09-24,GR000333
MOV000334,MAT00159,WH04,GR_101_Goods_Receipt,147,2024-03-16,GR000334
MOV000335,MAT00232,WH03,GR_101_Goods_Receipt,165,2024-08-11,GR000335
MOV000336,MAT00370,WH01,GR_101_Goods_Receipt,410,2024-02-08,GR000336
MOV000337,MAT00123,WH05,GR_101_Goods_Receipt,53,2023-01-15,GR000337
MOV000338,MAT00357,WH05,GR_101_Goods_Receipt,284,2023-01-29,GR000338
MOV000339,MAT00351,WH07,GR_101_Goods_Receipt,11,2023-01-24,GR000339
MOV000340,MAT00142,WH08,GR_101_Goods_Receipt,462,2023-08-21,GR000340
MOV000341,MAT00387,WH08,GR_101_Goods_Receipt,149,2023-08-20,GR000341
MOV000342,MAT00162,WH01,GR_101_Goods_Receipt,78,2024-09-13,GR000342
MOV000343,MAT00245,WH07,GR_101_Goods_Receipt,471,2024-09-18,GR000343
MOV000344,MAT00205,WH01,GR_101_Goods_Receipt,285,2024-09-30,GR000344
MOV000345,MAT00013,WH07,GR_101_Goods_Receipt,190,2024-12-07,GR000345
MOV000346,MAT00057,WH01,GR_101_Goods_Receipt,8,2023-07-18,GR000346
MOV000347,MAT00336,WH04,GR_101_Goods_Receipt,165,2023-07-30,GR000347
MOV000348,MAT00393,WH01,GR_101_Goods_Receipt,60,2023-07-18,GR000348
MOV000349,MAT00375,WH04,GR_101_Goods_Receipt,311,2024-09-18,GR000349
MOV000350,MAT00093,WH08,GR_101_Goods_Receipt,108,2024-06-26,GR000350
MOV000351,MAT00200,WH06,GR_101_Goods_Receipt,11,2024-07-14,GR000351
MOV000352,MAT00282,WH04,GR_101_Goods_Receipt,90,2024-04-08,GR000352
MOV000353,MAT00252,WH07,GR_101_Goods_Receipt,19,2024-04-05,GR000353
MOV000354,MAT00210,WH02,GR_101_Goods_Receipt,423,2023-08-19,GR000354
MOV000355,MAT00144,WH02,GR_101_Goods_Receipt,479,2023-07-31,GR000355
MOV000356,MAT00012,WH01,GR_101_Goods_Receipt,330,2023-07-27,GR000356
MOV000357,MAT00300,WH01,GR_101_Goods_Receipt,195,2024-09-08,GR000357
MOV000358,MAT00069,WH02,GR_101_Goods_Receipt,372,2024-10-01,GR000358
MOV000359,MAT00152,WH02,GR_101_Goods_Receipt,53,2024-10-10,GR000359
MOV000360,MAT00163,WH01,GR_101_Goods_Receipt,215,2023-03-25,GR000360
MOV000361,MAT00360,WH06,GR_101_Goods_Receipt,242,2023-03-25,GR000361
MOV000362,MAT00338,WH07,GR_101_Goods_Receipt,80,2024-10-05,GR000362
MOV000363,MAT00345,WH04,GR_101_Goods_Receipt,275,2023-11-21,GR000363
MOV000364,MAT00152,WH02,GR_101_Goods_Receipt,398,2024-06-20,GR000364
MOV000365,MAT00184,WH06,GR_101_Goods_Receipt,132,2024-06-26,GR000365
MOV000366,MAT00064,WH03,GR_101_Goods_Receipt,214,2024-06-20,GR000366
MOV000367,MAT00136,WH04,GR_101_Goods_Receipt,263,2023-04-24,GR000367
MOV000368,MAT00286,WH04,GR_101_Goods_Receipt,256,2024-05-10,GR000368
MOV000369,MAT00332,WH03,GR_101_Goods_Receipt,195,2024-03-01,GR000369
MOV000370,MAT00165,WH04,GR_101_Goods_Receipt,309,2023-11-10,GR000370
MOV000371,MAT00376,WH06,GR_101_Goods_Receipt,111,2023-11-07,GR000371
MOV000372,MAT00182,WH03,GR_101_Goods_Receipt,443,2023-11-04,GR000372
MOV000373,MAT00289,WH07,GR_101_Goods_Receipt,166,2023-05-11,GR000373
MOV000374,MAT00308,WH01,GR_101_Goods_Receipt,201,2023-08-04,GR000374
MOV000375,MAT00319,WH03,GR_101_Goods_Receipt,400,2023-07-29,GR000375
MOV000376,MAT00121,WH08,GR_101_Goods_Receipt,177,2023-08-11,GR000376
MOV000377,MAT00091,WH06,GR_101_Goods_Receipt,414,2023-08-13,GR000377
MOV000378,MAT00096,WH08,GR_101_Goods_Receipt,265,2023-08-15,GR000378
MOV000379,MAT00150,WH04,GR_101_Goods_Receipt,215,2024-06-20,GR000379
MOV000380,MAT00285,WH04,GR_101_Goods_Receipt,122,2024-06-12,GR000380
MOV000381,MAT00348,WH06,GR_101_Goods_Receipt,166,2024-06-08,GR000381
MOV000382,MAT00200,WH04,GR_101_Goods_Receipt,394,2023-10-09,GR000382
MOV000383,MAT00113,WH05,GR_101_Goods_Receipt,48,2024-04-04,GR000383
MOV000384,MAT00287,WH01,GR_101_Goods_Receipt,484,2024-04-07,GR000384
MOV000385,MAT00056,WH05,GR_101_Goods_Receipt,289,2024-04-10,GR000385
MOV000386,MAT00066,WH05,GR_101_Goods_Receipt,442,2023-12-04,GR000386
MOV000387,MAT00369,WH07,GR_101_Goods_Receipt,14,2023-11-23,GR000387
MOV000388,MAT00043,WH03,GR_101_Goods_Receipt,430,2023-12-04,GR000388
MOV000389,MAT00207,WH08,GR_101_Goods_Receipt,393,2024-02-27,GR000389
MOV000390,MAT00105,WH07,GR_101_Goods_Receipt,184,2024-03-01,GR000390
MOV000391,MAT00239,WH03,GR_101_Goods_Receipt,117,2024-03-07,GR000391
MOV000392,MAT00119,WH04,GR_101_Goods_Receipt,394,2024-09-05,GR000392
MOV000393,MAT00400,WH06,GR_101_Goods_Receipt,170,2024-09-14,GR000393
MOV000394,MAT00251,WH07,GR_101_Goods_Receipt,263,2024-10-23,GR000394
MOV000395,MAT00010,WH02,GR_101_Goods_Receipt,93,2024-10-23,GR000395
MOV000396,MAT00341,WH01,GR_101_Goods_Receipt,31,2024-10-31,GR000396
MOV000397,MAT00229,WH08,GR_101_Goods_Receipt,155,2023-07-25,GR000397
MOV000398,MAT00337,WH07,GR_101_Goods_Receipt,39,2023-07-18,GR000398
MOV000399,MAT00132,WH07,GR_101_Goods_Receipt,76,2024-02-25,GR000399
MOV000400,MAT00267,WH05,GR_101_Goods_Receipt,490,2024-05-15,GR000400
MOV000401,MAT00399,WH07,GR_101_Goods_Receipt,113,2024-05-10,GR000401
MOV000402,MAT00138,WH08,GR_101_Goods_Receipt,319,2024-05-25,GR000402
MOV000403,MAT00109,WH07,GR_101_Goods_Receipt,56,2024-05-09,GR000403
MOV000404,MAT00230,WH03,GR_101_Goods_Receipt,323,2024-04-29,GR000404
MOV000405,MAT00220,WH03,GR_101_Goods_Receipt,470,2024-05-09,GR000405
MOV000406,MAT00183,WH05,GR_101_Goods_Receipt,367,2024-12-30,GR000406
MOV000407,MAT00088,WH08,GR_101_Goods_Receipt,351,2025-01-13,GR000407
MOV000408,MAT00090,WH06,GR_101_Goods_Receipt,337,2023-03-18,GR000408
MOV000409,MAT00201,WH08,GR_101_Goods_Receipt,25,2024-02-23,GR000409
MOV000410,MAT00314,WH03,GR_101_Goods_Receipt,179,2024-02-23,GR000410
MOV000411,MAT00050,WH07,GR_101_Goods_Receipt,39,2024-05-21,GR000411
MOV000412,MAT00350,WH02,GR_101_Goods_Receipt,467,2023-07-13,GR000412
MOV000413,MAT00325,WH04,GR_101_Goods_Receipt,36,2024-02-11,GR000413
MOV000414,MAT00366,WH07,GR_101_Goods_Receipt,201,2024-02-15,GR000414
MOV000415,MAT00213,WH04,GR_101_Goods_Receipt,222,2023-07-07,GR000415
MOV000416,MAT00100,WH03,GR_101_Goods_Receipt,71,2024-07-18,GR000416
MOV000417,MAT00304,WH04,GR_101_Goods_Receipt,17,2024-07-26,GR000417
MOV000418,MAT00250,WH02,GR_101_Goods_Receipt,427,2024-05-08,GR000418
MOV000419,MAT00323,WH02,GR_101_Goods_Receipt,463,2024-05-01,GR000419
MOV000420,MAT00351,WH02,GR_101_Goods_Receipt,374,2024-05-09,GR000420
MOV000421,MAT00245,WH06,GR_101_Goods_Receipt,366,2024-10-06,GR000421
MOV000422,MAT00199,WH02,GR_101_Goods_Receipt,99,2024-10-06,GR000422
MOV000423,MAT00379,WH04,GR_101_Goods_Receipt,181,2024-10-02,GR000423
MOV000424,MAT00149,WH04,GR_101_Goods_Receipt,129,2024-06-30,GR000424
MOV000425,MAT00340,WH07,GR_101_Goods_Receipt,24,2024-03-31,GR000425
MOV000426,MAT00381,WH06,GR_101_Goods_Receipt,75,2024-03-29,GR000426
MOV000427,MAT00104,WH05,GR_101_Goods_Receipt,48,2024-04-11,GR000427
MOV000428,MAT00260,WH04,GR_101_Goods_Receipt,179,2023-02-05,GR000428
MOV000429,MAT00226,WH06,GR_101_Goods_Receipt,420,2023-02-25,GR000429
MOV000430,MAT00219,WH02,GR_101_Goods_Receipt,103,2023-02-02,GR000430
MOV000431,MAT00252,WH05,GR_101_Goods_Receipt,130,2024-09-19,GR000431
MOV000432,MAT00184,WH08,GR_101_Goods_Receipt,227,2023-07-02,GR000432
MOV000433,MAT00060,WH03,GR_101_Goods_Receipt,50,2024-10-31,GR000433
MOV000434,MAT00308,WH03,GR_101_Goods_Receipt,251,2024-11-05,GR000434
MOV000435,MAT00157,WH02,GR_101_Goods_Receipt,166,2023-07-19,GR000435
MOV000436,MAT00351,WH04,GR_101_Goods_Receipt,180,2023-07-20,GR000436
MOV000437,MAT00388,WH06,GR_101_Goods_Receipt,245,2023-08-18,GR000437
MOV000438,MAT00008,WH08,GR_101_Goods_Receipt,271,2023-08-05,GR000438
MOV000439,MAT00257,WH05,GR_101_Goods_Receipt,275,2025-01-14,GR000439
MOV000440,MAT00176,WH02,GR_101_Goods_Receipt,347,2025-01-04,GR000440
MOV000441,MAT00020,WH05,GR_101_Goods_Receipt,65,2025-01-08,GR000441
MOV000442,MAT00112,WH01,GR_101_Goods_Receipt,393,2025-01-08,GR000442
MOV000443,MAT00117,WH07,GR_101_Goods_Receipt,36,2023-07-21,GR000443
MOV000444,MAT00172,WH08,GR_101_Goods_Receipt,370,2023-07-14,GR000444
MOV000445,MAT00274,WH08,GR_101_Goods_Receipt,51,2024-08-16,GR000445
MOV000446,MAT00131,WH08,GR_101_Goods_Receipt,42,2023-04-24,GR000446
MOV000447,MAT00110,WH01,GR_101_Goods_Receipt,354,2023-04-05,GR000447
MOV000448,MAT00030,WH05,GR_101_Goods_Receipt,59,2024-12-15,GR000448
MOV000449,MAT00180,WH06,GR_101_Goods_Receipt,319,2024-05-30,GR000449
MOV000450,MAT00148,WH07,GR_101_Goods_Receipt,428,2024-05-31,GR000450
MOV000451,MAT00383,WH01,GR_101_Goods_Receipt,347,2024-02-04,GR000451
MOV000452,MAT00148,WH01,GR_101_Goods_Receipt,336,2024-01-30,GR000452
MOV000453,MAT00380,WH08,GR_101_Goods_Receipt,423,2024-02-09,GR000453
MOV000454,MAT00057,WH07,GR_101_Goods_Receipt,188,2024-03-05,GR000454
MOV000455,MAT00100,WH03,GR_101_Goods_Receipt,83,2023-11-20,GR000455
MOV000456,MAT00242,WH03,GR_101_Goods_Receipt,264,2023-11-14,GR000456
MOV000457,MAT00398,WH04,GR_101_Goods_Receipt,468,2023-11-06,GR000457
MOV000458,MAT00227,WH03,GR_101_Goods_Receipt,368,2023-08-23,GR000458
MOV000459,MAT00170,WH05,GR_101_Goods_Receipt,485,2023-08-23,GR000459
MOV000460,MAT00245,WH08,GR_101_Goods_Receipt,350,2023-09-01,GR000460
MOV000461,MAT00008,WH07,GR_101_Goods_Receipt,154,2023-04-28,GR000461
MOV000462,MAT00004,WH04,GR_101_Goods_Receipt,252,2023-05-04,GR000462
MOV000463,MAT00254,WH02,GR_101_Goods_Receipt,54,2023-09-02,GR000463
MOV000464,MAT00102,WH05,GR_101_Goods_Receipt,303,2023-09-01,GR000464
MOV000465,MAT00094,WH03,GR_101_Goods_Receipt,443,2023-03-25,GR000465
MOV000466,MAT00197,WH06,GR_101_Goods_Receipt,123,2024-06-24,GR000466
MOV000467,MAT00017,WH08,GR_101_Goods_Receipt,84,2024-07-03,GR000467
MOV000468,MAT00121,WH06,GR_101_Goods_Receipt,85,2024-06-25,GR000468
MOV000469,MAT00268,WH04,GR_101_Goods_Receipt,73,2023-12-13,GR000469
MOV000470,MAT00040,WH03,GR_101_Goods_Receipt,263,2023-12-02,GR000470
MOV000471,MAT00080,WH03,GR_101_Goods_Receipt,433,2023-12-11,GR000471
MOV000472,MAT00059,WH06,GR_101_Goods_Receipt,427,2024-05-27,GR000472
MOV000473,MAT00228,WH02,GR_101_Goods_Receipt,226,2024-06-02,GR000473
MOV000474,MAT00108,WH02,GR_101_Goods_Receipt,366,2024-07-24,GR000474
MOV000475,MAT00273,WH05,GR_101_Goods_Receipt,77,2024-07-24,GR000475
MOV000476,MAT00315,WH04,GR_101_Goods_Receipt,80,2024-05-04,GR000476
MOV000477,MAT00378,WH06,GR_101_Goods_Receipt,121,2024-04-24,GR000477
MOV000478,MAT00065,WH07,GR_101_Goods_Receipt,381,2024-04-22,GR000478
MOV000479,MAT00272,WH01,GR_101_Goods_Receipt,484,2024-03-30,GR000479
MOV000480,MAT00121,WH03,GR_101_Goods_Receipt,303,2024-06-25,GR000480
MOV000481,MAT00155,WH05,GR_101_Goods_Receipt,206,2024-07-03,GR000481
MOV000482,MAT00228,WH07,GR_101_Goods_Receipt,302,2024-06-21,GR000482
MOV000483,MAT00061,WH02,GR_101_Goods_Receipt,72,2023-01-30,GR000483
MOV000484,MAT00372,WH02,GR_101_Goods_Receipt,297,2023-02-04,GR000484
MOV000485,MAT00048,WH05,GR_101_Goods_Receipt,97,2024-06-29,GR000485
MOV000486,MAT00077,WH03,GR_101_Goods_Receipt,33,2024-06-26,GR000486
MOV000487,MAT00146,WH04,GR_101_Goods_Receipt,305,2024-06-19,GR000487
MOV000488,MAT00104,WH04,GR_101_Goods_Receipt,493,2023-07-06,GR000488
MOV000489,MAT00399,WH03,GR_101_Goods_Receipt,334,2023-03-27,GR000489
MOV000490,MAT00262,WH01,GR_101_Goods_Receipt,224,2023-04-01,GR000490
MOV000491,MAT00338,WH02,GR_101_Goods_Receipt,73,2024-10-09,GR000491
MOV000492,MAT00222,WH03,GR_101_Goods_Receipt,178,2024-09-28,GR000492
MOV000493,MAT00188,WH02,GR_101_Goods_Receipt,203,2023-09-01,GR000493
MOV000494,MAT00265,WH05,GR_101_Goods_Receipt,311,2023-07-21,GR000494
MOV000495,MAT00123,WH06,GR_101_Goods_Receipt,292,2023-07-08,GR000495
MOV000496,MAT00360,WH08,GR_101_Goods_Receipt,357,2024-02-28,GR000496
MOV000497,MAT00234,WH03,GR_101_Goods_Receipt,313,2024-02-09,GR000497
MOV000498,MAT00129,WH06,GR_101_Goods_Receipt,83,2024-03-02,GR000498
MOV000499,MAT00036,WH08,GR_101_Goods_Receipt,181,2025-01-15,GR000499
MOV000500,MAT00360,WH05,GR_101_Goods_Receipt,231,2025-01-13,GR000500
MOV000501,MAT00073,WH02,GR_101_Goods_Receipt,255,2025-01-08,GR000501
MOV000502,MAT00386,WH08,GR_101_Goods_Receipt,94,2023-03-29,GR000502
MOV000503,MAT00257,WH06,GR_101_Goods_Receipt,17,2024-07-30,GR000503
MOV000504,MAT00366,WH08,GR_101_Goods_Receipt,135,2024-07-25,GR000504
MOV000505,MAT00371,WH06,GR_101_Goods_Receipt,472,2023-06-30,GR000505
MOV000506,MAT00035,WH06,GR_101_Goods_Receipt,497,2023-07-13,GR000506
MOV000507,MAT00222,WH05,GR_101_Goods_Receipt,67,2023-07-18,GR000507
MOV000508,MAT00037,WH04,GR_101_Goods_Receipt,119,2023-12-01,GR000508
MOV000509,MAT00090,WH08,GR_101_Goods_Receipt,482,2023-11-28,GR000509
MOV000510,MAT00067,WH01,GR_101_Goods_Receipt,92,2024-10-13,GR000510
MOV000511,MAT00036,WH03,GR_101_Goods_Receipt,128,2024-01-02,GR000511
MOV000512,MAT00018,WH03,GR_101_Goods_Receipt,284,2024-01-20,GR000512
MOV000513,MAT00112,WH04,GR_101_Goods_Receipt,12,2023-06-20,GR000513
MOV000514,MAT00058,WH01,GR_101_Goods_Receipt,155,2023-06-12,GR000514
MOV000515,MAT00142,WH08,GR_101_Goods_Receipt,350,2023-06-25,GR000515
MOV000516,MAT00383,WH07,GR_101_Goods_Receipt,419,2023-06-26,GR000516
MOV000517,MAT00195,WH04,GR_101_Goods_Receipt,271,2023-09-26,GR000517
MOV000518,MAT00210,WH03,GR_101_Goods_Receipt,351,2023-09-22,GR000518
MOV000519,MAT00200,WH04,GR_101_Goods_Receipt,106,2023-10-05,GR000519
MOV000520,MAT00027,WH04,GR_101_Goods_Receipt,452,2023-02-08,GR000520
MOV000521,MAT00296,WH02,GR_101_Goods_Receipt,41,2023-09-12,GR000521
MOV000522,MAT00396,WH04,GR_101_Goods_Receipt,147,2023-09-04,GR000522
MOV000523,MAT00364,WH08,GR_101_Goods_Receipt,15,2023-12-22,GR000523
MOV000524,MAT00125,WH06,GR_101_Goods_Receipt,352,2024-01-02,GR000524
MOV000525,MAT00395,WH04,GR_101_Goods_Receipt,280,2024-01-20,GR000525
MOV000526,MAT00289,WH01,GR_101_Goods_Receipt,309,2024-01-14,GR000526
MOV000527,MAT00091,WH08,GR_101_Goods_Receipt,310,2024-02-01,GR000527
MOV000528,MAT00394,WH07,GR_101_Goods_Receipt,187,2025-01-17,GR000528
MOV000529,MAT00022,WH03,GR_101_Goods_Receipt,44,2025-01-19,GR000529
MOV000530,MAT00077,WH01,GR_101_Goods_Receipt,316,2025-01-07,GR000530
MOV000531,MAT00078,WH08,GR_101_Goods_Receipt,263,2025-01-02,GR000531
MOV000532,MAT00085,WH05,GR_101_Goods_Receipt,394,2025-01-05,GR000532
MOV000533,MAT00124,WH05,GR_101_Goods_Receipt,302,2023-08-30,GR000533
MOV000534,MAT00325,WH05,GR_101_Goods_Receipt,162,2023-11-16,GR000534
MOV000535,MAT00091,WH04,GR_101_Goods_Receipt,14,2023-11-20,GR000535
MOV000536,MAT00224,WH02,GR_101_Goods_Receipt,342,2023-08-30,GR000536
MOV000537,MAT00022,WH01,GR_101_Goods_Receipt,188,2025-01-16,GR000537
MOV000538,MAT00109,WH02,GR_101_Goods_Receipt,175,2025-01-20,GR000538
MOV000539,MAT00232,WH08,GR_101_Goods_Receipt,141,2024-12-31,GR000539
MOV000540,MAT00035,WH03,GR_101_Goods_Receipt,122,2024-12-19,GR000540
MOV000541,MAT00161,WH03,GR_101_Goods_Receipt,238,2025-01-04,GR000541
MOV000542,MAT00054,WH03,GR_101_Goods_Receipt,102,2024-08-12,GR000542
MOV000543,MAT00141,WH03,GR_101_Goods_Receipt,428,2024-08-30,GR000543
MOV000544,MAT00069,WH02,GR_101_Goods_Receipt,46,2024-08-28,GR000544
MOV000545,MAT00266,WH01,GR_101_Goods_Receipt,225,2023-05-05,GR000545
MOV000546,MAT00316,WH04,GR_101_Goods_Receipt,395,2023-05-15,GR000546
MOV000547,MAT00230,WH06,GR_101_Goods_Receipt,64,2023-05-18,GR000547
MOV000548,MAT00297,WH01,GR_101_Goods_Receipt,288,2024-05-30,GR000548
MOV000549,MAT00209,WH08,GR_101_Goods_Receipt,345,2024-04-08,GR000549
MOV000550,MAT00234,WH06,GR_101_Goods_Receipt,96,2024-03-27,GR000550
MOV000551,MAT00027,WH03,GR_101_Goods_Receipt,194,2023-03-28,GR000551
MOV000552,MAT00229,WH05,GR_101_Goods_Receipt,102,2024-03-25,GR000552
MOV000553,MAT00368,WH05,GR_101_Goods_Receipt,188,2024-03-29,GR000553
MOV000554,MAT00307,WH03,GR_101_Goods_Receipt,425,2024-04-13,GR000554
MOV000555,MAT00066,WH03,GR_101_Goods_Receipt,365,2023-12-19,GR000555
MOV000556,MAT00371,WH08,GR_101_Goods_Receipt,420,2023-12-08,GR000556
MOV000557,MAT00044,WH04,GR_101_Goods_Receipt,284,2024-07-25,GR000557
MOV000558,MAT00152,WH01,GR_101_Goods_Receipt,369,2024-07-22,GR000558
MOV000559,MAT00078,WH06,GR_101_Goods_Receipt,195,2024-07-14,GR000559
MOV000560,MAT00056,WH01,GR_101_Goods_Receipt,71,2024-01-28,GR000560
MOV000561,MAT00313,WH07,GR_101_Goods_Receipt,11,2024-05-12,GR000561
MOV000562,MAT00296,WH07,GR_101_Goods_Receipt,339,2023-06-27,GR000562
MOV000563,MAT00227,WH02,GR_101_Goods_Receipt,272,2023-07-05,GR000563
MOV000564,MAT00041,WH07,GR_101_Goods_Receipt,217,2024-05-15,GR000564
MOV000565,MAT00198,WH06,GR_101_Goods_Receipt,109,2024-05-13,GR000565
MOV000566,MAT00284,WH02,GR_101_Goods_Receipt,24,2024-05-13,GR000566
MOV000567,MAT00191,WH05,GR_101_Goods_Receipt,106,2023-08-31,GR000567
MOV000568,MAT00396,WH01,GR_101_Goods_Receipt,53,2023-08-31,GR000568
MOV000569,MAT00223,WH04,GR_101_Goods_Receipt,14,2023-03-23,GR000569
MOV000570,MAT00259,WH02,GR_101_Goods_Receipt,171,2023-03-20,GR000570
MOV000571,MAT00035,WH07,GR_101_Goods_Receipt,267,2024-01-05,GR000571
MOV000572,MAT00325,WH03,GR_101_Goods_Receipt,254,2023-12-13,GR000572
MOV000573,MAT00323,WH04,GR_101_Goods_Receipt,359,2024-01-01,GR000573
MOV000574,MAT00233,WH08,GR_101_Goods_Receipt,92,2024-12-21,GR000574
MOV000575,MAT00047,WH01,GR_101_Goods_Receipt,412,2024-12-15,GR000575
MOV000576,MAT00108,WH04,GR_101_Goods_Receipt,466,2024-12-25,GR000576
MOV000577,MAT00290,WH03,GR_101_Goods_Receipt,300,2024-10-07,GR000577
MOV000578,MAT00298,WH03,GR_101_Goods_Receipt,265,2023-11-30,GR000578
MOV000579,MAT00262,WH05,GR_101_Goods_Receipt,190,2023-03-24,GR000579
MOV000580,MAT00167,WH02,GR_101_Goods_Receipt,252,2023-04-10,GR000580
MOV000581,MAT00377,WH08,GR_101_Goods_Receipt,449,2024-08-24,GR000581
MOV000582,MAT00349,WH02,GR_101_Goods_Receipt,197,2024-08-31,GR000582
MOV000583,MAT00331,WH04,GR_101_Goods_Receipt,144,2024-12-25,GR000583
MOV000584,MAT00224,WH05,GR_101_Goods_Receipt,368,2024-12-04,GR000584
MOV000585,MAT00319,WH06,GR_101_Goods_Receipt,447,2024-02-06,GR000585
MOV000586,MAT00111,WH02,GR_101_Goods_Receipt,248,2024-02-11,GR000586
MOV000587,MAT00226,WH06,GR_101_Goods_Receipt,403,2023-07-21,GR000587
MOV000588,MAT00095,WH02,GR_101_Goods_Receipt,185,2023-07-27,GR000588
MOV000589,MAT00187,WH06,GR_101_Goods_Receipt,89,2023-10-23,GR000589
MOV000590,MAT00376,WH06,GR_101_Goods_Receipt,300,2023-11-06,GR000590
MOV000591,MAT00092,WH04,GR_101_Goods_Receipt,414,2023-11-02,GR000591
MOV000592,MAT00045,WH06,GR_101_Goods_Receipt,467,2024-03-14,GR000592
MOV000593,MAT00220,WH08,GR_101_Goods_Receipt,395,2024-03-19,GR000593
MOV000594,MAT00132,WH06,GR_101_Goods_Receipt,253,2024-04-07,GR000594
MOV000595,MAT00148,WH03,GR_101_Goods_Receipt,297,2025-01-03,GR000595
MOV000596,MAT00108,WH03,GR_101_Goods_Receipt,390,2023-12-26,GR000596
MOV000597,MAT00384,WH02,GR_101_Goods_Receipt,469,2023-12-09,GR000597
MOV000598,MAT00110,WH08,GR_101_Goods_Receipt,415,2023-12-16,GR000598
MOV000599,MAT00371,WH07,GR_101_Goods_Receipt,306,2023-05-21,GR000599
MOV000600,MAT00068,WH04,GR_101_Goods_Receipt,366,2023-05-22,GR000600
MOV000601,MAT00399,WH06,GR_101_Goods_Receipt,188,2023-05-20,GR000601
MOV000602,MAT00161,WH03,GR_101_Goods_Receipt,228,2024-03-25,GR000602
MOV000603,MAT00131,WH07,GR_101_Goods_Receipt,244,2024-03-07,GR000603
MOV000604,MAT00370,WH05,GR_101_Goods_Receipt,205,2024-03-25,GR000604
MOV000605,MAT00250,WH07,GR_101_Goods_Receipt,54,2024-12-27,GR000605
MOV000606,MAT00372,WH05,GR_101_Goods_Receipt,484,2023-05-12,GR000606
MOV000607,MAT00362,WH02,GR_101_Goods_Receipt,446,2023-05-02,GR000607
MOV000608,MAT00389,WH07,GR_101_Goods_Receipt,110,2023-04-28,GR000608
MOV000609,MAT00237,WH05,GR_101_Goods_Receipt,212,2024-11-09,GR000609
MOV000610,MAT00215,WH01,GR_101_Goods_Receipt,460,2024-11-06,GR000610
MOV000611,MAT00145,WH03,GR_101_Goods_Receipt,470,2024-10-28,GR000611
MOV000612,MAT00218,WH04,GR_101_Goods_Receipt,173,2024-02-06,GR000612
MOV000613,MAT00123,WH07,GR_101_Goods_Receipt,202,2024-01-30,GR000613
MOV000614,MAT00216,WH03,GR_101_Goods_Receipt,30,2024-02-07,GR000614
MOV000615,MAT00209,WH05,GR_101_Goods_Receipt,420,2024-04-03,GR000615
MOV000616,MAT00354,WH02,GR_101_Goods_Receipt,438,2024-04-07,GR000616
MOV000617,MAT00298,WH01,GR_101_Goods_Receipt,23,2024-04-18,GR000617
MOV000618,MAT00156,WH08,GR_101_Goods_Receipt,302,2024-10-23,GR000618
MOV000619,MAT00196,WH04,GR_101_Goods_Receipt,105,2024-10-24,GR000619
MOV000620,MAT00119,WH01,GR_101_Goods_Receipt,381,2024-11-12,GR000620
MOV000621,MAT00044,WH02,GR_101_Goods_Receipt,72,2023-05-09,GR000621
MOV000622,MAT00358,WH02,GR_101_Goods_Receipt,49,2023-05-13,GR000622
MOV000623,MAT00233,WH02,GR_101_Goods_Receipt,261,2023-05-15,GR000623
MOV000624,MAT00320,WH05,GR_101_Goods_Receipt,465,2023-08-24,GR000624
MOV000625,MAT00044,WH02,GR_101_Goods_Receipt,15,2023-08-30,GR000625
MOV000626,MAT00053,WH07,GR_101_Goods_Receipt,482,2024-06-03,GR000626
MOV000627,MAT00169,WH03,GR_101_Goods_Receipt,62,2024-06-22,GR000627
MOV000628,MAT00239,WH08,GR_101_Goods_Receipt,112,2023-05-07,GR000628
MOV000629,MAT00381,WH05,GR_101_Goods_Receipt,95,2023-05-15,GR000629
MOV000630,MAT00257,WH06,GR_101_Goods_Receipt,158,2024-09-27,GR000630
MOV000631,MAT00275,WH06,GR_101_Goods_Receipt,79,2024-09-28,GR000631
MOV000632,MAT00259,WH06,GR_101_Goods_Receipt,41,2024-09-18,GR000632
MOV000633,MAT00056,WH04,GR_101_Goods_Receipt,470,2023-08-16,GR000633
MOV000634,MAT00236,WH07,GR_101_Goods_Receipt,279,2023-08-29,GR000634
MOV000635,MAT00166,WH01,GR_101_Goods_Receipt,333,2024-12-13,GR000635
MOV000636,MAT00354,WH07,GR_101_Goods_Receipt,60,2024-12-09,GR000636
MOV000637,MAT00246,WH05,GR_101_Goods_Receipt,19,2023-09-26,GR000637
MOV000638,MAT00189,WH06,GR_101_Goods_Receipt,77,2023-09-17,GR000638
MOV000639,MAT00162,WH07,GR_101_Goods_Receipt,24,2023-05-13,GR000639
MOV000640,MAT00001,WH01,GR_101_Goods_Receipt,105,2023-05-18,GR000640
MOV000641,MAT00322,WH02,GR_101_Goods_Receipt,405,2023-05-11,GR000641
MOV000642,MAT00187,WH07,GR_101_Goods_Receipt,308,2023-10-14,GR000642
MOV000643,MAT00262,WH05,GR_101_Goods_Receipt,277,2024-11-09,GR000643
MOV000644,MAT00135,WH04,GR_101_Goods_Receipt,91,2023-12-27,GR000644
MOV000645,MAT00352,WH01,GR_101_Goods_Receipt,120,2023-12-10,GR000645
MOV000646,MAT00011,WH03,GR_101_Goods_Receipt,399,2023-05-06,GR000646
MOV000647,MAT00387,WH07,GR_101_Goods_Receipt,444,2023-04-29,GR000647
MOV000648,MAT00357,WH04,GR_101_Goods_Receipt,241,2023-05-12,GR000648
MOV000649,MAT00350,WH03,GR_101_Goods_Receipt,361,2023-04-04,GR000649
MOV000650,MAT00005,WH08,GR_101_Goods_Receipt,30,2024-05-09,GR000650
MOV000651,MAT00392,WH03,GR_101_Goods_Receipt,97,2024-05-10,GR000651
MOV000652,MAT00397,WH06,GR_101_Goods_Receipt,71,2024-05-10,GR000652
MOV000653,MAT00198,WH02,GR_101_Goods_Receipt,231,2024-07-03,GR000653
MOV000654,MAT00195,WH04,GR_101_Goods_Receipt,122,2024-07-04,GR000654
MOV000655,MAT00222,WH07,GR_101_Goods_Receipt,43,2024-07-12,GR000655
MOV000656,MAT00293,WH06,GR_101_Goods_Receipt,82,2023-08-09,GR000656
MOV000657,MAT00181,WH01,GR_101_Goods_Receipt,20,2023-07-25,GR000657
MOV000658,MAT00074,WH01,GR_101_Goods_Receipt,308,2024-09-12,GR000658
MOV000659,MAT00240,WH03,GR_101_Goods_Receipt,429,2024-09-27,GR000659
MOV000660,MAT00233,WH05,GR_101_Goods_Receipt,98,2023-06-17,GR000660
MOV000661,MAT00273,WH08,GR_101_Goods_Receipt,244,2024-11-28,GR000661
MOV000662,MAT00384,WH03,GR_101_Goods_Receipt,67,2024-12-01,GR000662
MOV000663,MAT00202,WH06,GR_101_Goods_Receipt,53,2024-03-04,GR000663
MOV000664,MAT00203,WH08,GR_101_Goods_Receipt,79,2024-03-09,GR000664
MOV000665,MAT00248,WH06,GR_101_Goods_Receipt,423,2024-03-08,GR000665
MOV000666,MAT00012,WH02,GR_101_Goods_Receipt,168,2024-03-01,GR000666
MOV000667,MAT00149,WH02,GR_101_Goods_Receipt,231,2024-03-01,GR000667
MOV000668,MAT00030,WH03,GR_101_Goods_Receipt,85,2023-01-20,GR000668
MOV000669,MAT00368,WH08,GR_101_Goods_Receipt,165,2023-01-16,GR000669
MOV000670,MAT00282,WH08,GR_101_Goods_Receipt,30,2023-02-01,GR000670
MOV000671,MAT00069,WH07,GR_101_Goods_Receipt,137,2023-03-02,GR000671
MOV000672,MAT00171,WH03,GR_101_Goods_Receipt,472,2023-02-17,GR000672
MOV000673,MAT00329,WH03,GR_101_Goods_Receipt,421,2024-08-28,GR000673
MOV000674,MAT00106,WH05,GR_101_Goods_Receipt,223,2024-08-14,GR000674
MOV000675,MAT00181,WH07,GR_101_Goods_Receipt,374,2023-12-06,GR000675
MOV000676,MAT00025,WH02,GR_101_Goods_Receipt,220,2023-12-12,GR000676
MOV000677,MAT00390,WH03,GR_101_Goods_Receipt,396,2023-12-03,GR000677
MOV000678,MAT00202,WH07,GR_101_Goods_Receipt,459,2024-10-27,GR000678
MOV000679,MAT00366,WH01,GR_101_Goods_Receipt,353,2024-10-30,GR000679
MOV000680,MAT00235,WH02,GR_101_Goods_Receipt,53,2024-10-24,GR000680
MOV000681,MAT00180,WH04,GR_101_Goods_Receipt,179,2023-11-02,GR000681
MOV000682,MAT00353,WH04,GR_101_Goods_Receipt,274,2023-11-23,GR000682
MOV000683,MAT00112,WH01,GR_101_Goods_Receipt,468,2023-11-05,GR000683
MOV000684,MAT00185,WH02,GR_101_Goods_Receipt,68,2024-05-20,GR000684
MOV000685,MAT00399,WH02,GR_101_Goods_Receipt,22,2023-09-30,GR000685
MOV000686,MAT00289,WH08,GR_101_Goods_Receipt,163,2023-09-23,GR000686
MOV000687,MAT00166,WH03,GR_101_Goods_Receipt,84,2024-11-15,GR000687
MOV000688,MAT00105,WH08,GR_101_Goods_Receipt,271,2024-11-29,GR000688
MOV000689,MAT00006,WH07,GR_101_Goods_Receipt,311,2023-11-22,GR000689
MOV000690,MAT00003,WH07,GR_101_Goods_Receipt,105,2024-12-24,GR000690
MOV000691,MAT00277,WH01,GR_101_Goods_Receipt,10,2024-12-24,GR000691
MOV000692,MAT00004,WH03,GR_101_Goods_Receipt,97,2023-10-23,GR000692
MOV000693,MAT00363,WH06,GR_101_Goods_Receipt,187,2023-11-04,GR000693
MOV000694,MAT00387,WH02,GR_101_Goods_Receipt,209,2023-11-01,GR000694
MOV000695,MAT00150,WH04,GR_101_Goods_Receipt,156,2023-10-17,GR000695
MOV000696,MAT00221,WH04,GR_101_Goods_Receipt,54,2023-10-11,GR000696
MOV000697,MAT00378,WH02,GR_101_Goods_Receipt,27,2023-09-24,GR000697
MOV000698,MAT00383,WH04,GR_101_Goods_Receipt,500,2024-01-12,GR000698
MOV000699,MAT00042,WH06,GR_101_Goods_Receipt,436,2024-01-06,GR000699
MOV000700,MAT00245,WH07,GR_101_Goods_Receipt,326,2023-12-27,GR000700
MOV000701,MAT00131,WH02,GR_101_Goods_Receipt,301,2024-11-03,GR000701
MOV000702,MAT00324,WH05,GR_101_Goods_Receipt,317,2023-05-08,GR000702
MOV000703,MAT00343,WH05,GR_101_Goods_Receipt,456,2024-02-19,GR000703
MOV000704,MAT00085,WH01,GR_101_Goods_Receipt,367,2024-03-09,GR000704
MOV000705,MAT00102,WH01,GR_101_Goods_Receipt,26,2024-02-28,GR000705
MOV000706,MAT00118,WH04,GR_101_Goods_Receipt,81,2024-03-12,GR000706
MOV000707,MAT00028,WH01,GR_101_Goods_Receipt,20,2024-05-12,GR000707
MOV000708,MAT00320,WH03,GR_101_Goods_Receipt,402,2024-07-31,GR000708
MOV000709,MAT00076,WH04,GR_101_Goods_Receipt,69,2024-08-14,GR000709
MOV000710,MAT00088,WH07,GR_101_Goods_Receipt,131,2024-01-11,GR000710
MOV000711,MAT00124,WH03,GR_101_Goods_Receipt,457,2024-07-09,GR000711
MOV000712,MAT00342,WH03,GR_101_Goods_Receipt,170,2024-04-21,GR000712
MOV000713,MAT00340,WH08,GR_101_Goods_Receipt,72,2024-09-20,GR000713
MOV000714,MAT00258,WH05,GR_101_Goods_Receipt,371,2024-10-01,GR000714
MOV000715,MAT00040,WH05,GR_101_Goods_Receipt,492,2024-10-05,GR000715
MOV000716,MAT00388,WH05,GR_101_Goods_Receipt,63,2023-12-14,GR000716
MOV000717,MAT00336,WH05,GR_101_Goods_Receipt,50,2023-12-03,GR000717
MOV000718,MAT00039,WH01,GR_101_Goods_Receipt,389,2023-12-02,GR000718
MOV000719,MAT00058,WH01,GR_101_Goods_Receipt,401,2023-09-09,GR000719
MOV000720,MAT00084,WH01,GR_101_Goods_Receipt,148,2023-09-15,GR000720
MOV000721,MAT00215,WH07,GR_101_Goods_Receipt,152,2023-09-15,GR000721
MOV000722,MAT00324,WH05,GR_101_Goods_Receipt,115,2024-02-24,GR000722
MOV000723,MAT00012,WH04,GR_101_Goods_Receipt,489,2023-02-28,GR000723
MOV000724,MAT00220,WH07,GR_101_Goods_Receipt,397,2023-03-05,GR000724
MOV000725,MAT00283,WH07,GR_101_Goods_Receipt,170,2023-03-29,GR000725
MOV000726,MAT00226,WH08,GR_101_Goods_Receipt,138,2023-04-01,GR000726
MOV000727,MAT00269,WH05,GR_101_Goods_Receipt,330,2023-03-14,GR000727
MOV000728,MAT00142,WH02,GR_101_Goods_Receipt,184,2024-10-24,GR000728
MOV000729,MAT00302,WH03,GR_101_Goods_Receipt,142,2024-04-06,GR000729
MOV000730,MAT00141,WH01,GR_101_Goods_Receipt,456,2024-04-02,GR000730
MOV000731,MAT00210,WH01,GR_101_Goods_Receipt,306,2023-07-31,GR000731
MOV000732,MAT00043,WH06,GR_101_Goods_Receipt,497,2023-07-21,GR000732
MOV000733,MAT00103,WH02,GR_101_Goods_Receipt,130,2024-07-17,GR000733
MOV000734,MAT00078,WH07,GR_101_Goods_Receipt,271,2024-07-20,GR000734
MOV000735,MAT00351,WH06,GR_101_Goods_Receipt,46,2024-07-21,GR000735
MOV000736,MAT00315,WH01,GR_101_Goods_Receipt,189,2024-10-01,GR000736
MOV000737,MAT00117,WH02,GR_101_Goods_Receipt,78,2024-09-27,GR000737
MOV000738,MAT00147,WH04,GR_101_Goods_Receipt,271,2024-10-15,GR000738
MOV000739,MAT00088,WH07,GR_101_Goods_Receipt,203,2024-09-22,GR000739
MOV000740,MAT00134,WH06,GR_101_Goods_Receipt,438,2024-04-09,GR000740
MOV000741,MAT00349,WH06,GR_101_Goods_Receipt,69,2023-09-16,GR000741
MOV000742,MAT00247,WH08,GR_101_Goods_Receipt,50,2023-09-17,GR000742
MOV000743,MAT00102,WH03,GR_101_Goods_Receipt,319,2023-09-25,GR000743
MOV000744,MAT00124,WH05,GR_101_Goods_Receipt,355,2024-07-15,GR000744
MOV000745,MAT00212,WH03,GR_101_Goods_Receipt,184,2024-07-14,GR000745
MOV000746,MAT00123,WH02,GR_101_Goods_Receipt,470,2024-09-01,GR000746
MOV000747,MAT00274,WH01,GR_101_Goods_Receipt,374,2024-04-02,GR000747
MOV000748,MAT00052,WH03,GR_101_Goods_Receipt,436,2024-03-31,GR000748
MOV000749,MAT00305,WH03,GR_101_Goods_Receipt,273,2024-03-23,GR000749
MOV000750,MAT00343,WH01,GR_101_Goods_Receipt,374,2024-03-02,GR000750
MOV000751,MAT00197,WH07,GR_101_Goods_Receipt,496,2023-04-07,GR000751
MOV000752,MAT00091,WH02,GR_101_Goods_Receipt,158,2023-04-14,GR000752
MOV000753,MAT00067,WH03,GR_101_Goods_Receipt,165,2023-07-03,GR000753
MOV000754,MAT00203,WH06,GR_101_Goods_Receipt,119,2023-06-21,GR000754
MOV000755,MAT00102,WH05,GR_101_Goods_Receipt,21,2023-06-29,GR000755
MOV000756,MAT00071,WH07,GR_101_Goods_Receipt,498,2023-12-26,GR000756
MOV000757,MAT00201,WH05,GR_101_Goods_Receipt,170,2024-06-29,GR000757
MOV000758,MAT00268,WH05,GR_101_Goods_Receipt,150,2024-06-29,GR000758
MOV000759,MAT00113,WH03,GR_101_Goods_Receipt,320,2024-06-29,GR000759
MOV000760,MAT00365,WH01,GR_101_Goods_Receipt,396,2023-05-04,GR000760
MOV000761,MAT00235,WH05,GR_101_Goods_Receipt,260,2023-04-15,GR000761
MOV000762,MAT00243,WH03,GR_101_Goods_Receipt,492,2023-04-30,GR000762
MOV000763,MAT00114,WH08,GR_101_Goods_Receipt,376,2024-04-20,GR000763
MOV000764,MAT00038,WH05,GR_101_Goods_Receipt,382,2023-04-03,GR000764
MOV000765,MAT00206,WH01,GR_101_Goods_Receipt,354,2024-05-08,GR000765
MOV000766,MAT00191,WH04,GR_101_Goods_Receipt,231,2024-05-08,GR000766
MOV000767,MAT00298,WH04,GR_101_Goods_Receipt,440,2024-05-04,GR000767
MOV000768,MAT00373,WH03,GR_101_Goods_Receipt,354,2023-06-13,GR000768
MOV000769,MAT00305,WH01,GR_101_Goods_Receipt,335,2024-06-14,GR000769
MOV000770,MAT00347,WH08,GR_101_Goods_Receipt,459,2024-05-25,GR000770
MOV000771,MAT00018,WH05,GR_101_Goods_Receipt,288,2024-10-15,GR000771
MOV000772,MAT00350,WH02,GR_101_Goods_Receipt,224,2024-10-25,GR000772
MOV000773,MAT00362,WH08,GR_101_Goods_Receipt,348,2023-07-28,GR000773
MOV000774,MAT00244,WH04,GR_101_Goods_Receipt,440,2023-07-23,GR000774
MOV000775,MAT00052,WH06,GR_101_Goods_Receipt,120,2023-03-01,GR000775
MOV000776,MAT00107,WH07,GR_101_Goods_Receipt,143,2023-02-20,GR000776
MOV000777,MAT00354,WH04,GR_101_Goods_Receipt,214,2023-02-08,GR000777
MOV000778,MAT00372,WH04,GR_101_Goods_Receipt,167,2023-12-27,GR000778
MOV000779,MAT00160,WH07,GR_101_Goods_Receipt,381,2023-06-26,GR000779
MOV000780,MAT00247,WH02,GR_101_Goods_Receipt,39,2023-06-22,GR000780
MOV000781,MAT00375,WH04,GR_101_Goods_Receipt,31,2024-06-12,GR000781
MOV000782,MAT00398,WH03,GR_101_Goods_Receipt,27,2024-06-08,GR000782
MOV000783,MAT00051,WH03,GR_101_Goods_Receipt,26,2023-10-31,GR000783
MOV000784,MAT00122,WH01,GR_101_Goods_Receipt,109,2023-04-25,GR000784
MOV000785,MAT00002,WH08,GR_101_Goods_Receipt,164,2023-04-21,GR000785
MOV000786,MAT00331,WH05,GR_101_Goods_Receipt,123,2024-02-15,GR000786
MOV000787,MAT00372,WH06,GR_101_Goods_Receipt,205,2025-01-12,GR000787
MOV000788,MAT00201,WH08,GR_101_Goods_Receipt,124,2024-07-19,GR000788
MOV000789,MAT00144,WH06,GR_101_Goods_Receipt,199,2024-07-23,GR000789
MOV000790,MAT00063,WH03,GR_101_Goods_Receipt,38,2023-06-08,GR000790
MOV000791,MAT00218,WH08,GR_101_Goods_Receipt,277,2024-03-11,GR000791
MOV000792,MAT00126,WH01,GR_101_Goods_Receipt,139,2024-03-17,GR000792
MOV000793,MAT00057,WH08,GR_101_Goods_Receipt,218,2023-12-10,GR000793
MOV000794,MAT00042,WH08,GR_101_Goods_Receipt,289,2023-12-23,GR000794
MOV000795,MAT00302,WH02,GR_101_Goods_Receipt,372,2023-12-18,GR000795
MOV000796,MAT00186,WH03,GR_101_Goods_Receipt,75,2024-03-21,GR000796
MOV000797,MAT00251,WH08,GR_101_Goods_Receipt,111,2024-03-22,GR000797
MOV000798,MAT00040,WH01,GR_101_Goods_Receipt,259,2023-07-19,GR000798
MOV000799,MAT00160,WH06,GR_101_Goods_Receipt,161,2023-07-10,GR000799
MOV000800,MAT00143,WH03,GR_101_Goods_Receipt,324,2023-07-18,GR000800
MOV000801,MAT00076,WH08,GR_101_Goods_Receipt,421,2023-11-23,GR000801
MOV000802,MAT00214,WH01,GR_101_Goods_Receipt,484,2024-04-30,GR000802
MOV000803,MAT00020,WH01,GR_101_Goods_Receipt,172,2024-04-27,GR000803
MOV000804,MAT00064,WH01,GR_101_Goods_Receipt,365,2023-12-05,GR000804
MOV000805,MAT00151,WH01,GR_101_Goods_Receipt,44,2024-10-25,GR000805
MOV000806,MAT00088,WH05,GR_101_Goods_Receipt,309,2023-08-05,GR000806
MOV000807,MAT00372,WH03,GR_101_Goods_Receipt,297,2023-08-12,GR000807
MOV000808,MAT00397,WH06,GR_101_Goods_Receipt,101,2023-04-27,GR000808
MOV000809,MAT00243,WH08,GR_101_Goods_Receipt,304,2023-05-11,GR000809
MOV000810,MAT00034,WH03,GR_101_Goods_Receipt,120,2023-09-03,GR000810
MOV000811,MAT00029,WH07,GR_101_Goods_Receipt,175,2023-06-27,GR000811
MOV000812,MAT00006,WH07,GR_101_Goods_Receipt,266,2024-11-26,GR000812
MOV000813,MAT00315,WH06,GR_101_Goods_Receipt,406,2024-12-03,GR000813
MOV000814,MAT00096,WH03,GR_101_Goods_Receipt,458,2024-03-23,GR000814
MOV000815,MAT00300,WH06,GR_101_Goods_Receipt,487,2024-03-18,GR000815
MOV000816,MAT00083,WH02,GR_101_Goods_Receipt,279,2024-04-04,GR000816
MOV000817,MAT00044,WH08,GR_101_Goods_Receipt,431,2023-11-07,GR000817
MOV000818,MAT00350,WH01,GR_101_Goods_Receipt,98,2023-11-02,GR000818
MOV000819,MAT00210,WH03,GR_101_Goods_Receipt,199,2023-11-05,GR000819
MOV000820,MAT00244,WH02,GR_101_Goods_Receipt,38,2023-04-24,GR000820
MOV000821,MAT00123,WH03,GR_101_Goods_Receipt,345,2024-07-18,GR000821
MOV000822,MAT00349,WH01,GR_101_Goods_Receipt,274,2024-09-21,GR000822
MOV000823,MAT00219,WH05,GR_101_Goods_Receipt,43,2024-09-22,GR000823
MOV000824,MAT00102,WH03,GR_101_Goods_Receipt,151,2023-04-26,GR000824
MOV000825,MAT00181,WH08,GR_101_Goods_Receipt,169,2024-10-30,GR000825
MOV000826,MAT00221,WH02,GR_101_Goods_Receipt,254,2024-08-12,GR000826
MOV000827,MAT00159,WH06,GR_101_Goods_Receipt,20,2023-08-10,GR000827
MOV000828,MAT00109,WH04,GR_101_Goods_Receipt,245,2023-08-09,GR000828
MOV000829,MAT00243,WH07,GR_101_Goods_Receipt,392,2023-07-19,GR000829
MOV000830,MAT00095,WH05,GR_101_Goods_Receipt,81,2025-01-11,GR000830
MOV000831,MAT00326,WH05,GR_101_Goods_Receipt,462,2025-01-09,GR000831
MOV000832,MAT00097,WH03,GR_101_Goods_Receipt,196,2023-05-03,GR000832
MOV000833,MAT00336,WH04,GR_101_Goods_Receipt,28,2023-04-29,GR000833
MOV000834,MAT00099,WH04,GR_101_Goods_Receipt,369,2023-05-02,GR000834
MOV000835,MAT00023,WH04,GR_101_Goods_Receipt,292,2024-01-16,GR000835
MOV000836,MAT00355,WH03,GR_101_Goods_Receipt,142,2023-12-30,GR000836
MOV000837,MAT00088,WH07,GR_101_Goods_Receipt,253,2024-01-11,GR000837
MOV000838,MAT00182,WH03,GR_101_Goods_Receipt,175,2024-11-30,GR000838
MOV000839,MAT00005,WH03,GR_101_Goods_Receipt,341,2024-03-19,GR000839
MOV000840,MAT00381,WH08,GR_101_Goods_Receipt,249,2024-04-08,GR000840
MOV000841,MAT00359,WH06,GR_101_Goods_Receipt,384,2024-09-13,GR000841
MOV000842,MAT00299,WH02,GR_101_Goods_Receipt,257,2024-09-14,GR000842
MOV000843,MAT00391,WH03,GR_101_Goods_Receipt,498,2024-03-31,GR000843
MOV000844,MAT00232,WH03,GR_101_Goods_Receipt,482,2024-04-01,GR000844
MOV000845,MAT00141,WH08,GR_101_Goods_Receipt,56,2023-06-14,GR000845
MOV000846,MAT00026,WH02,GR_101_Goods_Receipt,347,2024-02-22,GR000846
MOV000847,MAT00179,WH01,GR_101_Goods_Receipt,233,2023-07-23,GR000847
MOV000848,MAT00064,WH08,GR_101_Goods_Receipt,251,2024-05-21,GR000848
MOV000849,MAT00346,WH06,GR_101_Goods_Receipt,371,2024-11-24,GR000849
MOV000850,MAT00138,WH07,GR_101_Goods_Receipt,400,2024-12-04,GR000850
MOV000851,MAT00137,WH04,GR_101_Goods_Receipt,187,2024-10-01,GR000851
MOV000852,MAT00307,WH02,GR_101_Goods_Receipt,198,2024-10-09,GR000852
MOV000853,MAT00017,WH06,GR_101_Goods_Receipt,106,2024-11-06,GR000853
MOV000854,MAT00028,WH05,GR_101_Goods_Receipt,206,2024-11-12,GR000854
MOV000855,MAT00175,WH07,GR_101_Goods_Receipt,27,2024-02-20,GR000855
MOV000856,MAT00129,WH06,GR_101_Goods_Receipt,359,2024-02-09,GR000856
MOV000857,MAT00061,WH06,GR_101_Goods_Receipt,451,2025-01-03,GR000857
MOV000858,MAT00117,WH01,GR_101_Goods_Receipt,75,2024-12-23,GR000858
MOV000859,MAT00016,WH01,GR_101_Goods_Receipt,258,2025-01-01,GR000859
MOV000860,MAT00037,WH08,GR_101_Goods_Receipt,334,2023-12-09,GR000860
MOV000861,MAT00246,WH03,GR_101_Goods_Receipt,374,2023-11-29,GR000861
MOV000862,MAT00234,WH03,GR_101_Goods_Receipt,227,2023-11-24,GR000862
MOV000863,MAT00064,WH07,GR_101_Goods_Receipt,312,2023-02-01,GR000863
MOV000864,MAT00137,WH08,GR_101_Goods_Receipt,34,2023-01-17,GR000864
MOV000865,MAT00054,WH05,GR_101_Goods_Receipt,197,2023-02-03,GR000865
MOV000866,MAT00273,WH05,GR_101_Goods_Receipt,402,2024-04-03,GR000866
MOV000867,MAT00399,WH01,GR_101_Goods_Receipt,192,2024-04-01,GR000867
MOV000868,MAT00305,WH01,GR_101_Goods_Receipt,362,2023-11-09,GR000868
MOV000869,MAT00049,WH07,GR_101_Goods_Receipt,49,2023-10-15,GR000869
MOV000870,MAT00201,WH07,GR_101_Goods_Receipt,496,2024-04-05,GR000870
MOV000871,MAT00249,WH01,GR_101_Goods_Receipt,89,2023-05-25,GR000871
MOV000872,MAT00182,WH05,GR_101_Goods_Receipt,93,2023-05-12,GR000872
MOV000873,MAT00150,WH05,GR_101_Goods_Receipt,225,2023-05-26,GR000873
MOV000874,MAT00226,WH08,GR_101_Goods_Receipt,410,2023-01-17,GR000874
MOV000875,MAT00342,WH02,GR_101_Goods_Receipt,125,2024-09-18,GR000875
MOV000876,MAT00379,WH06,GR_101_Goods_Receipt,257,2024-10-05,GR000876
MOV000877,MAT00364,WH06,GR_101_Goods_Receipt,145,2024-09-29,GR000877
MOV000878,MAT00061,WH05,GR_101_Goods_Receipt,265,2024-04-30,GR000878
MOV000879,MAT00071,WH06,GR_101_Goods_Receipt,216,2024-04-26,GR000879
MOV000880,MAT00011,WH05,GR_101_Goods_Receipt,52,2024-04-23,GR000880
MOV000881,MAT00285,WH07,GR_101_Goods_Receipt,25,2023-12-14,GR000881
MOV000882,MAT00026,WH04,GR_101_Goods_Receipt,222,2023-11-27,GR000882
MOV000883,MAT00129,WH07,GR_101_Goods_Receipt,302,2024-02-23,GR000883
MOV000884,MAT00161,WH07,GR_101_Goods_Receipt,319,2024-01-13,GR000884
MOV000885,MAT00315,WH03,GR_101_Goods_Receipt,59,2024-01-19,GR000885
MOV000886,MAT00067,WH02,GR_101_Goods_Receipt,282,2023-07-31,GR000886
MOV000887,MAT00372,WH03,GR_101_Goods_Receipt,224,2024-02-23,GR000887
MOV000888,MAT00305,WH01,GR_101_Goods_Receipt,322,2024-02-07,GR000888
MOV000889,MAT00057,WH01,GR_101_Goods_Receipt,301,2023-12-27,GR000889
MOV000890,MAT00100,WH03,GR_101_Goods_Receipt,120,2024-09-19,GR000890
MOV000891,MAT00307,WH01,GR_101_Goods_Receipt,95,2024-09-18,GR000891
MOV000892,MAT00282,WH04,GR_101_Goods_Receipt,82,2024-09-29,GR000892
MOV000893,MAT00275,WH07,GR_101_Goods_Receipt,453,2023-02-23,GR000893
MOV000894,MAT00171,WH01,GR_101_Goods_Receipt,500,2023-03-02,GR000894
MOV000895,MAT00023,WH06,GR_101_Goods_Receipt,40,2024-04-11,GR000895
MOV000896,MAT00249,WH07,GR_101_Goods_Receipt,214,2024-04-18,GR000896
MOV000897,MAT00389,WH03,GR_101_Goods_Receipt,413,2024-04-03,GR000897
MOV000898,MAT00195,WH05,GR_101_Goods_Receipt,82,2024-02-11,GR000898
MOV000899,MAT00374,WH08,GR_101_Goods_Receipt,59,2024-02-10,GR000899
MOV000900,MAT00340,WH01,GR_101_Goods_Receipt,116,2023-09-25,GR000900
MOV000901,MAT00266,WH06,GR_101_Goods_Receipt,126,2023-10-01,GR000901
MOV000902,MAT00348,WH05,GR_101_Goods_Receipt,91,2025-01-17,GR000902
MOV000903,MAT00070,WH05,GR_101_Goods_Receipt,89,2025-01-28,GR000903
MOV000904,MAT00377,WH04,GR_101_Goods_Receipt,449,2025-01-25,GR000904
MOV000905,MAT00118,WH08,GR_101_Goods_Receipt,16,2024-09-20,GR000905
MOV000906,MAT00231,WH06,GR_101_Goods_Receipt,326,2024-09-06,GR000906
MOV000907,MAT00136,WH08,GR_101_Goods_Receipt,277,2024-09-10,GR000907
MOV000908,MAT00343,WH05,GR_101_Goods_Receipt,17,2023-07-07,GR000908
MOV000909,MAT00289,WH04,GR_101_Goods_Receipt,115,2023-07-12,GR000909
MOV000910,MAT00023,WH04,GR_101_Goods_Receipt,477,2024-01-07,GR000910
MOV000911,MAT00009,WH06,GR_101_Goods_Receipt,196,2024-01-18,GR000911
MOV000912,MAT00056,WH01,GR_101_Goods_Receipt,269,2024-01-23,GR000912
MOV000913,MAT00382,WH04,GR_101_Goods_Receipt,135,2024-05-01,GR000913
MOV000914,MAT00075,WH02,GR_101_Goods_Receipt,30,2024-12-22,GR000914
MOV000915,MAT00259,WH04,GR_101_Goods_Receipt,473,2023-08-04,GR000915
MOV000916,MAT00194,WH02,GR_101_Goods_Receipt,254,2023-09-15,GR000916
MOV000917,MAT00333,WH04,GR_101_Goods_Receipt,110,2023-09-13,GR000917
MOV000918,MAT00252,WH05,GR_101_Goods_Receipt,61,2023-09-05,GR000918
MOV000919,MAT00247,WH06,GR_101_Goods_Receipt,82,2024-10-16,GR000919
MOV000920,MAT00277,WH06,GR_101_Goods_Receipt,497,2024-06-17,GR000920
MOV000921,MAT00069,WH02,GR_101_Goods_Receipt,150,2024-06-27,GR000921
MOV000922,MAT00030,WH03,GR_101_Goods_Receipt,467,2023-07-27,GR000922
MOV000923,MAT00008,WH08,GR_101_Goods_Receipt,43,2023-08-01,GR000923
MOV000924,MAT00109,WH04,GR_101_Goods_Receipt,431,2024-01-16,GR000924
MOV000925,MAT00324,WH02,GR_101_Goods_Receipt,167,2024-01-04,GR000925
MOV000926,MAT00034,WH06,GR_101_Goods_Receipt,360,2024-01-11,GR000926
MOV000927,MAT00119,WH06,GR_101_Goods_Receipt,412,2023-06-21,GR000927
MOV000928,MAT00267,WH05,GR_101_Goods_Receipt,499,2023-07-03,GR000928
MOV000929,MAT00303,WH03,GI_261_Goods_Issue_Production,-43,2023-04-10 00:00:00,PRO000334
MOV000930,MAT00373,WH07,GI_261_Goods_Issue_Production,-188,2023-02-03 00:00:00,PRO000463
MOV000931,MAT00394,WH03,GI_261_Goods_Issue_Production,-195,2024-09-09 00:00:00,PRO000108
MOV000932,MAT00253,WH08,GI_261_Goods_Issue_Production,-25,2023-01-31 00:00:00,PRO000406
MOV000933,MAT00016,WH07,GI_261_Goods_Issue_Production,-50,2024-09-22 00:00:00,PRO000361
MOV000934,MAT00302,WH07,GI_261_Goods_Issue_Production,-36,2023-02-12 00:00:00,PRO000101
MOV000935,MAT00141,WH06,GI_261_Goods_Issue_Production,-116,2024-08-16 00:00:00,PRO000275
MOV000936,MAT00146,WH05,GI_261_Goods_Issue_Production,-161,2024-11-30 00:00:00,PRO000491
MOV000937,MAT00216,WH04,GI_261_Goods_Issue_Production,-133,2024-07-28 00:00:00,PRO000071
MOV000938,MAT00091,WH01,GI_261_Goods_Issue_Production,-155,2024-06-14 00:00:00,PRO000158
MOV000939,MAT00299,WH04,GI_261_Goods_Issue_Production,-183,2024-01-08 00:00:00,PRO000411
MOV000940,MAT00013,WH03,GI_261_Goods_Issue_Production,-122,2023-10-30 00:00:00,PRO000032
MOV000941,MAT00002,WH04,GI_261_Goods_Issue_Production,-56,2024-08-14 00:00:00,PRO000202
MOV000942,MAT00057,WH04,GI_261_Goods_Issue_Production,-166,2023-02-02 00:00:00,PRO000253
MOV000943,MAT00079,WH05,GI_261_Goods_Issue_Production,-107,2024-03-26 00:00:00,PRO000097
MOV000944,MAT00256,WH03,GI_261_Goods_Issue_Production,-101,2024-01-03 00:00:00,PRO000445
MOV000945,MAT00339,WH01,GI_261_Goods_Issue_Production,-166,2024-01-04 00:00:00,PRO000272
MOV000946,MAT00213,WH03,GI_261_Goods_Issue_Production,-17,2024-08-14 00:00:00,PRO000341
MOV000947,MAT00380,WH03,GI_261_Goods_Issue_Production,-185,2023-12-07 00:00:00,PRO000006
MOV000948,MAT00140,WH03,GI_261_Goods_Issue_Production,-196,2023-12-06 00:00:00,PRO000298
MOV000949,MAT00223,WH06,GI_261_Goods_Issue_Production,-43,2024-01-11 00:00:00,PRO000356
MOV000950,MAT00178,WH07,GI_261_Goods_Issue_Production,-133,2024-03-16 00:00:00,PRO000328
MOV000951,MAT00368,WH02,GI_261_Goods_Issue_Production,-134,2024-04-25 00:00:00,PRO000273
MOV000952,MAT00143,WH03,GI_261_Goods_Issue_Production,-38,2023-12-21 00:00:00,PRO000215
MOV000953,MAT00342,WH05,GI_261_Goods_Issue_Production,-115,2023-02-26 00:00:00,PRO000082
MOV000954,MAT00398,WH01,GI_261_Goods_Issue_Production,-122,2023-12-01 00:00:00,PRO000030
MOV000955,MAT00147,WH01,GI_261_Goods_Issue_Production,-21,2024-07-19 00:00:00,PRO000337
MOV000956,MAT00196,WH06,GI_261_Goods_Issue_Production,-26,2024-07-20 00:00:00,PRO000302
MOV000957,MAT00338,WH05,GI_261_Goods_Issue_Production,-76,2023-02-08 00:00:00,PRO000224
MOV000958,MAT00163,WH07,GI_261_Goods_Issue_Production,-177,2023-03-17 00:00:00,PRO000168
MOV000959,MAT00249,WH07,GI_261_Goods_Issue_Production,-90,2023-07-09 00:00:00,PRO000230
MOV000960,MAT00272,WH08,GI_261_Goods_Issue_Production,-13,2024-12-12 00:00:00,PRO000318
MOV000961,MAT00024,WH06,GI_261_Goods_Issue_Production,-190,2024-09-21 00:00:00,PRO000100
MOV000962,MAT00125,WH07,GI_261_Goods_Issue_Production,-183,2023-12-14 00:00:00,PRO000091
MOV000963,MAT00092,WH04,GI_261_Goods_Issue_Production,-144,2023-01-04 00:00:00,PRO000478
MOV000964,MAT00326,WH07,GI_261_Goods_Issue_Production,-200,2023-11-24 00:00:00,PRO000413
MOV000965,MAT00011,WH03,GI_261_Goods_Issue_Production,-157,2024-04-12 00:00:00,PRO000416
MOV000966,MAT00081,WH01,GI_261_Goods_Issue_Production,-195,2024-03-25 00:00:00,PRO000104
MOV000967,MAT00002,WH04,GI_261_Goods_Issue_Production,-154,2023-09-01 00:00:00,PRO000465
MOV000968,MAT00103,WH05,GI_261_Goods_Issue_Production,-67,2024-12-26 00:00:00,PRO000466
MOV000969,MAT00321,WH02,GI_261_Goods_Issue_Production,-181,2023-02-13 00:00:00,PRO000086
MOV000970,MAT00274,WH05,GI_261_Goods_Issue_Production,-96,2024-03-06 00:00:00,PRO000247
MOV000971,MAT00280,WH04,GI_261_Goods_Issue_Production,-142,2024-08-01 00:00:00,PRO000096
MOV000972,MAT00049,WH02,GI_261_Goods_Issue_Production,-143,2023-03-26 00:00:00,PRO000304
MOV000973,MAT00106,WH06,GI_261_Goods_Issue_Production,-186,2023-10-24 00:00:00,PRO000257
MOV000974,MAT00315,WH04,GI_261_Goods_Issue_Production,-189,2024-02-01 00:00:00,PRO000105
MOV000975,MAT00266,WH01,GI_261_Goods_Issue_Production,-168,2023-10-08 00:00:00,PRO000376
MOV000976,MAT00257,WH06,GI_261_Goods_Issue_Production,-34,2023-04-23 00:00:00,PRO000200
MOV000977,MAT00033,WH01,GI_261_Goods_Issue_Production,-120,2023-03-04 00:00:00,PRO000486
MOV000978,MAT00377,WH02,GI_261_Goods_Issue_Production,-179,2023-11-23 00:00:00,PRO000181
MOV000979,MAT00116,WH01,GI_261_Goods_Issue_Production,-196,2023-08-28 00:00:00,PRO000036
MOV000980,MAT00057,WH05,GI_261_Goods_Issue_Production,-73,2024-10-02 00:00:00,PRO000479
MOV000981,MAT00259,WH08,GI_261_Goods_Issue_Production,-133,2024-11-04 00:00:00,PRO000072
MOV000982,MAT00089,WH03,GI_261_Goods_Issue_Production,-98,2023-07-01 00:00:00,PRO000462
MOV000983,MAT00319,WH04,GI_261_Goods_Issue_Production,-179,2024-02-27 00:00:00,PRO000281
MOV000984,MAT00071,WH02,GI_261_Goods_Issue_Production,-183,2024-11-25 00:00:00,PRO000107
MOV000985,MAT00008,WH03,GI_261_Goods_Issue_Production,-174,2023-07-28 00:00:00,PRO000265
MOV000986,MAT00399,WH05,GI_261_Goods_Issue_Production,-108,2024-08-14 00:00:00,PRO000372
MOV000987,MAT00338,WH01,GI_261_Goods_Issue_Production,-48,2024-07-01 00:00:00,PRO000222
MOV000988,MAT00199,WH06,GI_261_Goods_Issue_Production,-152,2023-04-22 00:00:00,PRO000336
MOV000989,MAT00219,WH04,GI_261_Goods_Issue_Production,-166,2024-11-20 00:00:00,PRO000322
MOV000990,MAT00362,WH06,GI_261_Goods_Issue_Production,-23,2024-10-17 00:00:00,PRO000398
MOV000991,MAT00037,WH04,GI_261_Goods_Issue_Production,-12,2024-04-16 00:00:00,PRO000089
MOV000992,MAT00220,WH08,GI_261_Goods_Issue_Production,-174,2023-11-03 00:00:00,PRO000297
MOV000993,MAT00147,WH04,GI_261_Goods_Issue_Production,-50,2024-10-19 00:00:00,PRO000046
MOV000994,MAT00239,WH02,GI_261_Goods_Issue_Production,-139,2024-10-26 00:00:00,PRO000377
MOV000995,MAT00396,WH05,GI_261_Goods_Issue_Production,-130,2023-08-12 00:00:00,PRO000357
MOV000996,MAT00078,WH07,GI_261_Goods_Issue_Production,-136,2023-05-15 00:00:00,PRO000051
MOV000997,MAT00395,WH08,GI_261_Goods_Issue_Production,-52,2023-09-11 00:00:00,PRO000388
MOV000998,MAT00363,WH03,GI_261_Goods_Issue_Production,-29,2023-03-28 00:00:00,PRO000103
MOV000999,MAT00187,WH06,GI_261_Goods_Issue_Production,-135,2024-04-28 00:00:00,PRO000002
MOV001000,MAT00220,WH06,GI_261_Goods_Issue_Production,-92,2023-04-06 00:00:00,PRO000422
MOV001001,MAT00140,WH03,GI_261_Goods_Issue_Production,-71,2024-08-02 00:00:00,PRO000293
MOV001002,MAT00019,WH05,GI_261_Goods_Issue_Production,-94,2023-12-06 00:00:00,PRO000455
MOV001003,MAT00101,WH05,GI_261_Goods_Issue_Production,-81,2024-03-01 00:00:00,PRO000180
MOV001004,MAT00121,WH08,GI_261_Goods_Issue_Production,-22,2023-06-01 00:00:00,PRO000495
MOV001005,MAT00106,WH01,GI_261_Goods_Issue_Production,-139,2024-03-29 00:00:00,PRO000386
MOV001006,MAT00282,WH04,GI_261_Goods_Issue_Production,-67,2024-08-23 00:00:00,PRO000400
MOV001007,MAT00390,WH02,GI_261_Goods_Issue_Production,-150,2023-02-07 00:00:00,PRO000142
MOV001008,MAT00263,WH01,GI_261_Goods_Issue_Production,-174,2024-01-28 00:00:00,PRO000348
MOV001009,MAT00026,WH07,GI_261_Goods_Issue_Production,-106,2024-08-07 00:00:00,PRO000120
MOV001010,MAT00315,WH05,GI_261_Goods_Issue_Production,-113,2024-07-30 00:00:00,PRO000199
MOV001011,MAT00288,WH02,GI_261_Goods_Issue_Production,-70,2023-02-10 00:00:00,PRO000267
MOV001012,MAT00181,WH04,GI_261_Goods_Issue_Production,-30,2024-05-28 00:00:00,PRO000206
MOV001013,MAT00359,WH05,GI_261_Goods_Issue_Production,-127,2024-12-04 00:00:00,PRO000064
MOV001014,MAT00204,WH06,GI_261_Goods_Issue_Production,-123,2024-10-05 00:00:00,PRO000095
MOV001015,MAT00199,WH02,GI_261_Goods_Issue_Production,-156,2023-02-20 00:00:00,PRO000078
MOV001016,MAT00087,WH04,GI_261_Goods_Issue_Production,-124,2023-11-19 00:00:00,PRO000350
MOV001017,MAT00051,WH07,GI_261_Goods_Issue_Production,-32,2024-03-14 00:00:00,PRO000375
MOV001018,MAT00142,WH06,GI_261_Goods_Issue_Production,-137,2023-02-15 00:00:00,PRO000335
MOV001019,MAT00023,WH04,GI_261_Goods_Issue_Production,-124,2023-06-25 00:00:00,PRO000292
MOV001020,MAT00084,WH02,GI_261_Goods_Issue_Production,-90,2024-08-01 00:00:00,PRO000353
MOV001021,MAT00001,WH04,GI_261_Goods_Issue_Production,-40,2023-01-03 00:00:00,PRO000410
MOV001022,MAT00032,WH08,GI_261_Goods_Issue_Production,-137,2023-11-05 00:00:00,PRO000390
MOV001023,MAT00049,WH03,GI_261_Goods_Issue_Production,-200,2024-02-01 00:00:00,PRO000482
MOV001024,MAT00094,WH06,GI_261_Goods_Issue_Production,-177,2023-04-22 00:00:00,PRO000326
MOV001025,MAT00262,WH06,GI_261_Goods_Issue_Production,-14,2024-05-29 00:00:00,PRO000446
MOV001026,MAT00046,WH05,GI_261_Goods_Issue_Production,-36,2023-02-07 00:00:00,PRO000325
MOV001027,MAT00362,WH04,GI_261_Goods_Issue_Production,-113,2023-12-23 00:00:00,PRO000344
MOV001028,MAT00391,WH03,GI_261_Goods_Issue_Production,-115,2024-09-12 00:00:00,PRO000236
MOV001029,MAT00250,WH02,GI_261_Goods_Issue_Production,-19,2023-04-28 00:00:00,PRO000061
MOV001030,MAT00174,WH01,GI_261_Goods_Issue_Production,-152,2024-12-30 00:00:00,PRO000407
MOV001031,MAT00163,WH03,GI_261_Goods_Issue_Production,-150,2023-08-15 00:00:00,PRO000235
MOV001032,MAT00131,WH03,GI_261_Goods_Issue_Production,-10,2023-12-06 00:00:00,PRO000499
MOV001033,MAT00162,WH08,GI_261_Goods_Issue_Production,-33,2023-06-11 00:00:00,PRO000076
MOV001034,MAT00276,WH04,GI_261_Goods_Issue_Production,-164,2023-08-20 00:00:00,PRO000218
MOV001035,MAT00384,WH06,GI_261_Goods_Issue_Production,-168,2024-03-12 00:00:00,PRO000057
MOV001036,MAT00064,WH07,GI_261_Goods_Issue_Production,-173,2024-06-22 00:00:00,PRO000053
MOV001037,MAT00324,WH05,GI_261_Goods_Issue_Production,-87,2023-09-18 00:00:00,PRO000244
MOV001038,MAT00227,WH04,GI_261_Goods_Issue_Production,-140,2023-08-21 00:00:00,PRO000015
MOV001039,MAT00380,WH08,GI_261_Goods_Issue_Production,-153,2024-10-01 00:00:00,PRO000059
MOV001040,MAT00034,WH05,GI_261_Goods_Issue_Production,-62,2024-06-15 00:00:00,PRO000380
MOV001041,MAT00140,WH02,GI_261_Goods_Issue_Production,-177,2024-09-02 00:00:00,PRO000077
MOV001042,MAT00338,WH02,GI_261_Goods_Issue_Production,-181,2024-05-27 00:00:00,PRO000299
MOV001043,MAT00176,WH05,GI_261_Goods_Issue_Production,-126,2023-11-06 00:00:00,PRO000023
MOV001044,MAT00243,WH04,GI_261_Goods_Issue_Production,-97,2024-09-22 00:00:00,PRO000217
MOV001045,MAT00319,WH07,GI_261_Goods_Issue_Production,-103,2023-10-14 00:00:00,PRO000443
MOV001046,MAT00011,WH03,GI_261_Goods_Issue_Production,-23,2024-07-10 00:00:00,PRO000295
MOV001047,MAT00046,WH05,GI_261_Goods_Issue_Production,-67,2023-09-09 00:00:00,PRO000442
MOV001048,MAT00136,WH07,GI_261_Goods_Issue_Production,-126,2024-05-05 00:00:00,PRO000324
MOV001049,MAT00354,WH04,GI_261_Goods_Issue_Production,-94,2023-04-16 00:00:00,PRO000409
MOV001050,MAT00259,WH02,GI_261_Goods_Issue_Production,-153,2023-11-17 00:00:00,PRO000087
MOV001051,MAT00139,WH04,GI_261_Goods_Issue_Production,-168,2024-12-21 00:00:00,PRO000255
MOV001052,MAT00289,WH05,GI_261_Goods_Issue_Production,-163,2024-06-23 00:00:00,PRO000081
MOV001053,MAT00094,WH03,GI_261_Goods_Issue_Production,-131,2023-01-31 00:00:00,PRO000301
MOV001054,MAT00032,WH07,GI_261_Goods_Issue_Production,-193,2024-08-09 00:00:00,PRO000232
MOV001055,MAT00380,WH01,GI_261_Goods_Issue_Production,-178,2023-02-10 00:00:00,PRO000396
MOV001056,MAT00369,WH06,GI_261_Goods_Issue_Production,-103,2023-06-26 00:00:00,PRO000440
MOV001057,MAT00027,WH02,GI_261_Goods_Issue_Production,-193,2023-05-11 00:00:00,PRO000111
MOV001058,MAT00087,WH05,GI_261_Goods_Issue_Production,-125,2023-01-15 00:00:00,PRO000034
MOV001059,MAT00231,WH03,GI_261_Goods_Issue_Production,-39,2024-09-12 00:00:00,PRO000196
MOV001060,MAT00120,WH01,GI_261_Goods_Issue_Production,-34,2024-04-17 00:00:00,PRO000321
MOV001061,MAT00276,WH03,GI_261_Goods_Issue_Production,-178,2023-04-04 00:00:00,PRO000075
MOV001062,MAT00045,WH01,GI_261_Goods_Issue_Production,-66,2023-09-02 00:00:00,PRO000119
MOV001063,MAT00162,WH06,GI_261_Goods_Issue_Production,-10,2024-09-22 00:00:00,PRO000184
MOV001064,MAT00258,WH07,GI_261_Goods_Issue_Production,-97,2023-05-20 00:00:00,PRO000427
MOV001065,MAT00149,WH01,GI_261_Goods_Issue_Production,-100,2023-06-28 00:00:00,PRO000433
MOV001066,MAT00199,WH05,GI_261_Goods_Issue_Production,-172,2024-09-09 00:00:00,PRO000150
MOV001067,MAT00177,WH07,GI_261_Goods_Issue_Production,-84,2024-06-20 00:00:00,PRO000280
MOV001068,MAT00070,WH02,GI_261_Goods_Issue_Production,-150,2024-08-29 00:00:00,PRO000320
MOV001069,MAT00199,WH03,GI_261_Goods_Issue_Production,-143,2024-10-07 00:00:00,PRO000436
MOV001070,MAT00004,WH02,GI_261_Goods_Issue_Production,-105,2023-08-19 00:00:00,PRO000211
MOV001071,MAT00075,WH07,GI_261_Goods_Issue_Production,-189,2023-05-05 00:00:00,PRO000213
MOV001072,MAT00018,WH01,GI_261_Goods_Issue_Production,-37,2024-10-02 00:00:00,PRO000173
MOV001073,MAT00347,WH02,GI_261_Goods_Issue_Production,-21,2023-02-07 00:00:00,PRO000223
MOV001074,MAT00346,WH06,GI_261_Goods_Issue_Production,-52,2023-06-27 00:00:00,PRO000094
MOV001075,MAT00256,WH01,GI_261_Goods_Issue_Production,-136,2024-11-19 00:00:00,PRO000035
MOV001076,MAT00094,WH02,GI_261_Goods_Issue_Production,-45,2023-03-01 00:00:00,PRO000243
MOV001077,MAT00194,WH01,GI_261_Goods_Issue_Production,-193,2024-09-14 00:00:00,PRO000389
MOV001078,MAT00162,WH07,GI_261_Goods_Issue_Production,-200,2024-10-24 00:00:00,PRO000106
MOV001079,MAT00194,WH02,GI_261_Goods_Issue_Production,-194,2023-04-06 00:00:00,PRO000065
MOV001080,MAT00197,WH01,GI_261_Goods_Issue_Production,-114,2024-12-21 00:00:00,PRO000159
MOV001081,MAT00194,WH05,GI_261_Goods_Issue_Production,-37,2024-11-26 00:00:00,PRO000155
MOV001082,MAT00095,WH08,GI_261_Goods_Issue_Production,-75,2023-12-19 00:00:00,PRO000245
MOV001083,MAT00241,WH05,GI_261_Goods_Issue_Production,-166,2023-12-25 00:00:00,PRO000109
MOV001084,MAT00299,WH01,GI_261_Goods_Issue_Production,-60,2024-01-10 00:00:00,PRO000031
MOV001085,MAT00234,WH02,GI_261_Goods_Issue_Production,-58,2024-08-12 00:00:00,PRO000450
MOV001086,MAT00357,WH01,GI_261_Goods_Issue_Production,-40,2024-07-26 00:00:00,PRO000268
MOV001087,MAT00395,WH07,GI_261_Goods_Issue_Production,-110,2023-01-30 00:00:00,PRO000339
MOV001088,MAT00271,WH08,GI_261_Goods_Issue_Production,-65,2023-04-24 00:00:00,PRO000131
MOV001089,MAT00318,WH08,GI_261_Goods_Issue_Production,-127,2024-01-05 00:00:00,PRO000393
MOV001090,MAT00147,WH02,GI_261_Goods_Issue_Production,-58,2023-02-15 00:00:00,PRO000483
MOV001091,MAT00186,WH04,GI_261_Goods_Issue_Production,-193,2023-07-13 00:00:00,PRO000007
MOV001092,MAT00041,WH04,GI_261_Goods_Issue_Production,-96,2024-11-23 00:00:00,PRO000033
MOV001093,MAT00229,WH08,GI_261_Goods_Issue_Production,-37,2023-08-16 00:00:00,PRO000435
MOV001094,MAT00250,WH06,GI_261_Goods_Issue_Production,-116,2024-02-24 00:00:00,PRO000011
MOV001095,MAT00268,WH08,GI_261_Goods_Issue_Production,-21,2024-10-06 00:00:00,PRO000203
MOV001096,MAT00178,WH06,GI_261_Goods_Issue_Production,-172,2023-04-03 00:00:00,PRO000430
MOV001097,MAT00133,WH03,GI_261_Goods_Issue_Production,-182,2024-08-14 00:00:00,PRO000470
MOV001098,MAT00220,WH08,GI_261_Goods_Issue_Production,-160,2023-08-15 00:00:00,PRO000259
MOV001099,MAT00370,WH07,GI_261_Goods_Issue_Production,-41,2024-08-24 00:00:00,PRO000022
MOV001100,MAT00331,WH01,GI_261_Goods_Issue_Production,-125,2023-03-18 00:00:00,PRO000152
MOV001101,MAT00119,WH08,GI_261_Goods_Issue_Production,-127,2023-10-10 00:00:00,PRO000045
MOV001102,MAT00143,WH02,GI_261_Goods_Issue_Production,-178,2023-08-13 00:00:00,PRO000027
MOV001103,MAT00369,WH01,GI_261_Goods_Issue_Production,-160,2024-04-01 00:00:00,PRO000242
MOV001104,MAT00227,WH07,GI_261_Goods_Issue_Production,-139,2023-06-08 00:00:00,PRO000114
MOV001105,MAT00109,WH08,GI_261_Goods_Issue_Production,-44,2023-12-17 00:00:00,PRO000209
MOV001106,MAT00084,WH01,GI_261_Goods_Issue_Production,-137,2024-06-22 00:00:00,PRO000238
MOV001107,MAT00228,WH03,GI_261_Goods_Issue_Production,-11,2024-07-03 00:00:00,PRO000189
MOV001108,MAT00047,WH08,GI_261_Goods_Issue_Production,-145,2023-03-31 00:00:00,PRO000359
MOV001109,MAT00070,WH04,GI_261_Goods_Issue_Production,-198,2023-10-30 00:00:00,PRO000391
MOV001110,MAT00396,WH08,GI_261_Goods_Issue_Production,-22,2024-12-25 00:00:00,PRO000460
MOV001111,MAT00087,WH03,GI_261_Goods_Issue_Production,-151,2024-07-17 00:00:00,PRO000192
MOV001112,MAT00370,WH08,GI_261_Goods_Issue_Production,-120,2024-06-26 00:00:00,PRO000421
MOV001113,MAT00334,WH05,GI_261_Goods_Issue_Production,-159,2024-09-11 00:00:00,PRO000175
MOV001114,MAT00335,WH08,GI_261_Goods_Issue_Production,-133,2023-03-12 00:00:00,PRO000415
MOV001115,MAT00255,WH08,GI_261_Goods_Issue_Production,-140,2024-07-08 00:00:00,PRO000014
MOV001116,MAT00160,WH02,GI_261_Goods_Issue_Production,-55,2024-03-30 00:00:00,PRO000016
MOV001117,MAT00147,WH05,GI_261_Goods_Issue_Production,-187,2024-07-26 00:00:00,PRO000310
MOV001118,MAT00100,WH01,GI_261_Goods_Issue_Production,-158,2024-02-15 00:00:00,PRO000074
MOV001119,MAT00014,WH07,GI_261_Goods_Issue_Production,-54,2024-12-02 00:00:00,PRO000352
MOV001120,MAT00213,WH02,GI_261_Goods_Issue_Production,-197,2023-04-06 00:00:00,PRO000369
MOV001121,MAT00215,WH01,GI_261_Goods_Issue_Production,-42,2024-01-20 00:00:00,PRO000248
MOV001122,MAT00065,WH07,GI_261_Goods_Issue_Production,-36,2024-06-28 00:00:00,PRO000284
MOV001123,MAT00226,WH02,GI_261_Goods_Issue_Production,-109,2023-05-31 00:00:00,PRO000489
MOV001124,MAT00108,WH06,GI_261_Goods_Issue_Production,-178,2023-10-29 00:00:00,PRO000471
MOV001125,MAT00167,WH02,GI_261_Goods_Issue_Production,-163,2024-09-01 00:00:00,PRO000110
MOV001126,MAT00299,WH05,GI_261_Goods_Issue_Production,-165,2024-02-21 00:00:00,PRO000220
MOV001127,MAT00373,WH06,GI_261_Goods_Issue_Production,-92,2024-05-12 00:00:00,PRO000497
MOV001128,MAT00101,WH02,GI_261_Goods_Issue_Production,-139,2024-07-19 00:00:00,PRO000291
MOV001129,MAT00276,WH05,GI_261_Goods_Issue_Production,-108,2024-12-22 00:00:00,PRO000458
MOV001130,MAT00060,WH02,GI_261_Goods_Issue_Production,-117,2024-08-04 00:00:00,PRO000452
MOV001131,MAT00210,WH08,GI_261_Goods_Issue_Production,-165,2024-02-19 00:00:00,PRO000338
MOV001132,MAT00055,WH04,GI_261_Goods_Issue_Production,-187,2024-08-10 00:00:00,PRO000156
MOV001133,MAT00104,WH06,GI_261_Goods_Issue_Production,-73,2024-02-11 00:00:00,PRO000493
MOV001134,MAT00031,WH04,GI_261_Goods_Issue_Production,-80,2024-07-12 00:00:00,PRO000178
MOV001135,MAT00394,WH08,GI_261_Goods_Issue_Production,-111,2023-01-18 00:00:00,PRO000395
MOV001136,MAT00059,WH05,GI_261_Goods_Issue_Production,-97,2023-08-16 00:00:00,PRO000125
MOV001137,MAT00150,WH02,GI_261_Goods_Issue_Production,-85,2024-12-23 00:00:00,PRO000345
MOV001138,MAT00056,WH01,GI_261_Goods_Issue_Production,-125,2023-01-13 00:00:00,PRO000494
MOV001139,MAT00245,WH07,GI_261_Goods_Issue_Production,-44,2023-05-12 00:00:00,PRO000193
MOV001140,MAT00357,WH05,GI_261_Goods_Issue_Production,-45,2024-08-28 00:00:00,PRO000098
MOV001141,MAT00199,WH06,GI_261_Goods_Issue_Production,-115,2024-10-24 00:00:00,PRO000144
MOV001142,MAT00241,WH06,GI_261_Goods_Issue_Production,-164,2023-03-29 00:00:00,PRO000332
MOV001143,MAT00391,WH05,GI_261_Goods_Issue_Production,-189,2023-08-30 00:00:00,PRO000231
MOV001144,MAT00079,WH06,GI_261_Goods_Issue_Production,-141,2024-06-23 00:00:00,PRO000115
MOV001145,MAT00245,WH03,GI_261_Goods_Issue_Production,-86,2024-06-09 00:00:00,PRO000054
MOV001146,MAT00259,WH05,GI_261_Goods_Issue_Production,-189,2024-07-02 00:00:00,PRO000285
MOV001147,MAT00199,WH05,GI_261_Goods_Issue_Production,-150,2023-02-07 00:00:00,PRO000009
MOV001148,MAT00305,WH04,GI_261_Goods_Issue_Production,-90,2024-02-01 00:00:00,PRO000137
MOV001149,MAT00094,WH03,GI_261_Goods_Issue_Production,-192,2024-04-29 00:00:00,PRO000008
MOV001150,MAT00231,WH07,GI_261_Goods_Issue_Production,-198,2023-06-02 00:00:00,PRO000262
MOV001151,MAT00239,WH08,GI_261_Goods_Issue_Production,-151,2023-09-23 00:00:00,PRO000405
MOV001152,MAT00388,WH05,GI_261_Goods_Issue_Production,-171,2023-05-28 00:00:00,PRO000498
MOV001153,MAT00019,WH04,GI_261_Goods_Issue_Production,-65,2023-09-11 00:00:00,PRO000183
MOV001154,MAT00281,WH05,GI_261_Goods_Issue_Production,-61,2023-05-11 00:00:00,PRO000250
MOV001155,MAT00164,WH03,GI_261_Goods_Issue_Production,-63,2024-08-14 00:00:00,PRO000185
MOV001156,MAT00219,WH02,GI_261_Goods_Issue_Production,-169,2024-06-20 00:00:00,PRO000287
MOV001157,MAT00111,WH06,GI_261_Goods_Issue_Production,-192,2023-08-30 00:00:00,PRO000154
MOV001158,MAT00298,WH06,GI_261_Goods_Issue_Production,-84,2023-09-06 00:00:00,PRO000270
MOV001159,MAT00210,WH08,GI_261_Goods_Issue_Production,-185,2023-02-19 00:00:00,PRO000468
MOV001160,MAT00049,WH03,GI_261_Goods_Issue_Production,-98,2024-07-13 00:00:00,PRO000418
MOV001161,MAT00052,WH06,GI_261_Goods_Issue_Production,-182,2023-04-14 00:00:00,PRO000254
MOV001162,MAT00010,WH08,GI_261_Goods_Issue_Production,-43,2024-06-03 00:00:00,PRO000136
MOV001163,MAT00028,WH07,GI_261_Goods_Issue_Production,-191,2024-01-10 00:00:00,PRO000190
MOV001164,MAT00172,WH02,GI_261_Goods_Issue_Production,-176,2024-10-31 00:00:00,PRO000474
MOV001165,MAT00250,WH05,GI_261_Goods_Issue_Production,-55,2024-05-17 00:00:00,PRO000160
MOV001166,MAT00291,WH08,GI_261_Goods_Issue_Production,-138,2024-10-23 00:00:00,PRO000221
MOV001167,MAT00354,WH07,GI_261_Goods_Issue_Production,-148,2024-01-05 00:00:00,PRO000313
MOV001168,MAT00250,WH05,GI_261_Goods_Issue_Production,-187,2023-10-20 00:00:00,PRO000496
MOV001169,MAT00166,WH03,GI_261_Goods_Issue_Production,-173,2024-07-08 00:00:00,PRO000419
MOV001170,MAT00008,WH01,GI_261_Goods_Issue_Production,-92,2024-07-11 00:00:00,PRO000251
MOV001171,MAT00084,WH07,GI_261_Goods_Issue_Production,-191,2024-02-29 00:00:00,PRO000367
MOV001172,MAT00280,WH01,GI_261_Goods_Issue_Production,-39,2023-08-11 00:00:00,PRO000043
MOV001173,MAT00256,WH02,GI_261_Goods_Issue_Production,-100,2023-11-08 00:00:00,PRO000039
MOV001174,MAT00288,WH01,GI_261_Goods_Issue_Production,-153,2023-08-01 00:00:00,PRO000048
MOV001175,MAT00364,WH06,GI_261_Goods_Issue_Production,-132,2024-06-26 00:00:00,PRO000448
MOV001176,MAT00045,WH01,GI_261_Goods_Issue_Production,-159,2023-01-17 00:00:00,PRO000374
MOV001177,MAT00387,WH06,GI_261_Goods_Issue_Production,-156,2024-04-14 00:00:00,PRO000423
MOV001178,MAT00064,WH05,GI_261_Goods_Issue_Production,-180,2024-10-17 00:00:00,PRO000169
MOV001179,MAT00013,WH03,GI_261_Goods_Issue_Production,-191,2024-05-31 00:00:00,PRO000226
MOV001180,MAT00246,WH01,GI_261_Goods_Issue_Production,-116,2023-09-07 00:00:00,PRO000090
MOV001181,MAT00041,WH07,GI_261_Goods_Issue_Production,-182,2024-08-30 00:00:00,PRO000198
MOV001182,MAT00219,WH08,GI_261_Goods_Issue_Production,-146,2023-10-24 00:00:00,PRO000088
MOV001183,MAT00332,WH05,GI_261_Goods_Issue_Production,-83,2024-08-08 00:00:00,PRO000177
MOV001184,MAT00168,WH04,GI_261_Goods_Issue_Production,-118,2023-08-09 00:00:00,PRO000130
MOV001185,MAT00025,WH02,GI_261_Goods_Issue_Production,-13,2023-09-13 00:00:00,PRO000157
MOV001186,MAT00205,WH08,GI_261_Goods_Issue_Production,-143,2024-06-04 00:00:00,PRO000003
MOV001187,MAT00398,WH03,GI_261_Goods_Issue_Production,-37,2023-09-16 00:00:00,PRO000323
MOV001188,MAT00104,WH08,GI_261_Goods_Issue_Production,-16,2023-06-24 00:00:00,PRO000472
MOV001189,MAT00259,WH03,GI_261_Goods_Issue_Production,-107,2024-05-19 00:00:00,PRO000453
MOV001190,MAT00398,WH01,GI_261_Goods_Issue_Production,-47,2024-08-08 00:00:00,PRO000024
MOV001191,MAT00116,WH07,GI_261_Goods_Issue_Production,-23,2024-05-16 00:00:00,PRO000042
MOV001192,MAT00064,WH02,GI_261_Goods_Issue_Production,-181,2023-06-07 00:00:00,PRO000305
MOV001193,MAT00342,WH06,GI_261_Goods_Issue_Production,-24,2024-12-23 00:00:00,PRO000129
MOV001194,MAT00037,WH01,GI_261_Goods_Issue_Production,-61,2023-10-01 00:00:00,PRO000004
MOV001195,MAT00182,WH06,GI_261_Goods_Issue_Production,-78,2024-05-19 00:00:00,PRO000469
MOV001196,MAT00295,WH02,GI_261_Goods_Issue_Production,-51,2024-05-25 00:00:00,PRO000001
MOV001197,MAT00395,WH03,GI_261_Goods_Issue_Production,-83,2023-12-13 00:00:00,PRO000012
MOV001198,MAT00204,WH05,GI_261_Goods_Issue_Production,-184,2023-12-29 00:00:00,PRO000288
MOV001199,MAT00038,WH03,GI_261_Goods_Issue_Production,-74,2023-06-28 00:00:00,PRO000052
MOV001200,MAT00223,WH05,GI_261_Goods_Issue_Production,-47,2023-04-17 00:00:00,PRO000464
MOV001201,MAT00160,WH06,GI_261_Goods_Issue_Production,-25,2023-12-12 00:00:00,PRO000277
MOV001202,MAT00026,WH08,GI_261_Goods_Issue_Production,-186,2023-01-10 00:00:00,PRO000282
MOV001203,MAT00120,WH04,GI_261_Goods_Issue_Production,-85,2024-12-22 00:00:00,PRO000457
MOV001204,MAT00324,WH02,GI_261_Goods_Issue_Production,-62,2023-08-28 00:00:00,PRO000256
MOV001205,MAT00399,WH08,GI_261_Goods_Issue_Production,-148,2023-06-11 00:00:00,PRO000459
MOV001206,MAT00016,WH05,GI_261_Goods_Issue_Production,-18,2024-11-15 00:00:00,PRO000135
MOV001207,MAT00035,WH03,GI_261_Goods_Issue_Production,-101,2023-08-05 00:00:00,PRO000490
MOV001208,MAT00133,WH01,GI_261_Goods_Issue_Production,-125,2024-12-09 00:00:00,PRO000147
MOV001209,MAT00211,WH02,GI_261_Goods_Issue_Production,-36,2023-09-04 00:00:00,PRO000392
MOV001210,MAT00265,WH03,GI_261_Goods_Issue_Production,-167,2024-08-16 00:00:00,PRO000005
MOV001211,MAT00359,WH03,GI_261_Goods_Issue_Production,-182,2024-03-13 00:00:00,PRO000229
MOV001212,MAT00013,WH03,GI_261_Goods_Issue_Production,-199,2023-03-25 00:00:00,PRO000176
MOV001213,MAT00028,WH04,GI_261_Goods_Issue_Production,-153,2024-09-26 00:00:00,PRO000019
MOV001214,MAT00135,WH07,GI_261_Goods_Issue_Production,-67,2023-01-02 00:00:00,PRO000134
MOV001215,MAT00194,WH07,GI_261_Goods_Issue_Production,-200,2023-06-29 00:00:00,PRO000260
MOV001216,MAT00101,WH01,GI_261_Goods_Issue_Production,-175,2023-07-19 00:00:00,PRO000191
MOV001217,MAT00147,WH03,GI_261_Goods_Issue_Production,-153,2023-05-08 00:00:00,PRO000123
MOV001218,MAT00393,WH03,GI_261_Goods_Issue_Production,-109,2024-04-27 00:00:00,PRO000481
MOV001219,MAT00076,WH08,GI_261_Goods_Issue_Production,-70,2023-02-20 00:00:00,PRO000026
MOV001220,MAT00067,WH04,GI_261_Goods_Issue_Production,-140,2023-11-13 00:00:00,PRO000073
MOV001221,MAT00295,WH07,GI_261_Goods_Issue_Production,-188,2024-12-27 00:00:00,PRO000171
MOV001222,MAT00214,WH08,GI_261_Goods_Issue_Production,-83,2023-10-24 00:00:00,PRO000363
MOV001223,MAT00024,WH04,GI_261_Goods_Issue_Production,-187,2023-03-11 00:00:00,PRO000467
MOV001224,MAT00114,WH06,GI_261_Goods_Issue_Production,-180,2023-07-19 00:00:00,PRO000351
MOV001225,MAT00064,WH03,GI_261_Goods_Issue_Production,-22,2024-05-21 00:00:00,PRO000371
MOV001226,MAT00389,WH05,GI_261_Goods_Issue_Production,-107,2023-05-19 00:00:00,PRO000040
MOV001227,MAT00053,WH06,GI_261_Goods_Issue_Production,-109,2024-03-04 00:00:00,PRO000121
MOV001228,MAT00177,WH01,GI_261_Goods_Issue_Production,-116,2023-02-19 00:00:00,PRO000373
MOV001229,MAT00202,WH02,GI_601_Goods_Issue_Sales,-44,2023-11-17 00:00:00,DELV009047
MOV001230,MAT00283,WH01,GI_601_Goods_Issue_Sales,-4,2023-01-14 00:00:00,DELV004118
MOV001231,MAT00116,WH05,GI_601_Goods_Issue_Sales,-13,2024-09-27 00:00:00,DELV007260
MOV001232,MAT00073,WH01,GI_601_Goods_Issue_Sales,-15,2024-10-10 00:00:00,DELV006026
MOV001233,MAT00250,WH08,GI_601_Goods_Issue_Sales,-49,2024-08-25 00:00:00,DELV008956
MOV001234,MAT00242,WH04,GI_601_Goods_Issue_Sales,-48,2024-09-09 00:00:00,DELV003219
MOV001235,MAT00266,WH07,GI_601_Goods_Issue_Sales,-50,2023-07-18 00:00:00,DELV004820
MOV001236,MAT00239,WH06,GI_601_Goods_Issue_Sales,-29,2023-07-01 00:00:00,DELV001221
MOV001237,MAT00005,WH07,GI_601_Goods_Issue_Sales,-12,2023-06-27 00:00:00,DELV008419
MOV001238,MAT00240,WH01,GI_601_Goods_Issue_Sales,-8,2024-01-22 00:00:00,DELV000666
MOV001239,MAT00197,WH01,GI_601_Goods_Issue_Sales,-28,2023-10-13 00:00:00,DELV009120
MOV001240,MAT00238,WH07,GI_601_Goods_Issue_Sales,-17,2023-05-14 00:00:00,DELV002637
MOV001241,MAT00063,WH04,GI_601_Goods_Issue_Sales,-38,2023-09-19 00:00:00,DELV000093
MOV001242,MAT00203,WH04,GI_601_Goods_Issue_Sales,-22,2024-04-22 00:00:00,DELV002537
MOV001243,MAT00310,WH02,GI_601_Goods_Issue_Sales,-3,2023-06-07 00:00:00,DELV005286
MOV001244,MAT00026,WH04,GI_601_Goods_Issue_Sales,-39,2023-02-22 00:00:00,DELV004935
MOV001245,MAT00078,WH08,GI_601_Goods_Issue_Sales,-32,2024-08-09 00:00:00,DELV009014
MOV001246,MAT00377,WH03,GI_601_Goods_Issue_Sales,-23,2023-03-16 00:00:00,DELV005208
MOV001247,MAT00390,WH03,GI_601_Goods_Issue_Sales,-34,2023-08-14 00:00:00,DELV003013
MOV001248,MAT00326,WH06,GI_601_Goods_Issue_Sales,-34,2023-03-11 00:00:00,DELV008277
MOV001249,MAT00305,WH07,GI_601_Goods_Issue_Sales,-11,2024-03-01 00:00:00,DELV008898
MOV001250,MAT00310,WH03,GI_601_Goods_Issue_Sales,-35,2024-02-18 00:00:00,DELV001507
MOV001251,MAT00049,WH04,GI_601_Goods_Issue_Sales,-23,2023-08-15 00:00:00,DELV003496
MOV001252,MAT00033,WH04,GI_601_Goods_Issue_Sales,-43,2023-12-06 00:00:00,DELV005425
MOV001253,MAT00059,WH06,GI_601_Goods_Issue_Sales,-24,2023-10-28 00:00:00,DELV003580
MOV001254,MAT00096,WH08,GI_601_Goods_Issue_Sales,-49,2024-09-25 00:00:00,DELV008692
MOV001255,MAT00070,WH05,GI_601_Goods_Issue_Sales,-31,2024-07-28 00:00:00,DELV000145
MOV001256,MAT00377,WH03,GI_601_Goods_Issue_Sales,-8,2024-11-15 00:00:00,DELV005669
MOV001257,MAT00377,WH05,GI_601_Goods_Issue_Sales,-29,2023-09-04 00:00:00,DELV003995
MOV001258,MAT00254,WH06,GI_601_Goods_Issue_Sales,-3,2024-11-29 00:00:00,DELV005259
MOV001259,MAT00396,WH06,GI_601_Goods_Issue_Sales,-25,2023-04-27 00:00:00,DELV006323
MOV001260,MAT00154,WH06,GI_601_Goods_Issue_Sales,-17,2024-07-07 00:00:00,DELV004634
MOV001261,MAT00228,WH03,GI_601_Goods_Issue_Sales,-2,2024-06-13 00:00:00,DELV006144
MOV001262,MAT00102,WH01,GI_601_Goods_Issue_Sales,-33,2024-06-04 00:00:00,DELV007301
MOV001263,MAT00256,WH04,GI_601_Goods_Issue_Sales,-32,2023-02-14 00:00:00,DELV004857
MOV001264,MAT00180,WH04,GI_601_Goods_Issue_Sales,-42,2023-07-17 00:00:00,DELV005249
MOV001265,MAT00080,WH06,GI_601_Goods_Issue_Sales,-33,2023-03-26 00:00:00,DELV001573
MOV001266,MAT00309,WH02,GI_601_Goods_Issue_Sales,-11,2024-07-04 00:00:00,DELV008737
MOV001267,MAT00193,WH04,GI_601_Goods_Issue_Sales,-1,2024-10-03 00:00:00,DELV001073
MOV001268,MAT00296,WH08,GI_601_Goods_Issue_Sales,-14,2024-11-17 00:00:00,DELV003493
MOV001269,MAT00329,WH01,GI_601_Goods_Issue_Sales,-44,2024-03-10 00:00:00,DELV001703
MOV001270,MAT00301,WH06,GI_601_Goods_Issue_Sales,-14,2024-07-04 00:00:00,DELV007131
MOV001271,MAT00218,WH06,GI_601_Goods_Issue_Sales,-42,2023-03-15 00:00:00,DELV002520
MOV001272,MAT00060,WH07,GI_601_Goods_Issue_Sales,-2,2024-04-15 00:00:00,DELV005435
MOV001273,MAT00137,WH05,GI_601_Goods_Issue_Sales,-3,2023-03-31 00:00:00,DELV001201
MOV001274,MAT00073,WH07,GI_601_Goods_Issue_Sales,-4,2023-07-02 00:00:00,DELV004128
MOV001275,MAT00076,WH03,GI_601_Goods_Issue_Sales,-36,2023-03-14 00:00:00,DELV009421
MOV001276,MAT00259,WH02,GI_601_Goods_Issue_Sales,-15,2023-09-22 00:00:00,DELV006679
MOV001277,MAT00036,WH05,GI_601_Goods_Issue_Sales,-25,2024-04-06 00:00:00,DELV006627
MOV001278,MAT00341,WH04,GI_601_Goods_Issue_Sales,-28,2023-11-20 00:00:00,DELV000277
MOV001279,MAT00259,WH06,GI_601_Goods_Issue_Sales,-25,2024-11-20 00:00:00,DELV001939
MOV001280,MAT00259,WH07,GI_601_Goods_Issue_Sales,-35,2023-01-07 00:00:00,DELV001037
MOV001281,MAT00213,WH04,GI_601_Goods_Issue_Sales,-49,2024-08-22 00:00:00,DELV000746
MOV001282,MAT00167,WH06,GI_601_Goods_Issue_Sales,-45,2023-03-16 00:00:00,DELV005861
MOV001283,MAT00383,WH04,GI_601_Goods_Issue_Sales,-33,2023-04-19 00:00:00,DELV004749
MOV001284,MAT00068,WH02,GI_601_Goods_Issue_Sales,-44,2023-11-05 00:00:00,DELV009938
MOV001285,MAT00346,WH06,GI_601_Goods_Issue_Sales,-6,2023-10-16 00:00:00,DELV007171
MOV001286,MAT00306,WH05,GI_601_Goods_Issue_Sales,-25,2024-02-09 00:00:00,DELV000505
MOV001287,MAT00313,WH08,GI_601_Goods_Issue_Sales,-31,2023-06-10 00:00:00,DELV008741
MOV001288,MAT00363,WH06,GI_601_Goods_Issue_Sales,-15,2023-05-20 00:00:00,DELV006407
MOV001289,MAT00314,WH03,GI_601_Goods_Issue_Sales,-35,2023-10-30 00:00:00,DELV002361
MOV001290,MAT00152,WH02,GI_601_Goods_Issue_Sales,-20,2024-11-24 00:00:00,DELV006114
MOV001291,MAT00124,WH01,GI_601_Goods_Issue_Sales,-1,2024-07-20 00:00:00,DELV009095
MOV001292,MAT00012,WH07,GI_601_Goods_Issue_Sales,-10,2023-05-07 00:00:00,DELV000685
MOV001293,MAT00321,WH03,GI_601_Goods_Issue_Sales,-1,2024-08-09 00:00:00,DELV009776
MOV001294,MAT00087,WH02,GI_601_Goods_Issue_Sales,-26,2024-07-04 00:00:00,DELV008971
MOV001295,MAT00002,WH08,GI_601_Goods_Issue_Sales,-6,2023-11-09 00:00:00,DELV003442
MOV001296,MAT00191,WH02,GI_601_Goods_Issue_Sales,-48,2023-12-19 00:00:00,DELV003470
MOV001297,MAT00345,WH07,GI_601_Goods_Issue_Sales,-27,2024-10-23 00:00:00,DELV008398
MOV001298,MAT00111,WH04,GI_601_Goods_Issue_Sales,-10,2023-06-14 00:00:00,DELV003015
MOV001299,MAT00071,WH05,GI_601_Goods_Issue_Sales,-15,2024-09-23 00:00:00,DELV004141
MOV001300,MAT00238,WH01,GI_601_Goods_Issue_Sales,-13,2023-04-28 00:00:00,DELV002972
MOV001301,MAT00292,WH03,GI_601_Goods_Issue_Sales,-43,2024-08-03 00:00:00,DELV000892
MOV001302,MAT00398,WH04,GI_601_Goods_Issue_Sales,-49,2024-07-16 00:00:00,DELV007558
MOV001303,MAT00317,WH03,GI_601_Goods_Issue_Sales,-42,2024-07-16 00:00:00,DELV001199
MOV001304,MAT00132,WH03,GI_601_Goods_Issue_Sales,-19,2024-11-18 00:00:00,DELV001104
MOV001305,MAT00268,WH05,GI_601_Goods_Issue_Sales,-17,2023-04-11 00:00:00,DELV003235
MOV001306,MAT00188,WH08,GI_601_Goods_Issue_Sales,-47,2024-08-17 00:00:00,DELV007983
MOV001307,MAT00246,WH03,GI_601_Goods_Issue_Sales,-22,2024-01-01 00:00:00,DELV002101
MOV001308,MAT00123,WH07,GI_601_Goods_Issue_Sales,-43,2024-11-02 00:00:00,DELV003843
MOV001309,MAT00158,WH06,GI_601_Goods_Issue_Sales,-7,2023-10-19 00:00:00,DELV001144
MOV001310,MAT00302,WH05,GI_601_Goods_Issue_Sales,-13,2023-11-22 00:00:00,DELV007961
MOV001311,MAT00181,WH07,GI_601_Goods_Issue_Sales,-29,2023-12-03 00:00:00,DELV005009
MOV001312,MAT00168,WH01,GI_601_Goods_Issue_Sales,-45,2024-08-21 00:00:00,DELV002497
MOV001313,MAT00395,WH08,GI_601_Goods_Issue_Sales,-37,2024-08-03 00:00:00,DELV005972
MOV001314,MAT00075,WH07,GI_601_Goods_Issue_Sales,-21,2024-03-14 00:00:00,DELV002763
MOV001315,MAT00150,WH07,GI_601_Goods_Issue_Sales,-1,2023-11-17 00:00:00,DELV004034
MOV001316,MAT00103,WH01,GI_601_Goods_Issue_Sales,-15,2024-12-30 00:00:00,DELV007146
MOV001317,MAT00323,WH02,GI_601_Goods_Issue_Sales,-18,2024-01-04 00:00:00,DELV002201
MOV001318,MAT00234,WH04,GI_601_Goods_Issue_Sales,-44,2023-12-06 00:00:00,DELV007864
MOV001319,MAT00180,WH07,GI_601_Goods_Issue_Sales,-30,2024-04-01 00:00:00,DELV005878
MOV001320,MAT00190,WH05,GI_601_Goods_Issue_Sales,-50,2023-11-09 00:00:00,DELV007979
MOV001321,MAT00144,WH06,GI_601_Goods_Issue_Sales,-36,2023-04-22 00:00:00,DELV002880
MOV001322,MAT00290,WH04,GI_601_Goods_Issue_Sales,-42,2024-09-13 00:00:00,DELV001344
MOV001323,MAT00260,WH06,GI_601_Goods_Issue_Sales,-18,2023-05-24 00:00:00,DELV008825
MOV001324,MAT00344,WH01,GI_601_Goods_Issue_Sales,-13,2023-09-27 00:00:00,DELV001253
MOV001325,MAT00292,WH01,GI_601_Goods_Issue_Sales,-47,2023-03-19 00:00:00,DELV000306
MOV001326,MAT00087,WH06,GI_601_Goods_Issue_Sales,-33,2024-10-08 00:00:00,DELV000512
MOV001327,MAT00275,WH07,GI_601_Goods_Issue_Sales,-38,2024-08-15 00:00:00,DELV006638
MOV001328,MAT00004,WH02,GI_601_Goods_Issue_Sales,-50,2024-08-27 00:00:00,DELV003486
MOV001329,MAT00150,WH03,GI_601_Goods_Issue_Sales,-3,2024-07-18 00:00:00,DELV004270
MOV001330,MAT00218,WH02,GI_601_Goods_Issue_Sales,-35,2024-07-06 00:00:00,DELV007735
MOV001331,MAT00132,WH03,GI_601_Goods_Issue_Sales,-42,2023-06-02 00:00:00,DELV005994
MOV001332,MAT00335,WH05,GI_601_Goods_Issue_Sales,-26,2023-08-17 00:00:00,DELV009661
MOV001333,MAT00048,WH05,GI_601_Goods_Issue_Sales,-47,2023-10-25 00:00:00,DELV002194
MOV001334,MAT00317,WH05,GI_601_Goods_Issue_Sales,-30,2024-05-28 00:00:00,DELV008363
MOV001335,MAT00209,WH01,GI_601_Goods_Issue_Sales,-6,2024-02-11 00:00:00,DELV005962
MOV001336,MAT00374,WH05,GI_601_Goods_Issue_Sales,-33,2023-01-11 00:00:00,DELV003914
MOV001337,MAT00256,WH07,GI_601_Goods_Issue_Sales,-40,2024-12-01 00:00:00,DELV002718
MOV001338,MAT00127,WH02,GI_601_Goods_Issue_Sales,-49,2024-06-10 00:00:00,DELV002300
MOV001339,MAT00221,WH06,GI_601_Goods_Issue_Sales,-29,2023-06-13 00:00:00,DELV002936
MOV001340,MAT00369,WH06,GI_601_Goods_Issue_Sales,-37,2024-08-02 00:00:00,DELV002396
MOV001341,MAT00288,WH03,GI_601_Goods_Issue_Sales,-48,2024-05-10 00:00:00,DELV005879
MOV001342,MAT00014,WH03,GI_601_Goods_Issue_Sales,-3,2023-08-13 00:00:00,DELV007990
MOV001343,MAT00077,WH04,GI_601_Goods_Issue_Sales,-15,2023-03-06 00:00:00,DELV004332
MOV001344,MAT00035,WH03,GI_601_Goods_Issue_Sales,-24,2023-08-28 00:00:00,DELV000702
MOV001345,MAT00173,WH02,GI_601_Goods_Issue_Sales,-43,2023-07-31 00:00:00,DELV008486
MOV001346,MAT00163,WH01,GI_601_Goods_Issue_Sales,-24,2024-02-02 00:00:00,DELV007696
MOV001347,MAT00059,WH02,GI_601_Goods_Issue_Sales,-30,2023-02-17 00:00:00,DELV000654
MOV001348,MAT00253,WH02,GI_601_Goods_Issue_Sales,-42,2023-11-28 00:00:00,DELV001692
MOV001349,MAT00166,WH06,GI_601_Goods_Issue_Sales,-46,2024-06-17 00:00:00,DELV004481
MOV001350,MAT00208,WH03,GI_601_Goods_Issue_Sales,-48,2023-09-27 00:00:00,DELV009481
MOV001351,MAT00273,WH05,GI_601_Goods_Issue_Sales,-35,2024-08-06 00:00:00,DELV002849
MOV001352,MAT00058,WH04,GI_601_Goods_Issue_Sales,-25,2024-10-31 00:00:00,DELV006202
MOV001353,MAT00261,WH02,GI_601_Goods_Issue_Sales,-24,2024-08-24 00:00:00,DELV001276
MOV001354,MAT00340,WH06,GI_601_Goods_Issue_Sales,-34,2023-09-15 00:00:00,DELV006166
MOV001355,MAT00010,WH03,GI_601_Goods_Issue_Sales,-15,2024-06-12 00:00:00,DELV006650
MOV001356,MAT00189,WH04,GI_601_Goods_Issue_Sales,-23,2023-12-20 00:00:00,DELV007977
MOV001357,MAT00311,WH03,GI_601_Goods_Issue_Sales,-31,2024-09-10 00:00:00,DELV000109
MOV001358,MAT00264,WH05,GI_601_Goods_Issue_Sales,-33,2023-05-23 00:00:00,DELV007208
MOV001359,MAT00371,WH05,GI_601_Goods_Issue_Sales,-11,2023-08-24 00:00:00,DELV001264
MOV001360,MAT00110,WH02,GI_601_Goods_Issue_Sales,-33,2024-10-20 00:00:00,DELV004601
MOV001361,MAT00188,WH05,GI_601_Goods_Issue_Sales,-14,2023-06-03 00:00:00,DELV003063
MOV001362,MAT00172,WH08,GI_601_Goods_Issue_Sales,-11,2024-01-06 00:00:00,DELV009864
MOV001363,MAT00014,WH08,GI_601_Goods_Issue_Sales,-46,2023-05-02 00:00:00,DELV003774
MOV001364,MAT00045,WH05,GI_601_Goods_Issue_Sales,-27,2023-12-05 00:00:00,DELV001857
MOV001365,MAT00003,WH01,GI_601_Goods_Issue_Sales,-31,2024-11-22 00:00:00,DELV007845
MOV001366,MAT00312,WH08,GI_601_Goods_Issue_Sales,-31,2023-08-04 00:00:00,DELV009680
MOV001367,MAT00050,WH08,GI_601_Goods_Issue_Sales,-11,2024-10-24 00:00:00,DELV006733
MOV001368,MAT00230,WH03,GI_601_Goods_Issue_Sales,-2,2023-09-07 00:00:00,DELV000707
MOV001369,MAT00294,WH08,GI_601_Goods_Issue_Sales,-9,2024-08-10 00:00:00,DELV009706
MOV001370,MAT00060,WH04,GI_601_Goods_Issue_Sales,-11,2023-05-18 00:00:00,DELV008400
MOV001371,MAT00025,WH01,GI_601_Goods_Issue_Sales,-3,2024-08-09 00:00:00,DELV002407
MOV001372,MAT00146,WH01,GI_601_Goods_Issue_Sales,-4,2023-06-20 00:00:00,DELV004232
MOV001373,MAT00129,WH08,GI_601_Goods_Issue_Sales,-12,2024-06-13 00:00:00,DELV006643
MOV001374,MAT00260,WH08,GI_601_Goods_Issue_Sales,-39,2024-07-31 00:00:00,DELV000306
MOV001375,MAT00400,WH06,GI_601_Goods_Issue_Sales,-47,2024-11-08 00:00:00,DELV004645
MOV001376,MAT00294,WH01,GI_601_Goods_Issue_Sales,-6,2023-08-10 00:00:00,DELV007360
MOV001377,MAT00271,WH06,GI_601_Goods_Issue_Sales,-39,2024-04-27 00:00:00,DELV007892
MOV001378,MAT00381,WH04,GI_601_Goods_Issue_Sales,-11,2023-08-13 00:00:00,DELV006731
MOV001379,MAT00145,WH02,GI_601_Goods_Issue_Sales,-39,2023-05-27 00:00:00,DELV009547
MOV001380,MAT00362,WH06,GI_601_Goods_Issue_Sales,-50,2023-07-06 00:00:00,DELV008370
MOV001381,MAT00388,WH07,GI_601_Goods_Issue_Sales,-17,2023-06-21 00:00:00,DELV005615
MOV001382,MAT00378,WH08,GI_601_Goods_Issue_Sales,-30,2024-09-02 00:00:00,DELV009677
MOV001383,MAT00346,WH05,GI_601_Goods_Issue_Sales,-5,2023-08-24 00:00:00,DELV006197
MOV001384,MAT00048,WH04,GI_601_Goods_Issue_Sales,-25,2023-05-16 00:00:00,DELV001779
MOV001385,MAT00352,WH04,GI_601_Goods_Issue_Sales,-2,2023-07-27 00:00:00,DELV008565
MOV001386,MAT00324,WH01,GI_601_Goods_Issue_Sales,-33,2024-12-01 00:00:00,DELV006878
MOV001387,MAT00064,WH05,GI_601_Goods_Issue_Sales,-10,2024-09-12 00:00:00,DELV001578
MOV001388,MAT00191,WH03,GI_601_Goods_Issue_Sales,-12,2024-05-02 00:00:00,DELV009828
MOV001389,MAT00284,WH03,GI_601_Goods_Issue_Sales,-3,2024-06-28 00:00:00,DELV008247
MOV001390,MAT00392,WH03,GI_601_Goods_Issue_Sales,-49,2023-05-01 00:00:00,DELV001527
MOV001391,MAT00333,WH03,GI_601_Goods_Issue_Sales,-31,2024-11-06 00:00:00,DELV002136
MOV001392,MAT00215,WH03,GI_601_Goods_Issue_Sales,-39,2024-07-06 00:00:00,DELV000020
MOV001393,MAT00314,WH03,GI_601_Goods_Issue_Sales,-50,2024-11-25 00:00:00,DELV007070
MOV001394,MAT00314,WH06,GI_601_Goods_Issue_Sales,-34,2024-03-06 00:00:00,DELV006069
MOV001395,MAT00376,WH03,GI_601_Goods_Issue_Sales,-3,2024-12-15 00:00:00,DELV008681
MOV001396,MAT00112,WH02,GI_601_Goods_Issue_Sales,-28,2023-08-23 00:00:00,DELV007900
MOV001397,MAT00248,WH08,GI_601_Goods_Issue_Sales,-50,2024-01-26 00:00:00,DELV005743
MOV001398,MAT00152,WH08,GI_601_Goods_Issue_Sales,-38,2024-12-14 00:00:00,DELV009440
MOV001399,MAT00272,WH07,GI_601_Goods_Issue_Sales,-7,2024-03-11 00:00:00,DELV002194
MOV001400,MAT00279,WH06,GI_601_Goods_Issue_Sales,-17,2024-05-03 00:00:00,DELV003810
MOV001401,MAT00011,WH06,GI_601_Goods_Issue_Sales,-6,2023-10-18 00:00:00,DELV009803
MOV001402,MAT00087,WH02,GI_601_Goods_Issue_Sales,-35,2024-02-23 00:00:00,DELV004224
MOV001403,MAT00193,WH04,GI_601_Goods_Issue_Sales,-13,2023-01-06 00:00:00,DELV000117
MOV001404,MAT00056,WH05,GI_601_Goods_Issue_Sales,-37,2024-06-19 00:00:00,DELV001931
MOV001405,MAT00047,WH04,GI_601_Goods_Issue_Sales,-34,2023-01-08 00:00:00,DELV006145
MOV001406,MAT00322,WH02,GI_601_Goods_Issue_Sales,-42,2023-07-30 00:00:00,DELV005176
MOV001407,MAT00363,WH03,GI_601_Goods_Issue_Sales,-27,2024-01-06 00:00:00,DELV001747
MOV001408,MAT00205,WH08,GI_601_Goods_Issue_Sales,-10,2024-03-12 00:00:00,DELV009591
MOV001409,MAT00347,WH02,GI_601_Goods_Issue_Sales,-17,2023-09-25 00:00:00,DELV008784
MOV001410,MAT00053,WH02,GI_601_Goods_Issue_Sales,-28,2024-08-01 00:00:00,DELV005991
MOV001411,MAT00279,WH05,GI_601_Goods_Issue_Sales,-40,2023-10-10 00:00:00,DELV006512
MOV001412,MAT00305,WH03,GI_601_Goods_Issue_Sales,-49,2023-07-28 00:00:00,DELV006771
MOV001413,MAT00125,WH02,GI_601_Goods_Issue_Sales,-36,2024-07-24 00:00:00,DELV007905
MOV001414,MAT00400,WH06,GI_601_Goods_Issue_Sales,-12,2024-01-15 00:00:00,DELV009161
MOV001415,MAT00061,WH07,GI_601_Goods_Issue_Sales,-36,2024-05-10 00:00:00,DELV004158
MOV001416,MAT00344,WH03,GI_601_Goods_Issue_Sales,-20,2024-08-14 00:00:00,DELV005642
MOV001417,MAT00318,WH01,GI_601_Goods_Issue_Sales,-50,2024-12-23 00:00:00,DELV006523
MOV001418,MAT00231,WH06,GI_601_Goods_Issue_Sales,-48,2023-05-22 00:00:00,DELV001952
MOV001419,MAT00009,WH06,GI_601_Goods_Issue_Sales,-48,2023-08-24 00:00:00,DELV007318
MOV001420,MAT00102,WH03,GI_601_Goods_Issue_Sales,-45,2023-06-15 00:00:00,DELV001643
MOV001421,MAT00095,WH03,GI_601_Goods_Issue_Sales,-14,2024-06-04 00:00:00,DELV006563
MOV001422,MAT00196,WH06,GI_601_Goods_Issue_Sales,-22,2024-07-17 00:00:00,DELV000853
MOV001423,MAT00227,WH03,GI_601_Goods_Issue_Sales,-11,2024-02-03 00:00:00,DELV000087
MOV001424,MAT00354,WH03,GI_601_Goods_Issue_Sales,-6,2023-05-29 00:00:00,DELV007728
MOV001425,MAT00104,WH02,GI_601_Goods_Issue_Sales,-39,2024-03-21 00:00:00,DELV001445
MOV001426,MAT00259,WH05,GI_601_Goods_Issue_Sales,-5,2023-09-27 00:00:00,DELV003634
MOV001427,MAT00337,WH05,GI_601_Goods_Issue_Sales,-24,2023-03-23 00:00:00,DELV009979
MOV001428,MAT00068,WH05,GI_601_Goods_Issue_Sales,-3,2024-01-29 00:00:00,DELV006565
MOV001429,MAT00069,WH05,GI_601_Goods_Issue_Sales,-40,2024-11-02 00:00:00,DELV008537
MOV001430,MAT00056,WH02,GI_601_Goods_Issue_Sales,-19,2024-12-29 00:00:00,DELV009789
MOV001431,MAT00082,WH02,GI_601_Goods_Issue_Sales,-4,2023-06-29 00:00:00,DELV008100
MOV001432,MAT00246,WH05,GI_601_Goods_Issue_Sales,-29,2023-01-11 00:00:00,DELV003305
MOV001433,MAT00312,WH06,GI_601_Goods_Issue_Sales,-43,2024-06-14 00:00:00,DELV004686
MOV001434,MAT00366,WH01,GI_601_Goods_Issue_Sales,-13,2023-02-04 00:00:00,DELV009823
MOV001435,MAT00273,WH04,GI_601_Goods_Issue_Sales,-33,2024-06-12 00:00:00,DELV003796
MOV001436,MAT00024,WH05,GI_601_Goods_Issue_Sales,-40,2023-06-23 00:00:00,DELV000591
MOV001437,MAT00346,WH05,GI_601_Goods_Issue_Sales,-24,2023-09-02 00:00:00,DELV000005
MOV001438,MAT00367,WH06,GI_601_Goods_Issue_Sales,-11,2023-03-30 00:00:00,DELV004521
MOV001439,MAT00150,WH06,GI_601_Goods_Issue_Sales,-50,2024-02-14 00:00:00,DELV005786
MOV001440,MAT00134,WH05,GI_601_Goods_Issue_Sales,-43,2024-02-09 00:00:00,DELV006643
MOV001441,MAT00228,WH07,GI_601_Goods_Issue_Sales,-38,2023-07-25 00:00:00,DELV008483
MOV001442,MAT00382,WH06,GI_601_Goods_Issue_Sales,-1,2024-12-21 00:00:00,DELV001125
MOV001443,MAT00336,WH04,GI_601_Goods_Issue_Sales,-6,2024-07-16 00:00:00,DELV004662
MOV001444,MAT00307,WH08,GI_601_Goods_Issue_Sales,-47,2024-07-26 00:00:00,DELV009551
MOV001445,MAT00320,WH07,GI_601_Goods_Issue_Sales,-23,2023-12-22 00:00:00,DELV004531
MOV001446,MAT00112,WH04,GI_601_Goods_Issue_Sales,-15,2024-09-12 00:00:00,DELV003188
MOV001447,MAT00036,WH07,GI_601_Goods_Issue_Sales,-30,2024-02-18 00:00:00,DELV009420
MOV001448,MAT00189,WH02,GI_601_Goods_Issue_Sales,-1,2023-09-25 00:00:00,DELV002868
MOV001449,MAT00145,WH03,GI_601_Goods_Issue_Sales,-27,2024-06-02 00:00:00,DELV001745
MOV001450,MAT00346,WH07,GI_601_Goods_Issue_Sales,-36,2023-03-16 00:00:00,DELV008244
MOV001451,MAT00291,WH07,GI_601_Goods_Issue_Sales,-19,2023-12-15 00:00:00,DELV001918
MOV001452,MAT00099,WH06,GI_601_Goods_Issue_Sales,-33,2023-09-21 00:00:00,DELV008814
MOV001453,MAT00109,WH03,GI_601_Goods_Issue_Sales,-37,2023-09-14 00:00:00,DELV007255
MOV001454,MAT00146,WH01,GI_601_Goods_Issue_Sales,-25,2024-07-30 00:00:00,DELV007924
MOV001455,MAT00117,WH04,GI_601_Goods_Issue_Sales,-50,2023-09-07 00:00:00,DELV005566
MOV001456,MAT00261,WH04,GI_601_Goods_Issue_Sales,-50,2024-04-14 00:00:00,DELV007549
MOV001457,MAT00192,WH08,GI_601_Goods_Issue_Sales,-38,2023-01-29 00:00:00,DELV007897
MOV001458,MAT00347,WH01,GI_601_Goods_Issue_Sales,-8,2023-09-22 00:00:00,DELV001107
MOV001459,MAT00082,WH06,GI_601_Goods_Issue_Sales,-25,2024-10-10 00:00:00,DELV003611
MOV001460,MAT00175,WH02,GI_601_Goods_Issue_Sales,-44,2024-12-19 00:00:00,DELV003768
MOV001461,MAT00080,WH07,GI_601_Goods_Issue_Sales,-21,2024-02-27 00:00:00,DELV005786
MOV001462,MAT00350,WH03,GI_601_Goods_Issue_Sales,-34,2024-07-02 00:00:00,DELV000160
MOV001463,MAT00008,WH07,GI_601_Goods_Issue_Sales,-45,2023-09-27 00:00:00,DELV004068
MOV001464,MAT00219,WH03,GI_601_Goods_Issue_Sales,-19,2023-04-06 00:00:00,DELV006537
MOV001465,MAT00144,WH07,GI_601_Goods_Issue_Sales,-44,2023-12-17 00:00:00,DELV001246
MOV001466,MAT00070,WH02,GI_601_Goods_Issue_Sales,-36,2023-07-02 00:00:00,DELV007808
MOV001467,MAT00147,WH08,GI_601_Goods_Issue_Sales,-21,2023-12-29 00:00:00,DELV003581
MOV001468,MAT00106,WH07,GI_601_Goods_Issue_Sales,-37,2023-10-03 00:00:00,DELV002995
MOV001469,MAT00287,WH05,GI_601_Goods_Issue_Sales,-48,2024-11-30 00:00:00,DELV003116
MOV001470,MAT00132,WH03,GI_601_Goods_Issue_Sales,-32,2023-07-24 00:00:00,DELV003848
MOV001471,MAT00262,WH04,GI_601_Goods_Issue_Sales,-48,2023-09-05 00:00:00,DELV004349
MOV001472,MAT00013,WH08,GI_601_Goods_Issue_Sales,-14,2023-08-23 00:00:00,DELV003323
MOV001473,MAT00265,WH01,GI_601_Goods_Issue_Sales,-16,2024-09-25 00:00:00,DELV005834
MOV001474,MAT00170,WH08,GI_601_Goods_Issue_Sales,-10,2023-04-20 00:00:00,DELV001965
MOV001475,MAT00131,WH08,GI_601_Goods_Issue_Sales,-6,2024-11-23 00:00:00,DELV008072
MOV001476,MAT00131,WH05,GI_601_Goods_Issue_Sales,-40,2023-01-07 00:00:00,DELV008872
MOV001477,MAT00275,WH03,GI_601_Goods_Issue_Sales,-3,2024-05-08 00:00:00,DELV006082
MOV001478,MAT00348,WH08,GI_601_Goods_Issue_Sales,-40,2023-11-19 00:00:00,DELV008067
MOV001479,MAT00045,WH04,GI_601_Goods_Issue_Sales,-37,2023-10-09 00:00:00,DELV008042
MOV001480,MAT00151,WH04,GI_601_Goods_Issue_Sales,-12,2024-06-07 00:00:00,DELV004592
MOV001481,MAT00244,WH06,GI_601_Goods_Issue_Sales,-26,2023-08-16 00:00:00,DELV009449
MOV001482,MAT00292,WH07,GI_601_Goods_Issue_Sales,-9,2023-02-25 00:00:00,DELV008614
MOV001483,MAT00328,WH04,GI_601_Goods_Issue_Sales,-28,2024-05-04 00:00:00,DELV008860
MOV001484,MAT00204,WH08,GI_601_Goods_Issue_Sales,-3,2024-05-29 00:00:00,DELV005690
MOV001485,MAT00055,WH01,GI_601_Goods_Issue_Sales,-26,2024-12-03 00:00:00,DELV002864
MOV001486,MAT00142,WH03,GI_601_Goods_Issue_Sales,-30,2023-05-04 00:00:00,DELV008491
MOV001487,MAT00361,WH05,GI_601_Goods_Issue_Sales,-30,2023-11-20 00:00:00,DELV000138
MOV001488,MAT00151,WH01,GI_601_Goods_Issue_Sales,-1,2024-11-21 00:00:00,DELV003453
MOV001489,MAT00378,WH04,GI_601_Goods_Issue_Sales,-25,2024-08-17 00:00:00,DELV001651
MOV001490,MAT00229,WH04,GI_601_Goods_Issue_Sales,-21,2024-01-06 00:00:00,DELV004255
MOV001491,MAT00256,WH06,GI_601_Goods_Issue_Sales,-12,2024-07-15 00:00:00,DELV004307
MOV001492,MAT00051,WH07,GI_601_Goods_Issue_Sales,-16,2023-10-03 00:00:00,DELV007723
MOV001493,MAT00204,WH08,GI_601_Goods_Issue_Sales,-40,2023-12-18 00:00:00,DELV005996
MOV001494,MAT00389,WH08,GI_601_Goods_Issue_Sales,-12,2024-05-25 00:00:00,DELV006946
MOV001495,MAT00387,WH01,GI_601_Goods_Issue_Sales,-14,2024-03-05 00:00:00,DELV006100
MOV001496,MAT00354,WH02,GI_601_Goods_Issue_Sales,-24,2024-02-15 00:00:00,DELV004582
MOV001497,MAT00005,WH05,GI_601_Goods_Issue_Sales,-29,2023-07-04 00:00:00,DELV009362
MOV001498,MAT00101,WH04,GI_601_Goods_Issue_Sales,-9,2024-08-12 00:00:00,DELV003745
MOV001499,MAT00358,WH06,GI_601_Goods_Issue_Sales,-7,2023-10-04 00:00:00,DELV003864
MOV001500,MAT00223,WH02,GI_601_Goods_Issue_Sales,-36,2024-03-18 00:00:00,DELV006241
MOV001501,MAT00292,WH05,GI_601_Goods_Issue_Sales,-13,2023-05-30 00:00:00,DELV002451
MOV001502,MAT00094,WH04,GI_601_Goods_Issue_Sales,-31,2023-01-10 00:00:00,DELV002894
MOV001503,MAT00295,WH04,GI_601_Goods_Issue_Sales,-27,2024-05-26 00:00:00,DELV002204
MOV001504,MAT00096,WH08,GI_601_Goods_Issue_Sales,-41,2024-06-13 00:00:00,DELV008749
MOV001505,MAT00259,WH08,GI_601_Goods_Issue_Sales,-47,2023-11-20 00:00:00,DELV007973
MOV001506,MAT00113,WH05,GI_601_Goods_Issue_Sales,-20,2023-09-14 00:00:00,DELV009211
MOV001507,MAT00067,WH07,GI_601_Goods_Issue_Sales,-37,2023-02-18 00:00:00,DELV006528
MOV001508,MAT00173,WH01,GI_601_Goods_Issue_Sales,-7,2024-12-08 00:00:00,DELV002677
MOV001509,MAT00281,WH01,GI_601_Goods_Issue_Sales,-4,2023-08-09 00:00:00,DELV004167
MOV001510,MAT00119,WH06,GI_601_Goods_Issue_Sales,-31,2024-10-06 00:00:00,DELV001578
MOV001511,MAT00198,WH06,GI_601_Goods_Issue_Sales,-29,2023-12-09 00:00:00,DELV004257
MOV001512,MAT00196,WH04,GI_601_Goods_Issue_Sales,-24,2024-01-04 00:00:00,DELV009181
MOV001513,MAT00254,WH03,GI_601_Goods_Issue_Sales,-36,2023-09-21 00:00:00,DELV005639
MOV001514,MAT00272,WH04,GI_601_Goods_Issue_Sales,-2,2024-02-26 00:00:00,DELV001987
MOV001515,MAT00062,WH05,GI_601_Goods_Issue_Sales,-23,2024-11-26 00:00:00,DELV009922
MOV001516,MAT00221,WH07,GI_601_Goods_Issue_Sales,-13,2024-08-13 00:00:00,DELV009436
MOV001517,MAT00246,WH07,GI_601_Goods_Issue_Sales,-42,2024-10-26 00:00:00,DELV008822
MOV001518,MAT00168,WH05,GI_601_Goods_Issue_Sales,-12,2023-10-19 00:00:00,DELV005819
MOV001519,MAT00390,WH06,GI_601_Goods_Issue_Sales,-21,2024-11-20 00:00:00,DELV008364
MOV001520,MAT00048,WH07,GI_601_Goods_Issue_Sales,-32,2024-04-02 00:00:00,DELV001285
MOV001521,MAT00390,WH06,GI_601_Goods_Issue_Sales,-25,2024-09-20 00:00:00,DELV004695
MOV001522,MAT00350,WH06,GI_601_Goods_Issue_Sales,-30,2024-10-08 00:00:00,DELV002374
MOV001523,MAT00386,WH05,GI_601_Goods_Issue_Sales,-11,2024-10-17 00:00:00,DELV005528
MOV001524,MAT00138,WH08,GI_601_Goods_Issue_Sales,-27,2024-10-08 00:00:00,DELV009366
MOV001525,MAT00376,WH07,GI_601_Goods_Issue_Sales,-26,2023-03-15 00:00:00,DELV001297
MOV001526,MAT00298,WH04,GI_601_Goods_Issue_Sales,-11,2023-12-18 00:00:00,DELV003740
MOV001527,MAT00311,WH03,GI_601_Goods_Issue_Sales,-21,2023-11-21 00:00:00,DELV004774
MOV001528,MAT00040,WH03,GI_601_Goods_Issue_Sales,-46,2023-10-01 00:00:00,DELV009919
MOV001529,MAT00104,WH02,GI_601_Goods_Issue_Sales,-42,2024-02-09 00:00:00,DELV004445
MOV001530,MAT00264,WH06,GI_601_Goods_Issue_Sales,-29,2024-01-07 00:00:00,DELV009617
MOV001531,MAT00369,WH08,GI_601_Goods_Issue_Sales,-34,2024-04-06 00:00:00,DELV006783
MOV001532,MAT00379,WH04,GI_601_Goods_Issue_Sales,-11,2023-07-08 00:00:00,DELV000379
MOV001533,MAT00151,WH02,GI_601_Goods_Issue_Sales,-9,2023-08-29 00:00:00,DELV004123
MOV001534,MAT00196,WH01,GI_601_Goods_Issue_Sales,-48,2024-12-18 00:00:00,DELV001312
MOV001535,MAT00241,WH03,GI_601_Goods_Issue_Sales,-14,2023-06-20 00:00:00,DELV006506
MOV001536,MAT00110,WH07,GI_601_Goods_Issue_Sales,-7,2023-04-08 00:00:00,DELV001046
MOV001537,MAT00086,WH05,GI_601_Goods_Issue_Sales,-31,2024-07-15 00:00:00,DELV000882
MOV001538,MAT00315,WH07,GI_601_Goods_Issue_Sales,-2,2024-02-11 00:00:00,DELV008585
MOV001539,MAT00390,WH02,GI_601_Goods_Issue_Sales,-49,2023-03-27 00:00:00,DELV001703
MOV001540,MAT00139,WH02,GI_601_Goods_Issue_Sales,-17,2024-09-24 00:00:00,DELV002545
MOV001541,MAT00129,WH05,GI_601_Goods_Issue_Sales,-6,2024-11-01 00:00:00,DELV006388
MOV001542,MAT00315,WH07,GI_601_Goods_Issue_Sales,-20,2023-08-23 00:00:00,DELV004054
MOV001543,MAT00164,WH05,GI_601_Goods_Issue_Sales,-48,2023-10-18 00:00:00,DELV007261
MOV001544,MAT00307,WH01,GI_601_Goods_Issue_Sales,-41,2023-05-10 00:00:00,DELV002151
MOV001545,MAT00226,WH07,GI_601_Goods_Issue_Sales,-34,2023-06-24 00:00:00,DELV000469
MOV001546,MAT00298,WH01,GI_601_Goods_Issue_Sales,-3,2024-11-10 00:00:00,DELV005847
MOV001547,MAT00088,WH05,GI_601_Goods_Issue_Sales,-21,2024-05-02 00:00:00,DELV007655
MOV001548,MAT00240,WH06,GI_601_Goods_Issue_Sales,-35,2023-10-06 00:00:00,DELV008988
MOV001549,MAT00327,WH03,GI_601_Goods_Issue_Sales,-29,2023-05-19 00:00:00,DELV008836
MOV001550,MAT00205,WH06,GI_601_Goods_Issue_Sales,-12,2024-08-28 00:00:00,DELV009791
MOV001551,MAT00258,WH07,GI_601_Goods_Issue_Sales,-30,2024-10-08 00:00:00,DELV009241
MOV001552,MAT00093,WH05,GI_601_Goods_Issue_Sales,-28,2024-06-20 00:00:00,DELV008746
MOV001553,MAT00007,WH02,GI_601_Goods_Issue_Sales,-20,2023-12-22 00:00:00,DELV007892
MOV001554,MAT00268,WH02,GI_601_Goods_Issue_Sales,-35,2023-08-21 00:00:00,DELV001468
MOV001555,MAT00165,WH04,GI_601_Goods_Issue_Sales,-29,2023-11-12 00:00:00,DELV005993
MOV001556,MAT00217,WH03,GI_601_Goods_Issue_Sales,-27,2023-09-24 00:00:00,DELV002552
MOV001557,MAT00007,WH02,GI_601_Goods_Issue_Sales,-20,2023-01-11 00:00:00,DELV000002
MOV001558,MAT00134,WH05,GI_601_Goods_Issue_Sales,-34,2023-05-20 00:00:00,DELV005635
MOV001559,MAT00152,WH01,GI_601_Goods_Issue_Sales,-19,2024-04-25 00:00:00,DELV008768
MOV001560,MAT00157,WH08,GI_601_Goods_Issue_Sales,-1,2024-12-05 00:00:00,DELV008060
MOV001561,MAT00032,WH03,GI_601_Goods_Issue_Sales,-49,2024-05-03 00:00:00,DELV004909
MOV001562,MAT00381,WH08,GI_601_Goods_Issue_Sales,-1,2024-03-16 00:00:00,DELV004800
MOV001563,MAT00171,WH01,GI_601_Goods_Issue_Sales,-39,2023-08-25 00:00:00,DELV000119
MOV001564,MAT00364,WH02,GI_601_Goods_Issue_Sales,-36,2024-01-18 00:00:00,DELV003090
MOV001565,MAT00124,WH08,GI_601_Goods_Issue_Sales,-27,2024-07-28 00:00:00,DELV007162
MOV001566,MAT00173,WH02,GI_601_Goods_Issue_Sales,-26,2023-09-13 00:00:00,DELV002676
MOV001567,MAT00068,WH02,GI_601_Goods_Issue_Sales,-46,2024-10-23 00:00:00,DELV006386
MOV001568,MAT00066,WH08,GI_601_Goods_Issue_Sales,-25,2023-08-14 00:00:00,DELV004309
MOV001569,MAT00236,WH07,GI_601_Goods_Issue_Sales,-6,2024-03-08 00:00:00,DELV003925
MOV001570,MAT00180,WH03,GI_601_Goods_Issue_Sales,-34,2024-09-19 00:00:00,DELV004455
MOV001571,MAT00157,WH08,GI_601_Goods_Issue_Sales,-19,2024-10-26 00:00:00,DELV008716
MOV001572,MAT00169,WH08,GI_601_Goods_Issue_Sales,-18,2024-02-27 00:00:00,DELV003081
MOV001573,MAT00375,WH03,GI_601_Goods_Issue_Sales,-5,2023-07-06 00:00:00,DELV002239
MOV001574,MAT00036,WH05,GI_601_Goods_Issue_Sales,-19,2023-04-24 00:00:00,DELV007461
MOV001575,MAT00342,WH03,GI_601_Goods_Issue_Sales,-40,2024-04-08 00:00:00,DELV004459
MOV001576,MAT00326,WH02,GI_601_Goods_Issue_Sales,-45,2024-09-29 00:00:00,DELV008061
MOV001577,MAT00064,WH01,GI_601_Goods_Issue_Sales,-13,2023-11-25 00:00:00,DELV000318
MOV001578,MAT00247,WH04,GI_601_Goods_Issue_Sales,-10,2023-02-20 00:00:00,DELV008765
MOV001579,MAT00169,WH01,GI_601_Goods_Issue_Sales,-2,2023-07-10 00:00:00,DELV001676
MOV001580,MAT00322,WH02,GI_601_Goods_Issue_Sales,-19,2023-10-03 00:00:00,DELV002049
MOV001581,MAT00293,WH08,GI_601_Goods_Issue_Sales,-46,2024-03-24 00:00:00,DELV000135
MOV001582,MAT00322,WH03,GI_601_Goods_Issue_Sales,-15,2023-04-03 00:00:00,DELV002469
MOV001583,MAT00233,WH04,GI_601_Goods_Issue_Sales,-1,2024-05-20 00:00:00,DELV003559
MOV001584,MAT00192,WH03,GI_601_Goods_Issue_Sales,-22,2024-03-06 00:00:00,DELV005105
MOV001585,MAT00188,WH06,GI_601_Goods_Issue_Sales,-32,2024-01-16 00:00:00,DELV007598
MOV001586,MAT00229,WH05,GI_601_Goods_Issue_Sales,-45,2023-02-02 00:00:00,DELV005411
MOV001587,MAT00218,WH07,GI_601_Goods_Issue_Sales,-6,2023-05-30 00:00:00,DELV000919
MOV001588,MAT00215,WH06,GI_601_Goods_Issue_Sales,-18,2024-02-06 00:00:00,DELV001170
MOV001589,MAT00352,WH08,GI_601_Goods_Issue_Sales,-35,2024-04-26 00:00:00,DELV002976
MOV001590,MAT00392,WH06,GI_601_Goods_Issue_Sales,-13,2023-09-14 00:00:00,DELV006252
MOV001591,MAT00153,WH03,GI_601_Goods_Issue_Sales,-1,2023-05-05 00:00:00,DELV004079
MOV001592,MAT00180,WH08,GI_601_Goods_Issue_Sales,-25,2024-03-29 00:00:00,DELV004050
MOV001593,MAT00351,WH08,GI_601_Goods_Issue_Sales,-48,2023-02-04 00:00:00,DELV003264
MOV001594,MAT00180,WH02,GI_601_Goods_Issue_Sales,-30,2023-04-07 00:00:00,DELV008539
MOV001595,MAT00319,WH02,GI_601_Goods_Issue_Sales,-43,2023-08-02 00:00:00,DELV007747
MOV001596,MAT00249,WH01,GI_601_Goods_Issue_Sales,-25,2024-11-28 00:00:00,DELV005114
MOV001597,MAT00091,WH07,GI_601_Goods_Issue_Sales,-21,2023-06-12 00:00:00,DELV000692
MOV001598,MAT00314,WH03,GI_601_Goods_Issue_Sales,-48,2024-07-16 00:00:00,DELV008535
MOV001599,MAT00336,WH07,GI_601_Goods_Issue_Sales,-8,2023-09-17 00:00:00,DELV007885
MOV001600,MAT00135,WH05,GI_601_Goods_Issue_Sales,-41,2023-11-02 00:00:00,DELV003256
MOV001601,MAT00187,WH07,GI_601_Goods_Issue_Sales,-24,2023-02-23 00:00:00,DELV003569
MOV001602,MAT00164,WH04,GI_601_Goods_Issue_Sales,-8,2023-08-30 00:00:00,DELV007114
MOV001603,MAT00065,WH06,GI_601_Goods_Issue_Sales,-21,2023-01-16 00:00:00,DELV002743
MOV001604,MAT00013,WH03,GI_601_Goods_Issue_Sales,-18,2024-08-21 00:00:00,DELV001961
MOV001605,MAT00022,WH02,GI_601_Goods_Issue_Sales,-26,2023-09-06 00:00:00,DELV000147
MOV001606,MAT00124,WH08,GI_601_Goods_Issue_Sales,-3,2024-08-18 00:00:00,DELV007787
MOV001607,MAT00129,WH03,GI_601_Goods_Issue_Sales,-45,2024-09-02 00:00:00,DELV002540
MOV001608,MAT00222,WH04,GI_601_Goods_Issue_Sales,-24,2023-04-02 00:00:00,DELV004076
MOV001609,MAT00105,WH05,GI_601_Goods_Issue_Sales,-11,2024-05-26 00:00:00,DELV001498
MOV001610,MAT00181,WH05,GI_601_Goods_Issue_Sales,-44,2024-09-25 00:00:00,DELV005545
MOV001611,MAT00383,WH01,GI_601_Goods_Issue_Sales,-49,2024-10-02 00:00:00,DELV000984
MOV001612,MAT00294,WH06,GI_601_Goods_Issue_Sales,-4,2023-12-31 00:00:00,DELV002522
MOV001613,MAT00206,WH03,GI_601_Goods_Issue_Sales,-45,2024-07-03 00:00:00,DELV001760
MOV001614,MAT00372,WH08,GI_601_Goods_Issue_Sales,-9,2024-05-14 00:00:00,DELV003813
MOV001615,MAT00136,WH06,GI_601_Goods_Issue_Sales,-21,2024-07-25 00:00:00,DELV005691
MOV001616,MAT00185,WH07,GI_601_Goods_Issue_Sales,-29,2023-07-17 00:00:00,DELV000350
MOV001617,MAT00387,WH05,GI_601_Goods_Issue_Sales,-45,2024-01-22 00:00:00,DELV005869
MOV001618,MAT00121,WH03,GI_601_Goods_Issue_Sales,-47,2023-05-18 00:00:00,DELV004108
MOV001619,MAT00075,WH05,GI_601_Goods_Issue_Sales,-3,2024-05-11 00:00:00,DELV007169
MOV001620,MAT00218,WH02,GI_601_Goods_Issue_Sales,-36,2023-10-29 00:00:00,DELV008893
MOV001621,MAT00235,WH04,GI_601_Goods_Issue_Sales,-45,2024-05-16 00:00:00,DELV003110
MOV001622,MAT00359,WH08,GI_601_Goods_Issue_Sales,-37,2023-07-11 00:00:00,DELV008907
MOV001623,MAT00135,WH07,GI_601_Goods_Issue_Sales,-23,2023-11-28 00:00:00,DELV007675
MOV001624,MAT00312,WH01,GI_601_Goods_Issue_Sales,-18,2024-09-05 00:00:00,DELV009086
MOV001625,MAT00057,WH08,GI_601_Goods_Issue_Sales,-11,2023-03-12 00:00:00,DELV008703
MOV001626,MAT00375,WH07,GI_601_Goods_Issue_Sales,-10,2024-04-05 00:00:00,DELV004845
MOV001627,MAT00113,WH08,GI_601_Goods_Issue_Sales,-17,2024-07-08 00:00:00,DELV006015
MOV001628,MAT00204,WH08,GI_601_Goods_Issue_Sales,-30,2023-01-01 00:00:00,DELV008290
MOV001629,MAT00355,WH02,GI_601_Goods_Issue_Sales,-25,2023-07-09 00:00:00,DELV000307
MOV001630,MAT00348,WH04,GI_601_Goods_Issue_Sales,-40,2024-01-08 00:00:00,DELV003913
MOV001631,MAT00021,WH04,GI_601_Goods_Issue_Sales,-21,2023-03-06 00:00:00,DELV008831
MOV001632,MAT00303,WH04,GI_601_Goods_Issue_Sales,-25,2023-07-14 00:00:00,DELV008587
MOV001633,MAT00086,WH05,GI_601_Goods_Issue_Sales,-44,2024-05-24 00:00:00,DELV009036
MOV001634,MAT00043,WH04,GI_601_Goods_Issue_Sales,-10,2024-09-19 00:00:00,DELV004639
MOV001635,MAT00066,WH03,GI_601_Goods_Issue_Sales,-21,2024-02-24 00:00:00,DELV005277
MOV001636,MAT00151,WH01,GI_601_Goods_Issue_Sales,-8,2023-04-09 00:00:00,DELV008573
MOV001637,MAT00394,WH07,GI_601_Goods_Issue_Sales,-43,2023-03-10 00:00:00,DELV000718
MOV001638,MAT00370,WH08,GI_601_Goods_Issue_Sales,-9,2023-07-02 00:00:00,DELV000513
MOV001639,MAT00101,WH04,GI_601_Goods_Issue_Sales,-13,2023-04-20 00:00:00,DELV007953
MOV001640,MAT00056,WH07,GI_601_Goods_Issue_Sales,-13,2023-04-12 00:00:00,DELV000522
MOV001641,MAT00075,WH04,GI_601_Goods_Issue_Sales,-37,2024-10-19 00:00:00,DELV006367
MOV001642,MAT00132,WH02,GI_601_Goods_Issue_Sales,-43,2024-05-16 00:00:00,DELV008616
MOV001643,MAT00244,WH02,GI_601_Goods_Issue_Sales,-40,2024-12-19 00:00:00,DELV009672
MOV001644,MAT00205,WH07,GI_601_Goods_Issue_Sales,-17,2023-02-20 00:00:00,DELV006003
MOV001645,MAT00400,WH01,GI_601_Goods_Issue_Sales,-15,2024-09-12 00:00:00,DELV001162
MOV001646,MAT00350,WH03,GI_601_Goods_Issue_Sales,-1,2023-08-02 00:00:00,DELV008052
MOV001647,MAT00268,WH04,GI_601_Goods_Issue_Sales,-6,2024-04-24 00:00:00,DELV000995
MOV001648,MAT00182,WH03,GI_601_Goods_Issue_Sales,-24,2024-07-25 00:00:00,DELV006815
MOV001649,MAT00351,WH02,GI_601_Goods_Issue_Sales,-24,2024-12-26 00:00:00,DELV000956
MOV001650,MAT00211,WH07,GI_601_Goods_Issue_Sales,-40,2023-09-30 00:00:00,DELV008668
MOV001651,MAT00148,WH01,GI_601_Goods_Issue_Sales,-3,2023-03-14 00:00:00,DELV004980
MOV001652,MAT00393,WH06,GI_601_Goods_Issue_Sales,-5,2023-08-10 00:00:00,DELV008512
MOV001653,MAT00097,WH04,GI_601_Goods_Issue_Sales,-7,2023-04-14 00:00:00,DELV003785
MOV001654,MAT00147,WH06,GI_601_Goods_Issue_Sales,-35,2024-01-30 00:00:00,DELV003105
MOV001655,MAT00145,WH02,GI_601_Goods_Issue_Sales,-13,2024-06-22 00:00:00,DELV004076
MOV001656,MAT00181,WH06,GI_601_Goods_Issue_Sales,-37,2024-10-02 00:00:00,DELV002932
MOV001657,MAT00017,WH08,GI_601_Goods_Issue_Sales,-36,2024-07-25 00:00:00,DELV006803
MOV001658,MAT00130,WH05,GI_601_Goods_Issue_Sales,-48,2023-04-19 00:00:00,DELV009447
MOV001659,MAT00062,WH05,GI_601_Goods_Issue_Sales,-23,2024-11-21 00:00:00,DELV007516
MOV001660,MAT00336,WH01,GI_601_Goods_Issue_Sales,-45,2024-11-12 00:00:00,DELV006998
MOV001661,MAT00187,WH06,GI_601_Goods_Issue_Sales,-7,2023-06-20 00:00:00,DELV002956
MOV001662,MAT00174,WH08,GI_601_Goods_Issue_Sales,-36,2024-02-16 00:00:00,DELV008269
MOV001663,MAT00202,WH05,GI_601_Goods_Issue_Sales,-22,2024-11-04 00:00:00,DELV002592
MOV001664,MAT00213,WH06,GI_601_Goods_Issue_Sales,-35,2024-09-06 00:00:00,DELV007259
MOV001665,MAT00108,WH06,GI_601_Goods_Issue_Sales,-23,2023-11-19 00:00:00,DELV009013
MOV001666,MAT00263,WH05,GI_601_Goods_Issue_Sales,-21,2024-01-16 00:00:00,DELV006756
MOV001667,MAT00108,WH07,GI_601_Goods_Issue_Sales,-49,2024-10-10 00:00:00,DELV007055
MOV001668,MAT00135,WH01,GI_601_Goods_Issue_Sales,-47,2023-11-28 00:00:00,DELV009969
MOV001669,MAT00049,WH08,GI_601_Goods_Issue_Sales,-16,2024-07-30 00:00:00,DELV008940
MOV001670,MAT00282,WH02,GI_601_Goods_Issue_Sales,-14,2024-01-20 00:00:00,DELV009016
MOV001671,MAT00280,WH06,GI_601_Goods_Issue_Sales,-48,2023-09-18 00:00:00,DELV005899
MOV001672,MAT00174,WH05,GI_601_Goods_Issue_Sales,-29,2024-04-03 00:00:00,DELV006506
MOV001673,MAT00266,WH08,GI_601_Goods_Issue_Sales,-1,2023-02-05 00:00:00,DELV004661
MOV001674,MAT00391,WH01,GI_601_Goods_Issue_Sales,-39,2023-01-17 00:00:00,DELV008481
MOV001675,MAT00317,WH04,GI_601_Goods_Issue_Sales,-9,2023-11-06 00:00:00,DELV000108
MOV001676,MAT00390,WH06,GI_601_Goods_Issue_Sales,-20,2023-08-16 00:00:00,DELV003520
MOV001677,MAT00071,WH08,GI_601_Goods_Issue_Sales,-21,2023-01-23 00:00:00,DELV004522
MOV001678,MAT00149,WH02,GI_601_Goods_Issue_Sales,-36,2024-06-07 00:00:00,DELV009115
MOV001679,MAT00388,WH01,GI_601_Goods_Issue_Sales,-37,2024-08-08 00:00:00,DELV002535
MOV001680,MAT00003,WH06,GI_601_Goods_Issue_Sales,-7,2023-02-08 00:00:00,DELV007543
MOV001681,MAT00261,WH05,GI_601_Goods_Issue_Sales,-23,2023-06-09 00:00:00,DELV002268
MOV001682,MAT00134,WH07,GI_601_Goods_Issue_Sales,-17,2024-01-11 00:00:00,DELV009539
MOV001683,MAT00241,WH01,GI_601_Goods_Issue_Sales,-16,2023-08-27 00:00:00,DELV004199
MOV001684,MAT00188,WH07,GI_601_Goods_Issue_Sales,-20,2023-04-05 00:00:00,DELV009347
MOV001685,MAT00006,WH01,GI_601_Goods_Issue_Sales,-26,2024-08-05 00:00:00,DELV003563
MOV001686,MAT00085,WH04,GI_601_Goods_Issue_Sales,-47,2023-03-21 00:00:00,DELV005320
MOV001687,MAT00394,WH01,GI_601_Goods_Issue_Sales,-31,2023-06-27 00:00:00,DELV008000
MOV001688,MAT00192,WH03,GI_601_Goods_Issue_Sales,-45,2024-12-20 00:00:00,DELV009441
MOV001689,MAT00136,WH08,GI_601_Goods_Issue_Sales,-7,2024-09-01 00:00:00,DELV004922
MOV001690,MAT00294,WH04,GI_601_Goods_Issue_Sales,-3,2024-08-13 00:00:00,DELV006252
MOV001691,MAT00159,WH03,GI_601_Goods_Issue_Sales,-6,2023-02-27 00:00:00,DELV005479
MOV001692,MAT00104,WH01,GI_601_Goods_Issue_Sales,-23,2024-03-20 00:00:00,DELV006825
MOV001693,MAT00237,WH01,GI_601_Goods_Issue_Sales,-8,2023-08-21 00:00:00,DELV009869
MOV001694,MAT00372,WH08,GI_601_Goods_Issue_Sales,-1,2024-10-11 00:00:00,DELV006267
MOV001695,MAT00123,WH04,GI_601_Goods_Issue_Sales,-4,2023-11-09 00:00:00,DELV008592
MOV001696,MAT00271,WH02,GI_601_Goods_Issue_Sales,-3,2023-11-23 00:00:00,DELV008847
MOV001697,MAT00246,WH08,GI_601_Goods_Issue_Sales,-37,2023-06-03 00:00:00,DELV005355
MOV001698,MAT00313,WH06,GI_601_Goods_Issue_Sales,-33,2024-12-15 00:00:00,DELV003618
MOV001699,MAT00114,WH01,GI_601_Goods_Issue_Sales,-10,2023-02-21 00:00:00,DELV006437
MOV001700,MAT00241,WH05,GI_601_Goods_Issue_Sales,-29,2024-09-01 00:00:00,DELV009425
MOV001701,MAT00069,WH06,GI_601_Goods_Issue_Sales,-33,2023-04-03 00:00:00,DELV003639
MOV001702,MAT00385,WH04,GI_601_Goods_Issue_Sales,-28,2023-10-24 00:00:00,DELV006461
MOV001703,MAT00305,WH01,GI_601_Goods_Issue_Sales,-10,2023-05-16 00:00:00,DELV005508
MOV001704,MAT00167,WH08,GI_601_Goods_Issue_Sales,-6,2024-05-02 00:00:00,DELV009363
MOV001705,MAT00027,WH03,GI_601_Goods_Issue_Sales,-48,2023-02-20 00:00:00,DELV008981
MOV001706,MAT00179,WH03,GI_601_Goods_Issue_Sales,-26,2023-09-26 00:00:00,DELV001394
MOV001707,MAT00162,WH07,GI_601_Goods_Issue_Sales,-26,2024-05-28 00:00:00,DELV007119
MOV001708,MAT00032,WH05,GI_601_Goods_Issue_Sales,-50,2024-12-15 00:00:00,DELV002137
MOV001709,MAT00057,WH07,GI_601_Goods_Issue_Sales,-49,2023-05-19 00:00:00,DELV007880
MOV001710,MAT00277,WH01,GI_601_Goods_Issue_Sales,-36,2023-07-22 00:00:00,DELV007994
MOV001711,MAT00019,WH05,GI_601_Goods_Issue_Sales,-26,2024-10-29 00:00:00,DELV009361
MOV001712,MAT00290,WH01,GI_601_Goods_Issue_Sales,-13,2024-07-28 00:00:00,DELV008590
MOV001713,MAT00385,WH04,GI_601_Goods_Issue_Sales,-16,2023-09-06 00:00:00,DELV001174
MOV001714,MAT00337,WH08,GI_601_Goods_Issue_Sales,-18,2024-03-16 00:00:00,DELV005299
MOV001715,MAT00019,WH05,GI_601_Goods_Issue_Sales,-44,2024-08-12 00:00:00,DELV001468
MOV001716,MAT00135,WH04,GI_601_Goods_Issue_Sales,-8,2024-11-18 00:00:00,DELV006777
MOV001717,MAT00056,WH07,GI_601_Goods_Issue_Sales,-28,2024-01-10 00:00:00,DELV005707
MOV001718,MAT00313,WH08,GI_601_Goods_Issue_Sales,-13,2023-11-25 00:00:00,DELV005645
MOV001719,MAT00121,WH06,GI_601_Goods_Issue_Sales,-39,2024-11-02 00:00:00,DELV000397
MOV001720,MAT00380,WH08,GI_601_Goods_Issue_Sales,-50,2023-11-09 00:00:00,DELV002774
MOV001721,MAT00287,WH04,GI_601_Goods_Issue_Sales,-23,2024-09-23 00:00:00,DELV007246
MOV001722,MAT00130,WH04,GI_601_Goods_Issue_Sales,-40,2023-05-30 00:00:00,DELV007217
MOV001723,MAT00243,WH04,GI_601_Goods_Issue_Sales,-3,2023-08-28 00:00:00,DELV003272
MOV001724,MAT00003,WH02,GI_601_Goods_Issue_Sales,-44,2024-01-18 00:00:00,DELV002556
MOV001725,MAT00270,WH04,GI_601_Goods_Issue_Sales,-49,2023-03-29 00:00:00,DELV001842
MOV001726,MAT00101,WH01,GI_601_Goods_Issue_Sales,-48,2023-02-25 00:00:00,DELV003983
MOV001727,MAT00021,WH04,GI_601_Goods_Issue_Sales,-40,2023-06-01 00:00:00,DELV004714
MOV001728,MAT00361,WH03,GI_601_Goods_Issue_Sales,-1,2023-12-18 00:00:00,DELV001824
MOV001729,MAT00313,WH08,GI_601_Goods_Issue_Sales,-20,2024-04-05 00:00:00,DELV007720
MOV001730,MAT00126,WH02,GI_601_Goods_Issue_Sales,-2,2023-12-06 00:00:00,DELV003425
MOV001731,MAT00355,WH01,GI_601_Goods_Issue_Sales,-48,2024-07-04 00:00:00,DELV003472
MOV001732,MAT00253,WH07,GI_601_Goods_Issue_Sales,-14,2024-07-13 00:00:00,DELV008574
MOV001733,MAT00250,WH07,GI_601_Goods_Issue_Sales,-49,2023-09-22 00:00:00,DELV008992
MOV001734,MAT00135,WH07,GI_601_Goods_Issue_Sales,-31,2024-09-29 00:00:00,DELV002316
MOV001735,MAT00111,WH08,GI_601_Goods_Issue_Sales,-45,2024-12-16 00:00:00,DELV000302
MOV001736,MAT00098,WH06,GI_601_Goods_Issue_Sales,-25,2024-08-19 00:00:00,DELV008632
MOV001737,MAT00339,WH05,GI_601_Goods_Issue_Sales,-3,2023-09-19 00:00:00,DELV002791
MOV001738,MAT00074,WH07,GI_601_Goods_Issue_Sales,-4,2023-10-18 00:00:00,DELV003289
MOV001739,MAT00381,WH06,GI_601_Goods_Issue_Sales,-45,2024-09-24 00:00:00,DELV004445
MOV001740,MAT00230,WH02,GI_601_Goods_Issue_Sales,-4,2024-04-21 00:00:00,DELV000137
MOV001741,MAT00399,WH06,GI_601_Goods_Issue_Sales,-5,2024-02-02 00:00:00,DELV004446
MOV001742,MAT00143,WH08,GI_601_Goods_Issue_Sales,-43,2024-11-06 00:00:00,DELV005902
MOV001743,MAT00285,WH06,GI_601_Goods_Issue_Sales,-7,2023-01-20 00:00:00,DELV004793
MOV001744,MAT00217,WH02,GI_601_Goods_Issue_Sales,-42,2024-01-31 00:00:00,DELV003788
MOV001745,MAT00197,WH07,GI_601_Goods_Issue_Sales,-25,2024-06-04 00:00:00,DELV001632
MOV001746,MAT00323,WH01,GI_601_Goods_Issue_Sales,-21,2024-05-11 00:00:00,DELV009783
MOV001747,MAT00263,WH08,GI_601_Goods_Issue_Sales,-35,2023-04-01 00:00:00,DELV003055
MOV001748,MAT00182,WH08,GI_601_Goods_Issue_Sales,-13,2024-05-27 00:00:00,DELV007504
MOV001749,MAT00092,WH05,GI_601_Goods_Issue_Sales,-36,2024-12-30 00:00:00,DELV000353
MOV001750,MAT00355,WH07,GI_601_Goods_Issue_Sales,-3,2023-09-11 00:00:00,DELV008674
MOV001751,MAT00001,WH08,GI_601_Goods_Issue_Sales,-20,2023-12-08 00:00:00,DELV008028
MOV001752,MAT00047,WH06,GI_601_Goods_Issue_Sales,-26,2023-06-10 00:00:00,DELV000302
MOV001753,MAT00245,WH04,GI_601_Goods_Issue_Sales,-23,2024-12-01 00:00:00,DELV005766
MOV001754,MAT00304,WH03,GI_601_Goods_Issue_Sales,-23,2024-10-02 00:00:00,DELV004954
MOV001755,MAT00323,WH02,GI_601_Goods_Issue_Sales,-16,2024-05-28 00:00:00,DELV004520
MOV001756,MAT00035,WH05,GI_601_Goods_Issue_Sales,-4,2024-10-02 00:00:00,DELV004222
MOV001757,MAT00047,WH05,GI_601_Goods_Issue_Sales,-25,2023-01-31 00:00:00,DELV009093
MOV001758,MAT00043,WH06,GI_601_Goods_Issue_Sales,-18,2023-08-19 00:00:00,DELV002486
MOV001759,MAT00352,WH02,GI_601_Goods_Issue_Sales,-22,2024-02-07 00:00:00,DELV002249
MOV001760,MAT00345,WH03,GI_601_Goods_Issue_Sales,-6,2024-01-27 00:00:00,DELV008532
MOV001761,MAT00148,WH06,GI_601_Goods_Issue_Sales,-44,2024-09-19 00:00:00,DELV003727
MOV001762,MAT00262,WH08,GI_601_Goods_Issue_Sales,-27,2023-09-04 00:00:00,DELV009387
MOV001763,MAT00180,WH02,GI_601_Goods_Issue_Sales,-10,2024-03-12 00:00:00,DELV005119
MOV001764,MAT00064,WH01,GI_601_Goods_Issue_Sales,-39,2023-12-04 00:00:00,DELV007360
MOV001765,MAT00113,WH05,GI_601_Goods_Issue_Sales,-35,2023-05-15 00:00:00,DELV003388
MOV001766,MAT00222,WH06,GI_601_Goods_Issue_Sales,-42,2023-05-22 00:00:00,DELV009520
MOV001767,MAT00221,WH04,GI_601_Goods_Issue_Sales,-35,2024-12-01 00:00:00,DELV003315
MOV001768,MAT00192,WH07,GI_601_Goods_Issue_Sales,-9,2023-11-13 00:00:00,DELV008583
MOV001769,MAT00131,WH02,GI_601_Goods_Issue_Sales,-9,2024-03-16 00:00:00,DELV002379
MOV001770,MAT00277,WH08,GI_601_Goods_Issue_Sales,-42,2024-08-01 00:00:00,DELV002590
MOV001771,MAT00196,WH01,GI_601_Goods_Issue_Sales,-21,2023-03-11 00:00:00,DELV009132
MOV001772,MAT00064,WH06,GI_601_Goods_Issue_Sales,-35,2023-05-02 00:00:00,DELV003017
MOV001773,MAT00053,WH03,GI_601_Goods_Issue_Sales,-21,2023-05-30 00:00:00,DELV000484
MOV001774,MAT00134,WH05,GI_601_Goods_Issue_Sales,-49,2023-11-23 00:00:00,DELV006784
MOV001775,MAT00351,WH02,GI_601_Goods_Issue_Sales,-27,2023-11-07 00:00:00,DELV007259
MOV001776,MAT00130,WH03,GI_601_Goods_Issue_Sales,-48,2024-10-14 00:00:00,DELV004486
MOV001777,MAT00217,WH01,GI_601_Goods_Issue_Sales,-10,2023-07-12 00:00:00,DELV001750
MOV001778,MAT00351,WH07,GI_601_Goods_Issue_Sales,-9,2023-07-09 00:00:00,DELV000430
MOV001779,MAT00354,WH04,GI_601_Goods_Issue_Sales,-49,2024-09-18 00:00:00,DELV004373
MOV001780,MAT00192,WH06,GI_601_Goods_Issue_Sales,-39,2024-08-03 00:00:00,DELV003784
MOV001781,MAT00184,WH01,GI_601_Goods_Issue_Sales,-39,2023-08-26 00:00:00,DELV003784
MOV001782,MAT00331,WH02,GI_601_Goods_Issue_Sales,-44,2023-01-27 00:00:00,DELV005887
MOV001783,MAT00293,WH02,GI_601_Goods_Issue_Sales,-6,2024-12-05 00:00:00,DELV007809
MOV001784,MAT00165,WH07,GI_601_Goods_Issue_Sales,-9,2024-05-29 00:00:00,DELV009908
MOV001785,MAT00289,WH04,GI_601_Goods_Issue_Sales,-31,2024-12-30 00:00:00,DELV006127
MOV001786,MAT00273,WH07,GI_601_Goods_Issue_Sales,-12,2024-02-01 00:00:00,DELV008052
MOV001787,MAT00159,WH02,GI_601_Goods_Issue_Sales,-31,2023-05-21 00:00:00,DELV002684
MOV001788,MAT00165,WH06,GI_601_Goods_Issue_Sales,-13,2023-08-20 00:00:00,DELV000529
MOV001789,MAT00311,WH06,GI_601_Goods_Issue_Sales,-27,2023-01-16 00:00:00,DELV004422
MOV001790,MAT00127,WH04,GI_601_Goods_Issue_Sales,-27,2023-08-16 00:00:00,DELV003324
MOV001791,MAT00089,WH06,GI_601_Goods_Issue_Sales,-49,2023-07-29 00:00:00,DELV001084
MOV001792,MAT00231,WH04,GI_601_Goods_Issue_Sales,-12,2024-03-25 00:00:00,DELV008028
MOV001793,MAT00319,WH05,GI_601_Goods_Issue_Sales,-45,2023-11-29 00:00:00,DELV007497
MOV001794,MAT00299,WH02,GI_601_Goods_Issue_Sales,-16,2024-03-13 00:00:00,DELV006634
MOV001795,MAT00157,WH08,GI_601_Goods_Issue_Sales,-50,2023-02-12 00:00:00,DELV009961
MOV001796,MAT00343,WH01,GI_601_Goods_Issue_Sales,-48,2024-01-25 00:00:00,DELV005127
MOV001797,MAT00179,WH04,GI_601_Goods_Issue_Sales,-26,2024-09-18 00:00:00,DELV009371
MOV001798,MAT00165,WH03,GI_601_Goods_Issue_Sales,-39,2024-07-03 00:00:00,DELV008606
MOV001799,MAT00101,WH02,GI_601_Goods_Issue_Sales,-42,2024-12-22 00:00:00,DELV000631
MOV001800,MAT00255,WH03,GI_601_Goods_Issue_Sales,-34,2023-04-22 00:00:00,DELV007400
MOV001801,MAT00019,WH07,GI_601_Goods_Issue_Sales,-30,2023-02-13 00:00:00,DELV004026
MOV001802,MAT00331,WH08,GI_601_Goods_Issue_Sales,-34,2024-07-04 00:00:00,DELV006482
MOV001803,MAT00284,WH05,GI_601_Goods_Issue_Sales,-48,2023-02-10 00:00:00,DELV009138
MOV001804,MAT00069,WH03,GI_601_Goods_Issue_Sales,-25,2024-06-12 00:00:00,DELV000808
MOV001805,MAT00357,WH01,GI_601_Goods_Issue_Sales,-13,2023-10-26 00:00:00,DELV007202
MOV001806,MAT00004,WH05,GI_601_Goods_Issue_Sales,-26,2023-11-08 00:00:00,DELV004685
MOV001807,MAT00343,WH02,GI_601_Goods_Issue_Sales,-30,2023-06-20 00:00:00,DELV006922
MOV001808,MAT00276,WH05,GI_601_Goods_Issue_Sales,-19,2024-09-19 00:00:00,DELV000894
MOV001809,MAT00195,WH06,GI_601_Goods_Issue_Sales,-45,2024-06-13 00:00:00,DELV002331
MOV001810,MAT00036,WH07,GI_601_Goods_Issue_Sales,-30,2024-10-23 00:00:00,DELV007401
MOV001811,MAT00187,WH05,GI_601_Goods_Issue_Sales,-6,2024-05-27 00:00:00,DELV001855
MOV001812,MAT00170,WH03,GI_601_Goods_Issue_Sales,-12,2024-08-22 00:00:00,DELV008953
MOV001813,MAT00194,WH04,GI_601_Goods_Issue_Sales,-9,2024-02-07 00:00:00,DELV006776
MOV001814,MAT00136,WH03,GI_601_Goods_Issue_Sales,-21,2024-04-06 00:00:00,DELV000409
MOV001815,MAT00009,WH03,GI_601_Goods_Issue_Sales,-12,2024-04-09 00:00:00,DELV009672
MOV001816,MAT00203,WH02,GI_601_Goods_Issue_Sales,-46,2023-07-26 00:00:00,DELV007450
MOV001817,MAT00387,WH06,GI_601_Goods_Issue_Sales,-6,2023-09-14 00:00:00,DELV005310
MOV001818,MAT00322,WH08,GI_601_Goods_Issue_Sales,-45,2024-10-26 00:00:00,DELV002687
MOV001819,MAT00262,WH08,GI_601_Goods_Issue_Sales,-46,2023-05-07 00:00:00,DELV001495
MOV001820,MAT00236,WH03,GI_601_Goods_Issue_Sales,-8,2024-12-24 00:00:00,DELV007363
MOV001821,MAT00057,WH03,GI_601_Goods_Issue_Sales,-41,2024-01-07 00:00:00,DELV001398
MOV001822,MAT00290,WH05,GI_601_Goods_Issue_Sales,-34,2024-12-25 00:00:00,DELV006293
MOV001823,MAT00365,WH03,GI_601_Goods_Issue_Sales,-47,2024-06-07 00:00:00,DELV002620
MOV001824,MAT00148,WH03,GI_601_Goods_Issue_Sales,-25,2024-07-17 00:00:00,DELV006236
MOV001825,MAT00069,WH06,GI_601_Goods_Issue_Sales,-3,2023-06-24 00:00:00,DELV005492
MOV001826,MAT00159,WH05,GI_601_Goods_Issue_Sales,-37,2024-11-06 00:00:00,DELV002460
MOV001827,MAT00171,WH07,GI_601_Goods_Issue_Sales,-11,2023-05-29 00:00:00,DELV002931
MOV001828,MAT00257,WH08,GI_601_Goods_Issue_Sales,-50,2024-12-30 00:00:00,DELV000841
